,frankenstein,dracula,treasure_island,monte_cristo,republic,communist_manifesto
frankenstein,27,0,0,0,0,0
modern,11,1,0,20,110,41
prometheus,1,0,0,0,0,0
mary,1,8,0,0,0,0
wollstonecraft,1,0,0,0,0,0
godwin,1,0,0,0,0,0
shelley,1,0,0,0,0,0
contents,2,2,1,31,2,1
letter,32,66,7,238,2,0
chapter,48,54,0,237,1,0
mrs,4,90,3,0,0,0
saville,4,0,0,0,0,0
england,21,11,13,12,2,8
st,6,10,0,43,8,0
petersburgh,3,0,0,0,0,0
dec,1,0,0,0,0,0
th,17,4,1,65,2,1
will,194,455,48,2007,1616,24
rejoice,1,6,1,6,5,0
hear,19,101,49,127,77,0
disaster,4,0,2,1,2,0
accompanied,9,0,1,65,4,3
commencement,5,0,0,8,5,0
enterprise,10,2,0,4,0,0
regarded,6,0,1,18,46,0
evil,23,24,2,32,233,0
forebodings,2,0,0,2,1,0
arrived,29,22,1,138,23,0
yesterday,4,28,2,77,1,0
first,108,135,101,544,384,14
task,19,37,1,17,11,1
assure,5,3,1,77,3,1
dear,72,224,11,411,30,0
sister,28,10,0,59,10,0
welfare,2,0,0,0,1,0
increasing,1,4,0,13,9,0
confidence,4,16,4,54,4,0
success,12,4,2,20,4,0
undertaking,13,0,1,4,0,0
already,32,64,45,187,62,8
far,39,97,51,98,181,7
north,12,14,29,5,2,0
london,8,67,4,4,0,1
walk,6,18,9,34,9,0
streets,6,4,0,23,2,0
feel,50,77,7,104,20,0
cold,31,45,11,71,12,0
northern,6,3,2,5,1,0
breeze,10,4,16,9,3,0
play,7,13,5,26,32,0
upon,126,88,152,510,185,6
cheeks,7,20,6,38,0,0
braces,1,0,0,0,0,0
nerves,3,9,0,4,1,0
fills,5,0,0,2,2,0
delight,32,4,2,38,9,0
understand,16,55,11,248,71,1
feeling,27,35,5,83,49,0
travelled,6,7,0,10,0,0
regions,6,0,0,4,2,0
towards,94,41,33,360,43,0
advancing,4,1,1,30,1,0
gives,6,6,2,29,36,0
foretaste,1,0,0,1,1,0
icy,3,1,0,5,0,1
climes,1,0,0,4,0,1
inspirited,3,0,0,0,0,0
wind,27,44,29,41,4,0
promise,22,33,3,116,10,0
daydreams,2,0,0,0,0,0
become,33,27,3,157,106,9
fervent,2,0,0,5,0,0
vivid,3,1,0,6,1,0
try,4,64,5,61,34,1
vain,13,5,7,45,10,0
persuaded,7,0,0,8,2,0
pole,4,4,1,1,1,0
seat,5,33,6,69,3,0
frost,5,0,1,1,0,0
desolation,6,3,0,2,0,0
ever,85,136,47,187,122,9
presents,3,0,0,9,1,0
imagination,23,11,0,29,16,0
region,4,2,0,0,16,0
beauty,27,17,0,32,71,0
margaret,10,0,0,0,0,0
sun,45,55,25,53,54,0
visible,6,6,2,38,30,0
broad,2,11,8,10,0,0
disk,2,0,0,0,0,0
just,19,169,63,364,311,11
skirting,1,0,0,0,0,0
horizon,6,9,1,19,2,0
diffusing,1,0,0,0,0,0
perpetual,5,1,0,5,2,0
splendour,1,1,0,0,1,0
leave,22,56,18,272,29,0
put,15,107,60,167,71,6
trust,6,53,8,29,1,0
preceding,6,1,0,15,13,2
navigators,3,0,0,0,1,0
snow,16,43,2,4,0,0
banished,5,1,0,2,9,0
sailing,1,3,5,8,2,0
calm,20,19,4,84,3,0
sea,34,52,115,105,14,0
may,99,419,60,517,819,6
wafted,4,0,0,2,0,0
land,20,41,25,38,29,4
surpassing,2,0,0,2,0,1
wonders,5,1,0,4,0,1
every,109,85,52,283,185,23
hitherto,12,8,1,22,11,3
discovered,34,6,3,64,30,1
habitable,1,1,0,0,1,0
globe,2,1,0,7,1,2
productions,2,0,0,1,2,1
features,7,2,2,59,4,0
without,30,135,34,497,136,9
example,2,4,3,34,54,3
phenomena,2,0,0,1,6,0
heavenly,4,0,0,3,22,1
bodies,3,8,1,8,22,1
undoubtedly,1,2,0,12,14,2
undiscovered,2,1,0,0,0,0
solitudes,1,0,0,0,0,0
expected,12,34,1,85,17,0
country,54,25,10,84,39,14
eternal,11,2,2,13,14,4
light,42,82,17,213,126,0
discover,16,4,0,32,15,0
wondrous,7,1,0,1,0,0
power,39,46,6,99,156,12
attracts,1,0,0,1,1,0
needle,1,0,0,4,0,0
regulate,2,2,0,2,5,0
thousand,27,10,12,205,27,0
celestial,5,0,0,6,0,0
observations,1,0,0,6,0,0
require,1,3,2,59,31,1
voyage,15,4,10,15,6,0
render,10,1,0,41,7,0
seeming,2,7,0,8,14,0
eccentricities,1,1,0,2,0,0
consistent,1,0,0,2,12,0
shall,105,427,22,607,264,1
satiate,1,1,0,0,0,0
ardent,10,0,0,9,0,0
curiosity,14,5,4,54,3,0
sight,25,38,25,125,93,2
part,39,59,42,155,161,9
world,45,62,16,216,250,12
never,69,128,83,440,187,3
visited,17,6,0,30,0,0
tread,3,3,0,8,0,0
imprinted,2,0,0,3,0,0
foot,5,10,19,77,12,0
man,137,256,262,1423,637,14
enticements,2,0,0,0,0,0
sufficient,20,11,2,46,13,0
conquer,1,0,0,2,1,0
fear,40,137,25,141,59,0
danger,12,37,14,38,35,0
death,79,95,24,286,60,3
induce,4,1,0,13,0,0
commence,13,1,0,4,1,0
laborious,3,0,1,2,2,0
joy,42,16,6,94,6,0
child,35,76,8,208,31,1
feels,2,6,0,11,7,1
embarks,1,0,0,0,0,0
little,58,168,104,328,93,4
boat,17,18,46,68,0,0
holiday,1,2,0,1,2,0
mates,1,2,16,0,0,0
expedition,4,3,0,9,1,0
discovery,18,6,0,16,11,2
native,28,1,1,10,4,0
river,12,30,4,12,9,0
supposing,2,0,4,20,16,0
conjectures,1,0,0,1,0,0
false,5,2,0,42,47,0
contest,1,0,0,3,11,6
inestimable,1,0,0,0,0,0
benefit,7,0,1,4,17,4
confer,1,2,0,4,3,0
mankind,11,2,0,12,97,0
last,33,140,112,312,97,6
generation,2,0,0,5,41,0
discovering,3,1,0,8,1,0
passage,9,19,10,47,24,0
near,39,50,32,100,23,0
countries,3,2,1,12,15,12
reach,5,13,6,42,17,0
present,30,57,5,138,88,11
many,68,104,31,162,294,9
months,39,4,2,104,5,0
requisite,1,0,0,16,0,1
ascertaining,1,1,0,3,1,0
secret,13,19,7,109,13,0
magnet,1,0,0,0,0,0
possible,11,32,11,120,59,5
can,93,408,90,543,449,13
effected,1,1,0,4,12,2
mine,29,30,12,102,10,0
reflections,16,0,0,7,16,0
dispelled,1,2,0,3,1,0
agitation,14,1,0,28,0,2
began,28,113,92,128,19,0
heart,81,141,35,284,20,2
glow,1,2,6,3,0,0
enthusiasm,11,1,0,11,5,1
elevates,2,0,0,2,0,0
heaven,22,7,7,137,65,0
nothing,39,112,52,411,178,7
contributes,1,0,0,0,2,0
much,44,220,87,467,138,7
tranquillise,1,0,0,0,0,0
mind,85,106,39,234,234,0
steady,2,4,12,8,1,0
purpose,18,34,6,61,24,0
point,14,27,32,101,92,6
soul,38,65,13,53,342,0
fix,3,2,0,10,5,0
intellectual,1,4,0,3,34,4
eye,18,22,28,146,61,0
favourite,13,6,4,0,4,0
dream,18,18,2,61,29,1
early,15,36,7,17,38,1
years,44,29,15,249,77,2
read,28,81,5,164,11,0
ardour,13,1,0,0,0,0
accounts,3,1,1,12,0,0
various,26,12,2,18,24,9
voyages,4,0,1,4,1,0
made,70,196,88,595,184,8
prospect,13,2,1,8,0,0
arriving,1,2,0,9,3,0
pacific,1,0,0,0,0,0
ocean,13,1,2,24,4,0
seas,6,4,2,1,0,0
surround,4,1,0,4,4,0
remember,21,40,9,93,60,0
history,19,6,0,56,44,10
purposes,3,4,0,2,5,1
composed,5,5,0,22,11,0
whole,32,73,34,166,172,21
good,37,258,129,427,676,0
uncle,10,0,0,8,1,0
thomas,2,7,1,0,6,0
library,2,8,1,18,0,0
education,6,0,0,14,174,8
neglected,7,1,0,10,10,0
yet,152,156,40,292,185,6
passionately,1,0,0,3,0,0
fond,6,3,1,20,8,0
reading,3,17,1,36,4,0
volumes,2,1,0,5,0,0
study,19,38,1,78,55,0
day,82,224,50,472,70,0
night,93,319,43,240,16,0
familiarity,1,0,0,2,2,0
increased,12,3,5,29,0,3
regret,7,3,3,35,1,0
felt,80,87,16,198,18,1
learning,3,3,0,7,31,0
father,134,26,18,692,75,0
s,86,733,601,2759,213,9
dying,6,15,1,59,5,0
injunction,1,0,0,3,0,0
forbidden,3,2,0,12,10,1
allow,13,6,2,116,50,0
embark,1,0,1,2,0,0
seafaring,1,0,12,0,0,0
life,115,149,33,336,399,10
visions,5,0,0,6,5,0
faded,1,2,0,6,0,0
perused,1,0,0,6,0,0
time,98,390,131,734,217,15
poets,4,0,0,0,91,0
whose,50,30,4,265,52,10
effusions,1,0,0,0,0,0
entranced,1,0,0,0,0,0
lifted,1,19,6,20,3,0
also,66,42,13,194,404,13
became,61,42,4,130,12,5
poet,1,0,0,7,50,1
one,206,506,280,1512,933,34
year,8,6,5,101,15,0
lived,23,6,14,49,11,0
paradise,5,0,0,11,3,0
creation,19,2,0,5,18,0
imagined,9,3,2,14,13,0
might,108,159,61,365,146,1
obtain,7,1,0,45,10,0
niche,1,0,0,1,0,0
temple,1,1,0,6,9,0
names,16,4,7,26,27,0
homer,1,0,0,4,90,0
shakespeare,1,2,0,4,4,0
consecrated,1,0,0,1,1,0
well,49,245,156,993,293,5
acquainted,20,1,0,37,8,0
failure,3,1,0,8,6,1
heavily,3,11,4,18,0,0
bore,7,9,6,23,3,0
disappointment,7,3,4,5,2,0
inherited,2,0,0,3,8,0
fortune,9,7,21,219,15,0
cousin,25,0,0,10,1,0
thoughts,38,20,9,75,31,0
turned,24,84,43,226,33,1
channel,1,1,0,1,1,0
earlier,3,7,1,3,8,6
bent,9,26,3,28,2,0
six,4,12,36,147,10,0
passed,67,56,26,290,37,0
since,27,86,31,323,30,5
resolved,32,2,1,33,3,1
even,94,242,56,343,155,10
now,155,408,272,777,384,9
hour,25,56,11,230,19,1
dedicated,3,0,1,0,4,0
great,50,183,79,285,260,11
commenced,7,1,0,10,0,0
inuring,1,0,0,0,0,0
body,23,55,20,82,150,0
hardship,2,0,0,0,1,0
whale,3,1,0,1,0,0
fishers,1,0,0,0,0,0
several,51,16,16,55,45,0
expeditions,1,0,0,0,3,1
voluntarily,1,1,0,3,2,0
endured,23,5,0,5,5,0
famine,2,1,0,2,0,1
thirst,14,5,1,6,25,0
want,12,114,28,131,69,3
sleep,21,192,8,80,13,0
often,55,18,12,72,76,1
worked,8,11,1,17,2,1
harder,1,4,3,2,2,0
common,5,23,6,22,123,14
sailors,10,1,4,48,13,0
devoted,14,2,0,36,7,0
nights,5,13,2,21,4,0
mathematics,3,0,0,1,17,0
theory,4,3,0,8,13,1
medicine,1,3,5,3,46,0
branches,12,1,1,18,4,0
physical,3,8,0,12,20,0
science,28,12,0,12,87,5
naval,1,0,0,2,0,0
adventurer,1,0,0,3,0,0
derive,2,0,0,4,5,0
greatest,27,4,0,50,119,1
practical,3,3,0,1,9,7
advantage,4,3,4,27,31,3
twice,2,14,7,34,9,0
actually,2,17,3,14,9,0
hired,7,2,0,8,2,0
mate,4,22,33,13,1,0
greenland,1,3,0,0,0,0
whaler,1,0,0,0,0,0
acquitted,2,0,0,3,2,0
admiration,14,0,1,26,2,0
must,64,440,68,576,473,11
proud,2,7,2,36,2,0
captain,5,23,236,157,17,0
offered,2,4,1,69,7,1
second,4,19,28,168,106,1
dignity,4,4,1,13,7,0
vessel,17,4,8,95,6,0
entreated,6,0,0,6,2,0
remain,21,22,2,105,27,1
earnestness,3,1,0,6,4,0
valuable,3,2,0,14,2,1
consider,9,5,1,46,78,1
services,3,1,0,25,3,0
deserve,3,4,1,15,5,0
accomplish,2,0,1,13,2,0
ease,3,10,3,32,2,0
luxury,4,0,0,9,12,0
preferred,1,0,1,11,4,0
glory,7,3,1,5,8,0
enticement,1,0,0,0,0,0
wealth,7,5,1,23,55,3
placed,28,36,1,190,12,1
path,20,5,0,40,12,0
oh,28,142,15,586,5,0
encouraging,1,0,0,1,1,0
voice,46,57,55,257,24,1
answer,21,44,14,124,121,0
affirmative,2,0,0,11,0,0
courage,18,17,8,62,52,0
resolution,8,11,0,39,7,0
firm,7,8,3,38,6,0
hopes,23,5,1,46,7,0
fluctuate,1,0,0,0,0,0
spirits,31,19,9,14,8,1
depressed,4,1,0,1,0,0
proceed,8,8,0,32,61,0
long,48,148,115,313,52,6
difficult,2,9,3,40,20,0
emergencies,1,0,0,1,0,0
demand,10,1,0,39,11,1
fortitude,5,1,0,3,0,0
required,6,9,3,41,44,2
raise,6,9,2,23,14,2
others,25,81,19,98,167,5
sometimes,60,20,22,75,43,0
sustain,6,0,0,6,0,0
failing,4,0,0,4,4,0
favourable,7,1,2,0,6,0
period,16,2,0,32,20,5
travelling,1,4,0,39,0,0
russia,2,0,0,1,1,0
fly,7,18,5,19,5,0
quickly,26,35,1,55,6,0
sledges,1,0,0,0,0,0
motion,6,3,1,7,29,2
pleasant,12,6,12,10,8,0
opinion,3,5,2,65,153,0
agreeable,5,0,3,31,6,0
english,8,17,6,39,9,3
stagecoach,1,0,0,1,0,0
excessive,3,1,0,9,8,0
wrapped,4,3,0,19,1,1
furs,2,3,0,0,0,0
dress,6,13,1,53,6,0
adopted,1,1,1,15,5,0
difference,5,7,0,19,72,0
walking,7,16,9,38,4,0
deck,8,16,41,10,0,0
remaining,6,5,2,29,14,1
seated,4,8,6,68,2,0
motionless,6,1,2,58,0,0
hours,34,32,6,101,3,2
exercise,6,3,0,13,22,0
prevents,2,0,0,3,2,0
blood,19,113,21,80,12,0
freezing,1,0,0,4,0,0
veins,4,20,0,16,2,0
ambition,8,0,0,16,15,0
lose,8,23,11,80,23,5
post,3,17,5,53,0,0
road,6,35,19,71,11,0
archangel,5,0,0,0,0,0
depart,9,1,0,14,10,0
latter,13,18,4,71,47,0
town,26,22,2,20,4,2
fortnight,5,0,0,22,0,0
three,11,61,69,426,109,0
weeks,6,11,8,20,0,0
intention,3,7,2,34,10,0
hire,1,0,0,2,4,0
ship,8,63,117,37,11,0
easily,18,10,8,61,48,1
done,9,128,48,217,54,3
paying,1,1,2,14,2,0
insurance,1,1,0,0,0,0
owner,1,6,5,47,4,1
engage,3,2,1,7,1,0
think,29,219,56,417,161,0
necessary,18,25,3,59,56,3
among,51,8,53,84,127,5
accustomed,10,7,1,73,6,0
fishing,5,7,2,12,0,0
intend,6,2,0,37,3,2
sail,5,14,28,26,0,0
month,9,4,5,73,4,0
june,1,10,1,5,0,0
return,49,29,14,224,28,1
ah,7,29,36,404,0,0
question,8,15,5,99,163,4
succeed,6,3,0,17,6,0
perhaps,21,54,29,225,71,0
pass,16,42,5,107,33,2
meet,12,41,4,82,24,1
fail,7,19,1,24,18,1
see,50,395,142,737,206,7
soon,71,68,72,199,30,1
farewell,10,4,0,24,0,0
excellent,15,14,2,57,21,0
shower,1,0,0,3,2,0
blessings,2,5,0,4,8,0
save,7,34,17,60,9,1
testify,1,0,0,0,0,0
gratitude,8,2,1,41,1,0
love,59,84,1,208,115,1
kindness,27,12,3,42,1,0
affectionate,7,1,1,15,1,0
brother,24,5,0,78,17,0
r,2,7,1,16,0,1
walton,8,0,0,0,0,0
march,4,1,4,14,4,3
slowly,3,6,9,40,1,0
passes,2,5,0,11,19,0
encompassed,4,2,0,0,0,0
step,7,14,16,91,22,2
taken,33,48,31,191,58,2
occupied,24,4,0,64,4,0
collecting,5,0,1,5,1,0
engaged,18,8,4,42,9,0
appear,22,7,5,96,62,1
men,44,151,102,247,444,4
depend,2,2,0,21,7,0
certainly,12,26,21,173,260,0
possessed,36,1,2,52,8,0
dauntless,2,0,0,0,0,0
able,9,47,6,92,111,2
satisfy,7,4,0,7,9,0
absence,8,2,4,42,14,2
object,21,6,0,43,44,1
severe,5,1,0,24,4,0
friend,71,186,12,354,97,0
glowing,1,0,2,5,0,0
none,19,45,25,55,42,0
participate,2,0,0,2,2,0
assailed,1,0,0,4,0,0
endeavour,12,2,0,0,4,2
dejection,2,0,0,1,0,0
commit,3,1,0,18,7,0
paper,2,26,9,122,0,0
true,21,59,11,177,588,7
poor,45,193,35,277,45,1
medium,1,4,0,9,10,0
communication,3,2,0,17,2,4
desire,28,12,6,95,90,3
company,6,5,15,28,34,0
sympathise,4,2,0,0,1,0
eyes,104,188,54,507,68,5
reply,4,14,4,71,17,0
deem,1,3,0,1,10,0
romantic,4,1,0,2,0,0
bitterly,10,1,1,12,0,0
gentle,35,7,4,16,22,0
courageous,1,0,0,12,13,0
cultivated,3,0,0,1,6,0
capacious,1,0,0,1,0,0
tastes,3,1,0,9,7,0
like,63,292,207,700,492,5
approve,2,1,0,8,10,0
amend,1,0,0,0,0,0
plans,7,9,1,20,2,2
repair,1,1,0,3,1,0
faults,1,1,0,8,3,0
execution,8,0,3,32,6,0
impatient,4,2,0,9,4,0
difficulties,2,4,0,13,10,0
still,68,117,120,427,154,6
greater,25,15,0,35,115,1
self,16,21,2,35,41,8
educated,3,1,0,5,31,0
fourteen,1,0,1,21,1,0
ran,7,50,45,196,2,0
wild,12,43,8,34,24,0
books,12,21,2,12,18,0
age,12,14,2,71,115,3
celebrated,2,0,0,26,4,0
ceased,11,8,4,39,3,1
important,1,12,2,49,24,0
benefits,1,0,0,1,3,0
conviction,6,9,0,26,7,0
perceived,26,0,2,64,7,0
necessity,5,3,0,21,71,0
becoming,4,9,0,24,21,0
languages,5,2,0,7,0,1
twenty,5,13,4,171,13,0
eight,4,9,20,79,2,0
reality,10,10,0,46,44,3
illiterate,1,0,0,0,0,0
schoolboys,1,0,0,0,0,0
fifteen,2,1,7,38,3,0
thought,74,154,79,311,119,0
extended,2,0,0,60,5,1
magnificent,8,1,1,49,3,0
painters,1,1,0,0,3,0
call,13,58,18,112,69,0
keeping,2,16,11,19,7,0
greatly,12,9,9,24,23,1
need,8,68,4,71,65,3
sense,12,18,8,21,115,3
enough,12,59,74,138,75,1
despise,2,1,0,7,8,0
affection,40,1,0,39,12,0
useless,9,4,7,47,31,0
complaints,2,0,0,4,4,0
find,23,115,34,231,83,5
wide,7,30,9,21,4,0
merchants,1,0,0,4,5,0
seamen,1,1,13,4,0,0
feelings,76,8,1,42,19,1
unallied,1,0,0,0,0,0
dross,1,0,0,0,2,0
human,58,12,5,66,189,3
nature,53,38,3,64,337,3
beat,5,18,5,22,6,0
rugged,4,1,0,1,3,0
bosoms,1,0,0,1,0,0
lieutenant,2,0,1,18,0,0
instance,1,6,4,34,12,1
wonderful,17,28,8,19,11,0
madly,1,3,0,4,0,0
desirous,3,0,1,21,7,1
rather,27,25,19,170,138,1
word,13,65,57,243,58,9
phrase,1,6,2,7,1,1
characteristically,1,0,0,0,4,0
advancement,1,1,0,1,0,0
profession,2,0,1,18,12,0
englishman,2,1,1,71,0,0
midst,3,11,3,55,2,1
national,1,1,0,5,4,14
professional,1,2,1,1,2,0
prejudices,2,0,0,4,5,2
unsoftened,1,0,0,0,0,0
cultivation,4,0,0,3,6,2
retains,1,0,0,4,8,0
noblest,1,1,0,6,11,0
endowments,1,0,0,0,1,0
humanity,6,2,0,13,8,1
board,6,20,33,56,0,0
finding,8,4,3,27,11,0
unemployed,1,0,0,0,0,0
city,12,7,1,41,150,0
assist,6,1,0,24,6,0
master,8,34,13,134,48,3
person,17,11,6,204,74,3
disposition,6,6,2,14,5,0
remarkable,2,3,4,17,14,0
gentleness,10,1,0,3,5,0
mildness,3,0,0,3,0,0
discipline,1,0,5,3,7,0
circumstance,10,1,1,29,10,0
added,7,25,30,139,18,0
known,14,25,7,108,37,2
integrity,3,0,0,2,0,0
youth,21,5,2,34,114,0
solitude,15,0,2,19,1,0
best,12,51,24,96,164,4
spent,25,4,1,13,7,0
feminine,2,0,0,5,3,0
fosterage,1,0,0,0,0,0
refined,3,0,0,3,2,0
groundwork,1,0,0,0,1,1
character,7,1,1,36,95,17
overcome,16,5,0,26,6,3
intense,7,6,0,19,0,0
distaste,1,0,0,0,0,0
usual,5,33,5,104,5,0
brutality,2,0,0,3,1,0
exercised,2,1,0,10,11,0
believed,13,4,3,43,10,0
heard,62,91,51,350,39,0
mariner,3,1,2,2,0,0
equally,4,2,1,20,65,1
noted,1,3,1,5,3,0
kindliness,1,0,0,0,0,0
respect,5,10,1,39,25,1
obedience,1,8,0,17,10,0
paid,6,4,6,81,9,1
crew,1,11,33,35,4,0
peculiarly,5,3,1,2,2,0
fortunate,7,0,1,27,9,0
secure,7,4,0,19,2,2
manner,31,33,14,151,124,0
lady,11,37,1,60,0,0
owes,1,1,1,6,8,0
happiness,49,14,0,99,83,0
briefly,2,1,1,1,3,0
story,13,16,16,73,19,0
ago,7,26,7,59,9,1
loved,30,25,0,56,5,0
young,30,54,15,796,77,1
russian,1,6,0,7,0,0
moderate,4,0,0,2,7,0
amassed,1,0,0,5,0,0
considerable,8,10,2,32,11,1
sum,5,1,2,79,22,0
prize,3,1,0,11,7,0
money,10,16,36,166,95,3
girl,28,36,1,198,1,0
consented,5,2,0,7,1,0
match,1,7,2,18,4,0
saw,94,219,55,383,34,1
mistress,3,1,0,33,4,0
destined,5,1,1,18,2,1
ceremony,3,1,0,17,1,0
bathed,1,2,0,12,0,0
tears,32,21,3,85,2,0
throwing,2,2,1,22,2,0
feet,13,46,36,106,13,2
spare,3,3,6,25,2,0
confessing,1,0,0,3,0,0
another,47,91,87,296,381,7
consent,12,5,2,24,4,0
union,16,1,2,11,11,6
generous,6,0,0,15,5,0
reassured,1,1,3,9,0,0
suppliant,1,0,0,0,0,0
informed,4,4,0,50,4,0
name,15,20,32,361,51,0
lover,8,10,0,38,49,0
instantly,16,5,15,48,2,0
abandoned,3,2,2,17,1,0
pursuit,16,1,1,9,23,0
bought,3,3,1,27,2,0
farm,1,0,0,6,0,0
designed,1,0,3,6,10,0
remainder,5,1,1,4,8,0
bestowed,13,0,1,17,2,0
rival,1,1,0,16,4,0
together,9,73,46,69,77,3
remains,13,5,2,25,33,0
purchase,1,14,0,31,1,0
stock,3,4,4,17,8,1
solicited,2,0,0,5,0,0
woman,24,61,4,170,31,0
marriage,15,5,0,93,41,2
old,50,190,121,434,126,26
decidedly,1,0,0,20,0,0
refused,3,4,1,25,5,0
thinking,2,25,14,51,32,0
bound,15,12,12,36,14,4
honour,11,13,7,0,88,1
found,87,153,65,288,107,2
inexorable,3,0,0,4,0,0
quitted,22,0,0,43,0,0
returned,31,22,46,377,5,0
former,14,8,7,40,36,1
married,4,14,2,60,1,0
according,3,2,5,54,58,3
inclinations,2,0,0,0,0,0
noble,11,21,1,67,51,0
fellow,30,54,20,124,14,0
exclaim,1,0,0,4,0,0
wholly,3,0,0,28,28,0
uneducated,1,0,0,1,4,0
silent,15,36,10,58,7,0
turk,10,6,0,0,0,0
kind,34,60,28,102,89,4
ignorant,10,4,2,36,27,0
carelessness,3,0,0,6,1,0
attends,1,0,0,1,2,0
renders,4,0,0,10,2,0
conduct,8,3,4,45,7,0
astonishing,8,1,0,9,0,0
detracts,1,0,0,0,0,0
interest,14,30,4,81,94,6
sympathy,19,12,1,17,6,1
otherwise,8,6,3,23,12,0
command,5,14,6,45,21,2
suppose,7,53,21,77,136,0
complain,1,0,0,16,3,0
conceive,10,1,0,5,33,0
consolation,18,3,0,9,1,0
toils,8,1,0,0,7,0
know,49,396,93,846,205,0
wavering,1,0,2,1,0,0
resolutions,2,0,0,3,0,0
fixed,24,28,3,103,33,1
fate,18,6,4,44,6,0
delayed,5,4,2,10,1,0
weather,9,12,11,15,0,0
permit,5,3,0,35,4,0
embarkation,2,0,0,0,0,0
winter,13,4,1,7,3,0
dreadfully,3,2,2,10,0,0
spring,12,5,10,28,10,1
promises,2,1,0,16,2,0
considered,11,3,1,32,26,0
remarkably,3,0,1,6,1,0
season,9,0,0,9,3,0
sooner,4,1,8,22,9,1
rashly,3,0,0,1,0,0
sufficiently,3,0,0,37,9,0
confide,4,1,0,6,0,0
prudence,1,0,0,13,1,0
considerateness,1,0,0,0,0,0
whenever,1,7,1,17,19,1
safety,10,21,11,21,2,0
committed,12,2,0,35,7,0
care,22,52,10,92,76,1
describe,15,7,1,15,24,0
sensations,32,1,0,6,0,0
impossible,8,12,3,137,42,3
communicate,2,3,0,12,1,0
conception,6,0,0,1,55,2
trembling,6,5,4,53,1,0
sensation,12,1,0,25,5,0
half,22,67,49,260,25,5
pleasurable,2,0,0,0,0,0
fearful,9,13,1,31,2,0
preparing,4,1,0,17,5,0
going,8,68,37,239,55,3
unexplored,2,0,0,0,1,0
mist,5,31,2,4,1,0
kill,2,17,8,82,6,1
albatross,1,0,0,0,0,0
therefore,37,18,4,151,171,25
alarmed,6,5,5,41,0,0
come,37,339,99,543,110,2
back,15,261,108,226,41,4
worn,3,13,4,21,6,0
woeful,2,1,0,0,0,0
ancient,10,4,3,23,50,7
smile,9,31,6,208,0,0
allusion,2,1,0,8,9,0
disclose,3,2,0,1,0,0
attributed,4,2,0,5,21,0
attachment,5,0,0,3,1,0
passionate,3,1,0,1,17,0
dangerous,5,11,8,25,9,1
mysteries,2,2,0,5,5,0
production,1,0,0,2,6,51
imaginative,1,1,0,0,3,0
something,17,144,26,168,60,0
work,33,146,33,92,98,10
practically,1,1,0,1,1,1
industrious,1,0,0,5,1,0
painstaking,1,0,0,0,0,0
workman,1,3,0,4,5,3
execute,3,0,0,6,4,0
perseverance,2,0,0,7,0,0
labour,15,3,2,0,24,37
besides,13,15,18,144,17,1
marvellous,3,1,0,23,2,0
belief,3,20,5,15,15,1
intertwined,1,0,0,1,0,0
projects,3,0,0,16,0,0
hurries,1,0,0,0,1,0
pathways,1,0,0,0,0,0
unvisited,1,0,0,0,0,0
explore,2,2,0,0,0,0
dearer,5,0,0,1,1,0
considerations,1,2,0,2,3,0
traversed,6,0,0,13,0,0
immense,7,5,2,27,2,4
southern,3,1,6,7,0,0
cape,1,2,6,11,0,1
africa,1,1,0,10,0,0
america,3,3,1,1,3,5
dare,13,21,13,30,16,0
expect,7,8,6,41,14,0
bear,6,24,15,49,30,0
look,20,172,56,270,84,0
reverse,2,1,1,3,36,0
picture,11,4,2,21,22,0
continue,8,3,0,18,18,1
write,11,63,2,40,4,1
opportunity,5,22,2,47,7,1
receive,7,4,0,74,47,0
letters,17,35,0,38,11,0
occasions,2,5,0,7,7,0
support,13,1,1,28,7,3
tenderly,5,6,0,9,0,0
robert,1,0,1,10,0,0
july,3,21,0,10,0,1
lines,3,9,1,28,6,0
haste,1,5,3,25,0,0
say,23,148,89,595,427,3
safe,7,25,14,26,8,0
advanced,13,10,2,93,1,4
merchantman,1,0,0,0,0,0
homeward,1,1,1,0,0,0
however,32,102,11,172,52,6
bold,2,3,7,8,5,0
apparently,10,2,2,31,5,1
floating,1,5,1,8,1,0
sheets,1,2,4,10,0,0
ice,43,6,1,7,0,0
continually,18,0,2,15,3,2
us,60,464,166,544,435,8
indicating,1,0,1,1,1,0
dangers,5,4,2,2,13,1
dismay,2,2,0,1,0,0
reached,7,11,15,95,13,0
high,19,39,30,60,24,2
latitude,1,1,3,1,0,0
height,4,4,4,22,5,0
summer,8,3,0,16,4,0
although,53,17,10,131,90,1
warm,9,8,2,16,5,0
gales,2,0,2,0,0,0
blow,4,12,21,57,4,0
speedily,7,0,4,4,6,0
shores,5,0,3,7,2,0
ardently,10,0,0,7,0,0
attain,1,0,0,8,24,4
breathe,3,3,3,16,1,0
degree,24,5,0,33,55,1
renovating,1,0,0,0,0,0
warmth,11,4,0,5,2,0
incidents,6,1,0,1,1,0
befallen,3,1,0,4,0,0
make,36,163,50,387,222,2
figure,11,22,8,36,47,1
two,38,133,117,797,253,6
stiff,1,2,8,14,0,0
springing,1,1,1,15,0,3
leak,1,1,0,1,0,0
accidents,5,1,1,1,3,0
experienced,11,8,1,37,7,0
scarcely,13,1,7,132,4,0
record,6,19,1,4,4,0
content,7,8,3,31,10,1
worse,4,18,15,27,56,0
happen,2,13,2,30,12,0
adieu,2,0,0,54,0,0
assured,11,9,2,47,5,1
sake,8,28,5,41,31,0
encounter,5,1,0,4,0,0
cool,2,6,9,6,0,0
persevering,1,0,0,0,0,0
prudent,1,0,0,19,2,0
crown,3,2,2,11,5,0
endeavours,7,0,0,0,1,0
wherefore,3,1,0,4,4,0
thus,65,26,15,210,114,12
gone,13,73,44,95,14,2
tracing,1,0,0,2,2,0
way,18,229,94,272,237,9
pathless,1,0,0,0,0,0
stars,11,4,3,8,29,0
witnesses,9,0,0,23,1,0
testimonies,1,0,0,0,0,0
triumph,6,6,1,12,4,0
untamed,1,0,0,0,0,0
obedient,1,3,0,3,5,0
element,3,1,0,6,41,2
stop,1,20,5,54,2,1
determined,18,17,4,34,22,2
swelling,3,1,0,2,1,0
involuntarily,2,2,0,14,1,0
pours,1,1,0,1,1,0
finish,4,4,2,17,2,1
bless,6,16,5,12,0,0
beloved,26,7,0,25,2,0
w,1,0,2,2,0,0
august,6,32,2,7,0,0
strange,32,90,9,102,20,0
accident,6,9,2,24,5,0
happened,9,28,2,78,5,0
forbear,2,0,1,2,0,0
recording,3,1,0,1,0,0
probable,4,3,3,19,4,0
papers,8,39,3,72,0,0
possession,8,7,7,54,28,0
monday,1,0,0,2,0,0
nearly,29,20,6,80,25,1
surrounded,18,5,2,27,1,0
closed,7,42,7,107,1,1
sides,10,5,10,13,14,1
leaving,4,22,13,84,6,0
room,32,231,13,434,5,0
floated,2,0,2,6,0,0
situation,10,3,4,33,3,1
somewhat,5,33,9,51,5,0
especially,3,9,1,44,26,3
compassed,1,0,0,0,0,0
round,12,108,83,109,29,0
thick,7,13,12,36,1,0
fog,1,27,10,2,0,0
accordingly,11,3,1,5,9,0
lay,28,73,89,53,11,0
hoping,2,2,0,12,2,0
change,28,44,9,61,68,5
take,22,150,84,396,166,7
place,64,137,46,287,137,13
atmosphere,3,2,1,9,4,1
o,10,58,45,171,20,0
clock,8,56,6,197,0,0
cleared,3,6,5,7,3,0
away,50,189,55,221,99,13
beheld,31,0,8,20,5,0
stretched,8,3,4,30,0,0
direction,6,10,24,36,17,2
vast,11,5,0,31,7,1
irregular,2,0,0,2,2,0
plains,3,0,0,4,0,0
seemed,36,243,51,301,19,1
end,22,76,49,182,103,7
comrades,2,0,4,16,2,0
groaned,2,6,2,10,0,0
grow,1,21,7,9,39,0
watchful,4,0,0,1,0,0
anxious,5,28,3,44,2,0
suddenly,26,52,28,121,10,1
attracted,6,1,1,29,7,0
attention,22,14,1,122,11,1
diverted,2,0,0,4,1,0
solicitude,1,1,0,4,0,0
low,6,38,33,66,2,1
carriage,3,20,0,265,0,0
sledge,13,1,1,1,0,0
drawn,4,20,5,36,25,2
dogs,7,22,2,10,27,1
distance,15,16,8,59,32,0
mile,2,8,14,3,0,0
shape,7,7,3,11,2,2
gigantic,6,0,0,14,1,1
stature,7,3,0,5,3,0
sat,25,69,28,56,2,0
guided,5,1,1,11,4,0
watched,4,14,7,64,3,0
rapid,6,1,1,33,1,2
progress,19,1,1,13,15,4
traveller,5,1,1,50,1,0
telescopes,1,0,0,0,0,0
lost,34,46,31,152,35,3
distant,10,9,7,20,9,1
inequalities,2,1,0,1,0,1
appearance,30,6,9,90,31,0
excited,12,9,4,33,3,0
unqualified,1,0,0,0,0,0
wonder,21,34,13,19,18,2
hundred,3,12,22,185,13,1
miles,6,2,8,4,2,0
apparition,5,0,1,9,2,0
denote,1,0,0,0,2,0
supposed,10,2,4,28,59,0
shut,12,30,6,41,6,0
follow,10,38,3,74,45,0
track,3,10,1,14,3,0
observed,21,0,16,77,14,0
occurrence,3,0,1,4,1,0
ground,26,36,11,100,29,4
broke,5,20,16,20,1,0
freed,4,0,0,5,2,0
morning,39,106,25,198,3,0
fearing,3,2,0,18,3,0
dark,28,77,18,76,15,0
large,8,13,10,141,24,5
loose,7,6,3,7,8,0
masses,1,10,2,9,1,3
float,1,1,0,2,1,0
breaking,3,7,5,16,5,0
profited,2,0,0,5,3,0
rest,33,97,37,108,92,3
went,20,299,62,289,22,2
busy,7,8,9,7,3,0
side,8,69,88,145,59,3
talking,2,18,14,30,12,0
someone,5,2,13,50,0,0
fact,4,26,4,92,41,6
seen,20,95,63,298,91,3
drifted,1,4,0,0,0,0
fragment,2,0,0,6,3,0
dog,2,32,38,13,24,0
remained,32,21,10,184,1,1
alive,9,13,11,29,5,0
within,31,44,9,86,68,11
persuading,2,0,0,1,3,0
enter,21,21,3,66,20,0
savage,3,4,0,5,6,0
inhabitant,1,0,0,6,1,0
island,5,0,84,119,2,0
european,2,1,0,5,1,2
appeared,57,12,13,214,16,1
said,102,570,323,3492,1125,1
perish,6,3,1,9,3,0
open,14,102,44,160,9,2
perceiving,6,0,0,19,3,0
stranger,22,10,10,80,8,0
addressed,13,4,7,44,1,0
foreign,2,9,1,5,13,2
accent,4,0,1,29,1,0
inform,3,0,1,26,4,0
whither,5,7,1,14,3,0
astonishment,6,6,1,67,1,0
hearing,6,6,4,37,17,0
brink,3,0,0,4,1,0
destruction,22,5,0,10,9,2
resource,4,2,0,9,0,0
exchanged,4,0,1,22,1,1
precious,3,11,9,18,3,0
earth,36,50,0,86,70,0
afford,10,5,1,15,6,0
replied,27,24,32,739,273,0
satisfied,12,24,0,47,31,1
god,22,177,9,213,135,0
capitulated,1,0,0,0,0,0
surprise,9,22,15,60,5,0
boundless,3,0,0,3,1,0
limbs,12,3,1,12,3,0
frozen,4,0,1,4,0,1
emaciated,3,1,0,1,1,0
fatigue,12,0,1,20,0,0
suffering,5,6,0,33,10,2
wretched,24,1,4,43,3,0
condition,8,15,1,30,47,9
attempted,9,2,0,11,2,0
carry,2,15,6,39,18,1
cabin,9,2,31,10,0,0
fresh,11,24,12,58,4,3
air,27,54,27,138,10,3
fainted,6,1,0,17,0,0
brought,28,37,28,146,56,0
restored,16,7,1,20,8,0
animation,7,2,0,10,1,0
rubbing,1,0,1,4,1,0
brandy,1,10,14,5,0,0
forcing,1,3,0,2,3,0
swallow,1,3,4,5,0,0
small,16,41,12,160,63,6
quantity,7,2,0,15,8,0
showed,7,22,12,50,4,0
signs,6,12,1,27,5,0
blankets,1,0,0,0,0,0
chimney,2,3,1,18,0,0
kitchen,1,4,1,15,0,0
stove,1,0,1,3,0,0
slow,7,6,8,11,2,0
degrees,12,1,3,20,13,2
recovered,14,4,4,27,1,0
ate,4,3,2,12,1,0
soup,1,1,0,10,0,0
wonderfully,1,4,1,2,1,1
days,47,57,11,180,31,0
speak,15,66,26,242,69,2
feared,13,29,13,43,4,0
sufferings,14,0,1,16,8,0
deprived,11,0,0,22,12,0
understanding,5,5,0,23,36,1
measure,3,11,0,9,36,0
removed,4,11,2,31,19,0
attended,9,7,0,8,5,0
duty,11,40,8,53,28,0
interesting,6,10,2,27,10,0
creature,44,8,8,27,14,0
generally,6,9,1,47,39,8
expression,15,10,5,140,35,5
wildness,3,0,0,0,1,0
madness,9,9,0,21,10,0
moments,17,12,1,28,4,0
anyone,4,1,8,116,1,0
performs,1,0,0,1,1,0
act,11,33,6,73,36,1
trifling,2,1,0,17,1,0
service,3,17,11,104,16,0
countenance,39,1,2,104,0,0
lighted,5,3,2,35,2,0
beam,1,1,1,3,0,0
benevolence,7,0,0,5,2,0
sweetness,3,10,0,4,1,0
equalled,2,0,1,3,1,0
melancholy,19,1,1,47,1,0
despairing,3,5,0,3,0,0
gnashes,1,0,0,0,0,0
teeth,8,42,11,41,1,0
weight,7,10,5,35,3,0
woes,2,2,0,2,0,0
oppresses,1,1,0,1,0,0
guest,8,4,2,26,0,0
trouble,3,53,7,42,17,0
keep,5,96,38,85,27,1
wished,20,15,2,109,2,1
ask,10,71,13,188,97,1
questions,6,26,4,36,23,0
tormented,5,0,0,5,2,0
idle,3,4,5,4,6,0
state,24,29,4,47,694,23
restoration,1,0,0,11,0,1
evidently,3,50,5,44,5,0
depended,4,1,2,11,1,0
entire,3,4,3,26,14,3
repose,10,3,0,18,6,0
asked,16,143,42,462,42,0
vehicle,1,1,0,14,5,0
assumed,5,2,0,34,11,2
aspect,7,2,0,11,9,1
deepest,2,1,0,14,0,0
gloom,11,16,0,9,0,0
seek,26,19,4,64,15,2
fled,12,7,1,13,3,0
pursued,13,3,3,19,11,0
travel,4,10,0,13,2,0
fashion,2,11,1,19,12,1
yes,5,36,9,983,469,0
fancy,11,11,25,38,33,0
picked,1,2,5,11,0,0
drawing,5,11,12,103,13,0
across,17,28,30,36,2,0
aroused,1,4,1,13,5,0
multitude,6,3,1,8,16,0
concerning,24,5,0,27,18,1
route,2,2,0,8,0,0
d,23,28,30,578,3,0
mon,18,1,0,6,0,0
called,26,45,19,155,81,6
alone,44,80,17,275,34,4
doubtless,8,15,0,98,7,0
people,11,44,18,111,85,4
considerate,1,1,0,1,1,0
inquiries,5,4,0,28,0,0
indeed,56,52,29,285,80,2
impertinent,1,0,0,8,0,0
inhuman,1,0,0,0,1,0
inquisitiveness,1,0,0,0,0,0
rescued,1,0,0,5,0,1
perilous,1,1,1,0,1,0
benevolently,1,0,0,0,0,0
inquired,5,0,4,142,0,0
destroyed,23,8,2,28,17,5
certainty,5,2,2,13,7,0
broken,12,36,17,53,4,1
midnight,5,12,0,12,0,0
judge,8,5,3,56,33,0
new,38,79,17,111,80,21
spirit,34,15,8,16,101,0
animated,7,0,0,7,2,0
decaying,1,0,0,0,0,0
frame,14,1,1,22,17,0
manifested,2,4,0,18,1,0
eagerness,5,5,1,8,2,0
watch,8,64,16,76,13,0
weak,5,21,6,20,12,0
rawness,1,0,0,0,0,0
promised,13,6,1,57,3,0
give,20,78,44,327,102,1
instant,13,46,10,92,6,1
notice,5,29,5,41,6,0
journal,4,64,0,9,0,0
relates,3,0,0,1,6,0
gradually,6,5,10,31,11,2
improved,8,2,0,2,4,1
health,19,12,8,30,60,0
appears,7,1,5,57,62,1
uneasy,3,10,3,32,0,0
except,11,37,3,28,22,4
enters,1,0,0,5,2,0
manners,19,2,1,9,18,0
conciliating,2,0,0,1,0,0
interested,5,8,2,20,1,0
begin,6,26,3,36,48,2
constant,5,3,1,19,5,3
deep,19,34,10,89,7,1
grief,28,11,0,93,5,0
compassion,11,0,0,9,0,0
better,13,77,30,162,181,0
wreck,5,2,4,1,0,0
attractive,2,1,0,1,1,0
amiable,14,0,0,9,0,0
misery,54,6,0,26,24,1
happy,46,48,4,131,42,0
intervals,3,0,2,7,16,0
increases,1,0,0,1,1,5
excites,1,0,0,1,1,0
pity,11,24,7,81,11,0
poignant,2,2,0,0,0,0
wise,1,11,2,11,68,0
speaks,2,1,0,13,18,0
words,54,50,40,270,148,6
culled,1,0,0,0,0,0
choicest,1,0,1,1,0,0
art,7,26,3,18,180,0
flow,3,1,0,6,3,0
rapidity,2,2,2,16,1,0
unparalleled,5,0,0,2,0,0
eloquence,5,0,0,9,0,0
illness,9,10,0,11,4,0
watching,13,14,11,49,2,0
preceded,3,3,0,16,12,2
unhappy,19,12,2,55,2,0
utterly,11,2,4,21,21,0
interests,2,3,2,20,31,16
deeply,20,2,1,42,8,0
frequently,5,1,0,39,2,0
conversed,3,0,0,7,1,0
communicated,6,0,1,14,3,0
disguise,1,2,0,10,3,0
entered,38,25,10,253,3,1
attentively,3,1,0,23,0,0
arguments,7,2,0,3,13,0
favour,6,5,1,0,8,1
eventual,1,0,0,0,0,0
minute,7,18,10,37,5,0
detail,8,3,1,4,4,0
measures,2,1,0,0,4,4
led,18,14,8,72,30,0
evinced,1,0,0,5,0,0
use,9,42,5,88,142,6
language,19,8,1,39,54,1
utterance,3,1,0,15,2,1
burning,10,10,2,31,1,0
fervour,3,3,0,0,1,1
warmed,5,2,0,1,1,0
gladly,1,4,1,9,5,0
sacrifice,5,1,0,22,7,0
existence,31,8,0,45,72,32
hope,50,66,14,174,27,0
furtherance,1,0,0,0,1,0
price,2,1,1,30,3,2
pay,3,7,4,99,29,0
acquirement,2,0,0,0,1,0
knowledge,33,43,5,43,293,1
sought,18,8,0,50,12,2
dominion,1,0,0,0,3,0
acquire,2,1,0,8,13,3
transmit,1,0,0,1,0,0
elemental,1,2,0,0,0,0
foes,1,3,1,1,0,0
race,6,7,0,18,32,1
spoke,25,78,25,88,24,0
spread,3,8,3,23,1,1
listener,2,0,0,1,1,0
tried,14,62,11,51,7,0
suppress,2,1,0,0,1,0
emotion,3,12,0,72,2,0
hands,38,104,108,282,48,10
quivered,1,6,1,1,0,0
failed,8,4,2,25,7,1
trickle,1,0,0,0,0,0
fast,4,16,9,18,6,2
fingers,5,14,9,28,5,0
groan,2,3,2,23,0,0
burst,8,7,4,40,1,2
heaving,1,2,2,5,0,0
breast,3,22,3,39,9,0
paused,14,20,8,22,0,0
length,27,7,11,83,21,1
accents,6,0,0,3,0,0
share,4,3,9,29,28,1
drunk,2,3,14,12,3,0
intoxicating,1,0,0,1,0,1
draught,2,6,2,15,4,0
let,28,148,46,410,271,4
reveal,2,1,0,18,2,0
tale,32,1,1,3,31,1
dash,2,1,3,6,1,0
cup,3,7,0,25,3,0
lips,18,61,4,147,6,0
imagine,4,7,7,37,72,0
strongly,8,5,1,8,10,0
paroxysm,1,3,0,10,0,0
seized,16,13,3,69,2,1
overcame,7,1,0,5,0,0
weakened,2,4,1,6,1,0
powers,15,11,11,12,21,3
tranquil,7,1,0,8,0,0
conversation,18,10,2,108,12,0
restore,9,8,0,28,1,1
composure,4,0,1,8,0,0
conquered,2,1,0,6,2,1
violence,10,3,2,17,11,0
slave,6,2,1,39,19,2
passion,18,12,2,17,39,0
quelling,1,0,0,1,0,0
tyranny,1,0,0,0,45,0
despair,49,15,3,72,2,0
converse,4,0,0,12,10,0
personally,2,1,0,10,0,1
told,14,142,48,236,45,0
awakened,3,6,2,18,2,0
trains,1,3,0,0,0,0
reflection,13,3,2,23,22,0
intimate,3,0,0,18,6,0
fallen,9,19,21,47,20,0
lot,5,16,7,3,24,1
expressed,26,4,2,31,9,0
boast,3,1,1,8,2,0
enjoy,9,4,4,17,5,0
blessing,4,3,0,5,6,0
agree,1,5,0,21,78,0
unfashioned,1,0,0,0,0,0
creatures,25,1,0,19,4,0
wiser,1,1,3,2,5,0
lend,1,0,2,11,2,0
aid,10,16,1,38,4,0
perfectionate,1,0,0,0,0,0
faulty,1,0,0,0,1,0
natures,2,1,1,3,78,0
entitled,1,1,0,0,0,0
respecting,1,0,0,28,16,0
friendship,7,3,0,31,7,0
cause,34,49,2,107,44,1
everything,6,41,4,146,33,1
anew,3,1,0,0,1,0
expressive,7,1,0,14,6,0
settled,2,7,5,24,4,0
touched,5,27,3,72,4,0
presently,14,20,2,8,5,0
retired,17,4,3,52,3,1
beauties,3,1,0,2,3,0
starry,1,0,0,0,1,0
sky,14,19,3,25,2,0
afforded,5,1,0,14,3,0
seem,4,65,1,58,56,1
elevating,2,0,0,1,7,0
double,2,10,13,52,9,0
suffer,11,10,0,42,22,0
overwhelmed,5,4,0,29,1,0
disappointments,1,0,0,1,0,0
halo,1,0,0,0,0,1
around,34,45,17,160,11,0
circle,2,10,0,22,13,0
folly,2,4,2,22,14,0
ventures,1,0,0,1,0,0
express,9,3,1,19,11,3
divine,12,0,0,10,64,0
wanderer,2,0,0,0,0,0
tutored,1,0,0,0,0,0
retirement,1,0,0,2,2,0
fastidious,1,0,0,5,1,0
fit,7,10,11,30,7,1
appreciate,1,1,0,7,5,0
extraordinary,1,9,2,44,12,0
merits,3,0,1,5,1,0
endeavoured,28,0,0,0,0,0
quality,2,2,0,8,32,0
possesses,1,0,0,14,2,1
immeasurably,1,0,0,0,2,0
knew,32,130,28,184,22,0
believe,33,75,24,232,75,0
intuitive,1,0,0,1,0,0
discernment,1,0,0,0,4,0
quick,8,53,8,32,8,0
judgment,4,6,0,8,25,0
penetration,1,0,0,4,1,0
causes,5,4,0,5,23,1
things,9,176,23,120,254,7
unequalled,1,1,0,1,0,0
clearness,1,0,0,5,17,0
precision,2,1,0,7,4,0
add,4,10,6,24,27,0
facility,1,1,0,7,1,0
varied,3,2,1,6,0,0
intonations,1,0,0,0,0,0
subduing,1,1,0,0,1,0
music,6,8,2,32,95,0
perceive,7,0,1,26,22,0
suffered,21,13,1,45,5,0
misfortunes,17,0,0,37,1,0
memory,18,21,1,52,10,0
evils,4,2,0,2,37,0
die,24,45,13,165,13,0
won,3,23,23,19,5,1
alter,4,1,0,8,7,1
determination,8,3,0,13,3,0
wisdom,3,1,0,10,79,0
gratification,3,0,0,2,2,0
wishes,7,21,1,80,5,0
serpent,1,0,0,12,2,0
sting,4,3,0,0,6,0
relation,5,0,0,8,65,8
disasters,1,0,0,2,0,0
useful,4,11,1,17,30,0
reflect,17,1,0,22,14,0
pursuing,4,1,2,13,3,0
course,17,41,33,106,59,10
exposing,1,0,0,6,0,0
rendered,18,1,0,46,5,1
deduce,1,0,0,0,0,0
apt,1,2,0,1,29,0
moral,3,2,0,11,38,2
direct,7,4,1,21,1,4
console,7,0,0,14,0,0
case,9,72,14,120,85,5
prepare,6,7,0,17,9,1
occurrences,5,0,0,1,0,0
usually,2,9,3,26,3,0
deemed,4,1,0,10,20,0
tamer,1,0,0,0,0,0
scenes,16,1,0,7,0,0
unbelief,1,0,0,0,0,1
ridicule,1,0,0,5,5,0
mysterious,3,9,1,55,6,0
provoke,1,0,0,1,1,0
laughter,4,6,2,15,9,1
unacquainted,4,0,0,1,0,0
doubt,12,41,11,132,41,0
conveys,1,0,0,0,1,0
series,5,5,1,3,7,1
internal,2,1,0,4,10,0
evidence,10,13,1,14,6,0
truth,14,21,10,73,267,2
events,18,10,1,48,10,0
gratified,2,0,0,4,1,0
endure,18,3,0,21,11,0
renew,5,0,0,11,1,0
recital,1,0,0,13,0,0
narrative,4,3,9,10,17,0
partly,9,2,6,15,29,4
strong,7,60,22,54,25,0
ameliorate,1,0,0,0,0,0
thank,8,30,10,87,1,0
fulfilled,7,1,1,9,1,0
wait,4,45,6,120,6,0
event,12,0,0,38,2,0
peace,32,22,3,19,41,0
continued,34,20,27,280,6,2
interrupt,2,2,1,1,1,0
mistaken,6,4,2,67,20,0
destiny,12,2,0,13,6,0
listen,12,6,2,115,21,0
irrevocably,2,0,0,3,1,0
next,13,40,42,129,72,0
leisure,5,1,0,3,5,0
drew,20,39,17,126,5,0
warmest,2,0,0,4,0,0
thanks,3,6,2,77,0,1
imperatively,1,0,0,0,1,0
duties,11,1,0,12,19,1
related,11,0,1,36,4,0
least,12,39,17,225,48,3
notes,4,11,1,43,12,0
manuscript,1,4,0,2,0,0
pleasure,37,16,7,96,132,1
future,18,8,0,64,46,6
full,18,89,26,123,63,1
toned,1,0,0,0,1,0
swells,1,0,0,0,0,0
ears,8,30,13,28,22,1
lustrous,2,0,0,2,0,0
dwell,5,1,0,6,9,0
thin,4,33,4,12,3,0
hand,26,211,122,523,82,8
raised,7,35,9,139,17,2
lineaments,2,0,0,0,1,0
face,20,206,52,175,16,6
irradiated,1,0,0,0,0,0
harrowing,2,4,0,0,0,0
frightful,13,3,0,40,0,0
storm,10,18,1,30,4,0
embraced,6,0,0,12,2,0
gallant,2,3,0,7,0,0
wrecked,2,3,1,3,0,0
birth,8,1,0,24,23,1
genevese,1,0,0,0,0,0
family,31,3,4,135,54,13
distinguished,9,0,0,12,26,1
republic,1,0,0,4,107,1
ancestors,1,0,0,5,4,0
counsellors,1,0,0,0,3,0
syndics,1,0,0,0,0,0
filled,24,9,11,79,17,0
public,6,4,3,32,59,6
situations,3,0,0,2,1,0
reputation,1,2,0,23,17,0
respected,4,0,1,14,0,0
indefatigable,3,0,0,4,0,0
business,2,22,15,66,54,0
younger,9,5,1,7,7,0
perpetually,3,3,0,5,1,0
affairs,2,13,1,45,12,1
variety,3,0,1,4,13,1
circumstances,14,12,2,50,33,2
prevented,2,0,0,24,5,1
marrying,3,0,0,15,4,0
decline,4,0,1,2,13,0
husband,2,74,1,107,7,0
illustrate,1,2,0,1,2,0
refrain,3,0,1,7,5,0
relating,1,4,0,14,2,0
friends,54,41,11,149,82,0
merchant,7,2,0,19,0,0
flourishing,2,0,0,2,0,0
fell,18,59,45,159,8,0
numerous,3,1,1,11,17,2
mischances,1,0,0,2,0,0
poverty,10,0,0,17,13,1
beaufort,7,0,0,1,0,0
unbending,1,0,0,0,0,0
live,26,28,9,125,51,3
oblivion,2,3,0,2,0,0
formerly,5,1,0,20,6,0
rank,5,2,2,30,11,1
magnificence,2,0,0,6,9,0
debts,1,0,1,5,9,0
honourable,2,2,0,0,19,0
retreated,2,0,1,10,0,0
daughter,15,9,0,181,16,0
lucerne,2,0,0,0,0,0
unknown,7,11,2,65,18,0
wretchedness,14,0,1,6,0,0
truest,1,3,0,0,11,0
grieved,2,3,0,6,1,0
retreat,8,0,4,16,0,0
unfortunate,15,0,0,37,3,0
deplored,2,1,0,1,0,0
pride,6,6,1,39,9,0
worthy,5,3,0,71,15,0
united,6,3,0,17,13,3
endeavouring,9,0,0,0,1,0
credit,5,3,2,52,0,1
assistance,3,0,3,34,6,0
effectual,1,0,1,0,0,0
conceal,5,3,4,53,1,2
ten,9,14,15,209,15,1
abode,6,0,0,16,8,0
overjoyed,2,0,1,1,0,0
hastened,9,1,2,48,0,0
house,40,135,84,524,34,0
situated,5,2,0,25,1,0
mean,11,44,20,135,186,3
street,3,13,4,58,0,0
reuss,1,0,0,0,0,0
welcomed,5,0,2,6,0,0
saved,7,8,6,60,11,0
fortunes,1,0,0,15,5,0
provide,2,2,0,6,12,0
sustenance,2,0,0,1,1,0
meantime,9,8,19,13,0,1
hoped,9,8,4,34,1,0
procure,10,0,0,26,2,0
respectable,1,2,0,3,3,0
employment,6,2,1,7,4,0
interval,4,2,2,4,18,0
consequently,2,1,0,24,2,3
inaction,2,0,0,1,0,0
rankling,1,0,0,0,0,0
took,36,224,51,337,17,4
hold,7,31,22,62,35,1
bed,15,90,6,159,29,0
sickness,5,1,1,4,6,0
incapable,4,0,0,5,21,0
exertion,8,1,0,4,1,1
tenderness,4,4,0,19,0,0
fund,1,0,0,6,0,0
rapidly,11,3,8,56,0,3
decreasing,1,0,0,0,1,0
caroline,3,0,0,0,0,0
uncommon,3,1,0,6,1,0
mould,1,1,0,1,4,1
rose,16,40,17,126,0,0
adversity,2,0,0,3,0,0
procured,8,2,0,14,2,0
plain,5,4,30,20,7,0
plaited,2,0,0,0,0,0
straw,8,2,0,9,1,0
means,23,24,6,153,50,29
contrived,3,0,1,7,2,1
earn,1,1,0,3,0,0
pittance,3,0,0,1,0,0
grew,6,49,10,21,0,0
entirely,20,9,11,68,20,2
attending,4,2,0,6,3,0
subsistence,1,0,0,1,0,4
decreased,2,0,0,3,1,0
tenth,1,1,0,2,9,0
died,25,16,10,84,3,0
arms,9,32,19,142,22,1
orphan,3,0,0,5,2,0
beggar,2,2,11,2,0,0
knelt,5,4,0,6,0,0
coffin,5,40,0,4,0,0
weeping,4,1,0,20,8,0
chamber,9,4,0,94,0,0
came,42,309,89,233,41,1
protecting,1,1,0,4,0,0
interment,2,0,0,1,0,0
conducted,6,0,0,30,3,1
geneva,36,0,0,1,0,0
protection,4,1,1,12,3,0
wife,11,35,4,165,3,2
ages,4,3,0,10,46,9
parents,11,1,0,13,44,1
unite,1,0,0,5,11,2
closer,3,12,1,4,0,0
bonds,3,1,0,16,1,1
justice,12,1,1,75,363,1
upright,2,0,2,9,0,0
highly,4,0,0,14,4,0
late,7,60,5,53,8,0
unworthiness,1,0,0,0,1,0
disposed,2,0,1,19,19,0
set,12,64,43,105,43,6
value,3,5,3,34,19,2
worth,5,14,7,68,26,1
show,3,27,9,55,40,1
worship,1,2,0,2,9,0
mother,33,51,42,303,30,1
differing,1,0,0,0,2,1
doting,2,0,0,0,0,0
fondness,2,0,0,3,1,0
inspired,3,2,1,11,12,0
reverence,4,1,0,1,7,0
virtues,8,1,0,6,52,0
recompensing,1,0,0,0,0,0
sorrows,7,3,0,11,8,0
gave,32,67,25,193,16,3
inexpressible,2,1,1,3,0,0
grace,3,5,1,12,17,0
behaviour,2,0,4,0,7,0
yield,5,6,0,24,5,1
convenience,2,0,0,1,1,0
strove,3,0,0,18,0,0
shelter,4,9,6,7,3,0
fair,12,25,11,57,39,0
exotic,1,0,0,0,2,0
sheltered,2,1,1,2,0,0
gardener,1,0,1,15,1,0
rougher,1,0,0,0,1,0
tend,1,1,0,2,12,1
excite,3,4,0,19,1,0
soft,6,14,10,19,4,0
benevolent,14,0,0,6,0,0
tranquillity,14,0,0,18,0,0
shaken,2,2,4,8,2,0
elapsed,7,2,0,19,1,0
previous,4,8,1,43,29,4
relinquished,1,0,0,2,0,0
functions,2,0,0,0,2,2
immediately,7,6,6,122,3,2
climate,2,0,1,2,2,0
italy,7,0,1,76,3,1
scene,44,11,3,80,6,0
attendant,3,26,0,11,2,0
tour,4,1,0,7,0,0
restorative,1,0,0,2,1,0
germany,3,2,0,1,0,12
france,5,2,0,131,0,10
eldest,2,0,0,1,0,0
born,4,2,5,31,28,0
naples,1,0,0,25,0,0
infant,6,0,0,12,2,0
rambles,5,0,0,0,0,0
attached,6,2,0,19,5,0
draw,7,10,9,32,33,0
inexhaustible,2,0,0,0,1,0
stores,1,1,14,3,2,0
bestow,14,1,0,11,1,0
tender,1,6,0,14,3,0
caresses,2,1,0,2,0,0
regarding,3,15,0,5,6,0
recollections,2,0,0,17,0,0
plaything,2,0,0,0,0,0
idol,1,0,0,0,0,0
innocent,19,0,2,25,8,0
helpless,4,9,4,9,4,0
bring,3,32,17,92,35,6
consciousness,3,4,1,15,6,2
owed,3,0,3,5,0,0
given,17,42,19,160,81,4
active,3,7,1,12,6,1
received,16,17,4,123,24,0
lesson,2,10,1,7,9,0
patience,3,6,1,17,2,0
charity,2,0,1,8,0,2
control,3,5,0,15,22,1
silken,1,0,0,8,0,0
cord,1,1,2,6,0,0
train,6,37,2,8,9,1
enjoyment,9,1,1,5,3,0
desired,25,1,2,40,12,0
single,8,7,9,58,47,4
offspring,3,0,0,2,25,1
five,10,19,29,259,34,0
making,5,31,11,96,81,0
excursion,1,0,0,6,0,0
beyond,8,24,8,33,54,0
frontiers,1,1,0,1,0,0
week,8,16,8,41,0,0
lake,27,2,0,19,0,0
como,2,0,0,0,0,0
cottages,5,1,0,0,0,0
remembering,1,2,0,6,1,0
relieved,3,7,5,8,0,0
turn,12,33,17,110,56,1
guardian,2,1,0,9,43,0
angel,9,5,0,40,0,0
afflicted,2,1,0,2,2,0
walks,3,6,0,5,4,0
cot,1,0,0,0,0,0
foldings,1,0,0,0,0,0
vale,1,0,0,0,0,0
singularly,2,0,0,5,0,0
disconsolate,3,0,0,0,0,0
number,2,18,14,51,155,1
clothed,2,0,1,4,7,0
children,19,23,1,38,132,5
gathered,5,13,1,9,9,0
penury,2,0,0,0,0,0
worst,3,9,18,15,34,0
milan,2,0,0,5,0,0
peasant,5,5,0,22,0,5
hard,10,49,21,18,15,1
working,2,20,1,12,7,27
distributing,2,0,0,1,2,0
scanty,1,0,0,3,0,0
meal,3,4,5,7,4,1
hungry,2,4,1,18,1,0
babes,1,0,0,0,0,0
different,19,22,11,69,96,9
four,4,31,34,204,56,0
eyed,1,4,1,2,1,0
hardy,2,1,0,3,0,0
vagrants,1,0,0,0,0,0
hair,8,21,4,106,4,0
brightest,1,1,0,4,4,0
living,9,18,2,71,25,2
gold,1,12,13,100,45,0
despite,1,2,0,3,0,2
clothing,1,2,3,2,1,0
distinction,3,1,0,7,29,3
head,25,106,80,328,23,1
brow,1,2,4,74,0,0
clear,11,18,34,50,31,1
ample,2,0,2,9,0,0
blue,11,15,16,69,0,0
cloudless,4,0,1,0,0,0
moulding,1,0,0,0,0,0
sensibility,3,0,0,2,1,0
behold,13,1,2,18,29,0
looking,10,96,21,136,22,0
distinct,7,1,1,9,29,0
species,11,1,1,3,3,0
sent,5,38,12,123,13,0
bearing,3,9,6,30,7,0
stamp,1,4,0,1,7,0
lovely,26,11,0,34,0,0
eagerly,9,4,0,42,1,1
milanese,1,0,0,0,0,0
nobleman,1,2,0,9,0,0
german,1,5,0,6,1,21
giving,4,7,6,62,29,0
nurse,9,6,0,13,9,0
charge,8,11,3,25,8,1
italians,1,0,0,7,0,0
nursed,4,0,0,3,0,0
antique,1,1,0,3,1,0
schiavi,1,0,0,0,0,0
ognor,1,0,0,0,0,0
frementi,1,0,0,0,0,0
exerted,2,3,0,6,2,0
liberty,6,2,1,73,22,2
victim,16,5,1,29,6,0
weakness,3,9,7,15,18,0
whether,15,19,11,107,266,1
lingered,2,0,1,4,0,0
dungeons,1,0,0,8,0,0
austria,1,0,0,3,0,0
property,4,7,0,29,60,56
confiscated,1,0,0,0,0,0
foster,1,0,0,3,1,0
bloomed,2,0,0,3,0,0
rude,6,6,2,9,1,0
fairer,2,0,2,0,5,0
garden,10,3,0,128,0,0
leaved,1,0,0,0,0,0
brambles,1,0,1,0,0,0
playing,3,4,2,19,4,0
hall,1,32,4,17,0,0
villa,2,0,0,6,0,0
pictured,1,0,0,2,1,0
cherub,1,0,0,0,0,0
shed,8,1,1,13,1,0
radiance,2,0,1,0,0,0
looks,9,17,6,38,7,0
form,27,20,0,58,122,25
motions,3,1,0,2,7,0
lighter,2,1,2,2,6,0
chamois,2,0,0,3,0,0
hills,12,10,7,2,2,0
explained,5,6,0,16,17,0
permission,4,3,3,28,5,0
prevailed,2,1,0,17,5,0
rustic,4,0,0,2,2,0
guardians,1,0,0,5,109,0
sweet,23,66,7,39,17,1
presence,15,19,3,78,11,0
unfair,2,0,0,0,1,0
providence,1,2,3,49,1,0
powerful,5,3,1,49,6,1
consulted,2,4,0,9,0,0
village,12,2,0,21,1,0
priest,2,0,0,58,7,2
result,5,11,1,35,33,3
elizabeth,92,0,0,0,0,0
lavenza,4,0,0,0,0,0
inmate,1,2,0,1,0,0
beautiful,28,31,4,101,38,0
adored,3,0,0,15,0,0
companion,30,4,15,70,8,0
occupations,12,0,0,3,5,0
pleasures,4,0,0,2,105,0
everyone,2,1,6,96,0,0
almost,38,70,39,243,37,4
reverential,1,0,0,1,1,0
shared,2,2,0,14,2,0
evening,12,31,14,189,7,0
home,23,85,25,81,31,3
playfully,2,2,0,1,0,0
pretty,6,27,29,28,4,1
victor,28,0,0,2,2,0
tomorrow,2,0,4,90,0,0
morrow,4,47,3,9,0,0
presented,13,0,1,80,7,0
gift,3,1,0,14,7,0
childish,4,1,2,1,2,0
seriousness,1,4,0,0,1,0
interpreted,1,1,0,4,1,0
literally,1,1,1,4,7,0
looked,29,186,53,324,10,1
protect,3,11,0,15,3,0
cherish,1,0,0,2,1,0
praises,1,0,0,6,15,0
familiarly,1,0,0,1,1,0
forth,19,10,18,53,19,1
stood,10,80,38,81,3,2
till,2,135,53,80,4,0
quite,4,116,44,223,130,1
strangers,4,4,1,18,7,0
disunion,1,0,0,0,0,0
dispute,1,0,0,12,6,0
harmony,3,1,0,6,83,2
companionship,2,1,0,3,2,0
diversity,1,0,1,0,2,0
contrast,5,1,3,8,11,1
subsisted,2,0,0,1,0,0
characters,3,0,1,11,21,0
nearer,8,8,19,23,16,0
calmer,3,2,0,2,2,0
concentrated,1,3,0,5,1,4
capable,14,0,1,23,19,1
application,7,1,0,8,15,2
smitten,1,0,1,1,0,0
busied,3,0,0,0,0,0
following,8,13,8,70,18,4
aerial,2,0,0,0,0,0
creations,2,0,1,0,8,1
majestic,6,0,0,8,0,0
swiss,4,0,0,0,0,0
sublime,7,2,0,26,3,0
shapes,3,5,0,3,1,0
mountains,37,11,0,14,0,0
changes,3,3,2,6,24,3
seasons,3,0,0,1,4,0
tempest,4,4,0,9,0,0
silence,14,50,15,115,8,0
turbulence,1,0,0,0,0,0
alpine,2,0,0,1,0,0
summers,1,0,0,1,0,0
scope,4,2,0,2,0,0
contemplated,9,0,0,10,1,0
serious,3,10,2,53,23,2
appearances,4,1,0,3,13,0
delighted,8,1,1,37,9,0
investigating,1,0,0,0,1,0
earnest,3,19,4,12,16,1
research,2,0,0,0,0,0
learn,10,35,2,33,45,0
hidden,2,8,4,36,6,2
laws,9,1,0,11,113,4
gladness,3,8,1,0,1,0
akin,2,1,0,1,18,0
rapture,4,1,0,0,2,0
unfolded,2,0,0,3,0,0
earliest,3,1,0,5,7,2
son,19,12,10,296,82,0
junior,1,3,0,0,0,0
seven,2,3,15,67,12,0
wandering,4,2,4,7,1,0
campagne,1,0,0,0,0,0
belrive,4,0,0,0,0,0
eastern,3,5,4,13,1,0
shore,16,13,34,35,3,0
league,5,0,0,12,4,0
resided,4,0,0,5,0,0
principally,3,0,0,0,1,0
lives,9,22,13,30,61,2
seclusion,1,0,0,1,0,1
temper,6,2,5,7,12,0
avoid,6,10,3,29,15,0
crowd,5,10,2,41,5,0
attach,1,1,0,10,4,0
fervently,1,0,0,4,0,0
indifferent,1,2,0,12,3,0
school,2,3,0,9,6,2
fellows,3,6,13,9,6,0
general,6,14,2,146,77,11
closest,2,0,0,1,0,0
henry,26,0,0,1,1,0
clerval,59,0,0,0,0,0
boy,7,17,42,65,3,0
singular,3,0,0,55,8,0
talent,4,1,0,17,3,0
chivalry,2,0,0,0,0,0
romance,1,1,1,2,3,0
heroic,2,1,0,5,7,0
songs,3,0,1,5,4,0
enchantment,1,0,1,3,3,0
knightly,1,0,0,0,0,0
adventure,1,9,12,19,0,0
plays,2,1,0,4,4,0
masquerades,1,0,0,0,0,0
heroes,4,0,0,4,21,0
roncesvalles,1,0,0,0,0,0
table,2,32,16,136,7,0
king,3,16,5,161,32,0
arthur,2,147,0,0,1,0
chivalrous,1,1,0,0,0,1
redeem,2,2,0,1,1,0
holy,1,13,0,21,9,3
sepulchre,1,0,0,5,0,0
infidels,1,0,0,2,0,0
happier,4,3,1,2,9,0
childhood,5,0,0,9,11,0
indulgence,3,1,0,9,5,0
tyrants,1,0,0,1,16,0
rule,3,3,1,8,89,5
caprice,1,0,0,6,0,0
agents,1,2,0,11,1,0
creators,1,0,0,0,0,0
delights,4,0,0,5,6,0
enjoyed,13,3,1,12,0,0
mingled,4,2,3,29,5,0
families,2,0,0,16,8,0
distinctly,2,4,0,19,3,0
discerned,1,0,0,3,2,0
assisted,3,1,0,6,4,0
development,1,2,0,1,9,26
filial,1,0,0,9,1,0
violent,8,11,5,50,8,2
passions,12,0,0,10,21,0
vehement,1,0,0,1,2,0
law,4,14,1,91,122,6
temperature,2,0,0,1,0,0
pursuits,4,0,0,3,26,0
eager,4,8,0,17,8,0
indiscriminately,1,0,0,1,0,0
confess,8,2,3,42,3,1
neither,8,15,22,74,138,0
structure,4,1,0,5,3,0
code,1,0,0,5,0,1
governments,3,0,0,3,12,4
politics,1,1,0,18,53,0
states,1,3,0,8,111,1
attractions,1,0,0,2,1,0
secrets,5,5,0,17,1,0
outward,3,1,2,9,9,0
substance,3,0,1,10,8,1
inner,1,3,0,7,10,0
directed,13,9,0,32,13,0
metaphysical,1,0,0,0,7,0
highest,4,4,1,11,56,0
meanwhile,3,0,5,55,1,1
relations,4,3,0,11,23,25
stage,1,4,2,18,27,3
actions,4,3,0,15,33,0
theme,1,2,0,7,8,0
recorded,3,2,0,2,2,0
adventurous,2,1,0,4,0,0
benefactors,2,0,0,3,4,0
saintly,2,0,0,0,0,0
shone,10,6,4,14,3,0
shrine,1,1,0,1,0,0
lamp,1,15,3,34,0,0
peaceful,7,2,2,4,1,1
glance,5,7,8,80,3,0
animate,2,1,0,2,1,0
soften,1,1,0,1,0,0
attract,1,5,0,9,5,0
sullen,2,3,1,1,0,0
rough,2,12,13,9,5,0
subdue,1,0,0,1,1,0
semblance,1,1,0,3,2,0
aught,2,4,0,1,1,0
ill,20,20,5,88,42,0
entrench,1,0,0,0,0,0
perfectly,8,4,5,106,34,0
humane,1,0,1,1,1,0
thoughtful,1,2,1,17,0,0
generosity,2,0,0,9,0,0
amidst,8,2,0,8,0,0
exploit,1,0,0,1,0,0
real,7,20,3,53,79,5
loveliness,4,2,0,1,0,0
beneficence,1,0,0,0,2,0
aim,2,0,4,9,25,2
soaring,2,0,0,0,0,0
exquisite,5,1,0,11,1,0
dwelling,10,0,0,14,10,0
misfortune,16,0,0,77,9,0
tainted,1,2,0,1,0,0
changed,10,12,10,43,9,2
bright,7,24,17,32,4,0
extensive,2,0,0,3,1,2
usefulness,2,0,0,0,2,0
gloomy,10,1,3,71,0,0
narrow,3,9,4,19,5,2
insensible,2,0,0,6,2,0
steps,19,20,7,120,15,0
account,21,23,13,91,24,1
afterwards,17,15,8,82,19,1
ruled,2,0,0,5,6,0
arise,5,1,0,8,28,0
mountain,19,12,5,11,0,0
ignoble,1,0,0,4,7,0
forgotten,4,11,5,74,14,0
sources,2,2,0,3,0,0
proceeded,18,10,6,37,4,0
torrent,2,2,0,4,1,0
swept,3,24,3,2,2,4
joys,5,0,0,3,1,0
natural,24,9,5,50,103,2
philosophy,15,4,0,13,175,2
genius,6,0,0,11,32,0
regulated,2,0,0,3,4,0
narration,5,1,0,0,9,0
facts,6,21,0,10,17,1
predilection,1,0,0,0,0,0
thirteen,1,0,1,6,0,0
party,3,13,20,36,15,7
baths,1,0,0,4,1,0
thonon,1,0,0,0,0,0
inclemency,2,0,0,0,0,0
obliged,12,1,1,52,7,1
confined,7,4,0,14,16,0
inn,6,5,22,17,0,0
chanced,1,0,0,4,2,0
volume,4,0,1,18,0,0
works,8,2,0,6,28,1
cornelius,6,0,0,1,0,0
agrippa,8,0,0,0,0,0
opened,18,80,19,231,2,1
apathy,1,1,0,2,0,0
attempts,3,1,1,8,11,2
demonstrate,1,0,0,0,1,0
dawn,4,27,1,5,3,0
bounding,2,0,1,1,0,0
carelessly,2,0,2,19,2,0
title,1,5,1,42,7,0
page,2,2,1,2,0,0
book,6,31,8,41,109,0
waste,4,5,2,9,11,1
sad,10,33,3,34,4,0
trash,1,0,0,0,0,0
instead,10,12,6,140,48,3
remark,4,3,6,27,31,0
pains,5,1,1,11,31,0
explain,4,8,1,34,25,0
principles,1,2,0,14,79,2
exploded,3,0,0,0,0,1
system,2,4,1,9,21,9
introduced,3,3,0,26,16,1
chimerical,1,0,0,5,0,0
thrown,9,11,8,42,6,1
aside,4,7,5,41,12,0
contented,5,4,0,15,7,0
returning,10,1,2,25,6,0
studies,12,1,0,6,12,0
ideas,14,8,0,58,103,17
fatal,8,6,1,23,4,0
impulse,5,7,1,11,4,1
ruin,9,3,1,38,20,2
cursory,3,1,0,0,0,0
avidity,1,0,0,2,0,0
author,5,2,1,6,24,0
paracelsus,4,0,0,0,0,0
albertus,3,0,0,0,0,0
magnus,3,0,0,0,0,0
studied,5,7,1,16,9,0
fancies,2,3,2,13,8,0
writers,2,3,0,1,20,1
treasures,3,0,0,22,2,0
described,6,6,3,15,58,1
always,24,64,16,238,141,3
imbued,4,0,0,0,1,0
longing,1,4,1,3,6,0
penetrate,6,1,0,14,2,0
spite,4,0,7,76,5,0
discoveries,7,1,1,0,3,0
philosophers,5,0,0,6,74,3
discontented,1,0,0,1,1,0
unsatisfied,2,0,0,0,0,0
sir,7,40,102,615,15,0
isaac,1,0,0,0,0,0
newton,1,0,0,1,2,0
avowed,1,0,1,2,0,0
picking,1,0,1,2,0,0
shells,1,0,2,2,3,0
beside,7,33,22,31,2,0
successors,1,0,0,1,2,0
branch,4,5,2,11,13,1
apprehensions,2,0,1,10,0,0
tyros,1,0,0,0,0,0
untaught,1,0,0,0,0,0
elements,3,2,0,2,40,6
uses,3,1,0,4,11,0
learned,19,15,5,56,19,0
philosopher,3,1,0,7,109,0
partially,1,4,0,5,5,0
unveiled,1,0,0,0,0,0
immortal,1,1,1,1,17,0
mystery,3,17,2,10,5,0
dissect,1,0,0,0,1,0
anatomise,1,0,0,0,0,0
final,2,4,0,14,18,1
secondary,2,0,0,3,5,0
tertiary,1,0,0,0,0,0
grades,1,0,0,0,1,0
gazed,11,3,0,44,1,0
fortifications,1,0,0,0,0,0
impediments,1,0,0,2,2,0
beings,22,2,0,22,9,0
entering,6,11,0,35,1,0
citadel,1,0,0,1,2,0
ignorantly,1,0,0,0,0,0
repined,1,0,0,0,0,0
penetrated,3,0,0,12,4,0
deeper,5,6,0,4,6,2
averred,1,0,0,0,0,0
disciple,3,0,0,1,6,0
eighteenth,1,0,0,0,0,2
century,2,8,0,8,10,5
followed,22,29,18,158,15,0
routine,2,3,0,1,4,0
schools,2,0,0,0,1,2
taught,8,2,0,12,31,0
regard,8,10,5,20,36,1
scientific,3,1,0,0,3,0
left,35,99,63,408,38,1
struggle,4,12,1,34,9,17
blindness,1,0,1,3,4,0
student,3,6,0,1,6,0
guidance,1,3,0,1,4,0
preceptors,1,0,0,0,0,0
diligence,3,3,0,3,0,0
search,7,27,5,41,17,1
stone,2,24,5,75,7,2
elixir,2,0,0,6,0,0
obtained,7,1,0,31,5,1
undivided,1,0,0,1,1,0
inferior,1,0,0,5,43,0
attend,6,13,1,17,7,0
banish,3,0,0,0,9,0
disease,2,9,0,5,34,0
invulnerable,2,0,0,0,1,0
raising,1,8,5,41,10,0
ghosts,1,2,0,4,2,0
devils,3,6,1,0,0,0
liberally,1,0,0,0,0,0
accorded,2,0,0,6,0,0
authors,5,1,0,0,11,0
fulfilment,3,2,0,2,2,0
incantations,1,0,0,0,1,0
unsuccessful,1,0,0,4,0,0
inexperience,2,0,0,0,2,0
mistake,1,7,5,45,16,0
skill,1,1,3,17,19,2
fidelity,1,0,0,5,0,0
instructors,1,0,0,0,1,0
systems,2,0,1,0,5,6
mingling,1,0,0,1,2,0
unadept,1,0,0,0,0,0
contradictory,1,0,0,1,4,0
theories,1,2,0,4,6,0
floundering,1,0,0,0,0,0
desperately,1,2,0,2,0,0
slough,1,0,1,0,4,0
multifarious,1,0,0,1,0,0
reasoning,4,1,0,9,13,0
current,2,1,21,3,1,0
witnessed,1,0,0,17,1,0
terrible,10,99,5,103,15,0
thunderstorm,1,0,0,0,1,0
behind,11,52,51,117,14,1
jura,5,0,0,0,0,0
thunder,8,8,22,12,3,0
loudness,1,0,0,0,0,0
quarters,2,1,2,9,1,0
heavens,16,2,0,37,31,0
lasted,2,2,2,19,1,0
door,24,200,50,555,1,0
sudden,8,26,17,32,6,0
stream,7,11,4,5,2,0
fire,26,41,37,68,20,0
issue,2,4,0,4,4,0
oak,2,4,2,4,2,0
yards,1,2,10,15,0,0
dazzling,1,0,0,6,0,0
vanished,6,3,1,2,1,2
disappeared,9,13,12,109,6,1
blasted,8,0,0,0,0,0
stump,1,0,1,0,0,0
tree,5,7,14,34,1,1
shattered,5,2,0,5,0,0
splintered,1,1,0,1,0,0
shock,4,34,1,11,0,0
reduced,3,2,2,8,11,1
ribbons,1,0,0,6,0,0
wood,26,12,23,24,4,0
anything,6,97,16,150,94,2
obvious,2,0,4,0,9,0
electricity,2,1,0,2,0,0
occasion,10,13,0,43,17,0
catastrophe,3,0,0,12,1,1
explanation,8,4,1,36,16,0
formed,21,7,0,85,6,3
subject,17,23,0,79,89,1
galvanism,1,0,0,0,0,0
threw,13,39,7,81,2,0
shade,4,2,1,23,3,1
lords,1,0,0,2,3,1
fatality,2,0,0,11,0,0
overthrow,2,0,0,0,4,3
disinclined,1,0,0,0,1,0
pursue,17,3,1,18,12,0
despicable,1,1,0,2,0,0
caprices,1,0,0,13,0,0
progeny,1,0,0,1,1,0
deformed,3,0,1,0,2,0
abortive,1,0,0,0,0,0
entertained,3,0,0,18,9,0
disdain,4,1,0,6,1,1
threshold,1,3,3,11,3,0
mood,2,4,0,5,2,0
betook,1,0,0,0,0,0
appertaining,2,0,0,0,0,0
built,2,6,2,18,5,1
foundations,3,0,0,2,1,0
consideration,5,0,0,12,7,0
strangely,4,8,2,11,2,0
souls,2,20,1,4,42,0
constructed,3,0,0,4,9,0
slight,9,4,2,48,15,0
ligaments,1,0,0,0,0,0
prosperity,2,2,0,9,3,0
seems,4,72,2,89,70,0
miraculous,2,0,0,13,1,1
inclination,1,1,1,11,1,0
immediate,7,4,1,7,2,4
suggestion,2,2,0,2,2,0
effort,4,36,3,44,9,0
preservation,2,0,1,4,4,0
avert,2,0,0,1,1,0
hanging,7,2,10,8,0,0
ready,3,71,18,105,43,0
envelop,1,0,0,0,0,0
victory,1,1,3,7,9,3
announced,1,1,1,43,1,0
unusual,3,5,4,19,1,0
relinquishing,1,0,1,2,0,0
latterly,1,0,0,0,0,0
tormenting,2,0,0,1,0,0
associate,2,0,0,1,6,0
prosecution,2,0,0,3,0,0
disregard,1,0,0,1,4,0
ineffectual,4,0,0,1,0,0
potent,1,1,0,1,2,0
immutable,3,0,0,0,3,0
decreed,1,0,0,2,0,0
utter,11,1,1,47,18,0
attained,1,0,0,9,14,1
seventeen,1,0,1,12,1,0
university,7,1,0,0,1,0
ingolstadt,16,0,0,0,0,0
completion,5,1,0,1,1,0
customs,2,9,0,17,7,1
departure,18,1,1,46,3,0
date,3,4,2,9,3,0
arrive,12,16,1,22,13,0
occurred,6,11,11,45,7,0
omen,1,0,0,3,0,0
caught,2,18,8,26,8,0
scarlet,1,2,0,2,0,0
fever,10,8,7,22,2,0
urged,12,3,0,7,4,2
persuade,10,0,1,14,14,0
yielded,3,4,0,18,0,0
entreaties,4,0,0,8,2,0
menaced,2,0,0,0,0,0
longer,23,17,12,163,54,15
anxiety,8,15,2,36,2,0
sickbed,2,0,0,0,0,0
attentions,4,0,0,7,0,0
triumphed,2,0,0,1,0,0
malignity,7,1,0,0,1,0
distemper,1,0,0,0,0,0
consequences,4,1,0,11,8,0
imprudence,1,0,0,4,0,0
preserver,1,0,0,3,0,0
third,2,6,15,80,83,1
sickened,5,1,0,0,0,0
alarming,1,1,2,7,0,0
symptoms,3,2,0,15,0,0
medical,1,3,2,2,1,0
attendants,2,12,0,12,3,0
prognosticated,1,0,0,0,0,0
deathbed,1,0,0,1,0,0
benignity,2,0,0,1,0,0
women,4,46,0,60,117,8
desert,10,4,2,12,1,1
joined,6,7,4,16,4,1
firmest,1,0,0,0,0,0
expectation,6,4,0,11,3,0
supply,3,3,1,12,12,3
alas,20,21,0,88,4,0
quit,17,2,2,31,0,0
befitting,4,0,0,1,0,0
resign,1,0,3,2,0,0
cheerfully,3,8,0,4,0,0
indulge,2,0,0,9,5,0
meeting,5,18,0,43,5,0
calmly,1,7,1,23,0,0
dearest,18,15,0,12,2,0
ties,5,0,0,4,4,2
rent,4,2,0,6,0,1
irreparable,3,0,0,2,0,0
void,2,1,0,4,3,0
exhibited,8,0,0,5,4,1
departed,15,4,1,24,2,0
brightness,2,0,3,5,1,0
extinguished,8,0,0,10,4,0
sound,22,43,34,116,15,0
familiar,8,1,3,17,8,0
ear,4,12,10,27,13,0
hushed,2,0,0,0,0,0
lapse,1,1,0,3,0,0
proves,1,1,0,11,9,0
actual,2,3,1,8,18,1
bitterness,8,1,0,3,0,0
commences,1,0,0,2,0,0
connection,3,4,0,12,8,0
sorrow,15,15,2,42,26,0
arrives,1,6,0,11,6,0
sacrilege,3,0,0,2,1,0
dead,23,110,73,186,24,0
perform,6,3,0,9,7,0
whilst,9,101,0,5,1,0
spoiler,1,0,0,0,0,0
deferred,1,0,0,3,1,0
respite,4,0,0,7,0,0
mourning,4,3,1,16,1,0
rush,2,10,3,12,3,0
less,13,31,13,104,88,5
alarm,4,3,7,36,0,0
unwilling,4,0,1,11,13,0
consoled,1,0,0,10,1,0
veiled,1,0,0,14,5,2
comforter,2,0,0,1,1,0
steadily,1,2,4,3,1,0
zeal,4,1,0,5,4,0
cousins,1,0,0,0,0,0
enchanting,3,0,0,1,0,0
recalled,3,2,0,19,2,0
sunshine,4,14,1,4,1,0
smiles,15,0,1,18,2,0
forgot,2,6,6,20,4,1
forget,10,24,7,72,10,2
accompany,6,0,0,40,3,0
minded,2,2,6,8,3,0
trader,1,0,1,0,7,0
idleness,3,0,1,2,1,1
aspirations,1,0,0,0,5,0
debarred,1,0,0,0,0,0
liberal,1,0,2,7,3,1
kindling,1,0,0,2,0,0
restrained,4,2,1,13,5,0
resolve,1,2,0,6,3,0
chained,3,1,0,4,3,0
miserable,65,8,1,21,36,3
details,3,11,3,22,6,0
commerce,1,0,0,1,1,10
tear,8,6,0,23,2,0
pretence,3,0,1,5,1,0
seeking,2,2,1,25,31,0
fancying,1,0,0,1,5,0
deceived,4,5,1,53,13,0
descended,8,5,3,73,1,0
convey,7,2,0,12,1,0
press,1,7,0,17,0,1
playmate,2,0,0,0,0,0
chaise,1,0,0,12,0,0
indulged,3,0,0,2,3,0
companions,12,8,10,22,17,0
mutual,5,0,0,7,6,1
protector,1,0,0,17,8,0
secluded,3,0,0,2,0,0
domestic,5,0,0,14,3,0
invincible,3,0,0,2,2,0
repugnance,3,0,1,11,1,0
countenances,9,0,0,6,0,0
brothers,5,0,0,3,18,0
faces,6,8,9,14,5,0
totally,3,0,0,8,0,0
unfitted,1,0,0,0,1,0
journey,36,20,2,48,17,0
acquisition,1,0,0,4,11,0
cooped,1,0,0,0,0,0
longed,11,0,0,6,0,0
station,2,24,1,8,2,0
desires,5,1,1,11,84,0
complied,1,0,0,5,0,0
repent,2,0,1,14,0,0
fatiguing,1,0,0,0,0,0
white,11,107,20,112,7,0
steeple,3,0,0,0,0,0
met,8,29,10,83,15,0
alighted,2,0,1,11,1,0
solitary,10,0,0,12,1,0
apartment,9,0,0,84,0,0
spend,6,3,0,15,13,0
pleased,8,5,14,36,4,0
delivered,4,6,0,12,3,0
introduction,3,1,0,22,10,2
visit,18,15,4,124,3,0
principal,3,0,2,20,13,0
professors,5,0,0,0,3,1
chance,7,40,14,65,20,1
influence,4,7,4,44,56,1
asserted,1,1,0,3,7,0
omnipotent,3,1,0,0,1,0
sway,1,2,0,3,2,6
moment,37,106,68,432,21,4
reluctant,1,0,0,0,6,0
m,24,41,63,1681,0,0
krempe,9,0,0,0,0,0
professor,8,174,0,0,2,0
uncouth,3,0,1,0,0,0
contempt,5,2,0,16,5,1
mentioned,7,8,1,43,18,0
alchemists,2,0,0,0,0,0
stared,1,1,2,7,0,0
really,10,32,5,248,74,1
studying,2,1,0,5,1,0
nonsense,1,4,0,17,6,1
wasted,3,2,4,1,2,0
burdened,1,1,0,1,0,0
greedily,2,0,1,2,0,0
imbibed,2,0,0,0,0,0
musty,1,1,0,0,0,0
enlightened,3,1,0,1,6,0
saying,4,50,17,110,137,0
stepped,2,20,6,29,0,1
wrote,4,18,4,50,0,4
list,3,9,0,5,1,0
treating,1,0,0,0,2,0
dismissed,1,0,1,5,3,0
mentioning,2,0,0,7,9,0
beginning,8,31,10,40,55,1
intended,6,6,3,60,17,1
lectures,3,2,0,0,1,0
waldman,9,0,0,0,0,0
lecture,5,0,0,1,3,0
chemistry,5,0,0,6,1,1
alternate,1,0,0,0,0,0
omitted,3,0,0,3,7,0
disappointed,3,2,0,5,1,0
reprobated,1,0,0,0,0,0
inclined,2,5,1,15,17,0
recur,1,0,0,0,0,0
squat,1,1,0,0,0,0
gruff,1,0,0,0,0,0
repulsive,3,3,0,0,0,0
teacher,1,1,0,3,10,0
prepossess,1,0,0,0,0,0
philosophical,1,0,0,5,21,7
connected,7,4,0,19,10,1
strain,2,16,4,5,24,0
conclusions,3,5,0,0,9,1
results,2,3,0,5,12,1
confusion,3,1,4,13,16,0
accounted,1,0,0,2,1,0
extreme,16,2,3,30,10,1
guide,6,6,2,32,4,0
matters,1,18,3,24,24,1
retrod,1,0,0,0,0,0
along,13,55,48,62,18,3
paths,4,2,0,9,5,0
recent,3,6,1,10,1,0
inquirers,2,0,0,0,0,0
dreams,12,19,3,18,3,0
masters,4,0,0,13,13,4
immortality,1,2,0,1,13,0
views,3,4,1,4,14,4
futile,1,0,0,2,0,0
grand,4,2,1,35,3,0
inquirer,1,0,0,0,0,0
limit,2,4,0,1,16,0
annihilation,3,0,0,1,1,0
chiefly,5,1,0,2,11,2
founded,2,0,0,4,5,0
exchange,1,1,0,21,12,9
chimeras,1,0,0,0,0,0
grandeur,2,2,0,2,0,0
realities,1,1,0,3,7,0
residence,10,1,2,13,0,0
localities,1,0,0,0,0,1
residents,1,0,0,0,0,0
ensuing,4,0,0,0,0,0
information,8,10,2,45,1,0
go,19,284,78,432,109,0
conceited,1,0,1,0,3,0
deliver,4,0,0,10,1,0
sentences,1,0,0,1,2,0
pulpit,1,0,0,0,2,0
recollected,3,0,0,22,0,0
lecturing,1,0,0,0,0,0
shortly,1,11,1,5,1,0
unlike,7,1,3,7,24,0
colleague,1,0,0,5,0,0
fifty,1,8,5,83,9,0
grey,2,22,5,0,3,0
hairs,3,4,0,0,0,0
covered,19,19,3,77,2,0
temples,1,2,0,9,13,0
black,17,35,58,122,7,0
short,17,21,27,76,31,1
erect,1,0,0,11,2,0
sweetest,1,0,0,4,0,0
recapitulation,1,0,0,0,1,0
improvements,3,0,0,2,5,0
pronouncing,2,0,0,5,0,0
discoverers,1,0,0,0,0,0
view,15,15,5,42,103,3
elementary,1,1,0,0,3,0
terms,8,2,7,25,43,1
preparatory,1,1,0,2,0,0
experiments,1,1,0,4,0,1
concluded,4,1,0,19,2,0
panegyric,1,0,0,0,0,0
teachers,1,0,0,0,14,0
impossibilities,1,1,0,2,0,0
performed,8,2,0,18,4,0
metals,1,0,0,1,0,0
transmuted,1,0,0,0,0,0
chimera,1,0,0,0,1,0
dabble,1,0,0,0,0,0
dirt,1,0,0,3,1,0
pore,1,0,0,1,0,0
microscope,1,0,0,1,0,0
crucible,1,0,0,0,0,0
miracles,1,0,0,3,2,0
recesses,3,0,0,8,1,0
hiding,8,4,2,10,0,0
places,9,24,16,25,19,0
ascend,5,2,1,8,13,0
circulates,1,0,0,0,0,0
acquired,3,1,0,31,16,3
unlimited,1,0,0,19,1,0
thunders,1,0,0,1,0,0
mimic,1,0,0,1,0,0
earthquake,2,1,0,0,3,0
mock,4,1,0,0,1,0
invisible,3,0,1,15,9,0
shadows,1,12,0,14,48,0
enounced,1,0,0,0,0,0
destroy,20,18,1,21,24,3
grappling,1,0,0,0,0,0
palpable,1,0,0,2,1,0
enemy,24,17,7,51,42,0
keys,1,11,0,9,0,0
mechanism,3,0,0,1,0,0
chord,2,1,0,3,0,0
sounded,1,3,7,17,0,0
exclaimed,19,0,3,212,0,0
achieve,1,5,0,2,0,1
treading,1,0,1,0,0,0
marked,8,14,2,32,2,0
pioneer,1,0,0,1,0,0
unfold,1,3,0,0,0,0
insurrection,1,0,0,1,1,1
turmoil,1,0,0,1,0,0
order,4,32,11,184,170,12
thence,3,3,3,12,2,0
produce,5,1,4,19,26,0
awoke,15,8,5,13,0,0
yesternight,1,0,0,0,0,0
devote,4,0,0,5,5,0
possess,5,0,0,48,13,0
private,1,6,0,38,56,10
mild,7,2,1,6,0,0
certain,5,39,9,85,76,4
mien,2,0,0,0,0,0
replaced,2,3,0,20,1,1
affability,1,0,0,1,0,0
smiled,4,24,0,76,0,0
indebted,1,0,0,8,3,0
easier,1,2,1,10,3,1
arrange,2,9,1,9,3,0
classifications,1,0,0,0,0,0
instruments,8,5,0,4,11,10
bringing,1,7,1,20,6,2
labours,17,5,0,0,7,0
erroneously,1,0,0,0,1,0
ultimately,2,3,0,3,1,1
turning,7,22,6,117,16,0
solid,1,3,1,7,16,1
listened,12,9,0,58,2,0
statement,1,7,2,14,12,0
presumption,3,0,0,1,0,0
affectation,1,0,0,2,1,0
chemists,1,0,0,4,0,0
measured,1,0,0,10,0,0
modesty,2,2,0,6,2,0
deference,1,1,0,5,0,0
due,3,10,5,30,15,3
instructor,1,0,0,2,1,0
letting,1,3,1,6,1,1
escape,9,23,7,99,26,0
ashamed,1,4,3,11,12,0
stimulated,1,0,0,0,1,0
requested,2,0,0,12,2,0
advice,2,1,3,50,7,0
gained,13,4,3,33,9,0
equals,2,0,1,3,9,0
ability,2,1,0,5,4,0
peculiar,3,8,2,43,7,0
sorry,3,10,3,21,3,1
chemist,1,0,0,10,0,0
department,1,1,0,8,1,0
wish,23,50,8,290,32,2
merely,6,6,1,78,16,5
petty,1,0,0,5,1,13
experimentalist,1,0,0,0,0,0
advise,1,2,0,14,4,0
apply,7,1,0,12,20,1
including,1,1,1,3,5,0
laboratory,7,0,0,3,0,0
machines,1,0,0,1,0,0
instructing,1,0,0,0,0,0
promising,1,2,0,8,3,0
derange,1,0,0,0,0,0
ended,2,1,2,16,2,2
memorable,2,0,0,1,0,0
decided,4,9,6,30,8,0
particularly,5,2,4,15,1,0
comprehensive,1,1,0,0,4,0
term,1,2,0,10,40,0
sole,3,2,0,19,0,0
occupation,7,2,0,8,8,1
discrimination,1,0,0,0,0,0
written,4,33,4,42,16,1
subjects,5,4,0,12,54,0
acquaintance,1,0,1,40,8,0
deal,1,24,13,24,19,0
combined,4,0,1,4,10,0
physiognomy,2,1,0,3,0,0
tinged,2,1,0,5,0,0
dogmatism,1,0,0,0,0,0
instructions,3,6,0,15,2,0
frankness,1,0,0,2,3,0
idea,33,37,5,155,143,0
pedantry,1,1,0,0,0,1
ways,1,20,0,7,36,1
smoothed,1,0,0,0,0,0
abstruse,1,0,0,0,0,0
facile,1,0,0,0,0,0
apprehension,4,2,3,9,5,0
fluctuating,2,0,0,1,0,2
uncertain,3,3,0,6,5,0
strength,15,46,9,84,42,3
applied,5,2,1,18,15,0
closely,2,5,3,29,1,0
conceived,12,0,0,3,25,0
students,1,0,0,1,9,0
proficiency,2,0,0,0,0,0
sly,1,0,0,0,1,0
heartfelt,2,0,0,2,0,0
exultation,3,1,0,0,0,0
continual,5,0,2,8,0,0
food,27,13,5,25,41,0
capacity,3,0,0,1,8,0
pursues,1,0,0,2,4,0
infallibly,1,2,1,2,1,0
attainment,1,0,0,0,6,2
solely,2,1,0,3,3,3
improvement,5,0,0,1,11,3
chemical,6,1,0,1,1,0
esteem,3,2,0,11,1,0
practice,2,2,3,12,30,1
lessons,6,1,0,3,8,0
conducive,1,0,0,0,3,0
incident,5,4,0,6,0,0
protracted,1,0,0,1,1,0
stay,5,43,13,52,9,0
animal,9,11,0,15,21,0
endued,5,0,0,0,0,0
whence,4,6,2,42,12,0
principle,2,3,0,6,144,1
cowardice,4,0,2,3,7,0
restrain,2,0,0,19,2,0
revolved,5,0,1,0,0,0
thenceforth,2,0,0,0,0,1
relate,9,0,1,29,1,0
physiology,1,1,0,0,1,0
unless,5,22,3,35,44,0
supernatural,4,0,0,6,1,0
irksome,6,1,0,1,0,0
intolerable,3,2,1,1,2,0
examine,4,5,0,20,8,1
recourse,1,0,0,5,3,0
anatomy,1,1,0,0,0,0
observe,5,1,1,21,44,0
decay,4,3,0,2,9,1
corruption,3,2,1,1,22,0
precautions,1,1,3,21,1,0
impressed,8,2,1,10,3,0
horrors,6,8,2,3,2,0
trembled,11,7,4,25,0,0
superstition,1,8,0,1,1,0
darkness,16,24,7,61,15,0
effect,9,28,5,71,39,1
churchyard,1,30,0,1,0,0
receptacle,1,1,0,1,0,0
worm,4,0,0,3,0,0
forced,9,8,3,47,8,0
vaults,1,2,0,0,0,0
charnel,2,0,0,0,0,0
houses,4,12,1,18,25,0
insupportable,3,0,0,0,0,0
delicacy,1,1,0,13,2,0
fine,6,21,18,89,15,0
degraded,3,0,0,0,5,0
blooming,4,0,0,2,2,0
cheek,6,2,6,9,1,0
brain,1,56,2,43,0,0
examining,3,7,3,18,1,0
analysing,1,0,0,0,0,0
minutiae,1,0,0,0,0,0
causation,1,0,0,0,0,0
exemplified,1,0,0,0,0,0
brilliant,1,5,0,40,2,0
simple,7,17,0,66,53,2
dizzy,2,5,0,1,0,0
immensity,1,0,0,1,1,0
illustrated,1,0,0,0,3,0
surprised,13,14,8,39,4,0
reserved,5,1,0,13,4,0
vision,3,0,0,12,38,0
madman,3,13,1,15,4,0
shine,3,5,3,7,2,0
affirm,1,0,0,3,19,0
miracle,1,2,0,14,1,0
produced,12,8,0,39,3,3
stages,1,1,1,2,11,2
incredible,2,2,3,8,0,0
succeeded,8,6,6,39,4,0
nay,6,30,5,42,29,4
bestowing,3,0,0,3,0,0
lifeless,9,0,0,7,0,0
matter,4,55,14,114,75,2
painful,6,10,0,37,6,0
summit,8,3,4,15,2,0
gratifying,1,0,0,3,1,0
consummation,4,0,0,2,2,0
overwhelming,4,1,0,6,1,0
progressively,1,0,0,1,0,0
obliterated,3,3,0,0,0,0
wisest,1,1,0,2,6,0
grasp,9,4,5,15,5,0
magic,2,0,0,13,3,0
exhibit,3,1,0,3,2,0
accomplished,2,3,0,16,13,1
arabian,13,1,0,19,0,0
buried,1,11,16,39,3,0
aided,2,1,0,9,1,0
glimmering,1,0,0,1,0,0
seemingly,4,22,2,0,2,0
patiently,1,3,1,13,0,0
lead,7,13,5,39,22,0
unguarded,2,0,0,0,1,0
infallible,1,0,0,5,4,0
precepts,1,0,0,0,3,0
believes,4,3,0,4,9,0
aspires,1,0,0,2,0,1
hesitated,4,3,2,28,1,0
employ,2,0,0,4,7,0
reception,3,1,0,10,0,0
intricacies,1,0,0,0,0,0
fibres,1,0,1,1,0,0
muscles,3,0,2,4,1,0
inconceivable,2,0,0,3,6,0
difficulty,11,22,3,32,73,0
doubted,3,3,1,11,4,0
attempt,10,8,1,44,30,0
simpler,2,0,0,0,3,0
organization,1,0,0,2,5,0
exalted,1,1,0,4,2,0
complex,1,0,0,1,11,0
materials,7,2,0,5,7,1
hardly,27,26,13,21,88,0
adequate,2,0,0,2,3,1
arduous,1,0,0,0,0,0
prepared,8,24,1,71,7,0
reverses,1,0,0,2,0,0
operations,4,2,0,5,2,0
incessantly,2,0,0,7,0,0
baffled,2,3,0,1,0,0
imperfect,2,1,0,3,16,0
takes,1,7,1,19,35,1
mechanics,1,0,0,0,0,0
encouraged,2,2,2,5,5,0
magnitude,1,0,0,2,1,0
complexity,1,0,0,0,5,0
plan,12,11,5,55,13,2
argument,2,2,3,3,106,0
impracticability,1,0,0,0,1,0
minuteness,1,0,0,2,0,0
parts,3,4,1,19,48,0
hindrance,1,1,0,1,3,0
speed,7,12,8,27,4,1
contrary,4,1,1,107,18,4
proportionably,3,0,0,0,0,0
successfully,1,1,0,2,1,0
arranging,6,2,1,9,1,0
onwards,1,1,0,5,0,0
hurricane,1,0,0,1,0,0
ideal,1,0,0,2,99,0
bounds,6,1,0,7,1,1
break,4,22,6,30,9,0
pour,1,0,0,7,3,0
creator,20,0,0,0,9,0
source,5,1,1,21,8,0
owe,3,2,2,32,3,0
claim,8,5,3,17,10,0
completely,2,3,2,52,8,4
process,2,3,2,3,34,2
supported,5,1,0,18,3,0
unremitting,3,0,0,1,0,0
grown,1,12,4,13,10,0
pale,6,40,7,195,3,0
confinement,1,0,0,8,0,0
clung,4,8,4,10,0,0
realise,2,8,0,0,0,1
moon,21,11,9,16,8,0
unrelaxed,1,0,0,0,0,0
breathless,3,2,0,14,0,0
toil,7,2,0,7,10,1
dabbled,1,0,0,0,0,0
unhallowed,4,2,0,1,0,0
damps,2,0,0,1,0,0
grave,7,34,5,42,6,1
tortured,4,1,1,1,1,0
clay,1,3,1,1,0,0
tremble,6,7,0,21,0,1
swim,1,0,0,9,3,0
remembrance,10,3,0,17,3,0
resistless,1,1,0,0,0,0
frantic,1,3,0,2,0,0
forward,14,30,22,47,14,1
passing,8,15,1,65,28,0
trance,1,16,0,0,0,0
renewed,6,4,0,15,0,0
acuteness,1,0,0,2,0,1
unnatural,3,2,1,6,12,0
stimulus,1,0,0,1,2,0
ceasing,1,1,1,1,0,0
operate,1,5,0,0,1,0
habits,4,0,0,9,21,0
collected,10,0,1,20,0,0
bones,1,8,20,4,1,0
disturbed,8,10,2,29,0,0
profane,1,0,0,0,2,1
tremendous,7,0,2,6,1,0
cell,2,1,0,51,0,0
top,3,22,22,32,1,0
separated,3,3,1,39,3,0
apartments,1,0,0,49,0,0
gallery,1,0,4,22,0,0
staircase,1,0,0,79,0,0
kept,4,58,42,81,9,1
workshop,1,0,0,1,0,2
filthy,5,1,1,1,0,0
eyeballs,1,0,0,2,0,0
starting,1,12,2,17,7,0
sockets,2,0,0,4,0,0
dissecting,1,0,0,0,0,0
slaughter,2,0,1,2,0,0
furnished,1,1,0,22,2,0
loathing,5,2,0,0,0,0
conclusion,5,11,1,10,27,1
fields,9,1,0,5,2,0
plentiful,4,0,0,1,2,0
harvest,1,1,0,0,1,0
vines,4,0,0,0,0,0
luxuriant,2,0,0,3,0,0
vintage,2,0,0,0,0,0
charms,1,0,0,6,5,0
neglect,2,2,1,4,9,0
caused,10,3,0,53,6,0
absent,6,2,1,16,0,0
disquieted,1,0,0,1,0,0
remembered,13,12,11,27,4,0
regularly,3,0,0,3,1,0
pardon,4,12,6,84,1,0
interruption,1,1,0,4,0,0
correspondence,2,1,0,3,0,0
proof,5,13,0,49,20,0
loathsome,5,1,0,2,0,0
irresistible,3,1,0,10,2,0
procrastinate,1,0,0,0,0,0
swallowed,5,1,2,15,1,0
habit,2,23,1,17,32,0
completed,2,5,2,14,10,0
unjust,2,0,0,11,145,0
ascribed,2,0,0,0,10,0
vice,8,8,0,4,42,0
faultiness,1,0,0,0,0,0
convinced,9,5,2,34,15,0
justified,2,4,1,6,8,0
conceiving,1,0,0,0,3,0
altogether,1,16,4,19,10,2
free,23,37,9,87,36,11
blame,1,2,5,14,11,0
perfection,1,1,0,7,25,0
preserve,5,2,1,14,13,2
transitory,4,0,0,1,0,0
disturb,6,9,1,23,1,0
exception,2,1,1,23,12,0
tendency,1,0,0,1,12,1
weaken,1,1,0,0,2,0
affections,8,0,0,7,6,0
taste,5,2,6,37,25,0
alloy,1,0,0,1,2,0
possibly,3,13,2,44,14,1
mix,1,0,0,1,0,0
unlawful,1,0,0,0,5,0
allowed,20,3,6,48,48,1
whatsoever,1,1,0,1,0,0
interfere,3,3,0,13,3,0
greece,2,1,0,12,8,0
enslaved,1,0,0,0,11,1
c,1,4,0,34,8,3
sar,1,0,0,30,0,0
spared,5,3,1,9,0,0
empires,3,0,0,0,3,0
mexico,1,0,0,0,0,0
peru,1,0,0,2,0,0
moralizing,1,0,0,0,1,0
remind,3,1,1,15,8,0
reproach,2,2,0,24,2,3
inquiring,1,0,0,12,1,0
blossom,1,1,0,0,0,0
expanding,1,0,0,0,0,2
leaves,11,4,7,30,8,1
sights,6,1,0,3,9,0
supreme,2,0,0,15,6,2
engrossed,1,1,0,4,0,0
withered,1,1,0,4,1,0
close,15,69,33,63,8,0
plainly,4,2,8,14,1,0
checked,3,2,0,4,0,0
doomed,6,1,1,7,0,1
slavery,4,1,0,0,16,1
mines,1,0,0,4,0,0
unwholesome,2,0,0,0,0,0
trade,2,4,1,9,17,6
artist,1,0,0,14,22,0
oppressed,7,0,0,4,1,3
nervous,5,12,1,28,2,0
fall,10,18,10,79,28,3
leaf,1,0,1,7,0,0
startled,2,11,4,5,0,0
shunned,3,0,0,0,0,0
guilty,11,0,3,53,17,1
crime,16,5,1,82,8,1
energy,1,12,0,16,5,0
sustained,5,0,0,13,3,0
amusement,6,0,0,7,6,0
drive,4,15,0,26,3,0
incipient,1,0,0,0,0,0
complete,8,19,6,41,12,3
dreary,3,3,1,0,0,0
november,1,14,0,1,0,0
accomplishment,1,0,1,3,0,0
amounted,2,0,0,9,0,0
agony,26,8,2,21,2,0
infuse,1,0,0,0,0,0
spark,3,1,0,0,1,0
thing,11,97,45,184,121,0
rain,16,4,2,8,2,0
pattered,1,0,1,0,0,0
dismally,1,0,0,0,0,0
panes,2,3,0,4,0,0
candle,1,5,4,6,3,0
burnt,3,2,1,16,2,0
glimmer,2,1,2,2,0,0
dull,2,3,3,32,2,0
yellow,4,7,8,22,0,0
breathed,4,1,1,14,0,0
convulsive,1,0,0,10,0,0
agitated,7,1,1,32,0,0
emotions,8,1,0,13,3,0
delineate,1,0,0,0,2,0
wretch,25,3,0,23,0,0
infinite,3,7,1,11,6,0
proportion,4,1,2,9,28,12
selected,3,1,0,12,5,0
skin,2,6,4,18,2,1
arteries,1,0,0,0,0,0
beneath,11,3,1,95,10,3
flowing,1,1,0,5,3,0
pearly,1,0,0,5,0,0
whiteness,1,3,0,1,2,0
luxuriances,1,0,0,0,0,0
horrid,5,17,6,5,3,0
watery,2,0,0,0,0,0
colour,3,17,15,0,14,0
dun,1,1,0,0,0,0
shrivelled,1,0,0,0,0,0
complexion,2,1,0,22,1,0
straight,1,22,20,19,6,0
changeable,1,0,0,1,0,0
infusing,1,0,0,1,0,0
inanimate,4,0,0,6,1,0
exceeded,2,1,0,0,2,0
moderation,2,0,0,3,9,0
finished,8,20,2,39,8,0
horror,45,28,5,20,3,0
disgust,5,1,3,4,0,0
unable,22,4,0,53,31,0
created,12,1,0,15,8,7
rushed,10,23,0,50,1,0
traversing,1,0,0,1,0,0
compose,3,0,0,4,4,0
lassitude,1,0,0,0,0,0
tumult,4,1,0,10,1,0
clothes,5,14,6,25,4,0
forgetfulness,3,1,0,7,5,0
slept,8,34,4,29,0,0
wildest,3,1,0,2,0,0
bloom,3,6,0,2,2,0
kiss,1,18,1,13,2,0
livid,3,2,1,15,0,0
hue,1,2,0,11,2,0
held,8,73,18,118,25,0
corpse,10,5,1,53,1,0
shroud,1,0,0,4,0,0
enveloped,3,1,1,7,0,0
worms,2,0,0,0,0,0
crawling,1,0,5,0,0,0
folds,2,2,0,5,1,0
flannel,1,0,0,0,0,0
started,6,26,8,47,3,0
dew,1,0,0,2,0,1
forehead,1,34,0,60,0,0
chattered,2,0,1,2,0,0
limb,3,0,0,2,2,0
convulsed,1,2,0,5,0,0
dim,3,13,0,13,0,0
window,10,116,9,101,0,0
shutters,2,6,0,4,0,0
monster,31,23,1,3,16,0
curtain,1,0,0,39,0,0
jaws,1,4,1,3,0,0
muttered,1,0,2,37,0,0
inarticulate,2,0,0,4,1,0
sounds,16,9,2,10,19,0
grin,3,1,1,1,0,0
wrinkled,3,3,0,1,1,0
spoken,3,24,7,57,23,0
detain,1,1,0,10,1,0
escaped,7,8,1,61,12,0
downstairs,1,7,3,16,0,0
refuge,8,3,0,12,1,0
courtyard,1,10,0,18,0,0
belonging,4,2,0,22,2,0
inhabited,8,0,0,19,1,0
listening,5,2,3,41,3,0
catching,1,6,0,1,1,0
announce,2,1,0,19,1,0
approach,10,6,1,39,14,0
demoniacal,3,0,0,0,0,0
miserably,4,1,0,1,1,0
mortal,7,8,4,23,14,0
mummy,2,0,0,0,0,0
hideous,11,2,0,9,0,0
unfinished,2,0,0,1,2,0
ugly,4,1,3,8,3,0
joints,2,0,0,0,0,0
dante,1,0,0,7,5,0
wretchedly,1,0,0,1,0,0
pulse,3,2,1,9,3,0
palpitation,1,0,0,0,0,0
artery,1,0,0,0,0,0
sank,19,19,7,13,0,0
languor,3,0,1,0,0,0
space,3,7,2,22,14,0
hell,10,20,0,7,4,0
dismal,1,0,0,3,0,0
wet,6,4,2,7,2,0
dawned,4,1,0,5,1,0
sleepless,2,3,0,5,0,0
aching,1,1,0,2,0,0
church,1,16,2,12,18,1
indicated,1,0,1,22,6,0
sixth,1,0,1,4,17,0
porter,1,1,0,35,0,0
gates,5,2,1,17,1,0
court,10,9,1,70,6,0
asylum,4,13,0,8,1,0
issued,1,0,2,10,0,0
pacing,1,0,0,8,1,0
impelled,2,0,0,5,2,0
hurry,2,10,11,19,3,0
drenched,1,1,2,2,0,0
poured,5,5,1,28,1,0
comfortless,1,0,0,0,0,0
bodily,4,0,4,4,41,0
load,3,1,7,5,0,0
weighed,6,2,2,7,2,0
palpitated,1,0,0,1,0,0
hurried,7,12,1,12,1,0
daring,1,1,2,12,2,0
lonely,2,9,4,1,0,0
doth,2,0,0,0,1,0
dread,7,21,0,17,2,0
turns,2,6,1,8,11,0
knows,6,30,6,87,40,0
fiend,35,2,1,1,0,0
coleridge,1,0,0,0,3,0
continuing,2,0,0,8,4,0
opposite,7,10,3,66,67,0
diligences,1,0,0,1,0,0
carriages,1,2,1,26,0,0
stopped,3,43,17,123,1,0
minutes,8,39,2,138,1,0
coach,1,12,2,18,0,0
coming,3,117,16,85,18,1
standing,3,10,16,63,11,1
seeing,8,36,6,108,32,0
sprung,2,0,1,8,2,1
glad,5,36,9,23,6,0
alighting,1,0,0,3,0,0
equal,5,9,1,31,30,2
recollection,10,2,2,27,8,0
grasped,4,2,2,16,0,0
serene,7,0,0,5,0,0
cordial,1,0,1,5,1,0
walked,16,16,9,39,1,0
college,3,0,2,4,0,0
permitted,5,3,1,20,10,0
comprised,1,0,0,0,0,0
incredulous,2,0,0,7,3,0
unwearied,1,0,0,0,2,0
dutch,1,0,0,1,0,0
schoolmaster,1,0,0,1,1,0
vicar,1,0,0,0,1,0
wakefield,1,0,0,0,0,0
florins,1,0,0,1,0,0
greek,2,1,0,52,113,0
eat,4,27,8,48,8,0
heartily,1,2,6,1,1,0
dislike,2,0,0,12,5,0
undertake,4,2,0,11,2,0
tell,11,195,61,473,101,0
seldom,6,1,0,15,6,0
stopping,1,2,2,16,0,0
gazing,4,1,0,17,1,0
guessed,2,3,1,37,1,0
right,11,99,72,241,199,3
lately,3,10,1,11,3,0
sincerely,8,1,0,5,0,0
employments,1,0,0,0,7,0
excessively,1,0,0,2,0,0
allude,3,0,0,10,1,0
pace,2,5,6,11,1,2
reflected,15,2,0,33,10,0
shiver,1,2,9,1,0,0
dreaded,5,8,0,9,1,0
entreating,2,0,0,3,0,0
bottom,4,3,14,29,1,0
stairs,1,8,3,47,0,0
darted,5,0,0,14,0,0
lock,1,24,3,21,0,0
shivering,1,3,2,3,0,0
forcibly,3,3,0,4,1,0
spectre,3,0,0,11,0,4
stand,2,15,23,26,17,2
waiting,2,29,10,84,3,0
fearfully,2,1,0,7,0,0
empty,2,27,10,38,4,0
bedroom,1,5,0,28,0,0
clapped,2,0,3,4,0,0
ascended,4,4,0,23,4,0
servant,8,4,3,121,19,0
breakfast,5,26,7,59,0,0
contain,1,4,1,12,7,1
flesh,4,14,1,6,7,1
tingle,1,3,0,0,0,0
excess,9,1,0,4,20,0
sensitiveness,2,0,0,0,0,0
jumped,1,16,6,8,1,0
chairs,1,3,0,10,1,0
laughed,1,15,5,13,5,0
aloud,6,1,10,24,2,0
arrival,8,11,4,56,2,0
loud,6,11,13,32,2,1
unrestrained,2,0,0,1,0,0
heartless,2,1,0,3,0,0
frightened,3,14,7,9,1,0
astonished,3,3,0,49,2,0
cried,15,33,103,340,0,0
laugh,4,28,7,43,12,0
putting,4,21,4,30,6,0
glide,1,0,0,3,0,0
struggled,5,4,1,8,2,0
furiously,1,1,2,5,0,0
anticipated,1,0,0,18,4,0
witness,3,3,2,37,9,0
recover,2,3,5,11,5,0
senses,8,4,2,37,14,1
knowing,4,16,1,38,24,0
unfitness,1,0,1,0,0,0
concealing,2,0,1,3,0,0
extent,4,2,1,14,11,1
disorder,2,1,0,7,10,1
attentive,2,0,0,5,0,0
recovery,3,1,0,2,1,0
harm,1,19,3,11,33,0
kindest,1,0,1,2,0,0
action,5,22,3,27,44,12
surely,12,22,3,28,48,0
unbounded,3,0,0,4,0,0
raved,1,2,0,0,0,0
wanderings,3,0,2,0,0,0
pertinacity,1,0,0,1,0,0
recurred,3,0,0,6,0,0
origin,4,1,0,9,35,0
frequent,3,4,1,4,1,0
relapses,1,1,0,0,0,0
observing,3,2,4,12,3,0
objects,12,0,0,20,48,0
buds,1,0,0,0,0,0
shooting,1,0,3,8,3,0
trees,20,24,45,70,4,0
shaded,2,0,0,5,0,0
contributed,2,0,2,3,1,0
convalescence,3,0,0,0,0,0
sentiments,4,1,0,10,10,0
revive,4,0,1,10,2,0
bosom,9,5,3,23,3,0
cheerful,12,15,1,11,0,0
attacked,2,5,3,19,2,0
consumed,4,1,0,5,0,1
sick,3,13,13,9,9,0
repay,2,0,0,7,2,0
remorse,15,1,0,24,1,0
forgive,4,23,2,33,4,0
discompose,1,0,0,0,0,0
get,3,172,80,101,54,1
dared,19,11,8,19,0,0
mention,4,4,3,32,21,1
agitates,2,0,0,0,0,0
handwriting,2,0,0,2,0,0
deserving,3,0,0,2,2,1
lying,3,24,15,17,16,0
reassure,2,0,0,5,0,0
pen,1,4,3,40,2,0
line,3,16,15,36,13,1
persuasions,2,0,0,0,0,0
encountering,2,0,0,1,0,0
inconveniences,1,0,0,0,0,0
regretted,1,0,1,9,0,0
devolved,1,0,0,0,0,0
mercenary,1,0,0,1,2,0
guess,3,19,5,23,6,0
minister,1,1,0,74,3,0
writes,1,1,0,4,1,0
getting,1,38,7,21,15,0
confirm,2,0,0,7,0,0
intelligence,3,1,1,27,25,0
dearly,3,1,0,2,0,0
vigorous,1,1,0,6,0,0
asks,1,5,0,7,17,0
cloud,9,11,7,28,0,0
ernest,13,0,0,0,0,0
sixteen,1,0,0,9,0,0
activity,3,0,0,9,0,2
elder,2,0,0,15,12,0
returns,2,2,0,4,7,0
military,1,0,0,11,33,0
career,3,1,0,19,2,0
odious,4,0,1,5,0,0
fetter,1,0,0,0,0,0
climbing,1,1,3,2,0,0
rowing,2,1,2,1,0,0
idler,1,0,0,0,0,0
alteration,5,0,1,3,0,0
growth,2,2,1,5,20,0
clad,1,5,0,4,0,0
placid,6,1,0,0,0,0
hearts,4,16,4,20,8,0
amuse,2,1,0,10,0,0
rewarded,2,0,0,3,3,0
exertions,5,2,0,3,0,0
household,1,4,0,8,3,0
justine,55,0,0,0,0,0
moritz,7,0,0,0,0,0
probably,5,9,2,52,43,0
madame,4,1,0,767,0,0
widow,2,1,0,10,0,0
perversity,1,0,0,1,0,0
treated,1,9,2,15,12,0
aunt,9,0,0,2,0,0
twelve,1,6,3,66,2,0
republican,1,0,0,1,0,0
institutions,1,0,0,3,14,0
prevail,2,2,0,0,17,0
monarchies,1,0,0,0,0,1
hence,1,1,1,6,29,4
classes,1,2,0,2,44,21
inhabitants,11,0,0,10,10,0
lower,6,14,9,27,43,2
orders,1,2,11,94,7,1
despised,2,0,3,6,4,0
include,1,0,0,2,11,0
ignorance,4,5,0,12,45,0
recollect,4,1,0,50,1,0
remarked,2,5,2,24,8,0
humour,2,5,1,0,5,0
dissipate,6,0,0,1,0,0
reason,13,28,6,120,200,2
ariosto,1,0,0,1,0,0
angelica,1,0,0,1,0,0
frank,1,2,0,4,0,0
hearted,1,5,3,7,0,0
induced,7,0,0,10,9,0
superior,10,2,0,23,20,1
fully,3,12,0,35,6,1
repaid,2,0,0,6,1,0
grateful,3,12,1,21,1,0
professions,1,0,0,3,1,0
protectress,1,0,0,0,0,0
gay,7,4,1,10,0,0
respects,2,1,1,8,12,1
inconsiderate,1,0,0,1,0,0
gesture,2,8,0,29,3,0
model,1,0,0,7,10,2
excellence,2,0,0,1,26,0
imitate,3,2,0,4,32,0
phraseology,1,0,0,2,2,0
reminds,2,0,0,4,1,0
trials,1,0,1,6,4,0
childless,1,0,0,0,0,0
conscience,6,4,3,36,3,2
troubled,7,5,1,3,1,0
deaths,3,0,0,6,1,0
favourites,1,0,1,0,1,0
judgement,1,0,0,0,2,0
chastise,1,0,0,0,1,0
partiality,2,0,0,0,0,0
roman,1,1,0,43,16,1
catholic,1,0,0,0,5,1
confessor,2,0,0,7,0,0
confirmed,7,1,0,14,4,0
repentant,1,0,0,0,0,0
wept,16,3,0,9,2,0
altered,6,0,0,13,5,0
softness,1,5,0,0,6,0
winning,1,4,0,4,1,0
vivacity,3,2,0,2,0,0
gaiety,3,5,0,0,1,0
vacillating,1,0,0,1,0,0
repentance,2,0,0,4,0,0
begged,1,0,3,21,1,0
unkindness,1,0,0,0,0,0
oftener,1,0,0,1,4,0
accused,7,1,2,26,4,0
fretting,1,1,0,0,0,0
irritability,1,0,0,2,1,0
clever,1,17,3,12,8,0
extremely,4,1,1,14,4,0
darling,5,11,0,4,0,0
william,25,0,0,1,0,0
tall,3,14,19,21,2,0
laughing,2,1,2,43,7,0
eyelashes,1,1,0,2,0,0
curling,2,0,0,0,0,0
dimples,1,0,0,0,0,0
rosy,1,4,0,1,0,0
wives,1,2,0,1,21,3
louisa,1,0,0,0,0,0
biron,1,0,0,0,0,0
gossip,1,0,0,2,0,0
miss,1,60,3,2,1,0
mansfield,1,0,0,0,0,0
congratulatory,2,0,0,0,0,0
visits,4,3,1,12,0,0
approaching,3,2,4,39,1,1
john,1,76,84,4,4,0
melbourne,1,0,0,0,0,0
esq,1,0,0,0,0,0
manon,1,0,0,0,0,0
duvillard,1,0,0,0,0,0
rich,3,3,4,126,63,0
banker,1,0,1,100,0,0
autumn,5,6,1,3,0,0
schoolfellow,1,0,0,1,0,0
louis,1,0,2,102,0,0
manoir,2,0,0,0,0,0
reported,1,10,0,8,2,0
lively,8,3,2,8,3,0
frenchwoman,1,0,0,0,0,0
tavernier,1,0,0,0,0,0
older,3,0,1,5,8,0
admired,3,0,0,10,4,0
everybody,3,4,2,24,12,0
conclude,1,0,0,1,3,0
entreat,6,2,0,31,1,0
relieve,9,3,1,0,2,0
fatigued,2,0,0,9,0,0
introduce,1,0,0,20,9,5
underwent,1,1,0,5,1,0
usage,1,0,2,0,0,0
wounds,3,12,1,13,2,0
antipathy,1,0,0,3,0,0
instrument,8,0,1,12,15,1
apparatus,3,0,0,0,2,0
previously,3,1,0,19,3,1
cares,5,1,0,6,9,0
avail,3,3,0,5,2,0
inflicted,3,0,0,2,2,0
torture,12,5,4,16,1,0
praised,1,1,0,4,6,0
sciences,1,0,0,7,53,0
disliked,1,0,0,5,1,0
guessing,1,0,1,2,0,0
meant,1,23,15,22,23,2
please,2,21,16,96,20,0
carefully,3,19,2,58,3,0
used,3,44,9,61,26,0
cruel,3,5,3,14,5,0
writhed,2,1,1,0,0,0
pain,19,40,5,24,64,1
discerning,1,0,0,1,2,0
declined,6,0,0,3,2,0
alleging,2,0,0,2,0,0
excuse,1,6,5,82,6,0
total,1,0,1,6,0,3
thanked,4,10,1,10,0,0
mixture,4,3,0,11,6,0
impress,2,1,0,3,5,0
docile,2,0,0,2,0,0
harsh,7,4,0,8,4,0
blunt,2,1,2,1,0,0
encomiums,1,0,0,0,1,0
approbation,2,0,0,12,0,0
n,1,1,59,30,0,0
outstript,1,0,0,0,0,0
ay,4,7,0,1,0,0
stare,1,3,2,1,0,0
nevertheless,1,1,0,27,9,1
youngster,1,0,0,0,0,0
firmly,3,3,0,11,4,0
gospel,1,0,0,1,1,2
pulled,1,17,14,9,0,0
modest,1,1,0,7,1,0
diffident,1,0,0,0,0,0
wears,1,0,0,2,2,0
eulogy,1,0,0,0,0,0
happily,2,2,0,16,3,0
annoying,1,1,0,5,0,0
sympathised,5,0,0,0,0,0
literary,1,0,0,2,4,2
differed,2,0,0,1,0,0
design,6,1,1,13,11,0
oriental,1,1,1,9,1,0
field,6,5,3,12,0,0
inglorious,1,0,0,0,0,0
toward,3,1,0,25,0,0
east,2,32,22,25,4,2
affording,3,1,0,2,1,0
persian,2,0,0,0,3,0
arabic,2,0,0,9,0,0
sanskrit,1,0,0,0,0,0
hated,6,3,2,5,8,0
relief,4,13,2,9,0,0
pupil,1,1,0,3,6,0
instruction,3,2,1,1,6,0
orientalists,1,0,0,1,0,0
critical,1,0,0,1,1,4
dialects,1,0,0,0,0,0
contemplate,4,2,0,3,7,0
temporary,2,0,0,7,2,0
meaning,3,10,4,51,72,2
soothing,4,2,0,0,7,0
writings,1,0,0,0,27,2
consist,1,0,0,0,4,0
roses,1,3,0,7,1,0
frowns,1,0,0,1,0,0
consumes,1,0,0,0,0,0
manly,1,2,0,6,4,0
heroical,1,0,0,0,0,0
poetry,2,0,0,5,80,0
rome,1,1,0,122,4,1
roads,2,2,0,5,0,0
impassable,1,0,0,3,0,0
retarded,1,0,0,1,0,0
delay,8,16,4,39,0,0
unwillingness,1,0,0,1,2,0
uncommonly,1,1,0,1,0,0
compensated,2,0,0,0,0,0
dilatoriness,1,0,0,0,0,0
daily,8,5,2,11,5,4
proposed,1,1,0,36,6,1
pedestrian,1,0,0,1,0,0
environs,5,0,0,3,0,0
bid,2,2,2,7,2,0
personal,2,12,0,26,8,7
acceded,1,0,0,1,0,0
proposition,2,0,0,11,5,0
ramble,2,0,0,1,0,0
perambulations,1,0,0,0,0,0
additional,4,2,0,5,4,0
salubrious,1,0,0,0,0,0
intercourse,6,0,0,5,6,1
unsocial,1,0,0,0,0,0
elevate,1,0,0,1,7,0
level,1,9,1,11,19,2
selfish,4,11,0,13,0,1
cramped,1,0,0,4,0,0
narrowed,1,0,0,0,0,0
delightful,4,3,2,21,3,0
verdant,2,0,0,1,0,0
ecstasy,6,1,0,2,1,0
flowers,5,27,2,43,0,1
hedges,1,0,1,2,0,0
bud,2,0,0,0,0,0
undisturbed,3,0,0,3,0,0
pressed,10,14,0,58,0,0
notwithstanding,6,2,0,31,4,0
throw,4,12,1,32,9,0
burden,4,4,0,8,3,1
rejoiced,3,10,0,5,1,0
resources,2,0,0,13,4,0
truly,5,9,1,36,69,0
imitation,2,1,1,1,48,0
invented,1,3,0,9,8,2
tales,2,2,1,8,21,0
times,11,57,8,113,91,4
repeated,3,6,10,97,14,0
poems,1,0,0,1,9,0
ingenuity,1,0,0,0,3,0
sunday,1,2,1,13,0,0
afternoon,2,19,11,10,0,0
peasants,6,5,0,16,2,3
dancing,1,0,4,6,0,0
bounded,3,1,1,13,0,0
unbridled,1,0,0,0,0,0
hilarity,2,0,0,3,0,0
waited,8,29,1,54,0,0
impatiently,1,1,1,16,2,0
tempted,4,1,0,8,2,0
welcome,7,11,2,22,2,1
callous,1,2,1,0,0,1
griefs,1,0,0,6,0,0
inflict,3,1,0,3,3,0
news,6,20,13,57,3,0
skims,1,0,0,0,0,0
horrible,15,25,5,32,1,0
tidings,2,1,0,7,0,0
murdered,20,2,0,21,2,0
simply,1,46,1,36,11,0
transaction,1,4,0,3,1,0
thursday,1,1,0,1,0,0
niece,3,0,0,1,0,0
plainpalais,3,0,0,0,0,0
prolonged,2,5,1,4,1,0
farther,3,1,8,26,1,0
dusk,1,3,3,0,0,0
rested,6,7,0,21,1,0
enquired,2,0,0,0,0,0
run,2,28,35,35,24,0
hide,7,8,2,9,0,0
vainly,4,0,0,11,4,0
conjectured,7,0,0,0,0,0
torches,1,0,0,8,1,0
exposed,4,3,7,12,2,1
dews,2,0,0,3,0,0
anguish,24,4,0,25,0,0
grass,5,7,3,11,0,0
print,2,1,5,0,0,0
murder,22,7,3,29,4,0
finger,2,13,2,33,20,0
neck,9,32,13,24,1,0
conveyed,5,2,0,21,4,0
betrayed,2,2,1,22,2,0
prevent,5,7,1,49,14,0
persisted,1,0,0,6,0,0
hastily,5,0,1,48,0,0
examined,6,7,0,41,1,0
clasping,2,0,0,17,0,0
weep,11,1,1,10,0,0
sigh,1,9,1,40,0,0
teased,1,0,0,0,0,0
wear,1,5,2,13,3,0
miniature,2,1,0,0,0,0
temptation,3,1,0,2,5,0
murderer,27,0,1,16,2,0
deed,5,1,1,17,10,0
trace,9,13,2,17,11,1
unremitted,1,0,0,0,0,0
weeps,1,1,0,1,0,0
accuses,1,0,0,0,0,0
unjustly,2,0,0,1,5,0
pierce,1,1,0,10,0,0
motive,2,4,0,19,9,0
youngest,1,0,1,1,1,0
brooding,1,5,0,2,0,0
vengeance,21,1,2,38,1,0
assassin,2,0,0,31,0,0
heal,1,1,0,0,1,0
festering,1,0,0,0,1,0
minds,5,5,5,16,49,0
hatred,14,0,0,32,4,1
enemies,7,4,3,36,60,3
alphonse,1,0,0,0,0,0
receiving,4,0,1,15,17,0
motioned,1,16,2,14,0,0
extremest,2,0,1,0,0,0
gushed,2,1,0,1,0,0
offer,4,2,4,68,18,1
horses,3,56,7,128,13,0
sleeps,1,12,0,3,0,0
joyous,3,0,0,10,0,0
untimely,2,0,0,0,0,0
loss,4,8,0,25,11,1
radiant,3,2,1,7,1,0
innocence,18,0,1,17,4,1
mourn,3,1,0,3,0,0
pang,2,2,1,5,1,0
sod,1,0,0,0,0,0
covers,1,1,0,4,0,0
reserve,2,0,1,8,2,0
survivors,2,0,2,1,0,0
cabriolet,1,0,0,15,0,0
bade,4,4,3,14,3,0
sorrowing,1,3,0,0,2,0
slackened,1,0,0,0,0,0
crowded,2,2,0,5,2,1
desolating,1,0,0,0,0,0
alterations,1,0,0,1,0,0
tranquilly,1,0,0,2,0,0
decisive,2,0,0,2,1,1
advance,2,6,3,26,9,3
dreading,1,0,0,2,0,0
nameless,1,0,0,0,3,0
define,1,0,0,0,8,0
lausanne,1,0,0,0,0,0
waters,11,7,3,9,4,0
snowy,7,5,0,0,0,0
palaces,2,0,0,9,0,0
narrower,1,0,1,1,2,0
approached,19,1,2,89,0,0
mont,12,0,0,3,0,0
blanc,8,0,0,6,0,0
summits,5,0,1,0,0,0
prognosticate,1,0,0,0,0,0
unhappiness,4,0,0,4,3,0
tedious,4,0,0,8,3,0
preliminary,1,1,0,3,4,0
comparative,1,2,1,0,8,0
beholding,3,0,0,4,2,0
thy,18,0,0,20,1,0
streams,3,2,0,2,0,0
gloomily,1,0,0,0,0,0
foresaw,1,0,0,2,4,0
obscurely,1,0,0,1,0,0
prophesied,1,0,0,1,0,0
hundredth,1,0,0,4,0,0
secheron,1,0,0,0,0,0
spot,20,10,27,90,12,0
cross,3,17,10,34,1,0
lightning,4,4,0,21,1,0
figures,1,12,0,13,22,0
landing,2,1,4,30,0,0
hill,2,14,34,9,3,0
clouded,4,1,0,7,0,0
drops,5,4,0,34,1,0
terrific,7,1,0,2,0,0
crash,1,5,0,2,0,0
echoed,2,1,4,2,1,0
sal,4,0,0,0,0,0
ve,4,16,75,2,0,0
juras,1,0,0,0,0,0
alps,5,0,0,1,0,0
savoy,1,0,0,0,0,0
flashes,2,0,2,1,0,0
dazzled,1,0,0,12,5,0
illuminating,1,0,0,0,0,0
sheet,1,7,3,20,0,0
pitchy,1,0,0,0,0,0
flash,3,5,3,13,0,0
switzerland,10,2,0,3,0,1
hung,6,5,20,49,1,0
exactly,3,16,6,48,36,0
lies,4,22,7,4,9,1
promontory,4,0,1,2,0,0
cop,1,0,0,0,0,0
t,1,251,237,108,9,1
faint,2,17,7,29,9,0
darkened,3,0,1,6,4,0
disclosed,2,0,1,5,0,1
le,1,1,0,21,0,0
peaked,1,0,1,0,0,0
wandered,14,0,2,7,0,0
hasty,2,1,0,11,1,0
war,2,5,5,25,102,4
elevated,6,0,0,9,3,0
clasped,1,4,1,21,0,0
funeral,4,11,3,16,2,0
dirge,1,0,0,0,0,0
stole,4,8,3,5,0,0
clump,1,2,1,11,0,0
intently,2,7,0,7,0,0
illuminated,2,0,0,9,0,0
deformity,8,0,0,1,6,0
belongs,1,2,0,15,10,1
shuddered,5,7,0,40,0,0
lean,2,2,0,6,3,0
mere,3,10,7,32,44,8
devil,10,15,9,35,0,0
rocks,3,9,6,33,1,0
perpendicular,2,0,0,0,1,0
ascent,3,0,1,1,8,0
south,6,22,21,30,0,0
impenetrable,3,0,0,4,0,0
bedside,1,4,0,3,0,0
depraved,2,0,0,1,1,0
carnage,1,0,0,0,0,0
inconvenience,1,0,0,8,0,0
cast,12,3,5,77,16,1
endowed,4,0,0,6,0,0
vampire,1,28,0,9,0,0
precipices,7,1,1,0,0,0
inaccessible,4,1,0,1,0,0
dated,3,2,0,5,0,0
delirium,6,1,0,13,0,0
improbable,1,0,0,3,0,0
ravings,4,4,0,0,0,0
insanity,3,2,0,5,3,0
elude,1,1,0,1,0,0
credited,1,0,0,3,0,0
relatives,2,4,0,1,6,0
arrest,1,1,0,33,0,0
scaling,1,0,0,2,0,0
overhanging,1,0,1,2,0,0
servants,5,10,3,70,13,0
rising,8,10,5,47,7,4
indelible,2,0,0,3,1,0
venerable,4,0,0,3,0,1
parent,2,0,0,5,24,1
mantel,1,0,0,0,0,0
piece,3,11,18,65,11,1
historical,1,1,0,2,9,16
painted,4,2,2,11,2,1
represented,1,0,0,6,18,1
kneeling,1,8,2,7,0,0
garb,2,1,0,10,0,0
sentiment,4,0,0,14,10,1
flowed,4,0,2,6,0,0
alleviate,1,0,0,6,0,0
sinking,2,6,0,10,0,0
cease,7,3,3,15,11,2
accusations,1,0,0,1,3,0
crept,7,4,4,3,1,0
desolated,2,0,0,0,0,0
minutely,2,1,0,2,1,0
named,1,3,3,51,3,0
requires,5,0,0,13,10,3
overtake,1,0,0,10,1,1
winds,8,1,2,3,4,0
confine,2,2,0,5,2,0
completes,1,0,0,1,0,0
appalling,5,3,0,3,1,0
wrongfully,1,0,0,0,0,0
confused,5,2,0,9,12,0
today,2,0,4,89,1,1
happening,1,3,0,1,2,0
apparel,2,0,0,1,2,0
pocket,4,13,13,104,0,0
judged,3,0,4,1,6,0
magistrate,13,0,2,64,0,0
deposition,3,0,0,4,0,0
apprehended,1,0,0,1,2,0
charged,3,0,1,20,3,0
suspicion,4,9,1,21,3,1
shake,4,1,3,16,0,0
faith,2,14,4,17,15,0
earnestly,6,2,1,15,3,0
mournful,5,1,0,20,0,0
greeting,1,1,0,1,0,0
topic,1,2,0,5,0,0
papa,3,0,0,0,0,0
says,1,44,74,45,76,0
unfortunately,3,0,0,31,3,0
depravity,1,0,0,0,0,0
ungratitude,1,0,0,0,0,0
valued,3,0,0,3,3,0
forbid,2,1,0,5,8,0
speech,8,5,3,16,20,1
calmed,4,2,0,5,0,0
guiltless,5,0,0,0,0,0
circumstantial,2,0,0,5,0,0
convict,1,0,0,1,2,0
publicly,2,0,0,5,0,0
astounding,1,0,0,1,0,0
vulgar,1,1,0,6,8,0
exist,6,1,0,19,18,2
monument,1,0,0,7,1,0
rash,2,0,0,4,0,0
candour,2,0,0,0,0,0
allied,1,1,0,4,4,0
intellect,4,1,0,3,16,0
justify,1,0,0,6,0,0
convicted,1,0,0,4,0,0
rely,4,0,2,29,1,0
doubly,1,1,2,1,0,0
torn,5,9,2,14,0,3
condemned,11,0,0,32,8,0
sure,3,47,73,148,38,0
proved,6,10,9,37,11,1
cheered,2,1,1,2,1,0
assurance,1,4,2,20,2,0
acquittal,1,0,0,0,0,0
else,2,30,12,70,65,1
guilt,10,3,0,12,5,0
prejudiced,2,1,1,2,0,0
deadly,6,10,5,21,0,0
hopeless,3,1,1,3,1,0
dry,8,10,7,15,1,0
slightest,3,2,3,35,0,0
shadow,8,17,15,48,24,0
eleven,1,2,0,28,0,0
trial,10,3,2,34,12,1
mockery,6,1,0,2,1,0
lawless,1,0,0,0,9,0
devices,1,0,0,1,1,0
smiling,3,2,4,90,1,0
babe,1,0,0,1,0,0
aggravation,1,0,0,0,0,0
infamy,1,1,0,6,3,0
merit,1,0,0,23,4,0
qualities,6,5,1,6,62,0
ignominious,1,0,0,1,0,0
confessed,6,1,1,5,0,0
declaration,1,0,0,10,1,0
exculpated,1,0,0,0,0,0
dressed,5,6,2,67,0,0
engaging,2,0,0,0,3,0
solemnity,4,3,1,9,0,0
exquisitely,1,1,0,5,0,0
confident,1,1,0,3,4,0
execrated,1,0,0,1,0,0
thousands,3,8,1,7,2,0
spectators,1,0,0,22,3,0
enormity,2,0,0,0,1,0
constrained,1,1,0,5,2,0
adduced,2,1,0,0,0,0
sorrowful,7,4,0,11,1,0
attest,1,0,0,0,0,0
guiltlessness,1,0,0,0,0,0
advocate,1,0,0,1,1,0
stated,1,0,0,15,1,0
staggered,1,3,1,14,0,0
market,2,1,0,7,10,7
unintelligible,1,0,1,4,2,0
demanded,4,0,0,33,2,0
shown,4,9,4,20,32,0
hysterics,1,3,0,1,0,0
faltering,1,0,0,3,2,0
missed,1,4,3,7,1,0
murmur,3,1,2,9,2,0
indignation,7,1,1,6,5,1
defence,3,0,3,9,16,0
plead,1,0,0,9,1,1
audible,2,0,3,6,0,0
variable,1,0,1,0,5,0
pretend,3,4,0,8,2,1
protestations,1,0,1,3,0,0
acquit,1,0,0,0,1,0
borne,6,2,0,4,3,0
incline,1,1,1,2,1,0
judges,6,0,0,12,16,0
interpretation,2,0,0,1,9,1
doubtful,1,2,2,10,5,0
suspicious,1,6,1,7,2,0
ch,1,0,1,206,0,0
ne,2,0,0,12,0,0
nine,1,14,8,41,3,2
barn,2,0,1,0,0,0
cottage,51,0,1,1,0,0
bewildered,4,6,3,14,2,0
questioned,1,1,0,21,1,0
surprising,2,0,3,4,6,0
fatally,1,0,1,0,0,0
weighs,1,1,0,1,0,0
explaining,1,2,1,5,4,0
conjecture,4,1,0,2,5,0
probabilities,1,0,0,3,2,0
wicked,2,4,3,19,16,0
wantonly,2,0,0,0,0,0
stolen,1,4,1,9,0,0
jewel,1,0,0,9,0,0
beg,2,4,0,57,9,0
testimony,1,0,0,3,3,0
overweigh,1,0,0,0,0,0
pledge,1,2,1,7,0,0
salvation,1,3,0,4,10,0
timorous,1,0,0,1,0,0
dispositions,7,0,0,0,2,0
irreproachable,1,0,0,6,0,0
violently,6,0,1,27,2,1
address,3,8,0,45,4,0
indecent,1,0,0,0,0,0
pretended,1,2,2,15,1,0
warmly,1,4,2,7,0,0
acted,4,1,1,18,2,0
hesitate,1,4,1,8,4,0
perfect,5,4,4,60,71,1
bauble,1,1,0,0,0,0
chief,5,2,1,59,14,1
rests,3,1,0,1,5,1
willingly,4,2,1,14,4,0
appeal,1,3,3,14,10,3
interference,1,4,1,3,3,0
charging,1,0,1,0,0,0
blackest,1,1,0,0,0,0
ingratitude,3,0,0,1,0,0
hellish,7,4,0,0,0,0
sport,3,0,1,5,3,0
ignominy,4,0,0,0,0,0
popular,1,2,0,9,18,0
tortures,5,0,0,10,1,0
fangs,1,0,0,0,0,0
tore,5,4,2,12,0,0
forgo,1,0,0,0,0,0
unmingled,3,0,0,0,1,0
throat,3,43,6,22,1,0
parched,4,1,0,4,0,0
officer,1,0,5,58,1,0
ballots,1,0,0,0,0,0
expressions,2,1,1,3,6,0
sickening,4,0,1,1,0,0
glaring,1,0,0,3,0,1
condemn,2,2,0,5,4,0
criminal,8,9,0,23,5,0
unexpected,2,4,0,37,0,0
mad,7,29,3,67,9,0
suspicions,1,3,4,16,2,0
dire,1,1,0,1,1,0
relied,3,0,0,3,0,0
firmness,4,0,0,10,1,0
goodness,4,7,1,17,19,0
esteemed,2,0,0,5,5,0
betray,2,5,0,11,1,0
severity,3,0,0,6,4,0
guile,1,0,0,0,0,0
decide,4,6,1,8,6,0
refuse,8,8,1,40,20,0
prison,13,3,1,75,7,1
sitting,1,33,15,44,9,0
manacled,1,1,0,1,0,0
knees,2,23,13,45,5,0
rob,3,1,0,8,1,0
join,8,8,5,24,11,1
crush,4,2,0,12,0,0
suffocated,2,0,0,6,0,0
sobs,1,5,0,11,0,0
rise,10,15,8,34,13,3
kneel,2,0,0,0,1,0
declared,3,1,4,23,1,0
report,2,19,8,40,5,0
confession,1,0,1,14,3,0
lie,5,23,16,36,49,0
absolution,1,0,0,0,1,0
falsehood,3,0,0,2,29,0
heavier,1,1,1,0,2,0
sins,2,0,0,3,6,0
besieged,1,0,0,0,0,0
threatened,5,1,2,11,1,1
excommunication,1,0,0,0,0,0
obdurate,1,0,0,0,0,0
perdition,1,0,0,1,0,0
subscribed,1,0,0,0,0,0
blessed,6,12,13,13,15,0
honoured,1,3,0,0,15,1
perpetrated,1,0,0,1,1,0
consoles,2,0,0,0,0,0
distrusted,1,0,0,1,0,0
proclaim,2,0,0,4,2,0
prove,7,11,5,43,24,1
melt,1,3,0,1,1,0
stony,2,2,2,0,0,0
prayers,1,2,4,24,5,0
playfellow,1,0,0,0,0,0
scaffold,3,0,0,25,0,0
survive,5,2,0,1,2,0
shook,1,30,13,29,0,0
mournfully,2,0,0,5,0,0
past,14,35,12,141,26,9
raises,1,0,0,0,1,0
bitter,16,21,2,38,1,2
resigned,2,0,0,15,0,0
awaiting,1,0,0,23,2,0
submit,1,2,1,12,6,0
corner,3,22,23,77,3,2
talk,3,36,26,57,6,1
awful,3,31,1,7,1,0
boundary,5,0,0,2,0,0
gnashed,3,0,0,0,0,0
uttering,2,0,0,26,1,0
inmost,1,0,0,4,1,0
sincerest,1,0,0,0,0,0
removes,1,0,0,0,0,0
acknowledged,1,0,0,17,19,1
sufferer,2,1,0,12,1,0
comfort,6,36,2,9,1,0
resignation,2,1,0,13,1,0
hides,1,0,0,0,2,0
tarnish,1,0,0,2,0,0
core,1,1,0,1,0,1
extinguish,7,0,0,4,2,0
stayed,2,4,4,9,0,0
cheerfulness,4,5,0,2,0,0
repressed,1,0,0,5,2,0
suppressed,1,1,0,1,3,0
bounty,1,0,0,0,0,0
rending,1,0,0,0,0,0
move,9,27,9,27,14,0
criminality,1,0,0,0,0,0
indignant,2,0,0,2,7,0
appeals,1,0,0,0,3,0
answers,1,1,1,10,25,0
unfeeling,3,0,0,2,0,0
purposed,1,0,0,0,0,0
avowal,1,0,0,7,0,0
revoke,1,0,0,1,0,0
sentence,5,1,0,12,4,1
perished,2,0,3,10,5,1
murderess,1,0,0,0,0,0
voiceless,1,0,0,1,0,0
woe,6,6,0,11,1,0
thrice,1,0,0,11,9,0
accursed,4,1,1,13,1,0
ye,5,31,5,2,3,0
ones,1,10,2,18,30,6
wail,1,7,0,0,0,0
lamentations,1,0,0,4,2,0
kinsman,1,0,0,1,1,0
vital,1,6,0,2,1,0
drop,3,5,5,21,4,0
sakes,1,0,0,0,3,0
mirrored,1,0,0,0,0,0
fill,5,5,3,14,14,0
serving,1,0,1,5,2,1
bids,1,0,0,3,7,0
countless,1,1,1,3,1,0
pause,5,30,8,10,2,0
torments,3,0,0,0,1,0
prophetic,2,0,1,0,6,0
graves,2,8,0,4,1,0
hapless,2,0,0,2,0,0
victims,4,1,1,11,5,0
arts,2,0,0,7,92,0
succession,1,0,0,4,12,0
calmness,2,4,0,28,0,0
follows,1,3,0,13,38,0
deprives,1,0,0,1,1,1
freely,1,13,1,14,0,0
remove,3,4,0,21,1,0
deeds,2,5,1,7,10,0
mischief,5,2,2,6,4,0
description,2,5,1,21,24,0
overflowed,3,0,0,2,0,0
virtue,12,1,1,8,154,0
begun,2,14,15,14,4,1
intentions,5,2,0,22,3,0
thirsted,2,0,0,0,0,0
serenity,1,0,0,3,0,0
satisfaction,1,1,0,23,13,1
gather,2,5,1,4,7,0
preyed,4,0,0,1,0,0
complacency,1,0,0,2,0,0
deathlike,1,0,0,2,0,0
perceptible,1,1,0,8,0,0
deduced,1,0,0,0,0,0
inspire,4,0,0,8,4,0
awaken,2,1,0,8,0,0
dispel,2,0,0,4,0,0
brooded,2,0,1,0,0,0
augmenting,1,0,0,0,0,0
immoderate,1,0,0,0,0,0
discharge,1,1,0,7,0,0
society,15,3,0,57,37,70
inapplicable,1,0,0,0,0,0
terror,10,25,14,71,5,0
shutting,2,2,0,6,0,0
impossibility,1,1,0,7,7,0
walls,4,7,2,43,5,1
water,17,60,54,71,24,2
sails,2,11,9,13,1,0
carried,11,22,19,81,30,5
middle,2,3,11,29,30,13
unquiet,1,0,0,0,0,0
restless,4,5,0,7,1,0
bat,1,11,0,0,2,0
frogs,1,0,0,1,1,0
interrupted,6,10,11,42,3,0
croaking,1,0,1,0,0,0
plunge,3,1,3,7,0,0
calamities,1,0,0,0,2,0
surviving,1,0,2,0,1,0
base,6,2,0,14,9,0
desertion,1,0,5,1,0,0
unprotected,2,0,2,1,0,0
malice,7,2,0,3,2,0
revisit,2,0,0,5,0,0
unalterable,1,0,0,3,1,0
lest,6,38,3,23,22,0
perpetrate,1,0,0,0,1,0
wickedness,6,3,2,4,10,0
obscure,8,2,1,8,3,0
signal,2,4,6,35,0,0
efface,1,0,0,2,0,0
abhorrence,6,0,0,0,4,0
inflamed,4,0,0,2,0,0
thoughtlessly,1,0,0,0,0,0
crimes,13,0,3,24,9,0
revenge,24,2,1,29,0,1
pilgrimage,4,0,0,1,5,0
peak,1,3,4,1,1,0
andes,1,0,0,0,0,0
precipitated,1,0,0,0,1,1
wreak,3,0,0,0,0,0
utmost,6,9,0,19,12,0
avenge,1,0,0,13,0,0
desponding,3,0,0,0,0,0
ordinary,2,8,1,21,32,1
tribute,2,0,0,3,1,0
banks,8,3,4,10,0,0
talked,5,9,3,27,2,0
prospects,2,0,3,11,0,0
wean,1,0,0,0,0,0
dimming,1,0,0,0,0,0
quenched,2,0,0,0,0,0
injustice,6,0,0,0,146,0
imaginary,2,0,0,0,17,0
remote,3,1,0,2,6,0
monsters,2,3,1,2,1,0
thirsting,1,0,0,0,1,0
assuredly,4,0,0,14,22,0
jewels,3,0,1,17,0,0
benefactor,3,0,0,15,1,0
unfit,2,0,0,0,3,2
confirms,1,0,0,1,1,0
edge,3,23,5,7,2,0
precipice,2,4,0,1,0,0
crowding,1,1,0,1,1,0
abyss,1,1,0,12,0,0
assassinated,1,0,0,14,0,0
escapes,1,0,0,4,0,0
discourse,3,1,0,4,11,0
kindly,3,12,4,7,3,0
taking,9,34,9,109,31,1
affected,3,6,2,24,19,0
makes,1,19,2,55,75,2
centre,1,6,5,28,7,0
rendering,1,0,0,8,1,0
reap,1,0,0,4,1,0
fondly,2,1,0,5,2,0
prized,1,0,0,0,0,0
suffice,1,1,1,6,1,1
chase,2,1,2,4,1,0
lurked,1,0,0,1,0,0
destroyer,6,0,0,0,0,0
beneficial,2,2,0,1,6,0
wounded,1,4,13,29,6,0
deer,2,1,1,0,0,0
dragging,1,0,0,6,2,0
fainting,1,3,2,9,0,0
untrodden,1,0,0,1,0,0
brake,1,0,0,0,0,0
gaze,1,0,0,35,3,0
arrow,1,1,11,5,0,0
pierced,1,3,1,9,3,0
type,2,7,0,4,13,0
cope,2,3,0,0,1,0
whirlwind,1,0,0,2,0,0
drove,3,19,1,24,0,0
access,2,1,0,6,0,0
bending,1,5,2,9,1,0
valleys,1,3,1,0,0,0
eternity,1,2,1,5,5,0
ephemeral,1,0,0,0,0,0
valley,9,7,0,4,1,0
chamounix,5,0,0,0,0,0
boyhood,2,0,0,0,0,0
nought,3,2,0,0,1,0
enduring,1,1,0,2,1,0
horseback,2,0,0,14,5,0
mule,2,1,0,0,0,0
footed,1,0,0,0,0,0
liable,1,2,0,2,19,0
injury,4,4,0,5,10,0
epoch,2,0,0,2,2,4
sensibly,3,1,0,0,0,0
lightened,1,0,2,0,0,0
plunged,3,2,3,19,2,0
ravine,3,0,0,0,0,0
arve,3,0,0,0,0,0
overhung,3,0,2,3,0,0
raging,1,1,2,0,1,1
dashing,4,3,0,3,0,0
waterfalls,1,0,0,0,0,0
mighty,13,11,6,3,9,0
omnipotence,2,0,0,0,0,0
bend,3,0,1,5,0,0
almighty,1,5,0,8,0,0
displayed,3,4,0,23,2,0
guise,2,0,0,1,0,0
higher,5,3,11,12,93,1
ruined,4,4,2,23,4,1
castles,4,2,0,2,1,1
piny,2,0,0,0,0,0
impetuous,1,0,0,1,1,0
peeping,1,0,0,0,0,0
augmented,4,0,0,4,0,0
shining,2,8,9,6,1,0
pyramids,1,0,0,3,0,1
domes,2,0,0,0,0,0
towered,1,1,0,1,0,0
habitations,2,0,0,1,2,0
bridge,1,4,2,1,0,0
p,1,20,9,18,1,0
lissier,1,0,0,0,0,0
forms,10,11,1,19,63,6
overhangs,2,0,0,0,1,0
picturesque,3,5,0,18,0,0
servox,2,0,0,0,0,0
boundaries,2,0,0,1,0,0
fertile,2,0,0,2,2,0
glaciers,3,0,0,0,0,0
rumbling,1,0,0,2,0,0
falling,2,21,7,29,4,0
avalanche,5,0,0,1,0,0
smoke,1,8,9,22,5,0
surrounding,2,0,0,6,3,0
aiguilles,1,0,0,0,0,0
overlooked,1,0,1,4,1,0
tingling,2,4,0,0,0,0
recognised,2,6,0,0,3,2
reminded,1,4,0,17,6,0
associated,3,0,0,5,6,0
lighthearted,1,0,0,0,0,0
whispered,4,17,2,29,0,0
maternal,1,0,0,10,1,0
fettered,1,0,0,0,0,2
indulging,2,0,0,1,3,0
spurred,1,0,0,1,0,0
striving,1,3,0,11,4,0
fears,10,20,2,22,4,0
desperate,1,10,3,16,0,0
exhaustion,3,2,1,2,0,0
pallid,1,2,0,4,0,0
lightnings,1,0,0,0,0,0
played,6,4,1,29,2,1
rushing,2,11,0,13,1,0
noisy,1,1,0,12,1,0
lulling,1,0,0,0,0,0
lullaby,1,0,0,0,0,0
keen,2,4,0,5,5,0
pillow,1,8,1,6,0,0
giver,1,0,0,0,1,0
roaming,1,1,0,0,0,0
arveiron,1,0,0,0,0,0
glacier,5,0,0,0,0,0
barricade,1,0,0,1,0,0
abrupt,1,0,0,0,0,0
wall,1,32,9,102,21,0
pines,3,0,11,1,0,0
scattered,4,5,2,9,6,2
solemn,8,11,2,21,6,0
glorious,6,3,0,7,11,0
imperial,1,0,0,9,0,0
brawling,1,0,0,0,0,0
waves,14,11,3,31,5,0
cracking,1,3,2,0,0,0
reverberated,1,0,0,0,0,0
accumulated,4,0,0,2,0,2
anon,1,0,0,0,1,0
littleness,1,0,0,0,0,0
subdued,3,1,0,4,1,0
tranquillised,1,0,0,0,0,0
slumbers,1,0,0,0,0,0
ministered,1,0,0,0,0,0
assemblance,1,0,0,0,0,0
congregated,1,0,1,0,0,0
unstained,1,1,0,0,0,0
glittering,3,2,0,7,0,0
pinnacle,1,0,1,0,0,0
pine,1,5,7,7,0,0
woods,12,5,22,2,0,0
ragged,2,1,1,3,0,0
bare,7,6,5,13,1,3
eagle,2,1,0,7,2,0
clouds,13,20,2,18,5,0
inspiriting,1,0,0,0,0,0
pouring,1,2,0,8,1,0
torrents,2,0,0,1,1,0
mists,3,1,0,0,1,0
hid,9,8,3,13,0,0
misty,1,1,0,2,0,1
veil,3,2,1,21,8,1
cloudy,2,1,0,3,0,0
retreats,1,0,0,0,0,0
montanvert,2,0,0,0,0,0
moving,3,19,7,14,10,0
wings,1,12,1,17,6,0
soar,1,0,0,0,1,0
solemnising,1,0,0,0,0,0
causing,1,0,0,1,0,0
precipitous,2,0,0,0,0,0
cut,5,35,45,47,11,2
windings,3,0,0,3,0,0
enable,3,0,0,11,10,0
surmount,2,0,0,1,0,0
perpendicularity,1,0,0,0,0,0
terrifically,1,0,0,0,0,0
desolate,8,4,1,4,2,0
spots,1,0,0,0,0,0
traces,2,6,0,19,7,0
strewed,2,0,0,3,0,0
leaning,5,4,4,40,2,0
jutting,1,1,0,0,0,0
transversely,1,0,0,0,0,0
intersected,1,0,0,0,0,0
ravines,1,0,0,0,0,0
stones,4,6,3,28,9,0
roll,1,5,1,5,2,1
speaking,2,32,13,84,87,0
produces,1,1,0,7,3,2
concussion,1,2,0,0,0,0
speaker,1,0,1,8,11,0
sombre,1,0,0,12,0,0
rivers,5,2,3,1,2,1
wreaths,1,3,0,2,0,0
uniform,3,0,1,23,1,0
impression,3,3,0,28,9,0
sensibilities,1,1,0,0,0,0
apparent,5,5,0,19,7,0
brute,1,7,0,5,4,0
impulses,3,0,0,2,4,0
hunger,12,3,0,27,15,0
moved,14,43,10,40,6,0
blows,3,1,8,10,4,0
poison,3,5,1,56,1,0
wand,1,0,0,0,0,0
ring,1,18,1,41,10,0
pollutes,1,0,0,0,0,0
embrace,1,1,0,12,1,0
er,1,0,0,0,18,0
mutability,1,0,0,0,1,0
noon,4,17,6,6,0,0
rock,10,13,12,57,4,0
overlooks,1,0,1,0,0,0
dissipated,1,1,0,1,0,0
surface,2,2,11,13,5,1
uneven,1,0,0,0,0,0
descending,1,1,0,20,4,0
interspersed,2,0,0,1,1,0
rifts,2,1,0,0,0,0
sink,7,3,2,8,1,3
width,1,1,0,0,0,0
crossing,1,11,1,10,0,0
majesty,2,0,2,52,0,0
recess,3,0,0,3,0,0
stupendous,3,1,0,4,0,0
wound,6,17,5,25,3,0
dependent,2,0,1,2,6,3
peaks,2,2,5,2,0,0
sunlight,1,9,2,3,0,0
swelled,3,1,0,5,0,0
wander,4,1,0,1,2,0
beds,1,2,1,7,9,0
superhuman,1,0,0,7,3,0
crevices,1,2,0,8,0,0
caution,1,4,1,6,3,0
exceed,3,0,0,1,7,0
faintness,1,0,1,1,0,0
seize,5,4,1,7,2,0
gale,1,1,0,2,0,0
abhorred,12,2,0,0,0,0
rage,25,8,1,17,2,0
resolving,4,0,0,3,0,0
combat,2,0,0,7,0,0
bespoke,1,0,0,2,0,0
unearthly,3,0,1,4,0,0
ugliness,2,0,0,0,3,0
overwhelm,2,2,0,3,0,0
furious,2,2,3,10,2,0
detestation,3,0,0,0,2,0
fierce,2,16,2,6,8,0
arm,6,27,18,127,4,0
wreaked,1,0,0,1,0,0
begone,7,1,0,2,1,0
vile,1,2,1,0,3,0
insect,2,0,0,5,0,0
trample,2,0,0,2,1,0
dust,4,29,3,14,2,0
extinction,4,0,0,1,0,2
diabolically,1,1,0,0,0,0
hate,9,11,0,24,10,0
detest,1,0,0,4,1,0
spurn,2,0,0,0,0,0
thou,14,0,0,22,7,0
dissoluble,1,0,0,0,0,0
comply,8,0,0,8,0,0
conditions,1,6,0,9,20,50
glut,2,0,0,0,0,0
maw,1,1,0,0,0,0
satiated,3,0,0,0,0,0
negligently,1,0,0,4,0,0
sprang,4,11,8,44,0,1
eluded,4,0,0,1,0,0
vent,2,1,0,10,0,0
increase,6,2,2,16,17,7
accumulation,2,2,0,0,2,0
defend,2,0,2,15,10,1
hast,1,0,0,6,5,0
thyself,1,0,0,2,0,0
thine,3,0,0,1,1,0
supple,2,0,0,1,0,0
opposition,1,0,0,15,15,7
thee,10,0,0,18,3,0
lord,1,79,2,91,15,1
wilt,1,0,0,1,0,0
owest,1,0,0,0,0,0
equitable,1,0,0,2,0,0
clemency,1,0,0,2,0,0
adam,3,0,0,0,0,0
drivest,1,0,0,0,0,0
misdeed,1,0,0,0,0,0
everywhere,2,5,1,28,14,8
bliss,3,0,0,1,2,0
excluded,2,0,0,2,4,0
virtuous,4,0,0,1,10,1
community,1,1,0,0,43,5
fight,1,16,12,39,20,8
implores,1,0,0,0,0,0
glowed,1,1,2,0,0,0
abhor,5,0,0,0,1,0
caves,5,0,0,9,1,0
grudge,1,0,0,2,1,0
bleak,4,0,0,0,0,0
skies,2,0,0,2,0,0
hail,1,1,2,4,1,0
kinder,1,0,0,1,0,0
recompense,2,0,0,14,0,0
whirlwinds,2,0,0,0,0,0
abandon,2,1,1,13,0,0
commiserate,1,0,0,0,0,0
bloody,1,5,2,3,0,0
accuse,2,0,0,9,2,0
praise,2,2,2,7,27,0
rejoined,1,0,1,8,2,0
shudder,4,17,6,35,1,0
cursed,10,3,7,5,2,0
curse,9,4,1,1,2,0
detested,5,0,0,3,0,0
flung,2,6,1,9,0,0
canst,1,0,0,1,0,0
grant,3,2,1,19,9,0
fitting,1,1,1,5,1,1
hut,5,0,0,5,1,0
descends,2,1,0,0,4,0
illuminate,2,0,0,0,0,0
neighbourhood,6,6,1,0,0,0
harmless,5,3,1,1,2,0
scourge,1,0,0,1,0,0
speedy,1,0,0,5,2,0
confirmation,1,2,0,3,2,0
denial,1,1,0,0,1,0
complained,1,1,2,4,0,0
motives,5,1,0,9,12,0
crossed,3,11,9,27,0,0
descend,5,2,1,20,10,0
heavy,5,53,13,40,10,2
seating,1,0,0,7,0,0
original,2,4,0,13,37,2
era,1,0,0,0,0,0
indistinct,1,0,0,3,2,1
multiplicity,1,0,0,0,4,1
smelt,1,1,3,1,0,0
distinguish,6,3,1,21,21,1
stronger,1,10,4,11,49,1
opening,2,14,1,78,5,0
opaque,1,0,0,1,0,0
impervious,1,0,0,2,0,0
touch,1,22,6,29,15,0
obstacles,1,0,0,4,0,0
either,7,38,20,100,179,4
oppressive,3,3,0,0,0,0
heat,7,6,7,21,11,0
wearying,1,0,0,1,0,0
forest,5,2,1,13,0,0
brook,2,2,0,0,0,0
resting,2,3,1,15,5,0
roused,7,0,0,6,1,0
dormant,1,0,0,1,1,0
berries,6,0,1,0,1,0
slaked,1,0,0,0,0,0
instinctively,1,14,1,13,0,0
insufficient,1,0,0,5,0,1
invade,1,2,0,0,0,0
huge,2,3,4,7,2,0
cloak,3,2,2,25,1,0
innumerable,5,0,1,1,3,0
rang,5,6,6,33,0,0
scents,2,0,0,1,1,0
saluted,2,1,2,10,3,0
orb,2,0,0,0,1,0
lessened,2,1,0,0,2,0
supplied,2,1,3,13,10,0
drink,4,12,19,36,54,0
foliage,2,1,4,10,0,0
throats,1,3,1,2,1,0
winged,1,0,0,1,1,0
animals,4,4,1,12,54,1
intercepted,1,0,1,2,0,0
accuracy,2,3,1,4,5,0
roof,1,2,7,22,3,0
canopied,1,0,0,0,0,0
birds,5,7,13,12,9,1
mode,5,0,0,17,27,8
herb,2,1,0,2,1,0
sparrow,1,3,0,1,0,0
uttered,9,0,2,111,4,0
blackbird,1,0,0,0,0,0
thrush,2,0,0,0,0,0
enticing,1,0,0,0,0,0
beggars,1,0,0,1,3,0
thrust,2,2,1,11,2,0
embers,3,0,4,2,0,0
cry,2,18,21,81,4,0
effects,7,4,0,12,6,3
burn,1,4,3,9,3,0
pained,1,2,1,1,1,0
operation,2,15,0,7,4,0
dried,3,2,2,14,1,0
touching,2,7,4,24,6,0
spreading,1,3,3,4,0,0
uncovered,1,0,3,4,1,0
fanned,2,0,0,0,0,0
flame,1,19,0,14,0,0
fan,1,0,1,5,0,0
offals,1,0,0,0,0,0
travellers,2,2,0,11,1,0
roasted,1,1,0,3,0,0
tasted,2,1,2,13,7,0
savoury,1,0,0,0,0,0
placing,2,5,0,29,5,0
spoiled,1,0,2,3,2,0
nuts,2,1,2,1,0,0
roots,4,1,0,2,2,0
scarce,1,1,12,1,0,1
searching,1,6,0,10,2,0
acorns,2,0,0,0,2,0
assuage,1,0,0,0,0,0
pangs,2,0,0,2,2,0
wants,3,17,1,14,20,3
emigration,1,0,0,1,1,0
exceedingly,2,0,2,10,0,0
lamented,1,0,0,1,0,0
reproduce,1,0,0,0,1,1
relinquish,1,0,0,2,0,0
wrapping,1,1,0,1,0,0
struck,10,33,28,117,8,0
setting,5,5,2,13,6,1
chilled,2,4,1,3,0,0
damp,3,3,1,10,0,0
shepherd,2,0,0,16,14,0
noise,1,7,10,82,2,0
shrieked,3,3,0,4,0,0
loudly,1,5,6,9,1,0
quitting,3,0,0,8,0,0
debilitated,1,0,0,2,0,0
flight,4,0,4,25,0,0
enchanted,2,0,0,9,1,0
pand,1,0,0,0,0,0
monium,1,0,0,0,0,0
mons,1,0,0,0,0,0
devoured,1,0,0,5,0,0
remnants,1,0,0,0,0,1
consisted,4,0,0,22,1,2
bread,4,1,6,33,1,0
cheese,3,1,8,2,3,0
milk,6,3,0,2,1,0
wine,1,7,8,53,14,0
asleep,2,47,2,23,3,0
allured,2,0,0,0,0,0
brightly,1,4,0,0,0,0
recommence,3,0,1,3,0,0
travels,4,2,1,5,0,0
depositing,1,0,0,1,0,0
wallet,1,0,0,1,0,0
sunset,2,45,0,0,0,0
huts,2,0,0,0,0,0
neater,1,0,0,0,0,0
stately,2,2,1,0,1,0
vegetables,3,0,1,4,1,0
gardens,1,3,1,5,0,0
windows,5,20,2,65,0,0
appetite,4,5,1,16,3,0
grievously,1,1,0,0,0,0
bruised,1,2,0,1,2,0
kinds,2,6,0,2,33,0
missile,1,0,1,0,0,0
weapons,1,6,1,12,2,5
hovel,14,0,0,1,0,0
neat,2,0,3,3,0,0
experience,7,29,1,12,68,1
sit,2,23,10,33,8,0
floor,3,23,12,82,0,0
chinks,1,3,0,1,0,0
barbarity,2,0,0,0,0,0
kennel,1,0,0,0,0,0
adjacent,1,1,0,3,0,0
habitation,5,2,0,7,2,0
pig,1,1,3,0,2,0
sty,2,0,0,0,0,0
pool,2,4,2,1,1,0
crevice,2,0,0,1,0,0
arranged,4,14,0,46,6,0
carpeted,1,0,0,2,0,0
clean,2,7,12,3,6,0
treatment,4,3,0,7,7,0
provided,7,0,2,22,3,0
loaf,2,0,0,5,0,0
coarse,4,1,0,4,4,0
purloined,1,0,0,0,0,0
conveniently,1,1,0,0,2,0
pure,3,5,1,26,41,1
vicinity,1,0,0,1,0,0
tolerably,1,1,0,22,1,0
reside,2,0,0,6,1,0
occur,4,8,0,10,14,0
compared,2,3,0,14,28,1
dropping,1,2,2,3,1,0
dank,1,4,0,0,0,0
plank,1,2,3,3,0,0
chink,2,1,1,0,0,0
pail,3,0,0,2,0,0
demeanour,3,1,0,0,0,0
cottagers,23,0,0,0,0,0
farmhouse,1,2,0,0,0,0
meanly,1,0,0,0,0,0
petticoat,1,0,0,0,0,0
linen,1,2,0,17,1,0
jacket,1,0,4,8,0,0
adorned,1,0,0,3,0,0
patient,2,52,1,14,9,0
quarter,1,6,8,55,2,1
incommoded,1,0,0,1,0,0
despondence,2,0,0,0,0,0
tools,3,3,2,11,7,0
yard,1,9,3,13,0,0
imperceptible,1,1,0,12,0,0
whitewashed,1,0,0,2,0,0
furniture,2,3,2,22,2,0
attitude,2,5,2,13,2,0
drawer,1,1,0,16,0,0
employed,13,2,0,32,8,0
sweeter,1,2,1,0,0,0
nightingale,2,2,0,1,2,0
silver,3,11,224,26,33,0
aged,3,1,0,9,9,0
cottager,1,0,0,0,0,0
enticed,1,0,0,0,0,0
sobbed,2,1,0,3,0,0
audibly,1,1,0,0,0,0
pronounced,5,2,0,28,0,0
overpowering,1,2,0,2,1,0
withdrew,2,4,0,21,0,0
shoulders,1,8,10,51,3,0
helped,1,7,4,5,1,1
fuel,2,0,1,0,0,0
apart,2,3,3,5,11,2
nook,2,0,0,1,0,0
plants,2,0,1,11,8,0
busily,1,0,0,5,0,0
digging,1,0,1,8,0,0
pulling,1,6,3,3,2,0
pensive,1,0,0,6,0,0
dispatched,1,0,1,0,0,0
beaming,2,0,1,4,0,0
graceful,1,1,0,15,2,0
moulded,2,0,0,4,1,0
finest,1,0,0,6,4,0
symmetry,1,0,0,0,3,0
sadness,4,3,0,14,0,0
despondency,5,0,0,1,0,0
prolonging,1,1,0,1,0,0
tapers,1,0,0,1,0,0
neighbours,1,2,5,0,6,0
monotonous,2,0,0,6,0,1
resembling,2,0,0,14,2,0
lights,2,10,2,16,5,0
barbarous,3,0,0,2,5,0
villagers,3,0,0,0,0,0
whatever,2,27,2,48,21,1
hereafter,2,9,0,5,11,0
quietly,2,21,11,25,3,0
influenced,2,0,0,5,4,0
arose,9,1,4,49,10,2
constantly,2,2,0,23,4,5
doors,1,12,3,33,4,0
blind,10,17,28,15,16,1
contemplation,1,0,0,10,20,0
office,1,10,0,42,18,0
chill,3,8,6,3,0,0
delicious,1,1,0,6,0,0
viands,1,0,0,1,0,0
interchanging,1,0,0,0,0,0
imply,1,2,0,6,9,0
solve,2,1,1,2,0,0
enigmatic,1,0,0,0,0,0
uneasiness,2,3,0,42,0,0
distressing,1,1,0,3,0,0
nourishment,3,1,0,2,2,0
cow,1,1,0,0,0,0
poignantly,1,0,0,0,0,0
trait,2,0,0,0,3,0
steal,1,2,0,2,3,0
store,3,2,0,2,1,0
consumption,2,0,0,0,3,1
abstained,1,0,0,0,1,0
neighbouring,4,0,1,0,0,0
enabled,5,2,0,18,2,0
firing,2,1,2,4,0,0
pile,5,2,3,6,1,0
outside,1,35,14,20,4,0
repairing,1,0,0,3,0,0
cultivating,1,0,0,0,1,0
method,3,6,1,12,35,0
communicating,2,0,0,2,0,0
articulate,2,0,0,2,0,0
hearers,1,0,0,0,6,0
godlike,3,0,0,0,3,0
pronunciation,1,0,0,0,0,0
clue,3,18,2,1,1,0
unravel,1,0,0,0,0,0
reference,2,1,0,5,8,0
revolutions,1,0,0,2,3,1
agatha,22,5,0,0,0,0
felix,50,0,0,0,0,0
appropriated,1,0,0,2,0,1
pronounce,1,0,0,16,1,0
endeared,1,0,0,0,1,0
gait,1,0,0,0,0,0
enhanced,1,0,0,0,0,0
accomplishments,1,0,0,0,1,0
encourage,2,1,1,4,4,0
wipe,1,3,0,1,0,0
unperceived,2,0,0,6,1,0
tone,3,11,6,138,3,0
exhortations,2,0,0,2,0,0
saddest,1,1,0,0,1,0
group,2,5,3,13,0,0
unpractised,1,0,0,0,1,0
instances,2,1,0,0,12,0
flower,1,1,1,14,7,0
peeped,1,1,0,1,0,0
risen,3,3,7,16,0,0
obstructed,2,0,0,0,0,0
outhouse,1,0,0,0,0,0
replenished,1,1,0,0,0,0
farmer,1,0,0,0,1,0
dinner,1,32,5,63,0,0
frosty,1,0,4,0,0,0
puzzled,1,9,1,3,4,0
understood,14,12,5,84,13,0
comprehend,4,3,2,22,3,2
overlook,2,0,0,1,2,0
delicate,2,4,1,12,2,0
complexions,1,0,0,0,0,0
terrified,2,3,6,22,0,0
viewed,4,0,0,5,6,0
transparent,1,1,1,2,0,0
mirror,1,4,1,7,5,0
bitterest,3,0,0,1,1,0
mortification,1,0,0,1,0,1
warmer,2,0,0,0,0,0
indications,1,0,0,1,3,0
impending,2,0,1,1,1,2
wholesome,1,2,0,2,2,0
sufficiency,1,0,0,0,0,1
dispersed,3,0,0,5,1,1
star,2,1,1,8,5,0
offices,1,2,0,3,7,0
signification,2,0,0,0,0,0
inquisitive,2,1,0,1,0,0
foolish,1,3,1,13,10,0
flitted,1,3,1,0,0,0
arbiters,1,0,0,0,0,0
pictures,1,1,1,11,11,1
presenting,1,0,0,14,0,0
disgusted,1,1,0,0,2,0
win,2,5,0,1,4,2
exhilarated,1,0,0,0,0,0
acquiring,1,1,0,0,5,1
organs,1,0,0,5,2,0
tones,3,9,3,10,1,0
tolerable,1,0,0,7,2,0
ass,2,0,2,0,0,0
lap,1,1,1,2,0,1
deserved,1,0,0,2,2,0
execration,1,0,0,0,0,0
showers,1,0,0,0,0,0
genial,2,2,0,2,0,0
sang,3,1,5,2,3,0
gods,1,0,0,4,129,0
blotted,1,4,0,0,0,0
gilded,1,0,0,16,0,0
rays,3,9,3,22,0,0
anticipations,1,0,1,3,3,0
hasten,8,5,0,22,0,0
verdure,2,0,0,2,1,0
refreshed,4,2,0,5,0,0
periodically,1,0,0,0,0,1
guitar,4,0,0,1,0,0
sighed,1,3,0,27,0,0
recommencing,1,0,0,0,0,0
tapped,2,1,1,4,0,0
suit,1,5,4,16,3,0
musical,1,1,0,0,13,0
angelic,3,1,0,1,0,0
raven,1,0,0,3,0,0
curiously,1,0,1,6,4,0
braided,1,0,0,0,0,0
regular,1,7,0,11,12,0
wondrously,1,0,0,0,0,0
pink,1,3,0,6,0,0
ravished,1,0,0,0,2,0
ecstatic,1,0,0,1,0,0
sparkled,3,1,0,12,0,0
flushed,2,4,2,5,0,0
wiping,1,1,2,12,0,0
kissed,5,20,1,19,3,0
rapturously,1,0,0,0,0,0
dismount,1,0,1,1,0,0
dismissing,1,0,0,1,0,0
affectionately,1,0,0,9,0,0
diffused,3,0,0,3,3,0
dispelling,1,0,0,3,0,0
dissipates,1,0,0,0,0,0
pointing,2,8,2,17,2,1
recurrence,1,0,0,2,1,0
safie,25,0,0,0,0,0
conversing,2,0,0,14,3,0
repetition,1,1,2,3,0,0
faculty,1,2,0,4,39,0
airs,3,1,2,2,4,0
entrancingly,1,0,0,0,0,0
cadence,1,0,0,0,0,0
enraptured,2,0,0,3,0,0
peaceably,1,0,0,3,0,0
protectors,13,0,0,2,3,0
herbage,2,0,0,1,0,0
green,5,20,11,21,0,0
scent,2,0,0,3,2,0
moonlight,1,33,4,7,0,0
balmy,1,0,0,2,0,0
nocturnal,1,1,0,7,1,0
considerably,3,1,0,5,1,0
shortened,1,1,0,0,1,0
ventured,3,3,2,11,0,0
abroad,3,6,4,8,5,0
daylight,1,8,2,20,1,0
comprehended,1,0,0,7,11,0
instructed,2,2,0,2,2,0
volney,1,0,0,0,0,0
ruins,3,1,0,11,2,1
purport,2,0,0,0,1,0
explanations,1,0,0,5,6,0
chosen,6,9,2,31,17,0
declamatory,1,0,0,0,0,0
style,1,3,1,30,47,0
framed,1,0,0,1,10,0
existing,2,2,0,2,17,16
insight,1,0,0,0,7,0
religions,1,0,0,0,5,1
nations,1,2,1,12,22,9
slothful,1,0,0,0,0,1
asiatics,1,0,0,0,0,0
mental,2,7,0,10,11,0
grecians,1,0,0,0,0,0
wars,1,1,0,3,8,0
romans,1,0,0,8,3,0
subsequent,2,0,0,1,0,0
degenerating,1,0,0,0,0,0
empire,1,0,1,10,13,0
christianity,1,0,0,1,3,2
kings,1,0,3,10,26,0
american,1,4,1,1,1,0
hemisphere,1,0,0,0,0,0
narrations,1,0,0,0,0,0
vicious,3,1,1,0,2,0
scion,1,0,0,0,0,0
befall,1,1,1,3,1,0
sensitive,3,5,0,1,4,0
lowest,2,1,0,2,4,2
degradation,3,0,0,1,3,0
abject,2,0,0,2,3,0
mole,2,0,0,1,0,0
bloodshed,1,0,0,0,0,0
division,1,1,0,5,43,5
squalid,2,0,0,0,2,0
descent,4,1,0,10,4,0
possessions,1,0,0,7,3,0
unsullied,1,0,0,0,0,0
riches,1,0,1,19,18,0
advantages,2,0,0,7,17,1
rare,1,8,0,16,14,0
vagabond,1,0,0,2,0,0
profits,1,0,0,9,1,0
absolutely,2,12,0,20,17,1
hideously,1,0,0,0,0,0
agile,1,0,1,2,0,0
subsist,1,0,1,0,0,0
coarser,1,0,0,0,1,0
diet,1,1,2,2,5,0
extremes,1,0,0,1,8,0
blot,2,2,1,1,0,0
disowned,1,0,0,0,0,0
clings,3,0,0,1,1,0
lichen,1,0,0,1,0,0
stealth,1,0,0,0,1,0
unseen,1,1,0,2,11,0
charming,1,4,2,50,16,0
sexes,1,0,0,0,14,0
doted,2,0,0,0,0,0
sallies,1,0,0,0,0,0
expanded,2,0,0,5,0,0
relationships,1,0,0,1,0,0
bind,1,0,1,4,3,0
vacancy,2,0,0,3,4,0
claimed,1,2,0,5,1,0
answered,7,60,21,143,21,0
groans,5,0,2,8,0,0
tended,1,0,1,3,5,0
terminated,1,0,0,3,0,0
deceit,3,0,0,1,3,0
unfolding,2,0,0,0,0,0
inexperienced,1,0,0,1,2,0
de,11,2,0,1044,8,1
lacey,9,0,0,0,0,0
affluence,1,0,0,0,0,0
superiors,1,0,0,2,1,1
bred,1,3,0,5,4,0
ranked,1,1,0,0,1,0
ladies,1,8,0,34,0,0
luxurious,1,0,0,4,6,0
paris,10,1,0,260,1,0
refinement,1,0,0,2,1,0
turkish,2,3,0,9,0,0
obnoxious,1,0,0,1,2,0
government,4,1,0,46,86,3
constantinople,2,0,0,13,0,0
flagrant,1,0,0,0,0,0
religion,3,1,0,6,41,3
alleged,1,0,0,0,1,1
condemnation,1,0,0,4,3,0
accidentally,1,0,0,4,0,0
uncontrollable,2,0,0,2,0,0
decision,2,3,0,13,7,0
vow,4,0,0,10,1,0
fruitless,1,0,0,3,1,0
gain,8,5,1,30,46,3
admittance,1,0,0,3,0,0
grated,1,0,1,5,1,0
building,1,8,3,19,6,0
dungeon,5,0,0,52,0,0
muhammadan,1,0,0,0,0,0
loaded,2,0,6,17,0,0
chains,3,8,3,2,7,1
grate,1,0,2,2,0,0
prisoner,1,7,2,96,2,0
amazed,1,6,0,5,1,0
kindle,1,0,0,0,0,0
deliverer,5,0,0,2,0,0
reward,5,4,1,10,9,0
rejected,2,0,0,2,6,0
offers,1,0,0,6,4,1
gestures,3,0,0,4,0,0
help,5,101,41,93,54,2
owning,1,0,0,1,0,0
captive,1,0,0,1,4,0
treasure,2,3,63,61,0,0
hazard,1,4,0,0,1,0
accept,3,16,0,45,8,0
probability,3,1,0,26,6,0
preparations,2,4,0,11,0,0
french,6,1,5,126,1,20
gently,2,17,3,18,6,0
copies,1,2,0,2,1,0
implements,1,0,0,1,4,0
writing,3,19,3,42,6,0
repeat,1,0,1,46,10,0
christian,3,1,4,25,23,3
arab,1,0,0,4,0,0
turks,1,1,0,5,0,0
recommended,1,0,1,15,0,0
enthusiastic,4,0,0,13,2,0
freedom,3,12,1,14,46,11
spurned,4,0,1,0,0,0
bondage,1,0,0,2,0,0
tenets,1,0,0,0,0,0
aspire,1,0,0,2,3,0
independence,1,0,0,7,4,2
female,5,0,0,1,14,0
followers,1,1,3,5,14,0
muhammad,1,0,0,0,0,0
indelibly,1,0,0,0,1,0
asia,2,1,0,2,1,0
immured,2,0,0,0,0,0
harem,1,0,0,3,0,0
occupy,3,1,1,16,1,0
infantile,1,0,0,0,0,0
amusements,1,0,0,2,2,0
suited,2,1,0,9,7,0
emulation,1,0,0,0,0,0
leagues,3,3,0,32,0,0
passports,1,0,0,0,0,0
concealed,6,1,3,68,4,1
fugitives,1,0,0,2,0,0
lyons,1,0,0,8,0,0
cenis,1,0,0,0,0,0
leghorn,6,0,0,22,0,0
dominions,1,0,0,1,0,0
simplest,2,2,0,1,2,0
tenderest,2,0,0,1,0,0
interpreter,1,0,0,5,10,0
intimacy,1,0,0,7,0,0
youthful,3,2,0,9,4,0
lovers,2,0,0,10,37,0
loathed,3,0,0,0,0,0
resentment,1,0,0,2,1,0
lukewarm,1,0,0,0,0,0
choose,1,7,6,30,26,0
italian,2,0,0,75,0,1
prolong,3,2,0,4,0,1
secretly,1,0,0,4,2,0
facilitated,1,0,0,0,0,1
enraged,2,0,0,4,0,0
detect,1,2,0,2,1,0
punish,2,1,0,15,2,0
plot,1,0,1,13,3,0
noisome,1,0,0,0,0,0
boarder,1,0,2,0,0,0
convent,1,0,0,8,1,0
proceeding,2,2,0,11,8,0
exile,5,0,0,6,11,0
treacherous,1,0,2,4,2,0
unheard,1,1,0,9,1,0
oppression,2,1,0,1,1,1
traitor,1,0,1,9,0,0
insultingly,1,0,0,1,1,0
sending,1,4,0,11,4,0
maintenance,2,0,0,0,6,2
distress,3,5,2,7,1,0
meed,1,0,0,0,2,0
gloried,1,0,0,0,0,0
infused,1,0,0,1,2,0
commanded,2,3,2,11,5,0
outraged,1,0,0,2,0,0
expostulate,1,1,0,0,0,0
angrily,1,4,1,1,0,0
reiterating,1,0,0,2,0,0
tyrannical,1,0,0,2,28,0
mandate,1,0,0,5,0,0
divulged,1,0,0,2,0,0
confidential,1,1,2,12,0,0
emergency,1,2,0,0,0,0
turkey,2,6,0,7,0,0
abhorrent,1,0,0,0,0,0
alike,3,1,1,3,23,0
averse,2,0,0,1,2,0
learnt,1,1,0,3,8,0
belonged,4,0,2,21,0,0
dangerously,1,1,0,1,0,0
social,1,1,0,13,20,37
developed,2,2,1,2,5,11
admire,4,1,1,13,6,1
deprecate,1,0,0,0,0,0
vices,2,0,0,3,7,0
inciting,1,1,0,0,0,0
actor,1,0,0,5,6,0
admirable,3,1,4,17,5,0
omit,1,0,0,1,5,0
leathern,1,0,0,2,0,0
portmanteau,1,2,0,13,0,0
containing,1,1,0,22,5,0
articles,1,0,1,10,1,1
fortunately,3,10,0,24,0,0
plutarch,3,0,0,3,1,0
werter,5,0,0,0,0,0
histories,2,0,0,1,0,0
infinity,1,0,0,0,4,0
images,4,0,0,2,37,0
sunk,9,3,2,8,2,0
affecting,2,0,0,9,3,0
opinions,2,0,0,9,25,1
canvassed,1,0,0,1,0,0
ending,1,3,0,6,6,0
speculation,1,0,0,8,11,0
lofty,4,3,1,3,4,0
contained,4,6,3,42,13,0
pretension,1,0,0,2,2,0
disquisitions,1,0,0,0,0,0
suicide,1,3,0,11,0,0
calculated,1,2,0,16,0,0
hero,1,1,2,11,16,0
precisely,1,0,3,47,7,1
similar,1,8,0,51,62,1
unformed,1,0,0,0,0,0
lament,4,0,1,2,3,0
destination,2,2,1,4,1,0
founders,1,0,0,1,9,1
republics,1,0,0,0,1,0
imaginations,3,0,0,1,0,0
sphere,1,0,0,2,31,0
surpassed,1,0,0,2,1,0
kingdoms,1,0,0,5,2,0
extents,1,0,0,0,0,0
towns,4,2,1,2,0,3
assemblages,1,0,0,1,0,0
mightier,1,0,0,0,1,1
concerned,1,8,0,18,33,0
governing,1,0,0,0,6,1
massacring,1,0,0,0,0,0
relative,2,0,0,17,25,0
peaceable,1,0,0,0,0,0
lawgivers,1,0,0,0,0,0
numa,1,0,0,0,0,0
solon,1,0,0,0,9,0
lycurgus,1,0,0,0,2,0
preference,1,1,0,5,1,1
romulus,1,0,0,1,0,0
theseus,1,0,0,0,2,0
patriarchal,1,0,0,0,1,3
impressions,1,0,0,7,6,0
soldier,1,2,1,33,13,0
awe,2,2,0,7,4,1
warring,1,0,0,1,0,0
exciting,1,2,1,7,1,0
referred,1,0,0,4,5,0
similarity,1,1,0,2,1,0
link,2,1,1,3,2,0
prosperous,1,0,1,4,0,0
guarded,2,6,0,6,0,0
especial,2,1,0,5,0,0
satan,2,2,0,5,0,0
fitter,1,1,0,0,0,0
emblem,1,1,0,0,0,0
gall,2,0,1,1,0,0
envy,2,0,2,6,4,0
strengthened,1,2,0,2,0,0
decipher,1,0,0,1,0,0
bears,2,0,0,7,8,1
disgusting,1,1,0,0,0,1
minutest,1,0,0,1,1,0
hateful,5,2,0,7,4,3
alluring,1,0,0,1,0,0
image,5,3,0,5,56,1
resemblance,2,1,0,6,4,0
compassionate,1,0,0,1,0,0
monstrous,3,3,2,2,6,0
interview,2,5,0,21,0,0
postponed,2,0,0,4,0,0
importance,1,6,1,27,15,0
sagacity,2,0,0,3,1,0
plenty,1,5,5,6,5,0
reigned,1,0,0,5,0,0
tumultuous,3,1,0,4,0,0
clearly,2,3,2,15,78,2
outcast,3,1,0,3,0,0
cherished,3,0,0,5,1,0
moonshine,1,1,1,0,0,0
frail,1,0,0,3,0,0
inconstant,2,0,0,3,0,0
fortify,1,0,0,2,1,2
undergo,1,0,0,2,0,0
unchecked,2,1,0,0,0,0
sympathising,2,0,0,0,1,0
cheering,2,1,0,3,0,0
eve,1,1,0,6,0,1
soothed,5,2,0,3,1,0
supplication,1,1,2,0,0,0
assume,1,1,0,22,23,0
barren,3,4,0,5,4,0
heed,1,4,2,4,2,0
bleakness,1,0,0,0,0,0
fitted,3,2,2,8,8,0
conformation,1,0,0,0,0,0
endurance,1,2,0,1,3,0
deserted,4,7,8,26,2,1
depending,1,0,0,1,0,0
casualties,1,1,0,0,0,0
yearned,1,0,0,1,0,0
driven,5,9,3,14,11,0
unworthy,2,1,0,8,7,0
revolution,2,0,0,9,16,16
introducing,1,1,0,10,4,0
finally,2,20,1,16,11,3
hideousness,2,0,0,0,0,0
mediation,1,0,0,0,0,0
tolerated,1,0,0,2,1,0
red,1,74,31,81,2,0
denied,1,6,1,8,8,0
thoughtfulness,1,0,0,0,0,0
laying,2,7,3,4,7,0
absorbed,2,2,0,23,7,0
exerting,1,0,0,0,0,0
planks,1,0,2,8,0,0
revived,3,1,1,11,0,0
knocked,1,7,5,13,0,0
intrusion,2,0,0,2,0,0
oblige,1,2,1,11,1,0
afraid,1,41,15,25,24,0
host,1,6,0,53,4,0
ensued,1,0,0,2,1,0
irresolute,1,0,1,2,0,0
countryman,1,0,0,4,0,0
germans,1,0,0,3,1,0
friendless,2,0,0,0,1,0
unprejudiced,2,0,0,0,0,0
brotherly,1,0,0,1,0,0
prejudice,2,2,0,7,1,0
detestable,2,0,1,3,2,0
blameless,1,0,0,0,4,0
undeceive,1,0,0,4,0,0
terrors,1,4,4,0,4,0
injure,2,1,0,6,4,0
unreservedly,1,0,0,2,0,0
particulars,3,1,1,36,14,0
undeceiving,1,0,0,0,0,0
persuades,1,0,0,0,0,0
sincere,2,0,0,14,0,0
serviceable,1,0,1,2,1,0
desperation,1,0,0,2,0,0
instigate,1,0,0,0,0,0
assures,1,1,0,3,0,0
chair,5,11,1,76,1,0
seizing,1,1,0,18,1,0
consternation,2,2,0,4,0,0
force,6,11,3,39,37,4
transport,1,0,0,5,0,1
fury,6,11,3,8,3,0
dashed,2,6,2,14,0,0
stick,1,2,14,6,0,0
lion,1,3,2,13,14,0
rends,1,0,0,0,0,0
antelope,1,0,0,0,0,0
refrained,1,0,0,4,0,0
repeating,1,1,1,7,6,0
glutted,1,0,0,0,0,0
shrieks,1,0,0,3,0,0
howlings,1,0,0,0,0,0
beast,3,6,0,9,23,0
destroying,4,2,0,2,5,1
ranging,1,0,0,1,0,0
stag,1,0,0,2,2,0
swiftness,4,1,0,1,5,0
waved,2,5,2,5,0,1
bird,1,5,9,16,3,0
universal,1,1,0,11,42,6
stillness,2,3,0,4,0,0
arch,2,0,1,3,0,0
unsympathised,1,0,0,0,0,0
havoc,1,1,0,0,0,0
impotence,2,0,0,0,0,0
myriads,1,1,0,2,1,0
existed,1,0,1,16,13,2
everlasting,5,1,0,1,4,1
voices,4,8,12,21,4,0
underwood,1,0,2,0,0,0
determining,1,0,0,1,4,0
believing,2,0,0,11,6,0
imprudently,1,0,0,1,0,0
behalf,1,2,0,10,6,0
fool,1,6,8,18,9,0
familiarised,1,0,0,0,0,0
errors,1,1,0,2,7,0
irretrievable,1,0,0,0,0,0
representations,2,0,0,0,5,0
profound,4,2,0,41,1,0
acting,1,1,0,14,11,0
females,1,0,0,1,3,0
flying,2,5,6,10,4,0
tearing,2,2,3,8,2,0
exhausted,6,8,1,26,3,0
appeased,1,3,0,2,1,0
mounted,2,1,3,31,1,0
apprehending,1,0,0,1,3,0
dreadful,12,21,3,49,4,0
inside,1,5,13,10,1,0
suspense,4,7,0,2,0,0
countrymen,1,0,0,5,1,0
pausing,1,2,1,3,0,0
using,1,11,1,7,6,0
gesticulations,1,0,0,0,0,0
anxiously,2,2,1,18,1,0
inhabit,8,1,0,0,0,0
owing,1,3,1,20,11,4
tenement,1,0,0,0,0,0
stupid,1,3,3,14,6,0
strive,1,3,0,6,3,0
allowing,1,0,1,4,4,0
gush,3,0,0,2,0,0
anger,5,7,4,43,17,0
combustibles,1,0,0,0,0,0
vestige,1,0,0,2,0,0
impatience,3,0,1,20,2,0
loitered,2,0,0,0,0,0
blast,5,3,0,2,0,0
danced,1,2,0,5,1,0
western,1,3,3,2,1,0
brand,1,0,1,3,0,0
scream,4,9,4,4,0,0
fired,3,3,10,9,0,0
heath,1,6,1,1,0,0
bushes,1,0,6,8,0,0
flames,2,8,0,6,1,0
licked,1,3,0,0,0,0
forked,1,1,0,1,0,0
tongues,1,7,0,4,0,0
fitness,1,0,0,0,3,0
geography,2,1,0,0,0,0
southwesterly,1,0,0,0,0,0
succour,2,0,0,0,0,0
perceptions,1,0,0,1,2,0
scorn,3,1,1,0,1,0
redress,1,2,0,1,0,0
wore,3,6,5,27,0,0
district,1,1,1,5,0,0
visage,2,0,0,6,2,0
decayed,2,0,0,0,0,0
heatless,1,0,0,0,0,0
imprecate,1,0,0,0,0,0
curses,1,1,2,2,0,0
enkindled,1,0,0,0,0,0
hardened,1,1,0,2,1,0
map,1,4,7,3,1,0
extract,1,0,0,5,1,0
confines,2,1,0,0,1,0
secured,2,5,0,6,2,0
balminess,1,0,0,0,0,0
novelty,1,0,0,1,2,0
forgetting,1,3,0,6,5,1
bedewed,1,0,0,2,0,0
humid,1,0,0,1,0,0
thankfulness,1,2,0,1,0,0
skirted,1,0,1,1,0,0
budding,1,0,0,1,0,0
cypress,1,1,0,1,0,0
running,3,17,22,20,9,0
slipped,1,2,10,8,0,0
dragged,2,5,1,25,6,0
senseless,4,0,1,6,4,0
aimed,1,0,1,2,0,1
gun,2,4,16,22,0,0
injurer,1,0,0,0,0,0
bone,1,3,0,1,0,1
gnashing,1,0,0,2,0,0
vowed,2,0,0,2,0,0
pulses,1,0,1,0,0,0
cure,1,3,1,7,17,0
ball,1,0,8,50,0,0
shoulder,2,21,30,37,1,0
rate,1,20,10,29,25,1
extracting,1,0,0,1,1,0
infliction,1,0,0,1,0,0
vows,1,0,0,2,0,0
compensate,1,0,0,2,0,0
outrages,1,1,0,0,0,0
healed,1,3,0,1,0,0
alleviated,1,0,0,1,0,0
breezes,2,0,0,0,0,0
insulted,1,0,0,8,1,0
painfully,1,1,2,4,1,0
meditate,2,0,0,2,0,0
sportiveness,1,0,0,0,0,0
infancy,4,0,0,5,5,1
educate,1,0,0,1,7,1
peopled,1,0,0,2,0,0
shrill,2,1,3,4,0,0
hurt,1,10,8,6,5,0
pieces,3,3,21,39,10,1
ogre,1,0,0,5,0,0
syndic,1,0,0,0,0,0
belong,1,1,0,19,5,2
sworn,2,2,0,7,0,0
epithets,1,0,0,0,0,0
clapping,1,0,1,0,1,0
create,9,3,0,6,9,2
miseries,9,1,0,3,1,0
torment,4,0,0,2,1,0
portrait,3,0,0,14,4,0
softened,3,4,0,5,1,0
fringed,2,0,2,1,0,0
lashes,2,1,0,4,0,0
affright,2,1,0,0,0,0
transported,4,0,0,3,0,0
venting,1,0,0,1,0,0
exclamations,2,0,0,4,0,0
sleeping,3,33,2,25,1,0
imparting,1,0,0,0,1,0
awake,4,26,1,20,11,0
fairest,1,0,0,0,20,0
sleeper,1,0,1,2,0,0
stirred,3,2,1,2,4,0
thrill,2,3,0,2,0,0
denounce,1,0,0,9,0,0
robbed,1,1,0,9,0,0
atone,1,0,0,2,1,0
punishment,4,1,1,35,11,0
sanguinary,2,0,0,3,0,0
securely,1,2,1,2,1,0
haunted,6,2,3,3,0,0
wishing,2,3,0,18,2,0
ranged,1,3,1,5,0,0
gratify,1,0,0,6,1,0
requisition,2,0,0,0,0,0
deny,3,1,5,18,24,0
defects,1,0,0,2,6,0
perplexed,2,0,0,1,6,0
interchange,2,0,0,1,1,0
sympathies,4,0,0,1,1,0
concede,1,0,0,1,1,0
kindled,1,0,0,5,0,0
narrated,1,0,0,1,2,0
burned,3,6,6,6,1,0
extort,1,0,0,0,0,0
joint,1,1,0,1,2,0
wrong,1,26,10,44,37,0
threatening,1,1,2,10,0,1
malicious,1,0,0,4,0,0
pities,1,0,0,1,0,0
precipitate,2,0,0,1,0,0
condemns,1,0,0,3,0,0
acceptance,1,1,0,1,1,0
insurmountable,5,0,0,1,0,0
barriers,1,0,0,2,0,0
submission,1,0,0,2,1,0
injuries,2,1,1,0,1,0
swear,8,14,4,45,0,0
inextinguishable,1,0,0,0,1,0
fiendish,6,0,0,1,0,0
contortions,1,1,1,1,0,0
detrimental,1,0,0,0,0,0
hundredfold,1,0,0,0,0,0
realised,1,8,0,0,1,0
reasonable,1,3,0,11,9,0
sex,1,1,0,6,10,2
request,6,7,2,52,10,0
maker,2,0,2,3,34,0
portion,7,3,3,28,10,2
wilds,3,0,0,0,0,0
lamb,1,1,0,0,0,0
kid,1,1,0,7,0,0
fare,3,0,0,10,2,0
ripen,1,0,0,1,0,0
wantonness,1,1,0,0,1,0
cruelty,1,2,2,3,2,1
pitiless,1,0,0,3,0,0
propose,1,4,4,21,12,0
beasts,1,2,0,1,7,0
persevere,1,0,0,1,1,0
argue,1,7,0,0,21,0
harden,1,0,0,0,0,0
compassionated,1,0,0,0,0,0
mass,1,15,1,27,13,4
stifle,2,0,1,6,0,0
withhold,1,0,0,3,0,0
reasonably,2,0,0,3,1,0
distrust,1,3,0,6,0,0
feint,1,0,0,0,0,0
wider,1,1,1,1,0,0
trifled,1,0,0,0,0,0
necessarily,1,1,1,3,23,5
communion,2,0,0,0,5,0
linked,1,1,0,1,1,0
chain,2,3,0,15,3,0
blight,2,0,0,0,0,0
threats,4,3,0,5,0,0
calculations,1,1,0,7,0,0
ridges,1,2,0,1,0,0
possessing,1,0,0,8,3,0
faculties,1,5,0,10,28,0
oath,1,2,8,28,1,0
europe,2,3,1,15,7,2
burns,1,0,0,1,0,0
prayer,1,4,2,13,6,0
unutterable,1,1,0,3,0,0
undulations,1,0,0,0,0,0
verge,1,1,1,6,0,0
winding,1,5,0,7,1,0
fixing,3,0,0,17,0,0
halfway,1,0,0,2,0,0
fountain,1,1,0,3,0,0
twinkling,1,0,1,1,0,0
siroc,1,0,0,0,0,0
consume,3,1,0,2,2,0
haggard,1,5,1,8,0,0
ban,1,0,0,0,0,0
adoration,1,0,0,2,0,0
dedicate,1,0,0,0,2,0
collect,4,0,0,10,0,0
enjoined,2,0,0,1,0,0
devoting,1,0,0,1,0,0
disquisition,1,0,0,0,0,0
material,1,6,1,6,5,9
obtaining,3,0,0,11,3,0
shrank,1,1,0,3,1,0
absolute,1,8,1,7,53,5
eradicating,1,0,0,0,0,0
fits,3,4,1,2,1,0
devouring,3,3,0,5,0,0
blackness,1,4,3,2,0,0
overcast,1,1,0,2,0,0
rippling,1,0,2,0,0,0
listless,2,0,0,0,0,0
salutations,1,0,0,2,0,0
readier,1,0,0,0,0,0
calling,2,6,4,29,14,1
resumed,2,5,6,44,3,0
conjure,4,0,0,4,1,0
avow,1,0,0,1,0,0
treble,1,0,0,0,0,0
exordium,1,0,0,1,1,0
tie,1,5,1,4,4,0
declining,1,0,0,2,5,0
assistants,1,0,0,5,0,0
considering,1,1,0,7,6,0
solemnisation,2,0,0,0,0,0
everyday,1,0,0,0,0,0
infirmities,1,0,0,1,0,0
competent,1,0,1,1,0,0
utility,3,0,0,0,11,0
dictate,2,0,0,5,1,0
interpret,1,0,0,0,3,0
sincerity,1,2,0,8,0,0
offering,2,0,2,20,8,0
manifold,1,3,0,0,5,1
impend,1,0,0,0,0,0
festival,1,0,0,7,14,0
bowing,1,0,0,21,0,0
engagement,2,0,0,28,0,0
imposed,1,0,0,6,5,0
journeying,2,1,0,1,0,0
indispensable,1,0,0,3,2,0
dilatory,1,0,0,0,0,0
unsatisfactory,1,0,0,0,1,0
aversion,1,0,0,3,1,0
aware,1,3,1,56,28,0
achieved,1,3,0,7,1,0
imaged,1,0,0,0,0,0
dictated,1,0,0,6,0,0
reasons,1,7,4,17,20,0
absorbing,1,2,0,2,0,0
resembled,2,0,0,11,2,0
intensity,2,4,0,3,0,0
duration,1,0,0,1,1,0
choice,3,4,1,19,17,0
paternal,1,0,0,18,0,0
precaution,3,1,2,31,0,0
ensure,2,3,1,0,0,0
concert,1,0,0,2,0,0
strasburgh,4,0,0,0,0,0
interfered,1,0,2,3,1,0
coveted,1,0,0,4,0,0
impediment,1,0,0,0,1,0
maddening,2,1,0,1,0,0
foe,3,0,1,2,0,0
enfranchised,1,0,0,0,0,0
arrangements,1,5,2,16,3,0
unconscious,2,10,0,10,2,0
attacks,1,0,0,1,3,2
exasperated,2,0,0,1,0,0
wherever,2,3,3,12,11,1
inasmuch,1,1,0,6,7,0
agonised,1,7,0,0,0,0
possibility,2,7,0,6,23,0
governed,1,0,0,1,13,0
intimated,1,0,0,3,3,0
exempt,1,0,0,3,0,0
machinations,3,0,0,0,0,0
september,6,59,0,19,0,0
acquiesced,1,4,0,0,1,0
disquiet,1,0,0,1,0,0
inroads,1,0,0,0,0,2
sedulous,1,0,0,0,0,0
conflicting,1,0,0,1,1,0
mute,1,1,0,20,2,0
tearful,1,0,0,3,0,0
careless,1,2,2,5,7,0
packed,2,1,0,3,0,0
unobserving,1,0,0,0,0,0
bourne,1,0,0,0,0,0
indolence,1,0,0,2,4,1
joyful,1,0,0,8,0,0
pointed,3,30,6,50,2,1
shifting,1,2,1,0,0,0
colours,2,3,9,0,16,0
landscape,3,1,0,1,1,0
golden,1,7,1,22,10,1
sunrise,1,27,0,1,0,0
rhine,7,0,0,1,0,0
amused,1,3,0,10,5,0
scenery,4,0,0,0,0,0
avenue,1,4,1,17,0,0
agreed,5,12,5,25,22,0
rotterdam,2,0,0,0,0,0
shipping,1,3,1,0,0,0
willowy,1,0,0,0,0,0
islands,5,1,2,10,3,0
mannheim,1,0,0,0,0,0
fifth,1,0,1,23,14,0
mainz,2,0,0,0,0,0
becomes,2,2,0,25,47,8
steep,1,11,5,0,2,0
edges,1,10,1,2,2,0
variegated,1,0,0,1,0,0
overlooking,1,0,0,3,0,0
vineyards,1,0,0,0,0,0
sloping,2,2,1,0,0,0
meandering,1,0,0,0,0,0
populous,1,0,0,0,0,0
song,1,3,13,10,8,0
labourers,2,0,0,0,2,7
glided,1,0,0,11,0,0
fairy,1,0,0,6,0,0
lakes,5,0,0,0,0,0
uri,1,0,0,0,0,0
perpendicularly,1,0,0,0,0,0
casting,1,1,1,17,2,0
shades,3,0,0,5,3,0
spout,1,0,3,0,0,0
amid,1,4,0,15,20,0
pauses,1,4,0,1,0,0
nightly,1,1,0,3,1,0
la,1,0,0,138,1,1
valais,1,0,0,0,0,0
pays,2,1,0,5,2,0
vaud,1,0,0,0,0,0
pleases,1,1,0,10,4,0
charm,3,3,0,5,11,1
castle,2,51,1,13,1,0
yon,1,0,0,0,0,0
amongst,1,40,1,32,3,1
inhabits,1,0,0,1,0,0
guards,1,1,0,9,2,0
retire,3,2,0,35,1,0
eminently,1,1,0,1,2,0
chastened,1,0,0,1,1,0
worldly,1,0,0,3,0,0
teach,1,3,1,5,13,0
external,1,1,1,2,28,0
sounding,1,2,1,4,1,0
cataract,1,0,0,0,0,0
remoter,1,0,0,0,2,0
unborrow,1,0,0,0,0,0
wordsworth,1,0,0,0,1,0
tintern,1,0,0,0,0,0
abbey,1,9,0,0,0,0
replete,3,0,0,0,0,0
fanciful,1,0,0,6,7,0
divinely,1,0,0,0,2,0
wrought,1,7,1,4,2,0
unexampled,1,0,0,1,0,0
soothe,4,1,0,3,1,0
overflowing,2,0,0,1,0,0
creates,1,0,0,0,5,4
cologne,1,0,0,1,0,0
holland,1,1,0,2,0,0
arising,1,0,0,1,1,0
december,1,0,0,1,0,0
cliffs,1,4,5,0,0,0
britain,2,0,0,1,0,0
thames,1,2,0,0,0,0
flat,1,2,4,7,1,0
tilbury,1,0,0,11,0,0
fort,1,0,1,4,0,0
spanish,1,1,6,37,0,0
armada,1,0,0,0,0,0
gravesend,1,0,0,0,0,0
woolwich,1,0,0,0,0,0
greenwich,1,0,0,0,0,0
steeples,1,0,0,0,0,0
paul,1,0,0,1,2,0
towering,1,0,0,1,1,0
tower,1,3,0,15,4,0
famed,1,0,0,0,0,0
flourished,1,0,2,4,0,0
availed,1,0,0,7,0,0
terribly,2,12,1,1,0,0
cheat,2,0,0,0,4,0
uninteresting,1,0,0,1,0,0
barrier,4,0,0,23,0,0
sealed,1,6,4,12,0,0
india,1,2,0,9,1,0
materially,1,0,0,2,0,0
assisting,1,0,0,2,2,0
colonization,1,0,0,0,0,0
check,1,4,0,9,0,0
enjoyments,2,0,0,4,2,0
dejected,1,0,0,2,0,0
debar,1,0,0,0,0,0
quiver,1,4,0,0,1,0
palpitate,1,0,0,0,0,0
scotland,5,2,0,0,0,0
visitor,1,0,0,35,0,0
allurements,1,0,0,0,2,0
perth,3,0,0,0,0,0
invitation,1,0,0,20,2,0
adorns,1,0,0,0,0,0
october,1,41,0,6,0,0
february,1,0,0,20,0,0
expiration,2,0,0,8,0,0
edinburgh,4,0,0,0,0,0
windsor,2,0,0,0,0,0
oxford,5,0,0,0,0,0
matlock,3,0,0,0,0,0
cumberland,3,0,1,0,0,0
highlands,2,0,0,0,0,0
rambling,2,0,0,0,0,0
mountaineers,1,0,0,2,0,0
oaks,1,0,3,2,1,0
game,1,7,5,10,8,0
herds,1,0,0,0,0,0
novelties,2,0,0,0,0,0
transacted,1,0,0,1,0,0
charles,1,0,0,13,0,0
forces,2,9,0,5,2,11
faithful,1,8,6,34,2,0
nation,1,1,0,8,9,9
forsaken,1,0,0,3,1,0
standard,1,2,0,0,10,2
parliament,1,0,1,1,1,0
falkland,1,0,0,0,0,0
insolent,1,1,0,5,0,0
goring,1,0,0,0,0,0
queen,1,0,0,14,2,0
footsteps,2,6,2,25,1,0
colleges,1,0,0,0,1,0
isis,1,0,0,1,0,0
flows,1,2,0,0,2,0
meadows,2,0,0,0,0,0
expanse,2,3,0,1,1,0
reflects,1,0,0,1,1,0
assemblage,2,1,0,2,1,0
towers,1,0,0,0,0,0
spires,1,0,2,0,0,0
embosomed,1,0,0,0,0,0
embittered,1,0,0,0,0,0
anticipation,1,1,0,3,7,0
discontent,1,1,1,2,1,0
ennui,1,0,0,4,0,0
elasticity,1,0,0,1,1,0
bolt,2,7,3,8,0,0
spectacle,1,0,0,18,3,2
pitiable,1,1,0,1,2,0
identify,1,0,0,1,4,0
animating,1,0,0,0,0,0
successive,1,0,0,7,5,0
tomb,3,36,0,26,1,0
illustrious,2,0,0,20,3,0
hampden,1,0,0,0,0,0
patriot,1,0,0,0,0,0
debasing,1,0,0,0,0,0
monuments,1,0,0,4,2,0
remembrancers,1,0,0,0,0,0
iron,1,19,11,59,16,0
eaten,2,8,3,19,1,0
scale,1,6,1,5,16,1
cave,1,0,7,8,6,0
cabinets,1,0,0,2,0,0
curiosities,1,0,0,3,0,0
collections,1,0,0,1,0,0
derby,1,1,0,0,0,0
northwards,2,1,0,0,0,0
westmorland,2,0,0,0,0,0
patches,1,2,1,0,1,0
rocky,2,4,1,4,0,0
acquaintances,1,0,0,10,3,0
capacities,1,0,0,0,1,0
inferiors,1,0,0,0,1,0
includes,1,0,0,0,8,0
stretch,1,3,4,4,0,0
begins,1,7,0,10,34,1
finds,1,0,0,9,15,3
engages,1,0,0,1,0,0
forsakes,1,0,0,1,0,0
appointment,1,0,0,11,2,0
scotch,2,0,0,0,0,0
snatched,4,1,2,6,0,0
feverish,5,1,1,24,0,0
superscription,1,0,0,0,0,0
ascertain,1,3,1,21,3,0
expedite,1,0,0,0,1,0
remissness,1,1,0,0,0,0
murdering,1,1,0,2,0,0
fancied,1,2,3,45,3,0
languid,2,3,0,2,0,0
antiquity,1,0,0,3,6,0
pleasing,1,1,1,10,2,0
regularity,1,1,0,3,2,0
bernard,1,0,0,2,0,0
pentland,1,0,0,0,0,0
termination,1,0,0,6,0,0
coupar,1,0,0,0,0,0
andrew,1,1,0,0,0,0
tay,1,0,0,0,0,0
rendezvous,1,0,0,8,0,0
congenial,1,0,0,1,2,0
dissuade,1,0,0,1,0,0
remonstrate,2,0,0,1,0,0
parted,1,10,0,10,4,0
remotest,1,0,0,3,0,1
orkneys,1,0,0,0,0,0
beaten,2,5,2,4,5,0
soil,1,3,2,5,10,1
pasture,1,0,0,0,2,0
cows,1,2,0,0,0,0
oatmeal,1,0,0,0,0,0
persons,4,3,0,108,81,0
gaunt,1,1,0,0,0,0
scraggy,1,0,0,0,0,0
tokens,1,0,0,2,0,0
luxuries,1,0,0,7,1,0
mainland,2,0,1,0,0,0
vacant,1,0,0,5,7,0
rooms,1,22,1,41,1,0
squalidness,2,0,0,0,0,0
thatch,1,0,1,0,0,0
unplastered,1,0,0,0,0,0
hinges,1,4,0,14,0,0
ordered,2,6,3,52,29,0
repaired,2,1,2,3,0,0
occasioned,2,0,0,10,0,0
benumbed,1,0,0,0,0,0
ungazed,1,0,0,0,0,0
unmolested,1,0,0,0,0,0
coarsest,1,0,0,1,0,0
beach,5,1,17,4,0,0
roared,3,1,12,1,1,0
changing,1,2,7,17,5,0
thickly,1,0,2,9,1,0
roarings,2,0,0,0,0,0
giant,1,3,1,5,3,1
distributed,1,1,0,3,0,0
toiled,1,1,0,3,0,0
experiment,1,2,1,2,1,0
frenzy,3,0,2,3,3,0
blinded,2,1,0,2,0,0
proceedings,1,0,0,4,1,0
immersed,1,0,0,1,1,0
unequal,1,0,0,3,7,0
persecutor,3,0,0,0,1,0
tremulous,1,1,2,7,0,0
intermixed,1,0,0,0,0,0
sicken,1,0,0,0,0,0
malignant,2,2,0,0,0,0
deserts,5,1,0,1,0,0
compact,1,1,1,2,3,1
provocation,1,0,0,2,2,0
propagated,1,0,0,0,0,0
precarious,2,0,0,6,2,1
generations,1,1,0,1,6,1
sophisms,1,0,0,0,1,0
pest,1,0,0,0,0,0
selfishness,4,4,0,8,2,0
buy,1,5,1,13,7,0
casement,1,1,0,0,0,0
ghastly,3,16,1,6,0,0
fulfilling,1,0,0,7,2,0
allotted,1,0,0,1,1,0
forests,1,2,0,2,0,0
heaths,2,0,0,0,0,0
mark,6,10,14,20,3,0
treachery,2,0,4,8,1,0
creating,2,0,0,0,2,0
howl,1,8,0,0,1,0
devilish,1,2,0,0,1,0
locking,1,1,0,1,0,0
resume,1,2,0,8,0,0
reveries,3,0,0,2,0,0
reposed,2,0,0,2,0,0
quiet,3,38,14,12,3,0
vessels,3,0,0,15,5,0
specked,1,0,0,0,0,0
fishermen,3,1,0,8,0,0
conscious,3,11,1,9,10,3
profundity,1,0,0,1,0,0
arrested,1,1,0,31,0,0
paddling,1,0,1,0,0,0
oars,2,2,3,7,0,0
landed,6,6,5,15,1,0
creaking,1,8,1,8,1,0
softly,1,20,4,6,0,0
presentiment,2,0,0,1,2,1
rouse,2,0,0,5,0,0
dwelt,2,0,0,7,4,0
helplessness,1,2,1,0,1,0
rooted,1,1,1,8,0,0
smothered,1,2,1,2,0,0
willow,1,0,0,2,0,0
incalculable,1,0,0,2,0,0
reasoned,1,1,0,2,2,0
condescension,1,0,0,5,0,0
obey,2,6,3,23,12,0
irresolution,1,0,0,0,0,0
exasperate,1,0,0,1,0,0
requited,1,0,0,0,0,0
beware,2,1,0,3,1,0
ravish,1,0,0,0,1,0
grovel,1,0,0,0,0,0
henceforth,1,5,0,5,0,0
tyrant,1,0,0,2,87,0
tormentor,1,0,0,1,0,0
gazes,1,0,0,0,0,0
fearless,1,1,0,0,3,0
wiliness,1,0,0,0,0,0
snake,1,1,1,5,1,0
venom,1,0,0,0,0,0
coward,1,2,2,16,3,0
wedding,5,5,0,27,0,0
villain,2,0,1,4,1,0
sign,2,25,14,107,7,0
warrant,1,1,0,1,0,0
precipitation,1,0,0,3,0,0
shot,1,13,43,28,1,0
arrowy,1,0,0,0,0,0
perturbed,1,0,0,1,0,0
conjured,2,0,0,0,0,2
strife,1,0,0,3,8,0
sacrificed,2,1,0,8,3,0
insatiate,1,0,0,1,0,0
endless,2,10,1,1,5,0
barbarously,1,0,0,0,0,0
streamed,2,3,0,4,0,0
sinks,2,0,0,1,0,1
depths,1,2,0,17,0,0
contention,1,0,0,0,8,0
insuperable,1,0,0,0,0,0
wearily,1,2,0,0,0,0
uninterrupted,1,0,0,0,0,2
isle,2,0,4,2,0,0
separation,1,0,0,7,2,0
overpowered,1,1,0,8,2,0
knell,1,1,0,1,0,0
satisfying,1,0,0,0,1,0
ravenous,1,0,0,0,1,0
oaten,1,0,0,0,0,0
cake,1,1,0,0,0,0
packet,1,1,3,20,0,0
wearing,1,2,1,12,4,0
fruitlessly,1,0,0,2,0,0
negotiation,1,0,0,4,0,0
indian,1,3,1,4,0,1
besought,1,0,0,7,0,0
southwards,3,0,0,0,0,0
pack,1,5,1,1,0,0
handle,1,4,3,18,3,0
utensils,2,0,0,0,0,0
daybreak,1,0,1,7,0,0
summoned,1,4,0,21,0,0
unlocked,1,5,0,0,0,0
mangled,1,1,0,0,0,0
relics,1,0,0,1,0,0
basket,3,3,2,4,0,0
cleaning,1,0,1,0,0,0
film,2,1,0,0,1,0
renewing,1,1,0,4,0,1
threat,7,0,1,2,0,0
voluntary,2,0,0,2,8,0
basest,1,0,0,0,1,0
atrocious,1,0,1,2,0,0
aboard,1,7,35,1,0,0
skiff,2,0,2,4,0,0
sailed,4,4,16,8,0,0
boats,2,9,15,14,0,0
commission,2,0,0,16,0,0
avoided,3,3,1,3,4,0
shuddering,3,0,0,13,0,0
overspread,1,2,0,6,0,0
gurgling,1,2,0,0,0,0
northeast,2,0,0,0,0,0
rudder,2,1,4,2,0,0
position,1,10,16,64,17,6
keel,1,0,7,2,0,0
lulled,2,0,0,1,0,0
soundly,1,11,0,8,0,0
coast,1,4,13,16,0,0
embarked,1,1,0,6,0,0
compass,1,1,7,4,1,0
slenderly,1,0,0,0,1,0
atlantic,1,0,0,0,0,0
starvation,2,0,1,7,1,0
immeasurable,1,1,0,2,1,0
buffeted,1,0,0,0,0,0
prelude,1,2,0,1,7,1
flew,1,10,5,17,1,0
merciless,1,0,0,1,0,0
reverie,2,0,0,14,0,0
closing,1,12,0,19,1,0
breakers,1,0,3,0,0,0
swell,1,4,4,3,1,0
flood,1,3,2,6,3,0
mutable,2,0,0,0,0,0
clinging,1,1,0,7,1,0
steered,1,2,1,4,0,0
civilised,1,0,0,0,0,3
traced,1,1,0,18,2,1
hailed,4,1,7,5,0,0
issuing,1,0,1,4,1,0
debility,2,0,0,0,0,0
directly,1,3,4,41,4,4
harbour,3,27,1,0,1,0
hoarse,1,1,4,20,0,0
maybe,1,8,16,0,0,0
disconcerted,1,0,0,2,0,0
frowning,1,4,0,6,0,0
angry,2,15,4,35,28,0
roughly,1,4,4,1,0,0
custom,4,2,2,35,10,0
englishmen,1,0,1,0,0,0
inhospitably,1,0,0,0,0,0
irish,2,0,0,0,0,0
villains,1,0,1,3,2,0
dialogue,1,0,0,1,15,0
annoyed,1,0,1,9,1,0
murmuring,1,1,0,2,0,0
mr,13,104,64,9,1,0
kirwin,13,0,0,0,0,0
honest,1,3,16,28,4,0
folks,1,3,0,2,0,0
gentleman,2,13,17,81,7,0
conductor,1,1,0,3,1,0
politic,1,1,0,1,2,0
construed,1,0,0,1,0,0
calamity,1,0,0,3,1,0
recall,1,6,1,20,3,0
proper,2,5,1,8,40,1
conductors,1,0,0,2,0,0
dozen,2,4,6,14,0,0
deposed,2,0,2,1,0,0
daniel,3,0,0,0,0,0
nugent,2,0,0,0,0,0
northerly,1,0,0,0,0,0
port,1,17,12,33,0,0
creek,1,0,0,10,0,0
carrying,1,6,4,30,7,2
tackle,1,0,0,0,0,0
sands,1,1,0,1,0,0
lantern,1,7,3,15,0,0
supposition,2,1,0,6,1,0
drowned,1,3,1,4,0,1
examination,2,9,1,21,4,1
handsome,1,2,6,29,2,0
strangled,2,0,0,3,0,0
unfavourable,2,0,0,0,1,0
augury,1,0,0,2,0,0
swore,1,4,2,3,0,0
positively,1,10,2,17,1,0
push,1,5,1,3,5,0
rubbed,1,6,0,9,1,0
apothecary,1,0,0,0,0,0
arisen,1,1,0,2,8,0
likely,1,5,13,42,77,0
deposited,1,2,0,15,1,0
suggested,2,5,2,6,10,0
coincidences,1,0,0,0,1,0
eventful,1,0,0,0,0,0
affair,1,8,3,80,2,0
gasped,1,2,2,1,0,0
breath,2,21,17,29,4,0
murderous,2,0,1,2,0,0
await,2,4,1,24,3,0
agonies,4,0,0,6,0,0
convulsions,1,0,0,6,2,0
grasping,1,2,1,4,0,0
screamed,1,2,0,4,0,0
cries,2,3,8,25,2,1
snatches,1,0,1,1,1,0
brides,1,0,0,0,2,0
prey,6,4,0,11,3,0
resist,1,1,0,21,11,0
shocks,1,1,0,0,0,0
wheel,1,13,0,1,9,1
awaking,1,0,1,3,2,0
gaolers,1,0,0,0,0,0
turnkeys,2,0,0,3,0,0
bolts,1,6,0,7,0,0
barred,4,2,0,3,0,0
flashed,1,1,4,6,0,0
bad,1,32,21,62,85,0
characterise,1,0,0,0,0,0
class,1,5,1,10,103,102
indifference,1,0,0,29,3,0
feeble,3,4,1,15,3,0
physician,2,1,1,20,38,1
prescribed,1,1,0,4,9,0
medicines,1,1,2,1,5,0
hangman,1,0,0,0,0,0
fee,1,0,0,2,0,0
recovering,1,0,0,5,0,0
declare,3,0,3,20,7,1
penalty,1,0,0,4,6,0
shocking,1,0,1,3,0,0
comfortable,1,9,0,10,2,1
concern,1,2,1,10,4,0
mortals,1,1,0,0,1,0
persecuted,1,0,0,4,1,0
agonising,2,4,0,0,0,0
chances,1,4,1,9,1,0
renowned,1,0,0,2,3,0
hospitality,1,3,0,15,1,0
unaccountable,1,0,0,2,0,0
retrospect,1,0,0,0,0,0
send,2,31,5,60,6,0
taunt,1,0,0,0,0,0
incitement,1,0,0,0,0,0
exclamation,3,4,0,27,0,0
inspiring,1,0,0,2,3,0
feature,2,2,0,4,5,3
muscle,2,0,0,1,0,0
relaxed,2,1,1,5,3,0
momentary,2,3,0,3,0,2
assurances,1,0,0,4,0,0
hangs,1,1,0,0,1,0
fulfil,7,0,0,18,7,0
insisted,2,6,0,8,2,0
relapse,2,4,0,4,0,0
throbbings,1,0,0,2,0,0
executing,1,0,0,1,1,0
award,1,0,0,0,0,0
speechless,1,1,0,4,0,0
bury,1,1,0,11,2,0
assizes,1,0,1,10,0,0
disgrace,2,0,2,9,9,0
appearing,1,0,0,13,3,0
decides,1,0,0,1,1,0
jury,1,0,0,3,0,0
bill,1,1,22,10,0,1
orkney,1,0,0,0,0,0
removal,1,0,1,2,0,0
liberated,1,1,0,4,3,0
vexations,1,0,0,0,0,0
palace,1,0,0,36,1,0
poisoned,2,0,0,14,0,0
dense,1,1,1,4,0,0
glared,1,1,2,3,0,0
languishing,1,0,0,2,0,0
orbs,1,1,0,0,0,0
lids,1,1,0,1,0,0
maladie,1,0,0,0,0,0
du,1,0,0,44,0,0
rhone,2,0,0,0,0,0
torpor,2,0,0,3,0,0
divinest,1,0,0,0,0,0
paroxysms,1,1,0,2,0,0
unceasing,1,1,0,1,0,1
attendance,1,0,0,4,0,0
vigilance,1,0,0,11,0,0
committing,1,0,0,5,2,0
concealment,1,5,0,2,6,0
unfailing,1,0,0,0,0,0
fatigues,1,1,0,1,0,0
skeleton,1,2,14,4,0,0
ireland,4,0,0,0,1,0
inquietude,1,1,0,1,0,0
havre,1,0,0,2,0,0
blew,1,9,3,4,0,0
repassed,1,0,0,2,0,0
residing,1,0,0,4,0,0
laudanum,1,2,0,0,0,0
drug,1,2,0,3,3,0
profoundly,1,0,1,3,2,0
scared,2,3,0,3,0,0
nightmare,1,6,0,2,0,0
restlessness,1,1,0,1,0,0
security,1,0,3,15,0,0
truce,1,0,6,0,0,0
established,1,0,1,12,12,4
disastrous,1,1,0,1,0,1
imparted,1,0,0,2,3,0
susceptible,2,0,0,4,0,0
overtaxed,1,0,0,0,0,0
erroneous,1,0,0,2,4,0
methods,1,0,0,3,3,1
remedy,1,0,0,17,5,0
incurable,1,0,0,1,2,0
brethren,1,1,0,2,1,0
unchained,1,0,0,0,0,0
revel,1,0,0,0,0,0
hunt,1,8,6,4,2,0
acts,1,2,0,7,6,2
futility,1,0,0,0,0,0
imprisonment,1,0,0,10,0,0
assertion,2,1,0,7,9,0
preserved,2,0,0,28,10,0
maintained,1,0,0,9,18,0
persuasion,2,0,0,2,7,0
tongue,1,10,5,24,1,0
hearer,1,0,0,1,1,0
inmates,1,1,1,4,0,0
confided,1,3,0,10,0,0
uncontrollably,1,0,0,0,0,0
infatuation,1,0,0,1,1,0
energetically,1,1,0,4,1,0
deranged,1,0,0,1,2,0
obliterate,1,0,0,0,1,0
alluded,1,0,0,6,2,0
incoherent,2,1,0,4,0,1
curbed,1,0,0,0,0,0
imperious,1,2,0,5,0,0
formidable,1,0,3,10,1,0
weigh,1,0,0,5,2,0
doubts,1,5,0,10,4,0
postpone,1,0,0,0,0,0
playfellows,1,0,0,0,0,0
entertain,1,0,0,17,6,0
desiring,2,0,0,6,1,1
opposed,1,0,0,8,16,2
airy,2,0,1,1,1,0
futurity,1,0,0,2,0,0
eternally,1,0,0,4,0,0
cruellest,1,0,0,0,0,0
disinterested,1,0,0,3,4,0
tenfold,1,0,1,1,2,0
obstacle,1,3,0,12,0,0
glimpse,1,7,0,1,1,0
consummate,2,0,0,2,2,0
victorious,1,1,0,5,2,1
vanquished,1,0,0,5,1,0
enjoys,2,1,0,0,1,0
massacred,1,0,0,0,0,0
lands,1,1,3,4,12,2
laid,1,42,19,52,22,1
adrift,1,0,1,1,0,1
homeless,1,0,0,1,0,0
penniless,1,1,0,0,0,0
balanced,2,3,1,2,2,0
reread,1,0,0,0,0,0
whisper,2,14,3,7,3,0
paradisiacal,1,0,0,0,0,0
apple,1,2,10,0,0,0
bared,1,1,0,0,0,0
executed,3,0,1,21,2,0
inevitable,1,0,0,2,6,2
torturer,1,0,0,0,0,0
suspect,2,3,1,8,14,0
menaces,2,0,0,2,0,0
binding,1,2,0,1,6,0
enunciation,1,0,0,0,0,0
conduce,1,0,0,1,2,0
adversary,7,0,1,9,3,0
designs,1,1,0,6,1,0
retard,1,0,0,4,0,0
centred,1,2,0,7,0,0
consecrate,2,0,0,0,1,0
contentment,2,0,0,2,0,0
revealed,1,1,0,24,6,0
thinner,1,0,0,0,0,0
charmed,1,0,0,11,3,0
despondent,1,0,0,0,0,0
cling,3,1,1,6,3,0
transfer,1,2,0,4,0,1
replace,2,2,0,5,0,1
cruelly,1,1,2,5,0,0
unavoidable,1,0,0,1,4,1
seal,1,5,1,7,2,0
nicer,1,0,0,0,0,0
tangible,1,1,0,0,1,0
serve,1,4,1,38,6,0
decorations,1,0,0,4,0,0
tragedy,1,3,1,6,17,0
inheritance,1,0,0,7,4,1
austrian,1,2,0,2,0,0
openly,1,3,1,5,7,5
attack,1,15,9,45,3,1
pistols,2,0,7,39,0,0
dagger,1,0,1,12,1,0
artifice,1,0,0,3,0,0
delusion,1,2,0,0,3,0
pervaded,1,0,0,6,2,0
bustle,1,0,6,2,0,0
preparation,2,1,0,10,12,0
diffidence,1,0,0,0,0,0
bride,1,4,0,15,2,0
assembled,1,2,0,13,3,1
evian,2,0,0,0,0,0
nuptial,1,0,0,3,0,0
hot,1,11,21,8,4,0
canopy,1,0,0,1,0,0
montal,1,0,0,0,0,0
gre,1,0,0,0,0,0
surmounting,1,0,1,0,1,0
emulate,1,0,0,0,0,0
coasting,1,1,0,0,0,0
opposing,1,0,0,3,2,1
invader,1,1,0,0,0,0
enslave,1,0,0,0,9,0
permits,1,0,0,2,0,0
whispers,1,1,0,1,3,0
sinister,1,0,0,10,0,1
dome,1,0,0,3,0,0
fish,3,3,3,24,3,0
swimming,1,0,0,2,1,0
pebble,1,0,0,0,0,0
divert,1,1,0,2,4,0
instants,1,0,0,0,1,0
distraction,1,1,0,4,6,0
drance,1,0,0,0,0,0
chasms,1,0,0,1,2,0
glens,1,0,0,0,0,0
amphitheatre,1,0,1,2,0,0
spire,1,0,0,0,0,0
range,1,6,2,4,8,1
amazing,1,0,0,1,1,0
ruffled,1,1,0,0,0,0
hay,1,2,0,2,0,0
clasp,1,3,1,3,0,0
enjoying,2,1,0,7,2,0
obscured,2,3,0,3,0,0
displaying,1,0,0,2,0,0
outlines,1,0,0,0,1,0
west,2,14,19,4,2,1
swifter,1,0,0,0,2,0
vulture,1,0,0,6,0,0
dimmed,2,0,0,1,1,0
busier,1,0,0,0,0,0
pistol,3,2,14,32,0,0
sell,1,4,1,29,8,1
shrink,2,6,0,4,4,0
conflict,3,0,0,3,5,0
timid,1,0,0,9,2,0
momentarily,2,1,0,9,0,0
passages,1,1,0,1,16,0
inspecting,1,0,0,0,1,0
intervened,1,0,0,0,0,0
dropped,1,4,13,24,3,1
fibre,1,0,0,0,0,0
suspended,2,0,0,10,1,0
trickling,1,1,0,0,0,0
extremities,1,0,0,2,0,0
expire,1,0,0,2,0,0
purest,1,0,0,2,1,0
distorted,4,3,0,5,1,0
bloodless,1,1,0,0,0,0
bridal,1,0,0,2,0,0
bier,1,2,0,4,0,0
obstinate,1,0,0,4,1,1
posture,1,2,1,3,0,0
handkerchief,1,4,4,32,0,0
coldness,1,0,0,8,0,0
panic,1,4,1,0,4,0
jeer,1,0,0,0,0,0
leaped,1,5,9,20,0,0
nets,1,0,0,4,0,0
parties,1,2,1,5,4,9
directions,1,1,1,8,2,0
whirled,1,1,1,3,0,0
drunken,1,0,3,4,2,0
instinct,1,9,3,16,3,0
crawled,1,1,5,0,0,0
rambled,1,0,0,0,0,0
reflecting,1,0,0,8,4,0
confusedly,1,0,0,0,0,0
lastly,1,0,0,6,8,0
writhing,1,2,0,3,0,0
row,1,3,1,4,0,0
oar,2,0,4,2,0,0
acme,1,0,0,0,0,0
springs,1,3,1,4,10,0
dreamt,1,1,0,1,0,0
flowery,1,0,1,0,0,0
vales,1,0,0,0,0,0
released,1,2,1,6,3,0
prayed,2,3,1,14,4,0
securing,1,0,0,2,0,0
release,2,2,0,8,3,0
accusation,1,0,0,24,6,2
exert,3,0,0,2,2,0
authority,1,2,0,15,43,0
impressive,1,0,0,2,0,0
quieted,1,4,2,1,0,0
reconciled,1,1,0,3,2,0
marking,1,0,0,3,0,0
dates,1,5,0,5,3,0
deviating,1,0,0,1,0,0
invective,1,0,0,0,0,0
disbelief,1,1,0,0,1,0
seizure,1,0,0,0,0,0
revolt,1,0,0,1,0,1
auditor,1,0,0,1,0,0
officially,1,1,0,2,0,1
consequence,1,2,2,20,15,2
tide,2,15,21,2,2,0
incredulity,1,0,0,6,0,0
mildly,1,0,0,2,0,0
defiance,1,0,0,3,0,0
traverse,2,0,0,5,0,0
dens,1,0,0,0,0,0
venture,1,0,2,19,4,0
intrude,1,1,0,1,0,0
hovers,1,0,0,0,0,0
hunted,1,2,3,4,0,0
intimidated,1,0,0,0,0,0
proportionate,1,0,0,1,0,0
properties,1,1,0,2,1,0
impracticable,1,0,0,0,2,0
unspeakable,2,2,0,1,1,0
exists,1,1,0,9,13,2
haughty,1,1,0,10,0,0
fierceness,1,1,0,0,2,0
martyrs,1,0,0,2,0,0
genevan,1,0,0,0,0,0
devotion,3,7,0,27,5,0
heroism,2,0,0,2,0,0
elevation,1,0,0,5,2,0
reverted,1,0,0,3,1,0
calculating,1,0,0,4,3,0
periods,1,4,0,1,1,0
hardships,5,0,0,0,2,0
wont,1,2,0,1,1,0
sandy,1,3,7,1,0,0
unsettled,1,0,0,1,2,0
entrance,1,6,2,53,1,0
cemetery,1,0,1,17,0,0
uninterested,1,0,0,1,0,0
observer,1,0,0,3,0,0
flit,2,3,1,0,0,0
mourner,1,1,0,0,0,0
drag,1,2,1,8,2,1
weary,1,6,3,12,1,0
quivering,1,4,1,0,0,0
sacred,1,21,0,21,12,0
preside,1,0,0,1,2,0
vanish,4,1,0,3,1,4
ministers,2,1,0,7,7,0
adjuration,1,0,0,0,0,0
approved,1,2,0,6,5,0
furies,1,0,0,0,0,0
choked,1,2,1,4,0,0
re,1,7,85,69,4,2
mediterranean,2,0,0,14,0,0
tartary,1,0,0,0,0,0
evaded,1,0,0,1,0,0
snows,3,1,0,0,0,0
murmured,1,3,2,109,0,0
extricate,1,0,1,5,0,0
repast,1,0,0,13,1,0
invoked,1,1,0,1,1,0
bedim,1,0,0,0,0,0
courses,1,0,0,0,1,0
population,1,1,0,3,12,8
killed,1,5,11,62,0,0
cooking,1,0,2,1,0,0
retain,1,2,0,11,5,0
wearied,1,1,0,5,1,0
toilsome,1,0,0,0,1,0
dreaming,1,12,0,4,3,0
waking,1,17,0,11,8,0
mechanical,1,1,0,2,2,0
marks,1,7,2,13,1,0
barks,1,0,0,1,0,0
instigated,3,0,0,0,1,0
reign,1,1,0,7,7,0
legible,1,0,0,2,0,0
inscriptions,1,0,0,0,0,0
ices,2,0,0,3,0,0
impassive,1,0,0,1,0,0
tardily,1,0,0,0,0,0
hare,1,0,0,1,0,0
wrestle,1,0,1,0,0,0
scoffing,2,0,0,0,0,0
northward,1,1,2,0,0,0
thickened,1,0,0,1,0,0
hovels,1,0,0,0,0,0
article,1,1,0,18,1,1
inscription,1,0,0,1,0,0
wrap,1,1,0,1,0,0
invigorated,1,0,0,2,0,0
unabated,1,0,0,0,1,0
ruggedness,1,0,0,0,0,0
greeks,1,1,0,4,17,0
guiding,2,3,0,2,4,0
conducting,2,0,0,10,2,0
gibe,1,0,0,0,0,0
grapple,1,1,1,1,0,0
intercept,2,0,0,2,0,0
hamlet,1,2,11,3,0,0
seashore,1,0,0,2,0,0
accurate,1,8,1,2,4,0
armed,1,12,4,13,3,1
trained,1,1,1,2,27,0
harnessed,1,1,0,7,0,0
frosts,1,0,1,0,0,0
destructive,1,0,0,3,1,2
mountainous,1,0,0,0,0,0
sunny,1,1,3,0,0,0
triumphant,1,1,0,7,0,0
hovered,1,0,0,2,1,0
fashioned,2,4,0,3,4,0
purchasing,1,0,0,3,0,0
provisions,1,3,2,7,1,0
retribution,1,0,0,1,1,0
provision,1,0,1,1,3,1
protraction,1,0,0,0,0,0
wrung,1,5,0,5,0,0
speck,1,3,0,2,0,0
dusky,1,0,0,1,0,0
strained,1,3,0,4,1,0
proportions,2,2,0,6,12,0
wiped,1,3,0,17,0,0
disencumbered,1,0,0,0,0,0
intervening,1,1,0,1,0,0
crags,1,1,1,1,0,0
perceptibly,1,0,0,1,0,0
rolled,2,6,9,35,0,0
ominous,1,1,0,3,0,0
split,2,0,4,2,0,0
cracked,3,3,2,2,0,0
drifting,1,5,0,0,0,0
lessening,1,0,0,1,0,0
riding,1,3,2,7,2,1
anchor,1,5,14,18,0,0
holding,1,29,14,40,8,0
astounded,1,0,0,2,0,0
construct,1,0,0,0,3,0
raft,3,0,0,0,0,0
mercy,1,11,2,31,3,0
vigour,2,1,1,0,3,1
multiplied,1,0,0,1,7,0
unfulfilled,2,0,0,0,0,0
undergone,1,2,0,1,0,0
eloquent,1,1,0,9,1,0
persuasive,1,0,0,3,1,0
sword,1,2,0,34,1,0
hover,1,0,0,1,0,0
steel,1,6,3,12,2,0
aright,1,2,0,4,2,0
continuation,1,0,0,2,1,0
congeal,1,0,0,0,0,0
curdles,1,0,0,0,0,0
piercing,2,2,0,17,2,0
downcast,1,1,0,1,0,0
suppressing,1,0,0,1,0,0
volcano,1,0,0,6,0,0
bursting,1,2,0,8,0,0
imprecations,1,0,1,2,0,0
asseverations,1,0,0,0,0,0
formation,1,0,0,1,2,3
corrected,1,0,0,0,2,0
conversations,2,1,0,3,0,0
mutilated,1,0,1,3,0,0
posterity,1,0,0,0,8,0
strangest,1,2,1,2,0,0
counsel,1,4,0,8,14,0
infinitely,1,1,0,3,4,0
destitute,1,0,0,3,3,0
composes,1,0,0,0,0,0
holds,1,4,0,8,13,1
derives,1,0,0,0,3,0
excitements,1,0,0,0,0,0
imposing,1,0,0,4,0,0
literature,1,0,0,2,26,13
displays,1,0,0,1,0,1
forcible,1,0,0,0,0,1
pathetic,1,1,0,2,0,0
greatness,1,0,0,0,9,0
coolness,1,0,2,19,1,0
achievements,1,0,1,0,0,0
talents,1,0,0,5,0,0
rational,2,2,0,3,26,0
herd,1,0,0,0,2,0
projectors,1,0,0,0,0,0
serves,1,0,0,5,1,0
speculations,1,0,0,8,12,0
aspired,1,0,0,0,0,0
analysis,1,1,0,1,14,0
incomplete,2,0,0,2,2,0
trod,1,1,1,5,0,0
exulting,1,0,0,0,0,0
recognise,1,3,0,0,11,0
rarely,1,0,0,17,9,0
reconcile,1,0,0,4,0,1
repulses,1,0,0,0,0,0
later,1,77,5,14,34,1
infantine,1,0,0,0,0,0
modified,1,0,0,0,1,1
eradicated,1,0,0,0,2,0
fraud,1,0,0,0,3,0
dealing,1,3,0,1,3,0
association,1,0,0,1,4,4
fraught,1,0,0,3,0,0
peril,3,6,2,6,1,0
admit,1,7,0,19,52,2
threaten,1,1,1,4,0,0
brave,3,33,7,26,15,1
endangered,1,0,0,1,0,0
schemes,1,0,0,2,2,0
visitings,1,0,0,0,0,0
expectations,1,1,0,4,0,0
regards,1,0,0,15,6,0
talks,1,1,1,7,2,0
auguries,1,0,0,0,0,0
rouses,1,0,0,0,1,0
energies,1,2,0,0,2,0
mutiny,2,0,6,0,3,0
imminent,2,0,0,3,0,0
crushed,1,4,1,14,4,0
glimmers,1,0,0,0,0,0
lifelessness,1,0,0,0,0,0
wan,1,3,0,0,0,0
listlessly,1,0,0,2,0,0
admission,1,1,0,2,7,0
leader,1,5,0,4,9,0
deputation,1,0,0,0,0,0
surmounted,1,0,0,8,0,0
despaired,1,0,0,0,0,0
smooth,1,4,7,8,5,0
encountered,1,1,1,11,0,0
handed,1,19,7,13,3,2
chilly,1,0,0,0,0,0
firesides,1,0,0,0,0,0
shame,1,6,3,28,11,0
defeat,1,4,0,6,1,0
cowards,1,1,1,2,5,0
stuff,1,3,4,2,1,0
withstand,2,0,0,0,0,0
stigma,1,0,0,1,0,0
brows,1,8,1,8,0,0
fought,1,6,4,6,4,1
backs,1,2,1,2,1,0
modulated,1,0,1,1,0,0
strenuously,1,2,0,0,2,0
terminate,1,0,0,3,0,0
shamefully,1,0,0,3,0,0
unsupported,1,0,0,0,0,0
indecision,1,0,0,1,0,0
despond,1,0,0,0,0,0
passive,1,0,0,3,1,0
shout,2,4,3,5,0,0
dozing,1,2,0,0,0,0
demands,1,0,0,8,7,4
unwillingly,1,0,0,1,1,0
assigned,1,1,0,7,10,0
endow,1,0,0,1,0,0
extinct,2,0,0,7,2,0
surgeon,1,3,1,6,0,0
composing,1,0,0,0,0,0
grieve,1,2,0,4,0,0
bidding,1,4,2,5,5,0
blamable,1,0,0,0,0,0
paramount,1,1,0,0,2,0
claims,1,1,0,3,4,0
included,1,2,1,5,11,0
refusing,1,0,0,3,9,0
actuated,1,0,0,5,1,0
renounce,1,0,0,3,2,0
points,1,7,3,11,23,0
balancing,1,0,1,4,0,0
misled,1,2,0,0,1,0
disturbs,1,2,0,0,0,0
distinguishing,1,0,0,1,3,1
fainter,1,2,2,0,1,0
feebly,1,1,1,3,0,0
irradiation,1,0,0,0,0,0
comment,1,2,0,3,0,0
depth,1,4,0,8,5,0
inadequate,1,0,0,1,1,0
overshadowed,1,0,0,2,0,0
portend,1,0,0,0,0,0
fairly,1,6,8,9,20,0
stir,1,6,0,4,3,1
hoarser,1,0,0,0,0,0
comes,1,39,11,57,63,0
fated,1,0,0,5,4,0
locks,1,1,0,4,0,0
texture,1,0,0,2,2,0
consummated,1,0,0,3,0,0
irretrievably,1,0,0,0,0,0
lovedst,1,0,0,0,0,0
obeying,1,0,1,3,1,0
scaring,1,0,0,1,1,0
reproaches,1,0,0,4,1,0
superfluous,1,0,0,4,3,0
heeded,1,0,0,0,1,0
stings,1,0,0,1,9,0
diabolical,1,6,1,1,0,0
extremity,2,0,0,13,2,0
thousandth,1,0,0,1,0,0
lingering,1,0,1,2,2,0
wrenched,1,1,1,0,0,0
pitied,1,1,0,5,2,0
impotent,2,1,0,1,0,0
insatiable,2,0,0,0,10,0
disobey,1,0,0,2,1,0
riot,1,1,0,0,0,0
adapt,1,0,0,1,1,0
rekindled,1,0,0,1,0,0
whine,1,0,0,0,0,0
torch,1,0,8,32,4,0
buildings,1,0,1,1,0,0
hypocritical,1,0,0,3,0,1
withdrawn,1,1,0,2,1,0
participated,1,0,0,2,0,0
opprobrium,1,0,0,0,0,0
fame,1,0,0,2,5,0
falsely,1,0,0,0,5,0
pardoning,1,0,0,0,0,0
nourished,1,0,0,1,0,0
meanest,1,0,0,0,2,0
comparable,1,0,0,0,1,0
catalogue,1,0,0,1,2,0
transcendent,1,0,0,0,0,0
associates,1,0,0,2,5,0
wasting,1,1,0,1,1,0
craving,1,1,0,0,0,0
fellowship,1,0,0,1,2,0
humankind,2,0,0,0,0,0
sinned,1,0,0,1,1,0
contumely,1,0,0,0,0,0
execrate,1,0,0,1,0,0
saviour,1,0,0,2,7,0
immaculate,1,0,0,0,0,0
abortion,1,0,0,0,0,0
kicked,1,1,2,0,0,0
trampled,1,0,1,5,4,0
boils,1,0,0,1,1,0
injured,1,8,2,4,12,0
select,1,0,0,5,13,0
specimen,1,3,0,7,0,0
irremediable,1,0,0,1,1,0
haunt,1,0,0,0,0,0
needed,1,12,2,11,15,1
thither,1,2,2,12,9,0
ashes,2,1,1,9,2,0
curious,1,9,5,33,10,0
unquenched,1,0,0,0,0,0
affords,1,0,0,2,3,0
rustling,1,0,1,4,0,0
warbling,1,0,0,1,1,0
polluted,1,1,0,0,0,0
wert,2,0,0,0,0,0
didst,1,0,0,1,0,0
hadst,1,0,0,0,0,0
wouldst,1,0,0,1,0,0
rankle,1,0,0,0,0,0
triumphantly,1,1,0,6,0,0
exult,1,0,0,0,0,0
torturing,1,2,0,1,2,0
conflagration,1,0,0,1,0,0
fade,1,2,0,3,4,0
thinks,1,9,2,12,33,0
dracula,0,36,0,0,0,0
bram,0,2,0,0,0,0
stoker,0,2,0,0,0,0
illustration,0,1,0,0,17,0
colophon,0,1,0,0,0,0
york,0,3,0,0,0,0
grosset,0,4,0,0,0,0
dunlap,0,4,0,0,0,0
publishers,0,3,0,0,0,0
copyright,0,1,0,0,0,0
congress,0,1,0,0,0,0
rights,0,3,2,3,7,1
printed,0,1,1,3,0,0
y,0,3,7,1,0,0
hommy,0,1,0,0,0,0
jonathan,0,208,0,0,0,0
harker,0,175,0,0,0,0
ii,0,2,2,3,6,4
iii,0,2,2,4,5,2
iv,0,2,2,3,9,2
v,0,3,4,2,10,0
lucy,0,301,0,0,0,0
mina,0,244,0,0,0,0
vi,0,2,2,8,6,0
murray,0,17,0,0,0,0
vii,0,2,2,4,6,0
cutting,0,3,0,7,4,0
dailygraph,0,3,0,0,0,0
viii,0,2,2,0,4,0
ix,0,2,2,1,8,0
x,0,3,2,3,24,0
xi,0,2,2,0,0,0
westenra,0,46,0,0,0,0
diary,0,111,0,0,0,0
xii,0,2,2,2,1,0
dr,0,189,46,2,5,0
seward,0,139,0,0,0,0
xiii,0,2,2,2,0,0
xiv,0,2,2,4,0,0
xv,0,2,2,2,0,0
xvi,0,2,2,4,0,0
xvii,0,2,1,0,0,0
xviii,0,2,2,42,0,0
xix,0,2,2,0,0,0
xx,0,2,2,0,0,0
xxi,0,2,2,0,0,0
xxii,0,2,2,1,0,0
xxiii,0,2,2,0,0,0
xxiv,0,2,2,0,0,0
phonograph,0,16,0,0,0,0
van,0,323,0,1,0,0
helsing,0,323,0,0,0,0
xxv,0,2,2,0,0,0
xxvi,0,2,2,0,0,0
xxvii,0,2,3,0,0,0
sequence,0,3,0,1,3,0
manifest,0,7,0,6,1,0
needless,0,7,0,7,0,0
eliminated,0,1,0,0,1,0
variance,0,1,0,3,13,0
possibilities,0,1,0,4,2,0
throughout,0,7,2,11,9,0
wherein,0,4,0,1,1,0
err,0,2,0,1,8,0
records,0,4,0,0,1,0
contemporary,0,1,0,1,4,0
standpoints,0,1,0,0,0,0
shorthand,0,12,0,0,0,0
bistritz,0,12,0,0,0,0
munich,0,1,0,0,0,0
vienna,0,1,0,3,0,0
buda,0,6,0,0,0,0
pesth,0,6,0,0,0,0
got,0,157,75,52,22,3
start,0,26,7,24,4,0
correct,0,7,0,11,9,0
splendid,0,3,0,43,2,0
bridges,0,1,0,0,0,0
danube,0,10,0,0,0,0
traditions,0,3,0,1,2,0
nightfall,0,1,1,2,0,0
klausenburgh,0,1,0,0,0,0
hotel,0,13,0,47,0,0
royale,0,1,0,2,0,0
supper,0,17,5,37,1,0
chicken,0,4,1,0,0,0
pepper,0,2,0,0,0,0
thirsty,0,3,0,7,6,0
mem,0,6,0,0,4,0
recipe,0,2,0,4,0,0
waiter,0,1,0,16,0,0
paprika,0,3,0,0,0,0
hendl,0,1,0,0,0,0
dish,0,3,0,4,1,0
anywhere,0,16,0,9,4,1
carpathians,0,9,0,0,0,0
smattering,0,1,0,1,0,0
don,0,86,85,85,7,1
disposal,0,5,0,15,1,2
british,0,4,2,1,0,0
museum,0,2,0,2,1,0
maps,0,6,0,0,0,0
transylvania,0,15,0,0,0,0
foreknowledge,0,1,0,0,0,0
borders,0,1,3,4,1,0
moldavia,0,1,0,0,0,0
bukovina,0,8,0,0,0,0
carpathian,0,2,0,0,0,0
portions,0,1,0,1,5,2
exact,0,9,3,17,13,1
locality,0,3,0,0,0,1
compare,0,2,0,0,18,0
ordnance,0,1,0,0,0,0
survey,0,1,0,7,1,0
count,0,198,6,1488,9,0
refresh,0,4,0,3,0,0
nationalities,0,2,0,0,0,2
saxons,0,1,0,0,0,0
mixed,0,5,1,10,14,0
wallachs,0,1,0,0,0,0
descendants,0,1,0,7,4,0
dacians,0,1,0,0,0,0
magyars,0,3,0,0,0,0
szekelys,0,4,0,0,0,0
attila,0,2,0,1,0,0
huns,0,3,0,0,0,0
eleventh,0,1,0,1,0,0
horseshoe,0,1,0,1,0,0
sort,0,79,17,68,156,0
whirlpool,0,2,0,1,0,0
though,0,221,57,205,103,2
sorts,0,13,1,9,21,0
queer,0,10,1,0,0,0
howling,0,24,0,0,1,0
carafe,0,2,0,2,0,0
wakened,0,5,3,0,0,0
continuous,0,2,1,0,6,0
knocking,0,4,0,7,1,0
porridge,0,1,1,0,0,0
maize,0,1,0,0,0,0
flour,0,1,0,2,2,0
mamaliga,0,1,0,0,0,0
egg,0,1,1,0,0,0
plant,0,1,0,3,4,0
stuffed,0,1,0,2,0,0
forcemeat,0,1,0,0,0,0
impletata,0,1,0,0,0,0
unpunctual,0,1,0,0,0,0
china,0,3,0,12,1,0
dawdle,0,1,0,0,0,0
missals,0,1,0,0,0,0
margin,0,2,4,1,0,0
floods,0,1,0,2,0,0
sweep,0,9,0,1,0,0
groups,0,2,0,5,0,0
crowds,0,2,0,0,0,0
attire,0,2,0,14,1,0
jackets,0,1,1,0,0,0
hats,0,3,0,2,0,0
trousers,0,4,0,15,0,0
clumsy,0,2,3,2,2,0
waist,0,1,6,11,0,0
sleeves,0,2,0,2,0,0
big,0,45,20,5,0,0
belts,0,2,0,1,0,0
strips,0,2,0,2,0,0
fluttering,0,1,1,2,0,0
dresses,0,2,0,3,2,0
ballet,0,1,0,8,0,0
petticoats,0,1,0,0,0,0
slovaks,0,14,0,0,0,0
barbarian,0,1,0,0,0,3
baggy,0,1,0,0,0,0
dirty,0,4,5,2,0,0
shirts,0,1,2,3,0,0
enormous,0,1,0,24,2,2
leather,0,3,2,2,2,0
studded,0,4,0,6,0,0
brass,0,2,10,0,13,0
nails,0,6,3,10,0,0
boots,0,3,3,13,0,0
tucked,0,3,0,0,0,0
moustaches,0,1,0,3,0,0
prepossessing,0,1,0,2,0,0
band,0,10,0,15,5,0
brigands,0,1,0,12,0,0
wanting,0,7,3,15,18,1
twilight,0,3,0,7,1,0
frontier,0,6,0,8,0,1
borgo,0,11,0,2,0,0
leads,0,1,1,10,17,0
stormy,0,2,1,10,0,0
shows,0,5,0,6,19,0
fires,0,2,1,3,0,0
separate,0,1,3,10,13,3
seventeenth,0,1,0,1,0,1
siege,0,1,0,1,1,0
krone,0,1,0,0,0,0
thoroughly,0,4,3,16,2,0
wanted,0,44,16,30,12,0
faced,0,4,4,2,0,0
cheery,0,3,0,0,0,0
elderly,0,3,1,1,0,0
undergarment,0,1,0,0,0,0
apron,0,1,0,2,0,0
front,0,21,17,27,2,3
coloured,0,3,1,0,3,0
tight,0,13,3,1,0,0
bowed,0,13,0,92,2,0
herr,0,7,0,0,0,0
message,0,9,1,10,1,0
shirt,0,4,2,11,0,0
expecting,0,1,1,24,3,0
landlord,0,2,2,20,0,2
directing,0,1,0,8,0,0
reticent,0,2,0,0,1,0
mumbled,0,1,0,0,0,0
comforting,0,5,0,0,0,0
hysterical,0,5,0,1,0,0
grip,0,4,1,0,0,0
asking,0,14,4,17,14,0
fourth,0,4,1,22,25,0
george,0,3,26,1,0,0
strikes,0,2,1,7,1,0
evident,0,18,0,55,8,2
implored,0,7,0,2,0,0
ridiculous,0,2,0,16,35,1
gravely,0,19,1,12,0,0
imperative,0,2,0,5,0,0
crucifix,0,19,1,4,0,0
churchman,0,1,0,3,0,0
idolatrous,0,2,0,0,0,0
ungracious,0,1,0,0,0,0
rosary,0,1,0,1,0,0
ghostly,0,7,0,0,1,0
easy,0,15,10,71,31,0
bye,0,22,4,15,1,0
jagged,0,5,0,0,0,0
sleepy,0,15,1,1,4,0
naturally,0,11,1,26,28,2
odd,0,20,6,1,2,0
reads,0,1,0,2,0,0
dined,0,7,0,10,0,0
robber,0,1,0,3,0,0
steak,0,1,0,0,0,0
bits,0,2,5,2,0,0
bacon,0,1,2,2,9,0
onion,0,1,0,0,0,0
beef,0,1,0,0,4,0
seasoned,0,1,0,0,0,0
strung,0,1,0,0,0,0
sticks,0,2,1,3,1,0
cat,0,14,4,1,0,0
meat,0,2,3,5,5,0
mediasch,0,1,0,0,0,0
disagreeable,0,1,0,15,2,0
couple,0,7,5,11,0,0
glasses,0,9,1,5,0,0
driver,0,31,0,10,0,0
landlady,0,2,0,0,0,0
bench,0,2,1,15,0,0
bearer,0,1,1,15,1,0
pityingly,0,3,0,0,0,0
polyglot,0,6,0,0,0,0
dictionary,0,1,0,9,0,0
bag,0,31,6,8,0,1
ordog,0,2,0,0,0,0
pokol,0,2,0,0,0,0
stregoica,0,2,0,0,0,0
witch,0,4,0,0,0,0
vrolok,0,1,0,0,0,0
vlkoslak,0,1,0,0,0,0
slovak,0,7,0,0,0,0
servian,0,1,0,0,0,0
wolf,0,28,1,8,4,0
superstitions,0,2,1,2,0,0
size,0,6,4,17,5,0
passenger,0,3,1,1,0,0
guard,0,14,9,19,19,0
sympathetic,0,2,0,5,2,0
archway,0,1,0,3,0,0
background,0,2,0,4,1,1
oleander,0,1,0,0,0,0
orange,0,2,0,8,0,0
tubs,0,1,0,0,0,0
clustered,0,1,0,0,0,0
drawers,0,1,0,9,0,0
box,0,63,6,110,1,0
gotza,0,1,0,0,0,0
whip,0,4,1,4,0,0
abreast,0,3,0,3,0,0
passengers,0,6,0,2,1,0
crowned,0,1,0,5,8,0
clumps,0,1,2,3,0,0
farmhouses,0,1,0,0,0,0
blank,0,7,3,3,2,0
gable,0,1,0,0,0,0
bewildering,0,1,0,0,0,0
fruit,0,1,0,15,3,2
plum,0,2,1,0,0,0
pear,0,1,0,0,0,0
cherry,0,1,0,1,0,0
spangled,0,1,0,0,7,0
petals,0,1,0,0,0,0
mittel,0,2,0,0,0,0
losing,0,4,0,12,4,1
grassy,0,1,0,0,0,0
curve,0,4,0,1,0,0
straggling,0,2,0,1,0,0
ends,0,6,3,5,16,4
hillsides,0,1,0,0,0,0
reaching,0,3,1,17,6,0
prund,0,1,0,0,0,0
summertime,0,1,0,0,0,0
tradition,0,3,0,1,10,0
hospadars,0,1,0,0,0,0
troops,0,3,0,6,2,0
loading,0,1,3,1,0,0
slopes,0,1,2,0,0,0
steeps,0,1,0,0,0,0
purple,0,3,0,15,7,0
brown,0,4,5,9,0,0
perspective,0,2,0,0,0,0
grandly,0,1,1,0,2,0
gleam,0,5,1,6,0,0
serpentine,0,1,0,0,0,0
isten,0,1,0,0,0,0
szek,0,1,0,0,0,0
reverently,0,5,1,1,1,0
creep,0,3,0,2,2,0
emphasised,0,1,0,0,0,0
cszeks,0,2,0,0,0,0
noticed,0,24,0,42,3,0
goitre,0,1,0,0,0,0
prevalent,0,1,0,4,1,0
roadside,0,1,0,1,0,0
crosses,0,1,7,4,0,0
surrender,0,1,1,2,1,0
outer,0,3,0,12,6,0
ricks,0,1,0,0,0,0
birch,0,1,0,0,0,0
stems,0,2,0,0,0,0
leiter,0,6,0,0,0,0
wagon,0,4,0,3,0,0
cart,0,18,0,10,0,0
vertebra,0,1,0,3,0,0
sheepskins,0,1,0,0,0,0
lance,0,1,0,7,0,0
staves,0,2,0,0,0,0
axe,0,1,4,0,0,0
growing,0,23,12,13,6,3
merge,0,3,0,0,0,0
mistiness,0,1,0,0,0,0
beech,0,1,0,0,0,0
spurs,0,2,1,1,0,0
firs,0,1,0,0,0,0
greyness,0,1,0,0,0,0
bestrewed,0,1,0,0,0,0
weird,0,4,0,0,0,0
grim,0,24,1,2,1,0
engendered,0,2,0,0,1,0
ghost,0,3,1,6,4,0
ceaselessly,0,1,0,0,0,0
pleasantry,0,2,0,2,1,0
catch,0,13,6,18,7,0
approving,0,1,0,1,0,0
lamps,0,13,0,6,0,0
excitement,0,14,4,30,3,1
urging,0,1,0,2,1,0
lashed,0,4,1,0,0,0
unmercifully,0,1,0,1,0,0
encouragement,0,1,1,2,2,0
patch,0,1,1,3,1,0
ahead,0,8,3,3,0,0
cleft,0,1,2,3,0,0
crazy,0,1,1,4,0,0
rocked,0,1,0,1,0,0
swayed,0,1,0,0,0,0
tossed,0,3,5,4,0,0
frown,0,2,2,3,0,0
gifts,0,2,1,4,27,0
movements,0,4,1,8,1,4
leaned,0,10,5,25,0,0
craning,0,1,1,0,0,0
peered,0,2,1,0,0,0
rolling,0,6,5,13,4,0
overhead,0,8,2,3,0,0
atmospheres,0,1,0,0,0,0
thunderous,0,1,0,0,0,0
conveyance,0,1,0,2,0,0
glare,0,2,1,5,1,0
flickering,0,3,1,7,0,0
steam,0,6,0,4,0,2
neigh,0,1,0,0,0,0
snort,0,2,1,0,0,0
wildly,0,3,1,1,0,0
chorus,0,2,4,2,5,1
screams,0,2,0,3,0,1
cal,0,7,0,0,0,0
che,0,7,0,1,0,0
overtook,0,1,0,5,0,0
coal,0,4,0,2,0,0
beard,0,3,0,19,0,0
hat,0,13,11,51,0,0
pair,0,5,6,32,3,0
lamplight,0,3,0,1,0,0
stammered,0,2,0,25,0,0
deceive,0,9,0,11,9,0
swift,0,5,3,1,6,0
mouth,0,38,19,54,7,0
sharp,0,26,12,27,2,0
ivory,0,2,0,4,1,0
burger,0,1,0,0,0,0
lenore,0,1,0,0,0,0
denn,0,1,0,0,0,0
todten,0,1,0,0,0,0
reiten,0,1,0,0,0,0
schnell,0,1,0,0,0,0
gleaming,0,3,1,2,0,0
luggage,0,6,0,1,0,0
exceeding,0,2,0,3,2,0
alacrity,0,2,0,2,0,0
bags,0,2,3,2,0,0
alongside,0,2,10,4,2,0
helping,0,6,1,1,5,0
prodigious,0,2,2,2,0,0
reins,0,5,0,3,4,0
projected,0,1,0,14,0,0
rug,0,2,0,0,0,0
mein,0,4,0,0,0,0
flask,0,1,0,4,0,0
slivovitz,0,1,0,0,0,0
underneath,0,3,2,3,0,0
alternative,0,2,0,2,4,0
prosecuting,0,1,0,0,0,0
note,0,28,7,33,31,0
salient,0,1,0,0,0,0
liked,0,3,6,10,5,0
protest,0,3,0,2,2,0
experiences,0,7,0,1,4,0
somewhere,0,26,2,10,3,0
wailing,0,1,0,0,1,0
rear,0,1,3,5,3,0
soothingly,0,1,0,0,0,0
shivered,0,3,0,4,0,0
sweated,0,1,0,0,0,0
runaway,0,1,0,1,0,0
fright,0,8,0,6,0,0
louder,0,5,6,4,0,0
sharper,0,8,0,0,0,0
wolves,0,47,0,1,4,0
jump,0,3,9,2,0,0
reared,0,3,0,1,2,0
bolting,0,1,0,1,0,0
petted,0,3,0,0,0,0
horse,0,12,9,75,8,0
tamers,0,1,0,0,0,0
manageable,0,1,0,0,0,0
shaking,0,4,5,27,1,0
roadway,0,5,0,0,0,0
sharply,0,2,8,4,1,0
hemmed,0,1,0,1,0,0
arched,0,4,0,6,0,0
tunnel,0,2,0,8,0,0
boldly,0,3,0,6,5,0
moaned,0,4,1,0,0,0
whistled,0,1,7,3,0,0
crashed,0,1,0,0,0,0
colder,0,3,0,1,0,0
powdery,0,1,0,0,0,0
blanket,0,3,0,1,0,0
baying,0,1,0,0,0,0
jumping,0,4,3,1,0,0
wondered,0,5,3,3,0,0
endlessly,0,1,0,0,0,0
illumine,0,1,0,0,0,0
gathering,0,5,1,6,3,0
device,0,2,0,2,4,0
optical,0,1,0,0,0,0
obstruct,0,1,0,1,0,0
flicker,0,2,0,0,0,0
straining,0,1,1,2,1,0
sped,0,1,0,1,0,0
afield,0,2,0,0,0,0
crest,0,1,0,5,1,0
beetling,0,1,1,0,0,0
lolling,0,1,0,0,0,0
sinewy,0,1,1,0,0,0
shaggy,0,1,1,1,0,0
howled,0,2,0,2,0,0
paralysis,0,1,0,3,0,0
import,0,1,0,2,2,0
helplessly,0,1,0,0,0,0
perforce,0,1,0,1,0,0
coachman,0,3,0,45,0,0
shouted,0,7,7,10,0,0
scare,0,2,0,0,0,0
trap,0,6,2,4,0,1
brushing,0,1,0,1,0,0
impalpable,0,1,0,1,0,0
uncanny,0,3,0,0,0,0
interminable,0,1,0,3,1,0
ascending,0,2,0,9,4,0
occasional,0,3,2,1,2,1
main,0,10,18,3,10,0
ray,0,3,1,25,0,0
battlements,0,3,0,0,0,0
moonlit,0,2,1,1,0,0
arches,0,1,0,0,0,0
bigger,0,2,0,1,1,0
alight,0,1,0,4,0,0
traps,0,2,0,1,0,0
projecting,0,1,0,7,1,0
doorway,0,4,2,4,0,0
massive,0,5,0,5,0,1
massively,0,1,0,0,0,0
carved,0,1,0,12,0,0
carving,0,1,0,0,0,0
openings,0,3,0,7,3,0
bell,0,9,1,50,0,0
knocker,0,1,0,0,0,0
customary,0,1,0,8,6,0
solicitor,0,14,0,1,0,0
clerk,0,5,0,23,0,0
estate,0,6,0,8,3,1
foreigner,0,2,0,8,1,0
successful,0,7,1,10,0,0
blown,0,2,2,4,1,0
rub,0,4,0,0,1,0
pinch,0,2,3,0,0,0
struggling,0,4,2,10,3,0
overwork,0,2,0,0,0,0
pinching,0,1,1,0,0,0
test,0,5,0,6,12,0
rattling,0,2,4,7,0,0
clanking,0,1,0,1,0,0
key,0,46,7,38,1,0
grating,0,1,0,13,0,0
disuse,0,2,0,1,1,0
swung,0,4,8,3,0,0
shaven,0,2,0,1,0,0
moustache,0,6,0,9,0,0
flickered,0,1,1,2,0,0
courtly,0,5,0,1,0,0
intonation,0,2,0,4,0,0
stepping,0,5,0,4,0,0
statue,0,1,2,13,4,0
impulsively,0,4,0,0,0,0
wince,0,3,0,0,0,0
safely,0,3,2,15,11,0
handshake,0,1,0,0,0,0
interrogatively,0,2,0,0,0,0
bracket,0,1,0,3,0,0
forestall,0,1,0,1,0,0
protested,0,1,0,3,0,0
available,0,6,0,6,0,0
stair,0,5,0,3,0,0
lit,0,23,3,8,0,0
hearth,0,2,1,4,0,0
logs,0,2,1,0,0,0
freshly,0,1,1,0,0,0
flamed,0,2,0,0,0,0
flared,0,1,0,0,0,0
halted,0,1,0,3,1,0
octagonal,0,2,0,1,0,0
log,0,4,19,3,0,0
hollow,0,8,5,17,4,0
roar,0,4,2,2,4,0
toilet,0,4,0,12,0,0
courteous,0,7,0,1,1,0
normal,0,4,0,0,0,0
famished,0,1,0,2,0,0
fireplace,0,4,0,6,0,0
stonework,0,3,0,0,0,0
wave,0,5,4,13,16,0
pray,0,19,0,92,8,0
sup,0,2,1,6,0,0
hawkins,0,25,53,0,0,0
entrusted,0,1,0,1,2,0
gout,0,2,0,0,0,0
malady,0,3,0,7,1,0
forbids,0,2,0,0,1,0
substitute,0,1,0,5,1,0
discreet,0,1,0,3,0,0
manhood,0,6,0,1,4,0
cover,0,4,9,14,6,0
roast,0,1,1,4,4,0
salad,0,1,0,1,0,0
bottle,0,6,18,37,0,0
tokay,0,1,0,0,0,0
eating,0,4,4,17,16,0
cigar,0,3,0,12,0,0
excusing,0,1,0,1,0,0
aquiline,0,4,0,0,0,0
nose,0,15,9,8,3,0
nostrils,0,5,1,6,0,0
domed,0,1,0,0,0,0
scantily,0,1,0,0,0,0
profusely,0,1,0,1,0,0
elsewhere,0,3,0,8,12,0
eyebrows,0,8,1,9,0,0
bushy,0,5,0,0,0,0
curl,0,1,0,2,0,0
profusion,0,1,0,3,0,0
protruded,0,1,0,0,0,0
ruddiness,0,1,0,0,0,0
vitality,0,2,0,0,0,0
tops,0,7,5,0,2,0
chin,0,7,3,11,0,0
pallor,0,11,0,22,0,0
firelight,0,1,1,2,0,0
palm,0,2,6,1,3,0
repress,0,2,0,6,1,0
nausea,0,1,0,0,0,0
noticing,0,5,1,7,0,0
protuberant,0,1,0,0,0,0
streak,0,5,0,3,0,0
gleamed,0,2,0,3,0,0
dwellers,0,1,0,2,1,0
hunter,0,2,27,1,0,0
tired,0,25,6,21,0,0
bow,0,13,6,24,2,0
accord,0,6,0,8,3,0
supped,0,2,1,1,1,0
coffee,0,3,0,19,0,0
pot,0,3,0,1,0,0
card,0,2,1,11,0,0
hearty,0,6,5,5,0,0
deficiencies,0,1,0,0,1,0
evidences,0,4,0,2,0,0
beautifully,0,2,0,7,0,0
curtains,0,3,1,18,0,0
upholstery,0,1,0,0,0,0
sofas,0,2,0,1,4,0
hangings,0,1,0,4,0,0
costliest,0,1,0,0,0,0
fabrics,0,1,0,1,0,0
fabulous,0,1,0,5,2,0
centuries,0,17,0,5,3,1
hampton,0,1,0,0,0,0
frayed,0,1,1,0,0,0
moth,0,5,0,0,0,0
glass,0,24,36,137,0,0
shaving,0,4,1,0,0,0
shave,0,3,1,2,1,0
brush,0,3,5,4,0,0
newspaper,0,1,0,5,0,0
locked,0,28,4,20,0,0
shelves,0,1,0,1,0,0
magazines,0,2,0,0,1,0
newspapers,0,4,0,8,0,0
littered,0,1,0,0,0,0
political,0,2,0,24,47,28
economy,0,1,0,5,3,0
botany,0,1,0,1,0,0
geology,0,1,0,0,0,0
directory,0,2,0,1,0,0
whitaker,0,1,0,0,0,0
almanac,0,1,0,0,0,0
army,0,2,0,28,15,1
navy,0,1,0,2,0,0
lists,0,2,0,1,0,0
somehow,0,25,0,3,2,0
gladdened,0,2,0,0,0,0
whirl,0,6,0,2,0,0
flattering,0,1,1,7,0,0
estimate,0,1,0,2,2,0
grammar,0,1,0,0,1,0
excellently,0,1,0,1,1,0
boyar,0,3,0,0,0,0
stops,0,1,0,2,0,0
ha,0,4,0,21,0,0
agent,0,12,0,25,2,0
peter,0,8,0,10,2,0
exeter,0,17,0,0,0,0
awhile,0,9,3,1,1,0
error,0,2,1,20,31,0
smallest,0,1,0,7,4,0
willing,0,10,3,15,22,0
chose,0,3,1,12,9,0
sheered,0,1,0,0,0,0
pretending,0,4,0,1,2,0
frankly,0,8,0,5,1,0
bolder,0,1,3,0,1,0
commonly,0,1,0,2,16,0
wallachian,0,1,0,0,0,0
saxon,0,2,0,0,0,0
enriched,0,1,0,1,0,0
patriots,0,2,0,0,0,0
invaders,0,1,0,0,1,0
stirring,0,3,3,1,2,0
hungarian,0,5,0,1,0,0
hordes,0,1,0,0,0,0
artificial,0,1,1,7,5,0
avalanches,0,1,0,0,0,0
friendly,0,2,5,14,3,0
index,0,3,0,0,0,0
gums,0,7,0,0,0,0
canine,0,4,0,0,0,0
apology,0,4,1,6,4,0
sofa,0,17,0,11,0,0
bradshaw,0,1,0,0,0,0
myriad,0,3,0,0,0,0
surroundings,0,3,0,2,1,1
beforehand,0,2,0,17,2,1
needful,0,3,0,1,1,0
patronymic,0,1,0,0,0,0
purfleet,0,6,0,0,0,0
signature,0,1,0,25,0,0
suitable,0,3,1,14,14,0
inscribe,0,1,0,1,2,0
dilapidated,0,1,0,1,0,0
sale,0,4,0,8,3,1
rust,0,2,0,2,1,0
carfax,0,24,0,0,0,0
quatre,0,1,0,0,0,0
sided,0,1,3,0,2,1
agreeing,0,2,0,0,2,0
cardinal,0,1,0,20,1,0
contains,0,1,0,4,8,0
acres,0,1,0,3,0,0
pond,0,1,1,3,0,0
fed,0,5,1,6,5,1
sized,0,6,1,0,0,0
medi,0,1,0,0,0,0
val,0,1,0,2,0,0
immensely,0,3,1,3,0,1
chapel,0,18,1,1,0,0
leading,0,3,1,34,11,3
kodak,0,1,0,0,0,0
amount,0,9,6,36,8,0
recently,0,2,2,7,3,0
lunatic,0,21,0,3,1,0
grounds,0,6,0,6,7,0
transylvanian,0,1,0,0,0,0
nobles,0,1,0,0,0,0
mirth,0,4,1,6,0,0
voluptuousness,0,2,0,1,0,0
sparkling,0,1,0,15,0,0
attuned,0,1,0,3,0,0
moreover,0,3,0,28,11,2
breathes,0,2,0,0,0,0
casements,0,1,0,0,0,0
saturnine,0,1,0,0,0,0
atlas,0,1,0,2,0,0
rings,0,1,1,5,2,0
manifestly,0,10,0,1,2,0
whitby,0,43,0,0,0,0
yorkshire,0,3,0,0,0,0
aha,0,4,0,1,0,0
excused,0,1,1,5,2,0
chatted,0,2,0,0,0,0
smoked,0,2,1,2,0,0
chatting,0,1,1,5,0,0
conceivable,0,1,0,0,5,0
obligation,0,1,0,5,1,0
fortified,0,1,0,3,0,0
experiencing,0,1,0,1,1,0
tied,0,11,2,17,0,0
crow,0,2,1,2,1,0
cock,0,3,3,1,2,0
preternatural,0,1,0,0,0,0
shrillness,0,1,0,0,0,0
remiss,0,1,0,1,0,0
flies,0,25,1,2,2,0
quickening,0,2,1,0,0,0
diffuse,0,2,0,0,0,0
telling,0,24,4,26,14,0
prosaic,0,2,0,2,1,0
slightly,0,8,1,22,3,0
salutation,0,1,0,6,0,0
startling,0,5,1,6,0,0
vague,0,9,0,18,2,0
bled,0,3,1,1,0,0
razor,0,1,0,2,0,0
sticking,0,1,0,2,1,0
plaster,0,1,1,5,0,0
blazed,0,5,1,1,0,0
demoniac,0,1,0,1,0,0
grab,0,1,0,0,0,0
string,0,1,3,5,1,0
beads,0,4,0,3,0,0
foul,0,15,1,4,2,1
vanity,0,3,0,5,4,0
wrench,0,3,1,0,0,0
metal,0,6,0,1,4,0
dining,0,13,0,16,1,0
breakfasted,0,2,1,5,0,0
exploring,0,1,1,1,0,0
occasionally,0,2,0,15,1,0
rift,0,1,0,0,0,0
chasm,0,1,0,1,4,0
threads,0,1,1,1,2,0
gorges,0,2,0,1,0,0
explored,0,1,1,1,0,0
bolted,0,2,4,8,0,0
exit,0,3,0,1,0,0
veritable,0,2,0,3,0,0
trying,0,22,8,22,10,0
peering,0,1,2,2,0,0
behaved,0,4,2,6,0,0
rat,0,4,0,0,0,0
definite,0,4,0,2,8,1
imprisoned,0,2,0,10,0,0
trusted,0,7,3,5,4,0
baby,0,3,0,3,0,0
straits,0,5,3,1,0,0
brains,0,9,1,9,0,0
cautiously,0,3,0,3,0,0
menial,0,1,0,0,0,0
garlic,0,21,0,3,0,0
ash,0,2,1,0,0,0
disfavour,0,1,0,0,0,0
loneliness,0,4,0,0,0,0
essence,0,3,0,1,17,0
conveying,0,2,0,2,0,0
memories,0,11,0,7,1,0
careful,0,17,2,13,5,0
battles,0,1,0,1,2,2
plural,0,1,0,0,1,0
fascinating,0,2,0,1,0,0
tells,0,17,2,7,18,0
races,0,3,0,10,6,0
fights,0,1,0,2,4,0
lordship,0,9,0,0,0,0
ugric,0,1,0,0,0,0
tribe,0,1,0,0,5,0
iceland,0,1,0,0,0,0
fighting,0,5,5,3,13,2
thor,0,2,0,0,0,0
wodin,0,1,0,0,0,0
berserkers,0,1,0,0,0,0
intent,0,12,0,3,0,0
seaboards,0,1,0,0,0,0
peoples,0,9,0,0,2,1
warlike,0,4,0,1,6,0
witches,0,1,0,0,0,0
expelled,0,1,0,1,2,0
scythia,0,1,0,0,0,0
mated,0,1,0,0,0,0
fools,0,3,6,5,4,0
conquering,0,1,0,0,1,0
magyar,0,3,0,0,0,0
lombard,0,1,0,0,0,0
avar,0,1,0,0,0,0
bulgar,0,1,0,0,0,0
arpad,0,1,0,0,0,0
legions,0,1,0,0,0,0
fatherland,0,1,0,0,2,0
honfoglalas,0,1,0,0,0,0
eastward,0,2,1,0,0,0
kindred,0,1,0,0,15,0
guarding,0,2,1,1,3,0
flocked,0,1,0,1,0,0
quicker,0,3,0,2,3,0
redeemed,0,1,0,0,0,0
cassova,0,1,0,0,0,0
flags,0,1,0,2,0,0
wallach,0,1,0,0,0,0
crescent,0,6,0,1,0,0
voivode,0,2,0,0,0,0
sold,0,5,3,33,4,0
slaughtered,0,2,0,0,1,0
bah,0,2,0,14,0,0
battle,0,5,3,15,24,4
moh,0,1,0,0,0,0
cs,0,1,0,0,0,0
yoke,0,1,0,0,3,1
leaders,0,1,0,1,11,1
swords,0,1,0,7,0,0
mushroom,0,1,0,1,0,0
growths,0,1,0,0,0,0
hapsburgs,0,1,0,0,0,0
romanoffs,0,1,0,0,0,0
dishonourable,0,1,0,0,3,0
glories,0,1,0,0,4,0
horribly,0,6,2,5,1,0
cockcrow,0,1,0,0,0,0
meagre,0,1,0,3,1,0
verified,0,2,0,0,4,0
confuse,0,1,0,0,5,0
observation,0,6,2,12,14,0
legal,0,4,0,5,0,0
lincoln,0,1,0,0,0,0
solicitors,0,3,0,2,0,0
militate,0,1,0,0,0,0
banking,0,2,0,4,0,0
local,0,8,0,0,1,3
mislead,0,3,0,2,0,0
cathedral,0,3,0,0,0,0
buys,0,1,0,0,0,0
resident,0,1,0,0,0,0
served,0,5,6,62,1,3
goods,0,9,0,6,25,1
newcastle,0,1,0,0,0,0
durham,0,1,0,0,0,0
harwich,0,1,0,0,0,0
dover,0,2,0,0,0,0
consigning,0,1,0,0,0,0
ports,0,1,1,1,0,0
agency,0,2,0,0,0,0
locally,0,2,0,0,0,0
client,0,2,0,6,0,0
consignments,0,1,0,0,0,0
forethought,0,2,0,0,0,0
foresee,0,1,0,2,4,0
acumen,0,1,0,0,0,0
anybody,0,3,3,11,13,0
refusal,0,1,0,15,2,0
employer,0,3,1,3,0,0
needs,0,5,0,9,6,0
stinted,0,1,0,0,0,0
mastery,0,1,0,0,5,0
envelopes,0,3,0,1,0,0
thinnest,0,1,0,0,0,0
underlip,0,1,0,0,0,0
formal,0,3,0,8,0,0
puzzle,0,4,0,3,4,0
referring,0,1,0,4,3,0
compunction,0,1,0,0,2,0
samuel,0,3,0,0,0,0
f,0,5,2,11,1,0
billington,0,9,0,0,0,0
leutner,0,1,0,0,0,0
varna,0,24,0,0,0,0
coutts,0,1,0,0,0,0
co,0,4,0,0,5,1
herren,0,1,0,0,0,0
klopstock,0,1,0,0,0,0
billreuth,0,1,0,0,0,0
bankers,0,1,0,9,0,0
unsealed,0,1,0,1,0,0
stamped,0,2,1,8,0,0
warn,0,6,4,26,0,0
unwisely,0,1,0,0,0,0
warned,0,4,2,10,1,0
gruesome,0,3,0,0,0,0
washing,0,1,3,1,2,0
net,0,2,0,2,2,0
endorse,0,1,0,0,0,0
freer,0,3,0,0,0,0
nerve,0,9,2,4,1,0
imaginings,0,2,0,0,1,0
melted,0,5,1,3,2,0
velvety,0,1,0,1,0,0
cheer,0,9,4,5,0,0
storey,0,2,0,0,0,0
mullioned,0,1,0,0,0,0
weatherworn,0,1,0,0,0,0
movement,0,20,6,36,4,19
opportunities,0,4,1,2,2,0
repulsion,0,2,0,0,2,0
emerge,0,4,0,0,1,0
crawl,0,2,4,0,0,0
trick,0,4,2,7,1,0
toes,0,1,1,1,0,0
corners,0,6,3,9,1,0
mortar,0,3,0,0,0,0
stress,0,1,0,2,0,0
projection,0,1,0,2,0,0
inequality,0,2,0,0,3,0
downwards,0,3,1,1,5,0
lizard,0,3,0,2,0,0
moves,0,1,0,1,2,1
sidelong,0,2,0,0,0,0
hole,0,6,5,30,2,1
angle,0,4,3,19,0,0
comparatively,0,1,0,1,2,0
originally,0,2,1,5,7,0
pull,0,8,4,4,2,0
unhook,0,1,0,1,0,0
thorough,0,4,0,3,0,1
dusty,0,6,0,5,1,0
stairway,0,2,0,1,0,0
pressure,0,3,0,9,2,1
resistance,0,3,0,17,2,0
efforts,0,9,1,17,6,0
wing,0,1,0,3,1,0
suite,0,1,0,2,0,0
impregnable,0,1,0,2,2,0
sling,0,1,0,0,0,0
culverin,0,1,0,0,0,0
fastnesses,0,1,0,0,0,0
sheer,0,4,4,1,1,1
thorn,0,1,0,1,0,0
cracks,0,2,0,2,0,0
crannies,0,2,0,0,0,0
bygone,0,1,0,0,0,0
curtainless,0,1,0,0,0,0
flooding,0,1,0,0,0,0
diamond,0,2,0,66,0,0
disguised,0,1,0,11,1,0
ravages,0,2,0,0,0,0
quietude,0,1,0,1,0,0
blushes,0,1,0,2,0,0
spelt,0,1,0,0,0,0
nineteenth,0,3,0,1,0,0
modernity,0,1,0,0,0,0
sanity,0,7,0,2,0,0
sane,0,17,2,0,0,0
lurk,0,1,0,0,0,1
merciful,0,3,1,7,0,0
tablets,0,2,0,9,0,0
tis,0,1,1,26,3,0
etc,0,8,0,3,7,5
unhinged,0,2,0,0,0,0
undoing,0,1,0,0,0,0
accurately,0,3,0,5,0,0
warning,0,18,5,8,0,0
frightens,0,1,0,3,0,0
disobeying,0,1,0,0,1,0
obstinacy,0,1,0,1,0,0
brings,0,6,3,16,11,0
outrider,0,1,0,0,0,0
sung,0,2,0,4,2,0
breasts,0,1,0,2,0,0
menfolk,0,1,0,0,0,0
remorseless,0,2,0,1,0,0
couch,0,3,0,13,0,0
unthinking,0,1,0,0,0,0
uncaring,0,1,0,0,0,0
startlingly,0,2,0,0,0,0
unchanged,0,1,1,0,0,0
noses,0,2,0,0,1,0
contrasted,0,1,2,3,3,0
wavy,0,1,0,0,0,0
sapphires,0,1,0,3,0,0
dreamy,0,3,0,0,0,0
pearls,0,1,0,14,2,0
ruby,0,2,0,3,0,0
voluptuous,0,10,0,3,1,0
silvery,0,1,2,4,0,0
cunning,0,11,1,8,2,0
coquettishly,0,1,0,1,0,0
kisses,0,2,0,4,0,0
honey,0,1,0,0,8,0
underlying,0,1,0,0,0,0
offensiveness,0,1,0,0,0,0
smells,0,4,0,1,0,0
eyelids,0,5,1,8,0,0
gloating,0,2,0,0,0,0
deliberate,0,1,0,0,1,0
thrilling,0,1,0,1,0,0
moisture,0,1,0,3,1,0
lapped,0,2,0,0,1,0
fasten,0,3,0,1,2,0
churning,0,1,0,0,0,0
tickle,0,1,0,0,0,0
approaches,0,1,0,1,6,0
super,0,2,0,0,1,0
dents,0,1,0,0,0,0
languorous,0,2,0,0,0,0
beating,0,10,4,11,1,0
slender,0,2,0,9,3,0
transformed,0,1,0,7,2,3
champing,0,2,0,0,0,0
blazing,0,4,0,1,1,0
wrath,0,3,2,3,1,0
demons,0,3,1,2,0,0
pit,0,4,2,5,0,0
lurid,0,3,0,0,0,0
deathly,0,4,0,1,0,0
wires,0,1,0,0,0,0
bar,0,1,10,2,0,0
hurled,0,5,0,0,0,2
meddle,0,1,1,5,1,0
ll,0,25,233,22,0,0
ribald,0,2,0,0,0,0
coquetry,0,1,0,1,0,0
mirthless,0,1,0,0,0,0
soulless,0,1,0,0,0,0
fiends,0,1,1,1,0,0
nodded,0,19,3,8,0,0
gasp,0,2,2,0,0,0
aghast,0,1,0,3,0,0
shadowy,0,3,0,0,2,0
unquestionable,0,1,0,1,0,0
folded,0,5,1,17,0,0
unwound,0,1,0,0,0,0
rigorously,0,1,0,1,0,0
upset,0,20,0,2,2,1
undressed,0,1,0,1,0,0
pockets,0,2,4,9,0,0
intact,0,3,0,0,1,0
brooked,0,1,0,0,0,0
sanctuary,0,1,0,1,1,0
suck,0,4,0,2,0,0
jamb,0,2,0,0,0,0
woodwork,0,1,0,0,0,0
fastened,0,11,0,20,4,0
surmise,0,8,0,0,0,0
suavest,0,1,0,0,0,0
fain,0,1,0,5,6,0
rebelled,0,1,0,1,0,0
quarrel,0,2,3,14,24,0
arouse,0,3,0,3,3,1
posts,0,1,0,2,2,0
impressiveness,0,1,0,0,0,0
countermand,0,1,0,0,0,0
oppose,0,1,0,13,4,2
span,0,1,0,0,1,0
szgany,0,13,0,0,0,0
encamped,0,1,0,1,3,0
gipsies,0,2,1,0,0,0
hungary,0,1,0,1,0,0
varieties,0,1,0,0,4,0
romany,0,1,0,0,0,0
posted,0,2,0,5,0,0
acquaintanceship,0,1,0,0,0,0
obeisance,0,1,0,1,0,0
frighten,0,8,2,8,0,0
expose,0,1,1,6,1,0
bars,0,4,6,10,0,0
cap,0,1,61,15,0,0
smoothest,0,1,0,0,0,0
symbols,0,3,0,1,5,0
envelope,0,11,0,0,0,0
wickedly,0,1,0,0,0,0
outrage,0,2,0,0,1,0
signed,0,3,0,51,0,0
unknowingly,0,1,0,0,0,0
redirect,0,1,0,0,0,0
surest,0,1,0,3,1,0
calms,0,1,0,0,0,0
woke,0,27,1,1,0,0
scrap,0,4,0,2,0,0
memoranda,0,2,0,1,0,0
railways,0,1,0,1,0,3
pondered,0,2,0,4,0,0
wardrobe,0,1,0,0,0,0
overcoat,0,1,0,0,0,0
scheme,0,5,3,11,9,0
villainy,0,2,0,0,0,0
cudgelling,0,1,0,0,0,0
whips,0,5,0,0,0,0
pounding,0,1,2,0,0,0
scraping,0,1,0,1,0,0
wagons,0,2,0,0,0,0
sturdy,0,1,0,1,2,0
nail,0,2,2,4,0,0
belt,0,4,5,6,1,0
sheepskin,0,1,0,0,0,0
intending,0,2,0,9,4,3
stupidly,0,1,0,2,0,0
hetman,0,1,0,0,0,0
piteous,0,2,0,1,0,0
entreaty,0,3,0,6,1,0
resolutely,0,4,1,1,0,0
square,0,4,9,15,22,0
boxes,0,51,0,15,1,0
handles,0,1,0,5,0,0
rope,0,4,9,7,1,0
handled,0,1,1,3,0,0
resonance,0,1,0,0,0,0
unloaded,0,1,0,0,0,0
heap,0,6,2,4,2,0
spitting,0,1,2,0,0,0
luck,0,2,16,11,1,0
lazily,0,2,0,0,0,0
quartered,0,1,0,0,1,0
muffled,0,4,0,3,0,0
mattock,0,1,0,0,1,0
spade,0,2,2,11,0,0
ruthless,0,2,0,1,0,0
slung,0,1,2,0,0,0
quest,0,2,3,2,0,0
villages,0,1,0,1,0,0
posting,0,2,0,4,0,0
doggedly,0,1,1,1,0,0
quaint,0,4,1,0,1,0
specks,0,3,0,1,0,0
tiniest,0,2,0,0,0,0
grains,0,1,0,1,1,0
clusters,0,1,0,1,0,0
nebulous,0,1,0,0,0,0
embrasure,0,2,0,0,0,0
rial,0,2,0,0,0,0
gambolling,0,1,0,0,0,0
motes,0,1,0,0,0,0
instincts,0,1,0,2,3,0
hypnotised,0,3,0,0,0,0
moonbeams,0,2,1,1,0,0
phantom,0,2,0,9,1,0
screaming,0,2,2,3,0,0
materialised,0,1,0,0,0,0
safer,0,4,0,1,1,0
dishevelled,0,1,0,4,0,0
distressed,0,5,3,2,0,0
gateway,0,3,0,4,0,0
laden,0,4,3,6,0,0
menace,0,1,0,3,0,1
violences,0,1,0,0,0,0
extravagant,0,2,0,3,3,0
naked,0,2,1,9,5,2
metallic,0,1,0,2,0,0
pent,0,1,0,1,1,0
dam,0,2,0,0,0,0
singly,0,3,1,0,3,0
licking,0,3,0,0,0,0
dove,0,1,0,0,0,0
ark,0,1,0,0,0,0
vaporous,0,1,0,0,0,0
garment,0,1,0,1,0,0
dissolved,0,1,0,2,4,0
molested,0,1,0,0,0,0
wake,0,34,3,6,0,0
dares,0,2,1,1,0,0
risk,0,8,11,37,10,0
calf,0,2,4,0,0,0
ledge,0,1,1,0,0,0
runs,0,7,6,6,4,0
washed,0,3,1,1,2,0
ridiculously,0,1,0,0,2,0
sill,0,5,1,0,0,0
sash,0,4,0,1,0,0
slid,0,5,0,3,0,0
foremost,0,2,5,2,0,0
barely,0,2,0,3,0,0
lain,0,4,4,1,0,0
ornaments,0,1,0,6,1,0
jewelled,0,1,0,0,0,0
stained,0,5,3,5,1,0
circular,0,1,0,4,0,0
steeply,0,4,0,0,0,0
minding,0,2,2,0,0,0
loopholes,0,1,3,0,0,0
masonry,0,1,0,1,0,0
sickly,0,1,0,6,7,1
odour,0,8,0,0,1,0
newly,0,2,1,7,5,0
smell,0,13,7,14,2,0
ajar,0,2,0,3,0,0
graveyard,0,2,0,0,0,0
dug,0,2,2,18,0,0
wooden,0,6,1,12,1,0
nobody,0,2,16,8,4,0
outlet,0,1,0,4,0,0
inch,0,2,0,3,0,0
fragments,0,2,0,15,6,0
coffins,0,2,0,5,0,0
piles,0,1,1,2,0,0
glassiness,0,1,0,0,0,0
earthy,0,3,0,0,0,0
holes,0,2,1,4,1,0
regaining,0,1,0,2,0,0
panting,0,1,1,5,1,0
genuine,0,1,0,4,6,0
lethal,0,4,0,0,0,0
weapon,0,5,1,10,3,1
sisters,0,6,0,1,8,0
grimly,0,2,0,0,0,0
despatched,0,2,0,9,0,0
suspected,0,2,0,17,2,0
profanation,0,1,0,2,0,0
mission,0,2,2,15,1,1
smoothness,0,1,0,2,0,0
baggage,0,1,0,1,0,0
courtesy,0,5,0,9,0,0
rules,0,2,7,5,14,0
boyars,0,1,0,0,0,0
parting,0,3,0,8,1,0
gravity,0,2,0,7,2,0
hark,0,3,1,3,0,0
orchestra,0,1,0,11,0,0
leap,0,5,3,6,3,0
b,0,4,3,1,5,1
ton,0,1,0,0,0,0
ponderous,0,1,0,1,0,0
unhooked,0,2,0,0,0,0
suspiciously,0,1,0,2,0,0
angrier,0,1,0,0,0,0
clawed,0,1,1,1,0,0
allies,0,1,1,1,6,0
gap,0,3,0,1,0,0
doom,0,10,0,0,1,0
instigation,0,1,0,1,0,0
clanged,0,1,0,0,0,0
kissing,0,3,0,7,0,0
judas,0,1,0,0,0,0
whispering,0,2,3,5,1,1
ripple,0,1,3,0,0,0
subtle,0,5,0,5,7,0
rattled,0,1,2,2,0,0
scrambled,0,1,1,0,0,0
lid,0,14,1,5,0,0
hammered,0,2,0,0,0,0
fuller,0,1,0,0,1,0
redder,0,3,0,0,0,0
gouts,0,1,0,0,0,0
trickled,0,5,0,1,0,0
swollen,0,2,2,5,0,0
pouches,0,1,0,2,0,0
bloated,0,4,0,0,0,0
gorged,0,1,0,0,1,0
leech,0,1,0,0,0,0
repletion,0,1,0,0,0,0
revolted,0,1,1,2,1,0
contact,0,2,0,9,0,3
banquet,0,1,0,2,1,0
mocking,0,2,0,1,0,0
teeming,0,3,0,0,0,0
millions,0,4,0,92,0,0
lust,0,1,0,0,5,0
widening,0,2,0,1,0,0
semi,0,1,0,0,1,2
batten,0,1,2,0,0,0
rid,0,7,4,16,21,0
shovel,0,3,0,0,0,0
workmen,0,2,1,5,5,1
cases,0,9,2,10,25,0
lifting,0,5,0,3,1,0
downward,0,4,0,1,0,0
blaze,0,1,3,1,0,0
basilisk,0,1,0,0,0,0
paralyse,0,2,0,0,0,0
glanced,0,2,1,31,0,0
gash,0,1,0,1,0,0
flange,0,4,0,0,0,0
blade,0,3,4,6,0,0
nethermost,0,1,0,0,0,0
gipsy,0,1,0,0,0,0
merry,0,2,23,6,0,0
wheels,0,2,0,11,1,0
grinding,0,3,1,1,0,0
entry,0,13,2,7,0,0
tramping,0,4,1,0,0,0
clanging,0,1,0,0,0,0
echo,0,3,5,4,4,2
vault,0,5,0,10,0,0
puff,0,4,1,1,0,0
lintels,0,1,0,0,0,0
hopelessly,0,1,0,0,0,0
weights,0,1,0,0,2,0
freight,0,1,0,3,0,0
hammering,0,1,0,0,0,0
nailed,0,1,0,0,0,0
rattle,0,1,5,3,0,0
withdraw,0,1,1,7,4,0
opens,0,3,0,9,2,0
shuts,0,1,0,1,0,0
crack,0,4,6,5,0,0
faugh,0,2,0,1,0,0
quickest,0,3,0,0,3,0
nearest,0,4,10,11,5,0
earthly,0,5,0,0,8,0
assistant,0,2,0,3,0,0
schoolmistress,0,1,0,0,0,0
build,0,1,2,9,3,0
practising,0,2,0,0,5,0
assiduously,0,1,0,1,0,0
stenograph,0,1,0,1,0,0
typewriter,0,11,0,0,0,0
stenographic,0,1,0,0,0,0
pages,0,3,1,6,0,0
squeezed,0,1,0,2,2,0
diaries,0,8,0,0,0,0
sharing,0,2,0,4,2,0
journalists,0,1,0,3,0,0
interviewing,0,2,0,0,0,0
descriptions,0,1,0,1,2,0
goes,0,12,9,18,27,2
hears,0,4,0,6,6,1
nice,0,14,3,11,2,0
ringing,0,1,5,14,0,0
loving,0,14,0,8,8,0
rumours,0,1,0,0,0,0
curly,0,2,0,1,0,0
haired,0,4,1,0,0,0
chatham,0,1,0,0,0,0
wednesday,0,2,0,2,0,0
tax,0,3,0,2,1,1
unfairly,0,1,0,0,0,0
correspondent,0,7,0,16,0,0
galleries,0,1,0,2,0,0
rides,0,2,0,2,0,0
park,0,9,0,3,0,0
pop,0,1,0,0,0,0
holmwood,0,18,0,0,0,0
mamma,0,1,0,6,0,0
parti,0,1,0,2,0,0
doctor,0,29,175,155,4,0
resolute,0,9,0,8,0,1
imperturbable,0,1,0,5,0,0
patients,0,6,4,2,4,0
tries,0,4,0,3,4,0
flatter,0,1,0,4,9,0
tough,0,1,3,1,0,0
nut,0,2,1,4,0,0
psychological,0,1,0,1,0,0
humbly,0,1,1,2,2,0
fashions,0,1,0,1,2,0
slang,0,5,0,1,0,0
couldn,0,16,8,0,0,0
blushing,0,2,0,5,1,0
loves,0,10,1,20,8,0
undressing,0,2,0,0,0,0
l,0,2,1,14,0,0
rains,0,1,0,3,0,0
proverbs,0,1,0,0,2,0
proposal,0,3,1,5,15,1
proposals,0,3,0,3,5,2
isn,0,6,1,3,0,0
girls,0,6,0,13,0,0
imagining,0,1,0,5,1,0
slighted,0,1,0,0,0,0
settle,0,5,4,12,1,2
soberly,0,1,0,0,0,0
lunch,0,14,0,0,0,0
jaw,0,2,3,1,0,0
outwardly,0,1,0,2,0,0
schooling,0,1,1,0,0,0
managed,0,6,5,15,1,1
silk,0,4,2,22,0,0
lancet,0,1,1,0,0,0
straightforwardly,0,1,0,0,0,0
hesitation,0,4,3,22,7,0
cared,0,4,0,9,0,0
nicely,0,1,2,1,0,0
wring,0,2,3,3,0,0
crying,0,16,5,11,3,1
honestly,0,2,0,5,1,0
texas,0,2,0,0,0,0
adventures,0,2,6,9,0,0
desdemona,0,1,0,2,0,0
marry,0,6,0,74,10,0
morris,0,78,0,0,0,0
stories,0,3,4,18,13,0
quincey,0,85,0,0,0,0
doesn,0,10,2,0,0,0
shocked,0,6,1,1,0,0
funny,0,8,1,0,0,0
invent,0,3,0,6,6,0
likes,0,3,1,6,8,0
jolly,0,3,17,0,0,0
sweetly,0,13,1,1,3,0
ain,0,14,26,0,0,0
fixin,0,1,0,0,0,0
shoes,0,4,2,9,6,0
hitch,0,1,5,0,0,0
driving,0,11,0,4,2,0
harness,0,2,0,4,0,0
humoured,0,1,1,0,0,0
didn,0,25,6,7,0,0
lightly,0,4,3,14,10,0
hitching,0,1,0,0,0,0
wasn,0,9,6,3,0,0
momentous,0,2,0,1,0,0
bit,0,19,18,14,2,1
flirt,0,2,0,0,0,0
playful,0,2,0,0,2,0
grit,0,2,0,0,0,0
breadth,0,1,0,0,0,0
fun,0,1,1,0,0,0
sloppy,0,1,0,0,0,0
badly,0,1,3,9,2,0
heresy,0,1,0,0,0,0
honesty,0,2,1,1,6,0
pluck,0,1,3,1,0,0
rarer,0,1,0,0,0,0
unselfish,0,6,0,0,0,0
anyhow,0,15,2,0,1,0
kingdom,0,1,0,10,17,0
hasn,0,3,3,0,0,0
leant,0,2,1,0,0,0
lots,0,2,1,8,13,0
needn,0,4,3,0,0,0
ungrateful,0,2,1,10,1,0
ebb,0,2,11,1,0,0
rebuff,0,2,1,0,0,0
hallucination,0,1,0,2,0,0
omnia,0,1,0,0,0,0
rom,0,1,0,0,0,0
venalia,0,1,0,0,0,0
sunt,0,1,0,0,0,0
verb,0,2,0,0,0,0
sap,0,1,0,1,0,0
renfield,0,48,0,0,0,0
tat,0,1,1,0,0,0
sanguine,0,2,0,2,1,0
temperament,0,2,0,3,5,0
morbidly,0,1,0,0,0,0
excitable,0,2,0,1,2,0
presume,0,1,0,20,2,0
disturbing,0,1,0,0,4,0
mentally,0,1,0,6,0,0
armour,0,2,0,0,3,0
centripetal,0,1,0,0,0,0
centrifugal,0,1,0,0,0,0
balance,0,4,3,7,4,0
hon,0,4,0,0,0,0
yarns,0,2,0,0,0,0
camp,0,2,12,2,9,0
prairies,0,1,0,0,0,0
marquesas,0,1,0,0,0,0
healths,0,1,0,0,0,0
titicaca,0,1,0,0,0,0
pal,0,1,0,0,0,0
korea,0,1,0,0,0,0
jack,0,16,6,2,0,0
mingle,0,1,0,6,4,0
happiest,0,2,0,3,10,0
telegram,0,27,0,2,0,0
messages,0,2,0,1,0,0
lovelier,0,1,0,0,0,0
esk,0,4,0,0,0,0
broadens,0,1,0,0,0,0
viaduct,0,2,0,0,0,0
piers,0,6,0,0,0,0
roofed,0,1,0,0,0,0
piled,0,2,1,4,0,0
nuremberg,0,1,0,0,0,0
sacked,0,1,0,0,0,0
danes,0,1,0,0,0,0
marmion,0,1,0,0,0,0
legend,0,2,0,3,2,0
parish,0,1,0,0,0,0
tombstones,0,6,0,0,0,0
nicest,0,1,0,0,0,0
bay,0,7,4,6,0,0
headland,0,2,0,0,0,0
kettleness,0,5,0,0,0,0
stretches,0,2,0,1,0,0
bank,0,9,4,39,0,1
pathway,0,4,0,2,0,0
seats,0,1,0,12,2,0
knee,0,2,3,14,0,0
granite,0,1,0,12,0,0
stretching,0,1,1,4,1,0
outwards,0,2,0,0,2,0
lighthouse,0,5,0,3,0,0
elbow,0,2,3,13,0,0
crooked,0,1,1,2,6,0
inversely,0,1,0,0,0,0
widens,0,1,0,0,0,0
shoals,0,1,0,0,0,0
sand,0,7,40,8,0,0
rises,0,3,0,1,4,1
reef,0,2,1,1,1,0
buoy,0,1,1,0,0,0
swings,0,1,0,0,0,0
sends,0,3,1,10,1,0
bells,0,3,3,4,0,0
awfully,0,2,0,2,0,0
gnarled,0,1,0,0,0,0
twisted,0,3,1,5,0,0
bark,0,3,1,3,3,0
sailor,0,4,15,89,8,0
fleet,0,1,1,0,1,0
waterloo,0,1,0,4,0,0
sceptical,0,4,0,0,1,0
brusquely,0,1,0,0,0,0
wouldn,0,15,13,1,0,0
fash,0,2,0,0,0,0
masel,0,4,0,0,0,0
comers,0,1,0,5,0,0
trippers,0,1,0,0,0,0
leeds,0,1,0,0,0,0
eatin,0,1,0,0,0,0
cured,0,2,1,6,8,0
herrin,0,1,0,0,0,0
drinkin,0,1,0,0,0,0
tea,0,22,0,10,0,0
lookin,0,4,0,0,0,0
cheap,0,1,0,1,0,1
jet,0,1,0,5,0,0
creed,0,1,0,2,1,0
bothered,0,1,0,0,0,0
tellin,0,2,0,0,0,0
settling,0,2,2,2,1,0
whereupon,0,4,1,1,2,0
laboured,0,2,0,0,0,0
gang,0,4,0,0,1,0
ageeanwards,0,1,0,0,0,0
waitin,0,3,0,0,0,0
crammle,0,1,0,0,0,0
aboon,0,2,0,0,0,0
grees,0,2,0,0,0,0
em,0,2,31,0,0,0
lack,0,5,0,1,0,0
belly,0,3,1,0,0,0
timber,0,1,4,4,1,0
sairly,0,1,0,0,0,0
hobbled,0,3,4,0,0,0
hurrying,0,5,2,6,0,0
hundreds,0,4,2,1,1,0
slope,0,1,7,2,0,0
visiting,0,2,0,17,0,0
calls,0,4,4,21,11,1
oracle,0,1,0,0,12,0
dictatorial,0,1,0,1,0,0
downfaces,0,1,0,0,0,0
bullies,0,1,0,0,1,0
agreement,0,3,0,5,5,1
lawn,0,7,0,9,0,0
frock,0,2,0,8,0,0
succumbed,0,1,0,2,0,2
contradict,0,1,0,5,1,0
legends,0,1,0,1,1,0
sermon,0,1,0,0,1,0
barrel,0,1,16,3,0,0
nowt,0,2,0,0,0,0
bans,0,1,0,0,0,0
wafts,0,1,0,0,0,0
boh,0,1,0,0,0,0
barguests,0,1,0,0,0,0
bogles,0,1,0,0,0,0
anent,0,2,0,0,0,0
bairns,0,1,0,0,0,0
belderin,0,1,0,0,0,0
blebs,0,1,0,0,0,0
grims,0,1,0,0,0,0
warnin,0,1,0,0,0,0
parsons,0,1,0,0,0,1
illsome,0,1,0,0,0,0
beuk,0,1,0,0,0,0
railway,0,4,0,10,0,0
touters,0,1,0,0,0,0
skeer,0,1,0,0,0,0
scunner,0,1,0,0,0,0
hafflin,0,1,0,0,0,0
somethin,0,3,0,0,0,0
ireful,0,1,0,0,0,0
printin,0,1,0,0,0,0
preachin,0,1,0,0,0,0
pulpits,0,1,0,0,0,0
cuttin,0,1,0,0,0,0
airt,0,1,0,0,0,0
steans,0,4,0,0,0,0
holdin,0,1,0,0,0,0
heads,0,1,7,23,13,0
acant,0,1,0,0,0,0
tumblin,0,2,0,0,0,0
nigh,0,8,3,3,0,0
bean,0,2,0,0,0,0
snuff,0,1,3,1,0,0
nothin,0,3,1,0,0,0
gog,0,2,0,0,0,0
quare,0,1,0,0,0,0
scowderment,0,1,0,0,0,0
sarks,0,1,0,0,0,0
jouped,0,1,0,0,0,0
tryin,0,2,0,0,0,0
tombsteans,0,2,0,0,0,0
trimmlin,0,1,0,0,0,0
ditherin,0,1,0,0,0,0
dozzened,0,1,0,0,0,0
slippy,0,1,0,0,0,0
lyin,0,1,0,0,0,0
grup,0,1,0,0,0,0
approval,0,1,1,2,3,0
cronies,0,2,0,0,0,0
showing,0,9,3,18,6,2
swales,0,6,0,0,0,0
yabblins,0,1,0,0,0,0
poorish,0,1,0,0,0,0
savin,0,1,0,0,0,0
folk,0,4,2,1,1,0
balm,0,1,0,3,1,0
bowl,0,1,0,0,2,0
kirk,0,1,0,0,0,0
garth,0,1,0,0,0,0
assent,0,4,0,9,12,0
dialect,0,1,0,4,0,0
consate,0,1,0,0,0,0
happed,0,1,0,0,0,0
snod,0,1,0,0,0,0
snog,0,1,0,0,0,0
assented,0,3,0,2,3,0
scores,0,1,1,0,0,0
toom,0,1,0,0,0,0
bacca,0,1,0,0,0,0
friday,0,1,0,1,0,0
nudged,0,1,0,0,0,0
aftest,0,1,0,0,0,0
abaft,0,2,0,0,0,0
edward,0,1,0,62,0,0
spencelagh,0,1,0,0,0,0
pirates,0,1,17,9,0,0
andres,0,2,0,0,0,0
april,0,1,0,9,0,0
hap,0,1,0,0,0,0
consated,0,1,0,0,0,0
currents,0,1,0,0,0,0
braithwaite,0,1,0,0,0,0
lowrey,0,1,0,0,0,0
woodhouse,0,1,0,0,0,0
paxton,0,2,0,0,0,0
rawlings,0,1,0,0,0,0
grandfather,0,1,0,71,3,0
gulf,0,1,1,11,0,0
finland,0,1,0,0,0,0
trumpet,0,3,1,0,0,0
antherums,0,1,0,0,0,0
aboot,0,3,0,0,0,0
jommlin,0,1,0,0,0,0
jostlin,0,1,0,0,0,0
ud,0,1,0,0,0,0
cuts,0,1,0,2,0,2
aurora,0,1,0,1,0,0
borealis,0,1,0,0,0,0
cackled,0,1,0,0,0,0
gusto,0,1,0,0,0,0
assumption,0,1,0,0,4,0
slab,0,2,1,0,0,0
cliff,0,23,0,0,0,0
thruff,0,2,0,0,0,0
stean,0,2,0,0,0,0
upside,0,1,1,0,2,0
canon,0,1,0,3,0,0
resurrection,0,2,0,0,1,0
erected,0,2,0,1,0,0
severely,0,2,1,4,0,0
gawm,0,1,0,0,0,0
sorrowin,0,1,0,0,0,0
acrewk,0,1,0,0,0,0
lamiter,0,1,0,0,0,0
mightn,0,1,1,0,0,0
musket,0,1,13,4,0,0
scarin,0,1,0,0,0,0
crows,0,2,0,0,0,0
twarn,0,1,0,0,0,0
clegs,0,1,0,0,0,0
dowps,0,1,0,0,0,0
pious,0,1,4,7,3,0
addle,0,1,0,0,0,0
gabriel,0,1,0,0,0,0
keckle,0,1,0,0,0,0
geordie,0,3,0,0,0,0
pantin,0,1,0,0,0,0
tombstean,0,1,0,0,0,0
hump,0,1,0,0,0,0
gladsome,0,1,0,0,0,0
trim,0,2,2,2,0,0
lass,0,1,0,0,0,0
sittin,0,1,0,0,0,0
scart,0,2,0,0,0,0
stubble,0,2,0,0,0,0
haven,0,2,7,3,0,0
rows,0,1,0,2,0,0
sheep,0,4,2,5,16,0
lambs,0,1,2,1,0,0
bleating,0,2,0,0,0,0
clatter,0,1,0,2,0,0
donkey,0,1,0,0,0,0
hoofs,0,1,1,1,1,0
paved,0,1,0,8,0,1
pier,0,17,0,2,0,0
waltz,0,1,0,2,0,0
quay,0,1,0,9,0,0
bands,0,2,0,1,0,0
grows,0,3,0,4,18,1
largely,0,1,0,2,1,0
secrecy,0,2,0,2,0,0
redeeming,0,1,0,0,0,0
abnormally,0,2,0,0,0,0
pets,0,5,0,0,0,0
hobby,0,2,0,0,0,0
spiders,0,17,0,1,0,0
keeps,0,9,1,4,6,3
feeding,0,1,0,2,4,0
diminished,0,3,1,2,2,0
attracting,0,1,0,2,1,0
nuisance,0,1,0,0,0,0
reduction,0,1,0,0,0,0
carrion,0,1,0,0,0,0
buzzed,0,1,0,0,0,0
exultantly,0,1,0,0,0,0
thumb,0,3,1,4,0,0
scolded,0,1,1,0,0,0
argued,0,1,1,1,2,0
rudiment,0,1,0,0,0,0
gets,0,8,3,4,14,0
problem,0,3,0,4,6,0
jotting,0,1,0,0,0,0
numbers,0,3,2,5,53,0
batches,0,2,0,0,0,0
totals,0,1,0,0,0,0
focussing,0,1,0,0,0,0
auditors,0,1,0,4,2,0
rudimentary,0,1,0,0,0,0
cerebration,0,2,0,0,0,0
tamed,0,1,0,0,1,0
taming,0,1,0,0,1,0
tempting,0,1,0,7,0,0
progressing,0,2,0,1,1,0
colony,0,1,0,1,0,0
sparrows,0,2,0,0,0,0
fawned,0,2,0,0,0,0
kitten,0,7,0,0,0,0
sleek,0,1,0,0,0,0
feed,0,6,1,4,7,1
unprepared,0,1,0,0,0,0
tame,0,1,0,1,5,0
killing,0,2,1,11,1,0
undeveloped,0,1,0,0,0,4
homicidal,0,6,0,0,0,0
maniac,0,3,0,0,0,0
gnawing,0,1,0,2,0,0
rounds,0,2,1,1,0,0
humming,0,1,1,2,0,0
tune,0,2,0,1,0,0
sugar,0,6,1,5,0,1
flown,0,1,2,0,2,0
feathers,0,2,0,4,1,0
keeper,0,5,0,25,3,0
disgorged,0,1,0,0,0,0
raw,0,2,0,1,0,2
opiate,0,4,0,0,0,0
buzzing,0,5,0,2,2,0
classification,0,1,0,0,1,0
zo,0,9,0,0,0,0
phagous,0,5,0,0,0,0
absorb,0,1,0,2,1,0
cumulative,0,1,0,0,0,0
spider,0,6,2,0,0,0
sneered,0,2,1,0,1,0
vivisection,0,1,0,0,0,0
pitch,0,2,4,2,1,0
burdon,0,1,0,0,0,0
sanderson,0,1,0,0,0,0
ferrier,0,1,0,0,0,0
exceptional,0,2,0,2,2,0
congenitally,0,1,0,0,0,0
lunatics,0,4,0,0,0,0
values,0,1,0,0,0,0
recorder,0,1,0,0,0,0
sums,0,1,1,4,2,0
closes,0,2,0,4,0,0
ledger,0,1,0,4,0,0
profit,0,1,1,21,16,0
soothes,0,1,0,1,0,0
enclosed,0,4,0,6,1,0
walkers,0,1,0,0,0,0
roofs,0,2,0,0,0,0
echoes,0,1,2,1,0,0
planning,0,1,0,1,0,0
godalming,0,88,0,0,0,0
counting,0,2,2,6,1,0
daresay,0,4,0,0,0,0
wakeful,0,3,0,0,1,0
seriously,0,1,0,12,13,2
frets,0,2,0,0,0,0
postponement,0,1,0,1,0,0
trifle,0,2,4,12,0,0
stouter,0,1,0,0,0,0
mic,0,4,0,0,0,0
concentration,0,3,0,0,1,2
emerald,0,1,0,10,0,0
sunburst,0,1,0,0,0,0
hang,0,3,10,5,0,0
tumbling,0,1,8,0,4,0
shallows,0,2,0,0,0,0
flats,0,1,0,0,0,0
inland,0,3,0,0,0,0
vastness,0,1,0,0,0,0
brool,0,1,0,0,0,0
presage,0,4,0,0,0,0
shrouded,0,1,0,1,1,0
racing,0,2,0,1,0,0
dip,0,1,1,2,0,0
scuppers,0,1,4,0,0,0
lifts,0,2,0,1,0,0
deary,0,3,1,0,0,0
sayin,0,1,0,0,0,0
aud,0,3,0,0,0,0
daffled,0,1,0,0,0,0
krok,0,1,0,0,0,0
hooal,0,1,0,0,0,0
makin,0,2,0,0,0,0
dyin,0,1,0,0,0,0
whettin,0,1,0,0,0,0
scythe,0,1,0,0,0,0
caffin,0,1,0,0,0,0
chafts,0,1,0,0,0,0
wag,0,1,0,0,0,0
dooal,0,1,0,0,0,0
greet,0,1,0,1,1,0
doin,0,1,1,0,0,0
rightly,0,3,5,14,26,1
comin,0,8,1,0,0,0
wonderin,0,2,0,0,0,0
bringin,0,1,0,0,0,0
sore,0,4,2,0,1,0
hoast,0,1,0,0,0,0
beyont,0,1,0,0,0,0
devoutly,0,1,1,1,0,0
praying,0,3,1,10,5,0
coastguard,0,8,0,0,0,0
spy,0,1,25,3,0,0
queerest,0,1,0,0,0,0
pasted,0,1,0,1,0,0
suddenest,0,1,0,0,0,0
storms,0,2,1,4,0,0
unique,0,1,0,0,1,0
sultry,0,2,0,0,0,0
saturday,0,1,0,17,0,0
makers,0,1,0,1,8,0
mulgrave,0,2,0,0,0,0
robin,0,4,0,0,0,0
hood,0,5,1,0,0,0
rig,0,1,1,1,0,0
mill,0,2,2,1,3,0
runswick,0,1,0,0,0,0
staithes,0,1,0,0,0,0
trips,0,2,0,1,0,0
steamers,0,3,0,0,0,0
emma,0,1,0,0,0,0
scarborough,0,1,0,0,0,0
tripping,0,1,1,0,0,0
unusually,0,1,0,0,1,0
gossips,0,1,0,0,0,0
commanding,0,3,0,8,0,0
eminence,0,1,1,4,1,0
mares,0,1,0,0,0,0
tails,0,1,1,0,0,0
blowing,0,5,4,5,0,0
barometrical,0,1,0,0,0,0
fisherman,0,1,0,11,0,0
foretold,0,1,0,1,0,0
emphatic,0,1,0,0,0,0
splendidly,0,1,0,4,0,0
dipped,0,5,0,3,0,0
athwart,0,1,2,0,0,0
violet,0,1,0,2,0,0
tints,0,2,0,0,0,0
outlined,0,2,0,1,0,0
colossal,0,1,0,2,0,1
silhouettes,0,1,0,0,0,0
sketches,0,1,0,2,0,0
cobble,0,1,0,0,0,0
prevailing,0,1,0,1,3,1
affects,0,2,0,3,3,0
hug,0,1,0,0,1,0
seaward,0,1,6,0,0,0
noticeable,0,1,0,1,4,0
schooner,0,6,28,1,0,0
westwards,0,1,0,0,0,0
foolhardiness,0,1,2,0,0,0
officers,0,7,2,24,2,1
prolific,0,1,0,0,0,0
reduce,0,2,0,1,2,1
idly,0,1,1,0,0,0
flapping,0,11,1,1,0,0
undulating,0,1,1,2,0,0
barking,0,4,0,1,0,0
discord,0,1,0,0,15,0
booming,0,2,2,0,0,0
realize,0,1,1,12,9,0
overtopping,0,1,0,0,0,0
glassy,0,2,0,1,0,0
roaring,0,3,2,0,0,0
crested,0,1,0,0,0,0
shelving,0,1,0,0,0,0
spume,0,1,0,0,0,0
lanthorns,0,1,0,0,0,0
lighthouses,0,1,0,0,0,0
stanchions,0,1,0,1,0,0
onlookers,0,1,0,0,0,0
fatalities,0,1,0,0,0,0
clammy,0,1,0,1,0,0
peals,0,1,0,0,0,0
skywards,0,1,0,0,0,0
foam,0,5,3,8,1,0
snatch,0,2,2,4,1,0
rag,0,1,0,2,0,0
searchlight,0,6,0,0,0,0
inrushing,0,1,0,0,0,0
effective,0,1,0,3,0,0
gunwale,0,1,3,0,0,0
sheltering,0,2,1,0,0,0
cleave,0,1,0,3,0,0
backed,0,2,2,1,0,0
watchers,0,1,2,0,0,0
realized,0,1,1,6,21,0
ships,0,4,13,7,2,0
fetch,0,3,6,31,0,0
troughs,0,1,0,0,0,0
salt,0,1,7,4,2,0
pall,0,7,0,1,0,0
organ,0,1,1,3,1,0
billows,0,1,3,1,0,0
shifted,0,1,0,1,0,0
remnant,0,2,0,1,8,0
mirabile,0,1,0,0,0,0
dictu,0,1,0,0,0,0
leaping,0,3,3,4,0,0
headlong,0,2,1,3,0,0
helm,0,6,3,14,3,0
drooping,0,2,0,1,0,0
fro,0,5,13,12,0,0
unsteered,0,1,1,0,0,0
pitched,0,1,3,2,0,0
gravel,0,2,2,8,0,0
tides,0,1,0,0,1,0
tate,0,6,0,0,0,0
spar,0,1,0,0,0,0
hammer,0,8,2,5,0,0
crashing,0,1,1,1,0,0
laneway,0,1,0,0,0,0
vernacular,0,1,0,0,1,0
project,0,1,0,19,0,0
sustaining,0,2,0,1,1,0
intensified,0,4,0,3,4,0
focus,0,1,0,2,0,0
proximity,0,3,0,2,0,0
heights,0,2,1,3,0,0
climb,0,3,1,1,0,0
scouring,0,1,0,0,0,0
derelict,0,4,0,0,0,0
aft,0,1,3,0,0,0
recoiled,0,3,1,5,0,0
pique,0,1,0,0,0,0
drawbridge,0,1,0,0,0,0
runner,0,1,2,0,2,0
police,0,12,0,74,1,1
boatman,0,1,0,2,0,0
seaman,0,1,19,10,2,0
awed,0,1,0,1,0,0
wrists,0,2,0,1,0,0
cords,0,2,1,4,0,0
buffeting,0,4,0,0,0,0
j,0,2,4,0,1,0
caffyn,0,1,0,0,0,0
elliot,0,1,0,0,0,0
corked,0,1,0,0,0,0
addendum,0,1,0,0,0,0
fastening,0,2,0,2,0,0
knots,0,1,0,4,0,0
complications,0,1,0,0,1,0
admiralty,0,1,0,0,0,0
coastguards,0,2,0,0,0,0
salvage,0,1,0,0,0,0
civilian,0,1,0,0,0,0
wagging,0,2,0,0,0,0
asserting,0,2,0,1,2,0
contravention,0,1,0,0,0,0
statutes,0,1,0,0,0,0
mortmain,0,1,0,0,0,0
tiller,0,1,3,0,0,0
emblemship,0,1,0,0,0,0
delegated,0,1,0,1,0,0
steersman,0,3,1,2,0,0
ward,0,2,0,1,1,0
steadfastness,0,1,0,0,0,0
casabianca,0,1,0,0,0,0
mortuary,0,2,0,2,0,0
inquest,0,6,0,2,0,0
abating,0,2,0,0,0,0
scattering,0,2,3,0,0,0
redden,0,1,0,0,0,0
wolds,0,2,0,0,0,0
miraculously,0,1,0,5,0,0
sequel,0,1,0,0,1,0
demeter,0,4,0,0,0,0
ballast,0,1,0,0,0,0
cargo,0,5,3,16,0,0
consigned,0,2,0,3,0,0
formally,0,1,0,2,0,0
consul,0,9,0,0,0,0
charter,0,1,0,0,0,0
dues,0,1,1,1,1,0
coincidence,0,1,0,3,2,0
officials,0,4,0,0,0,1
exacting,0,1,0,3,0,0
compliance,0,1,0,0,0,0
regulations,0,1,0,0,13,0
complaint,0,2,2,8,0,0
members,0,1,0,18,7,6
befriend,0,1,0,1,0,0
moors,0,1,0,0,0,0
mastiff,0,1,0,0,0,0
opponent,0,1,0,3,6,0
slit,0,1,0,0,0,0
claw,0,1,0,1,0,0
inspector,0,1,0,61,0,0
special,0,12,0,6,16,1
missing,0,8,2,1,0,0
rescript,0,1,0,0,0,0
omitting,0,1,0,0,4,0
technical,0,1,0,0,1,0
seamanship,0,1,0,0,0,0
supercargo,0,1,1,6,0,0
mania,0,4,0,4,0,0
persistently,0,1,0,0,0,0
cum,0,1,0,0,0,0
grano,0,1,0,0,0,0
dictation,0,1,0,1,0,0
translated,0,1,0,2,5,0
cook,0,3,33,9,0,0
bosphorus,0,2,0,0,0,0
boarded,0,1,4,2,0,0
backsheesh,0,2,0,0,0,0
dardanelles,0,5,0,1,0,0
flagboat,0,1,0,0,0,0
squadron,0,1,0,0,0,0
archipelago,0,1,0,4,0,0
matapan,0,1,0,0,0,0
dissatisfied,0,1,1,2,4,0
petrofsky,0,1,0,0,0,0
larboard,0,1,1,2,0,0
abramoff,0,1,0,0,0,0
bunk,0,1,1,0,0,0
olgaren,0,1,0,0,0,0
awestruck,0,1,0,0,0,0
disappear,0,4,0,16,3,3
bows,0,2,9,3,0,0
hatchways,0,1,0,0,0,0
superstitious,0,2,1,4,1,1
allay,0,1,0,1,0,0
stem,0,2,3,3,1,0
stern,0,14,21,14,3,0
demoralise,0,1,0,0,0,0
handspike,0,2,3,0,0,0
lanterns,0,1,1,4,0,0
unsearched,0,1,0,0,0,0
scowled,0,1,0,1,0,0
gibralter,0,1,0,0,0,0
biscay,0,1,0,0,0,0
maelstrom,0,1,0,0,0,0
volunteered,0,1,1,0,0,0
steer,0,2,2,3,3,0
steadier,0,1,0,0,0,0
outcry,0,1,0,1,0,0
nearing,0,2,0,0,0,0
awaked,0,2,0,1,0,0
sighted,0,1,5,4,1,0
demoralised,0,1,0,0,0,0
inwardly,0,1,0,0,1,0
stolidly,0,1,0,0,0,0
roumanian,0,2,0,0,0,0
foreland,0,1,0,0,0,0
yawing,0,1,1,0,0,0
seconds,0,13,5,19,0,0
flannels,0,1,0,0,0,0
hoarsely,0,6,1,0,0,0
knife,0,19,15,55,3,0
savagely,0,1,0,0,0,0
unscrew,0,2,0,0,0,0
lip,0,2,0,7,0,0
choppy,0,1,0,0,0,0
tool,0,1,0,1,0,1
chest,0,6,29,26,0,0
hatchway,0,2,0,0,0,0
stark,0,1,1,0,0,0
raving,0,1,2,3,0,0
invoiced,0,1,0,0,0,0
clears,0,2,0,0,0,0
bulwark,0,1,3,0,0,0
deliberately,0,2,1,3,1,0
dimness,0,1,0,0,0,0
overboard,0,2,8,1,1,0
baffle,0,3,0,0,0,0
weaker,0,7,2,3,18,0
mayhap,0,2,1,0,0,0
virgin,0,2,0,2,0,0
saints,0,1,1,3,2,1
verdict,0,1,0,2,0,0
adduce,0,1,0,0,0,0
murders,0,1,0,1,2,0
universally,0,1,0,6,1,0
owners,0,4,0,3,7,0
boomed,0,1,0,0,0,0
pots,0,1,0,4,3,0
undress,0,1,0,2,0,0
thwarted,0,1,0,3,0,0
disappears,0,1,2,4,0,2
yields,0,2,0,2,0,0
topped,0,1,1,0,0,0
bullying,0,1,1,0,0,0
captains,0,1,0,3,0,0
cort,0,2,0,0,0,0
ge,0,1,0,1,0,0
procession,0,1,0,7,2,0
influences,0,2,0,1,15,0
acutely,0,1,0,1,0,0
harshly,0,1,0,1,0,0
bristling,0,1,1,2,0,0
tail,0,3,4,3,0,0
puss,0,1,0,0,0,0
scruff,0,1,0,0,0,0
tombstone,0,1,0,1,0,0
crouched,0,2,0,6,0,0
cowering,0,1,0,0,0,0
agglomeration,0,1,0,0,0,0
physically,0,1,0,1,2,0
nosing,0,1,0,0,0,0
wits,0,6,1,1,13,0
slate,0,1,0,3,0,0
capital,0,2,1,51,3,24
seaweed,0,1,1,2,1,0
strand,0,1,1,1,0,0
appetites,0,1,1,0,14,0
tolerant,0,1,0,0,2,0
stoppages,0,1,0,0,0,0
bulls,0,1,0,0,2,0
curate,0,1,0,4,0,0
miller,0,1,0,1,0,0
bishops,0,1,0,0,0,0
breeding,0,2,0,4,8,0
curates,0,1,0,0,0,0
breathing,0,27,3,8,2,0
proposing,0,2,0,3,2,0
accepting,0,3,0,3,0,0
condescend,0,2,0,2,3,0
job,0,4,7,2,0,0
troubles,0,5,3,1,5,0
emptiness,0,2,0,0,0,0
dressing,0,6,0,29,2,0
gown,0,5,0,8,0,0
nightdress,0,4,0,1,0,0
chilling,0,1,0,1,0,0
overmastering,0,1,0,0,0,0
shawl,0,3,0,2,0,0
striking,0,3,3,27,4,1
terrace,0,2,0,5,0,0
fleeting,0,1,1,2,1,0
diorama,0,1,0,0,0,0
reclining,0,4,0,6,1,0
weighted,0,2,0,0,0,0
rusty,0,7,2,1,0,0
spells,0,6,0,0,0,1
brilliantly,0,1,0,4,0,0
gasps,0,3,0,0,0,0
lungs,0,4,0,5,0,0
collar,0,2,0,8,0,0
unclad,0,2,0,0,0,0
pin,0,6,3,5,0,0
pinched,0,2,3,0,0,0
pricked,0,1,0,7,0,0
quieter,0,1,0,0,0,0
respond,0,2,0,2,0,0
moaning,0,3,0,2,0,0
sighing,0,1,0,6,0,0
wakes,0,2,0,0,0,0
prettily,0,1,1,0,0,0
appalled,0,5,0,1,0,0
insist,0,3,1,12,10,0
puddle,0,2,0,0,0,0
daubed,0,1,1,0,0,0
mud,0,1,1,0,0,0
favoured,0,1,2,0,1,1
sober,0,2,6,3,1,1
wynds,0,1,0,0,0,0
exposure,0,1,0,2,2,0
fret,0,4,0,0,0,0
wrist,0,8,4,6,1,0
reflex,0,1,0,0,1,0
harmed,0,2,0,0,2,0
benefited,0,1,0,2,3,0
clumsiness,0,1,0,1,1,0
transfixed,0,1,0,4,0,0
pricks,0,1,0,0,0,0
apologised,0,2,0,0,0,0
scar,0,16,0,1,0,0
tiny,0,10,1,1,0,0
joining,0,1,3,7,0,0
gate,0,10,1,58,1,0
strolled,0,5,1,1,0,0
casino,0,1,0,0,0,0
spohr,0,1,0,0,0,0
mackenzie,0,2,0,0,0,0
restful,0,1,0,0,0,0
chirping,0,1,0,0,1,0
snuggled,0,1,0,0,0,0
bearable,0,1,0,0,0,0
merged,0,3,0,0,0,0
whirling,0,4,1,0,0,0
circles,0,1,0,4,6,0
peacefully,0,2,1,4,0,0
bathe,0,1,1,1,0,0
apropos,0,1,0,4,0,0
slewed,0,1,1,0,0,0
whereon,0,5,0,1,0,0
illusion,0,1,0,2,12,0
refraction,0,1,0,0,0,0
refer,0,1,0,7,9,1
headache,0,1,0,2,3,0
stroll,0,1,1,0,0,0
westward,0,3,3,0,0,0
upstairs,0,3,6,18,0,0
paler,0,3,1,12,0,0
weakening,0,1,0,0,1,0
numbering,0,1,0,0,2,0
fading,0,4,0,1,1,0
eats,0,1,0,2,1,0
gasping,0,1,0,1,0,0
sits,0,4,1,1,3,0
silently,0,7,2,15,2,0
struggles,0,1,0,3,1,5
unlucky,0,1,1,2,0,0
prick,0,1,0,1,0,0
larger,0,2,2,6,17,0
faintly,0,2,1,5,1,0
dots,0,2,0,1,0,0
centres,0,1,0,1,0,0
messrs,0,4,0,6,0,0
carter,0,6,0,0,0,0
paterson,0,5,0,0,0,0
sirs,0,5,0,0,1,0
herewith,0,3,0,0,0,0
invoice,0,4,0,0,0,0
receipt,0,3,0,19,0,0
labelled,0,1,0,1,0,0
deposit,0,1,0,7,7,0
consignment,0,2,0,0,0,0
forming,0,1,0,10,4,0
diagram,0,1,0,0,0,0
mansion,0,2,0,11,1,0
delivery,0,3,0,2,0,0
teams,0,1,0,0,0,0
forthwith,0,1,0,2,1,0
obviate,0,1,0,0,0,0
delays,0,2,0,3,0,0
requirements,0,2,0,3,2,2
payment,0,1,1,9,15,1
departments,0,1,0,2,3,0
enclose,0,2,0,1,0,0
cheque,0,3,0,0,0,0
pounds,0,2,8,3,0,0
acknowledge,0,2,0,29,29,0
proprietor,0,1,0,6,0,0
duplicate,0,1,0,1,0,0
pressing,0,3,1,21,2,0
faithfully,0,3,0,8,0,0
overplus,0,1,0,0,0,0
receipted,0,1,0,2,0,0
accordance,0,3,1,8,14,1
parcel,0,5,0,4,0,0
respectfully,0,1,0,15,0,0
pro,0,2,0,0,0,0
sadly,0,6,2,10,1,0
morbid,0,1,0,0,0,0
reticence,0,2,0,0,1,0
reminding,0,1,0,0,2,0
heel,0,1,5,2,0,0
boot,0,1,0,4,0,0
communicative,0,1,0,0,0,0
dreamed,0,2,2,12,3,0
puckered,0,2,0,0,0,0
singing,0,4,11,10,3,1
drowning,0,1,0,2,0,0
breathlessly,0,3,1,2,0,0
braced,0,2,0,0,0,0
mapped,0,1,0,0,0,0
trunk,0,2,4,3,0,0
hospital,0,5,0,5,1,0
joseph,0,4,0,0,0,0
ste,0,3,0,0,0,0
wilhelmina,0,4,0,0,0,0
madam,0,94,0,2,0,0
dutiful,0,1,0,2,0,0
sanatorium,0,1,0,0,0,0
staying,0,2,1,5,0,0
klausenburg,0,1,0,0,0,0
shouting,0,1,8,0,1,0
ticket,0,2,0,2,0,0
furthest,0,1,0,2,0,0
sniff,0,1,0,0,0,0
respectful,0,3,1,10,1,0
servile,0,2,0,0,1,0
religious,0,3,0,14,18,5
squalls,0,1,2,0,0,0
combination,0,4,0,3,7,3
infinitesimal,0,1,0,0,0,0
distinctions,0,1,0,3,6,2
paltry,0,1,0,4,2,0
madmen,0,7,0,4,2,0
taketh,0,1,0,0,0,0
sees,0,4,2,11,31,2
strict,0,4,0,22,5,0
shifty,0,2,0,0,0,0
resignedly,0,1,0,0,0,0
lustre,0,1,0,5,0,0
testily,0,1,0,0,0,0
bother,0,1,0,0,0,0
filling,0,1,1,8,3,0
columns,0,1,1,5,0,0
enigmatically,0,1,0,0,0,0
maidens,0,2,0,0,0,0
draweth,0,1,0,0,0,0
obstinately,0,1,2,4,0,0
chloral,0,2,0,0,0,0
morpheus,0,1,0,0,0,0
hcl,0,1,0,0,0,0
h,0,4,0,41,0,0
dishonour,0,6,0,0,8,0
mixing,0,1,0,2,1,0
gladder,0,1,0,0,0,0
tossing,0,1,6,2,2,0
strike,0,9,6,20,11,0
watchman,0,2,0,1,1,0
gear,0,1,0,0,1,0
bulky,0,2,0,0,0,0
unhurt,0,2,0,0,0,0
separates,0,1,0,2,6,0
ladder,0,1,2,16,2,0
disappearing,0,1,0,3,0,0
ironbound,0,1,0,0,0,0
chasing,0,1,0,2,0,0
errant,0,1,0,0,1,0
swarm,0,2,0,0,2,0
bees,0,1,0,1,2,0
escaping,0,3,0,7,3,0
worshipped,0,1,0,2,1,0
afar,0,5,0,2,0,0
commands,0,1,3,13,8,0
distribution,0,2,0,0,2,2
loaves,0,1,0,0,1,0
fishes,0,1,2,1,0,0
manias,0,1,0,0,0,0
tiger,0,5,0,7,0,0
caged,0,1,0,0,0,0
sheppard,0,1,0,0,0,0
strait,0,8,0,1,1,0
waistcoat,0,7,0,30,0,0
padded,0,4,0,0,0,0
silences,0,2,0,0,0,0
coherent,0,1,0,0,0,0
hint,0,7,1,1,3,0
hull,0,1,2,0,2,0
hamburg,0,1,0,0,0,0
nursing,0,1,0,1,3,0
vocation,0,1,0,0,2,1
treat,0,2,1,12,6,0
jealous,0,3,0,11,7,0
coat,0,8,10,58,6,0
solemnly,0,17,1,8,1,1
spin,0,2,1,1,1,0
formalities,0,3,0,10,0,0
chaplain,0,2,1,2,0,0
awakes,0,2,0,0,0,0
propped,0,1,4,0,0,0
pillows,0,2,0,0,0,0
choke,0,3,0,2,0,0
responsibilities,0,1,0,0,0,0
ribbon,0,2,0,7,1,0
knot,0,1,0,6,0,0
sealing,0,1,0,0,0,0
wax,0,5,0,9,3,0
mixes,0,1,0,0,0,0
privilege,0,8,0,9,3,0
schoolroom,0,1,0,0,0,0
oceans,0,1,0,0,0,0
cormorant,0,1,0,0,0,0
fat,0,2,1,9,3,0
drives,0,1,0,3,2,0
tennis,0,1,0,0,0,0
cessation,0,1,0,0,6,0
suffused,0,1,0,7,0,0
pleading,0,1,1,2,0,0
cringing,0,2,0,0,0,0
furtively,0,1,1,0,0,0
hurting,0,1,0,0,0,0
dissociated,0,1,0,0,0,0
tempt,0,1,0,4,1,0
cats,0,3,1,3,0,0
swooned,0,1,0,0,0,0
coma,0,1,0,0,0,0
moonrise,0,1,0,0,0,0
happens,0,1,0,11,10,0
disraeli,0,1,0,0,0,0
cage,0,4,2,3,0,0
quietness,0,1,0,1,0,0
artfully,0,1,0,0,0,0
inspect,0,1,0,2,2,0
redoubled,0,2,0,15,0,0
bats,0,6,0,1,2,0
hillingham,0,9,0,0,0,0
hadn,0,6,4,0,0,0
worry,0,4,1,3,1,0
waked,0,12,0,0,1,0
doze,0,3,0,0,0,0
scratching,0,1,1,1,0,0
albemarle,0,1,0,0,0,0
preying,0,4,0,0,1,0
distracted,0,1,0,5,4,0
demurred,0,2,0,0,0,0
consult,0,9,1,7,3,0
wire,0,10,0,1,0,0
functional,0,2,0,0,0,0
disturbance,0,4,0,5,0,1
woefully,0,1,0,0,0,0
guesses,0,1,0,0,1,0
lunched,0,1,0,0,0,0
boudoir,0,2,0,14,0,0
mask,0,1,0,13,2,0
reaction,0,6,0,2,6,0
diagnosis,0,1,0,0,0,0
loathe,0,2,0,1,0,0
analysed,0,1,0,0,3,0
qualitative,0,1,0,0,0,0
infer,0,1,0,0,16,0
complains,0,1,0,1,0,0
satisfactorily,0,1,0,0,2,0
lethargic,0,4,0,0,0,0
amsterdam,0,13,0,0,0,0
diseases,0,3,0,2,19,0
arbitrary,0,1,0,0,0,0
metaphysician,0,1,0,0,0,0
scientists,0,2,0,0,0,0
indomitable,0,1,1,1,1,0
toleration,0,1,0,0,1,0
kindliest,0,1,0,1,0,0
beats,0,3,1,4,4,0
equipment,0,2,0,0,0,0
embracing,0,1,0,5,1,0
abraham,0,4,3,0,0,0
ph,0,1,0,1,0,0
swiftly,0,3,5,2,0,0
gangrene,0,1,0,0,0,0
slip,0,3,9,7,2,0
aids,0,2,0,0,2,0
discretion,0,1,0,5,3,0
lunching,0,2,0,0,0,0
jesting,0,1,0,5,0,0
jest,0,2,0,16,13,0
descriptive,0,1,0,0,3,0
telegraph,0,7,0,28,0,0
smuts,0,1,0,0,0,0
chat,0,3,0,1,0,0
geniality,0,1,0,1,0,0
pretense,0,1,0,1,0,0
suavely,0,1,0,0,0,0
pouf,0,2,0,0,0,0
snapped,0,1,3,1,0,0
particular,0,8,7,32,37,2
fails,0,1,0,6,19,0
madmans,0,1,0,0,0,0
rewards,0,1,0,4,25,0
cigarette,0,1,0,0,0,0
whiles,0,3,0,0,0,0
maid,0,6,2,14,0,0
rallying,0,1,0,0,0,0
outburst,0,2,0,6,0,0
stroke,0,5,6,19,0,0
indicate,0,1,0,8,2,0
capture,0,2,1,2,1,0
padding,0,1,0,0,0,0
humble,0,5,0,17,5,0
reaping,0,1,0,0,0,0
fathom,0,1,2,1,0,0
yelling,0,1,0,0,0,0
smoky,0,1,2,1,0,0
inky,0,1,0,0,0,0
sternness,0,3,0,0,0,0
disc,0,2,0,0,0,0
frenzied,0,2,0,0,0,0
inert,0,1,0,2,1,0
recuperative,0,2,0,0,0,0
signalled,0,3,0,3,0,0
brushed,0,2,1,1,0,0
crumbs,0,1,0,0,0,0
emptied,0,1,1,11,1,0
rubbish,0,1,0,2,0,0
malign,0,2,0,1,0,0
professionally,0,1,0,0,0,0
specialist,0,1,0,0,0,0
conjointly,0,1,0,0,0,0
unduly,0,1,0,0,0,0
hedged,0,1,0,0,0,0
granted,0,2,0,14,5,0
liverpool,0,2,0,0,0,0
discreetly,0,2,0,0,0,0
breed,0,1,0,1,12,0
corn,0,7,0,5,5,0
ripened,0,1,0,1,0,0
paint,0,3,2,0,6,0
husbandman,0,3,0,0,15,0
chaff,0,1,0,0,0,0
crop,0,1,0,4,0,0
dig,0,1,4,13,2,0
planted,0,1,0,10,1,0
husbandry,0,1,0,0,3,0
sown,0,2,0,1,2,0
sprout,0,2,0,0,0,0
practise,0,2,0,0,15,0
kick,0,1,0,0,1,0
surmises,0,2,0,0,0,0
drugs,0,1,2,0,1,0
paraphernalia,0,1,0,0,0,0
healing,0,1,0,0,6,0
craft,0,2,4,1,3,0
beneficent,0,2,0,3,0,0
moods,0,7,0,0,1,0
ordained,0,2,0,4,2,0
antidote,0,2,0,3,2,0
dame,0,1,0,4,0,0
gathers,0,1,0,0,1,0
insensitive,0,1,0,0,0,0
tissue,0,1,0,1,0,0
egoism,0,1,0,1,0,0
root,0,2,1,4,6,1
phase,0,3,0,0,1,0
spiritual,0,9,0,0,2,0
pathology,0,1,0,0,0,0
readily,0,3,3,17,8,0
horrified,0,5,1,2,1,1
chalkily,0,1,0,0,0,0
prominently,0,1,0,0,0,0
marble,0,2,0,18,0,0
converged,0,1,0,0,0,0
beckoned,0,4,0,2,0,0
transfusion,0,9,0,0,0,0
knock,0,10,2,5,4,0
dad,0,1,0,0,0,0
thankful,0,3,1,3,0,0
stalwart,0,2,0,1,0,0
emanate,0,1,0,3,0,0
humorous,0,1,0,0,2,0
nostril,0,1,0,0,0,0
slapped,0,1,2,0,0,0
narcotic,0,5,0,2,1,0
cheerily,0,2,4,0,0,0
lift,0,7,0,7,1,0
potency,0,1,0,0,0,0
strip,0,1,1,3,2,0
defibrinate,0,1,0,0,0,0
adjusted,0,2,0,3,1,0
velvet,0,2,0,18,0,0
buckled,0,1,1,0,0,0
buckle,0,1,0,0,0,0
hiss,0,2,1,0,0,0
indrawn,0,1,0,0,0,0
betraying,0,2,0,7,0,0
recruited,0,2,0,0,0,1
counterpane,0,1,0,1,0,0
heaved,0,2,0,4,0,0
jugular,0,1,0,0,0,0
vein,0,3,1,3,3,0
punctures,0,3,0,0,0,0
trituration,0,1,0,0,0,0
nurses,0,1,0,0,9,0
prostration,0,2,0,3,0,0
pooh,0,1,0,5,0,0
poohed,0,1,0,0,0,0
vigil,0,2,0,1,0,0
objection,0,3,0,9,10,1
gratefully,0,2,0,4,0,0
spell,0,13,0,0,1,0
shorter,0,1,0,2,4,0
tackled,0,1,0,0,0,0
boon,0,3,0,4,2,0
crave,0,1,1,0,1,0
pendulum,0,1,0,0,0,0
arrears,0,1,0,0,0,0
inquire,0,3,0,36,1,0
suggesting,0,2,0,0,1,0
stating,0,3,0,2,0,0
mail,0,1,2,3,0,0
wink,0,2,1,1,0,0
numbness,0,1,1,0,0,0
cerebral,0,2,0,1,0,0
enlivened,0,1,0,0,0,0
cozy,0,1,0,0,0,0
doctors,0,7,1,8,2,0
acquiesce,0,1,0,0,0,0
rein,0,3,0,0,0,0
wills,0,3,0,7,4,0
blissful,0,1,0,1,0,0
flooded,0,2,0,0,0,0
inspiration,0,4,1,0,2,0
rarity,0,1,0,0,0,0
gott,0,4,0,0,0,0
himmel,0,1,0,0,0,0
enforcement,0,1,0,0,0,1
ashen,0,3,1,0,0,0
swoon,0,2,1,1,0,0
shrunken,0,1,0,0,0,0
decanter,0,5,0,12,0,0
wetted,0,1,1,1,0,0
undone,0,2,0,0,0,0
dipping,0,1,1,3,0,0
producing,0,1,0,5,5,3
sleeve,0,2,1,2,0,0
draining,0,1,0,0,0,0
hypodermic,0,1,0,0,0,0
injection,0,2,0,0,0,0
morphia,0,2,0,0,0,0
deftly,0,1,0,1,0,0
subtly,0,1,0,0,0,0
tinge,0,1,0,2,0,1
critically,0,1,0,0,0,0
remonstrated,0,2,0,0,0,0
fianc,0,2,0,0,0,0
digital,0,1,0,0,0,0
incision,0,1,0,0,0,0
enjealous,0,1,0,0,0,0
amazement,0,6,0,20,1,0
wondering,0,1,4,2,1,0
retrograde,0,1,0,0,0,0
drained,0,1,0,2,0,0
injunctions,0,1,0,1,0,0
crimson,0,3,0,3,0,0
unwonted,0,1,0,1,0,0
drain,0,1,1,0,0,0
imploring,0,1,0,2,0,0
maids,0,9,0,1,0,0
piteously,0,1,0,2,0,0
intercede,0,1,0,1,0,0
impressment,0,1,0,0,0,0
bundle,0,7,4,6,0,0
wry,0,1,0,0,0,0
decoction,0,1,0,0,0,0
nauseous,0,3,0,1,0,0
snub,0,1,0,0,3,0
distort,0,2,0,1,0,0
medicinal,0,2,0,0,0,0
wreath,0,6,0,0,0,0
lotus,0,1,0,0,1,0
lethe,0,1,0,0,0,0
conquistadores,0,1,0,0,0,0
floridas,0,1,0,0,0,0
smelling,0,2,0,9,0,0
joke,0,5,1,15,2,0
thwart,0,2,3,0,0,0
hush,0,9,0,21,0,0
haarlem,0,2,0,0,0,0
vanderpool,0,1,0,0,0,0
pharmacopoeia,0,1,0,0,0,0
latched,0,1,0,0,0,0
handful,0,4,0,8,0,0
sashes,0,3,0,2,0,0
whiff,0,2,3,0,0,0
wisp,0,2,1,0,1,0
grotesque,0,2,0,3,0,0
puzzles,0,1,0,3,0,0
sceptic,0,3,0,0,0,0
ho,0,5,21,1,0,0
baneful,0,1,0,1,1,0
unshed,0,1,0,0,0,0
sleeplessness,0,1,0,0,0,0
dreads,0,3,0,0,0,0
ophelia,0,1,0,0,0,0
crants,0,1,0,0,0,0
maiden,0,1,0,4,3,0
strewments,0,1,0,0,0,0
berkeley,0,5,0,0,2,0
annual,0,1,0,1,3,0
riser,0,1,0,1,0,0
greeted,0,1,1,2,0,0
jubilant,0,1,0,0,0,0
diagnosed,0,1,0,0,0,0
ma,0,1,0,33,0,0
stuffy,0,1,0,0,0,0
bunch,0,6,1,11,0,0
mischievous,0,1,0,2,2,0
palms,0,4,1,0,1,0
sob,0,5,1,15,0,0
racking,0,1,0,0,0,0
appealing,0,3,0,1,1,0
universe,0,2,0,3,4,0
beset,0,5,0,1,3,0
pagan,0,1,0,0,1,0
unknowing,0,3,0,0,0,0
waxen,0,4,0,0,1,0
hissing,0,1,0,0,0,0
ashy,0,1,0,0,0,0
healthy,0,2,0,1,12,0
consulting,0,2,1,1,1,0
ordeal,0,3,0,0,0,0
insane,0,2,0,2,2,0
diver,0,1,1,1,0,0
noises,0,1,2,3,0,0
boxful,0,1,0,0,0,0
boughs,0,1,2,3,0,0
napped,0,1,0,0,0,0
mall,0,3,0,0,0,0
gazette,0,9,0,1,0,0
interviewer,0,2,0,0,0,0
logical,0,5,0,1,4,0
refusals,0,1,0,0,0,0
talisman,0,1,0,0,0,0
section,0,2,0,1,2,9
bilder,0,6,0,0,0,0
enclosure,0,1,6,11,1,0
elephant,0,5,0,0,0,0
hospitable,0,2,0,0,0,0
average,0,2,0,0,2,1
pipe,0,1,27,4,2,0
arsk,0,5,0,0,0,0
excoose,0,2,0,0,0,0
refoosin,0,1,0,0,0,0
perfeshunal,0,1,0,0,0,0
afore,0,8,0,0,0,0
meals,0,1,1,3,10,0
jackals,0,2,0,0,0,0
hyenas,0,1,0,0,0,0
queried,0,1,0,0,0,0
wishful,0,1,0,0,0,0
talkative,0,1,0,0,0,0
ittin,0,3,0,0,0,0
ead,0,3,0,0,0,0
scratchin,0,2,0,0,0,0
gents,0,1,0,0,0,0
flush,0,1,2,4,0,0
orf,0,2,0,0,0,0
gals,0,1,0,0,0,0
fust,0,2,0,0,0,0
chucks,0,1,0,0,0,0
waits,0,1,0,4,1,0
ad,0,7,0,0,3,0
sherry,0,3,0,8,0,0
kawffee,0,1,0,0,0,0
philosophically,0,1,0,5,0,0
theer,0,1,1,0,0,0
animiles,0,4,0,0,0,0
arskin,0,1,0,0,0,0
grumpy,0,1,0,0,0,0
bloomin,0,8,0,0,0,0
arf,0,2,0,0,0,0
quid,0,3,4,5,0,0
blowed,0,1,0,0,0,0
fore,0,1,9,1,1,0
arsked,0,1,0,0,0,0
sarcastic,0,1,0,1,0,0
superintendent,0,2,0,0,1,0
offence,0,1,2,9,1,0
yer,0,10,0,0,0,0
ell,0,1,0,0,0,0
usin,0,1,0,0,0,0
obscene,0,1,0,0,1,0
weren,0,1,4,0,0,0
goin,0,1,0,0,0,0
owl,0,3,0,1,0,0
lions,0,1,1,14,0,0
tigers,0,1,0,3,0,0
lor,0,4,0,0,0,0
ooman,0,1,0,0,0,0
stuck,0,2,4,3,0,0
chunk,0,1,0,0,0,0
rinsed,0,1,0,2,0,0
teapot,0,2,0,0,0,0
hup,0,2,0,0,0,0
scratch,0,2,1,1,0,0
git,0,3,0,0,0,0
growl,0,1,1,0,0,0
ere,0,19,7,31,0,0
guv,0,6,0,0,0,0
ole,0,4,0,0,0,0
bersicker,0,9,0,0,0,0
norway,0,1,0,1,0,0
jamrach,0,1,0,0,0,0
im,0,10,0,0,0,0
wantin,0,1,0,0,0,0
animile,0,1,0,0,0,0
tom,0,1,24,2,0,0
e,0,9,12,189,27,7
mindin,0,1,0,0,0,0
blest,0,1,0,0,3,0
isself,0,5,0,0,0,0
feedin,0,1,0,0,0,0
litter,0,1,0,2,0,0
monkey,0,1,3,4,4,0
puma,0,1,0,0,0,0
yelpin,0,1,0,0,0,0
owlin,0,1,0,0,0,0
kem,0,4,0,0,0,0
tearin,0,1,0,0,0,0
chap,0,3,0,1,0,0
ook,0,1,0,0,0,0
runnin,0,1,0,0,0,0
ard,0,1,4,0,0,0
mislike,0,1,0,0,0,0
hirritated,0,1,0,0,0,0
gloves,0,1,0,18,0,0
ands,0,1,0,0,0,0
oped,0,1,0,0,0,0
ow,0,4,0,0,0,0
imitatin,0,1,0,0,0,0
bagful,0,1,0,0,0,0
talkin,0,1,1,0,0,0
tyke,0,1,0,0,0,0
tyking,0,1,0,0,0,0
trades,0,1,2,0,3,1
anceterer,0,1,0,0,0,0
keepers,0,2,0,6,1,0
ave,0,2,0,0,0,0
perlite,0,1,0,0,0,0
kep,0,1,0,0,0,0
arter,0,3,0,0,0,0
hout,0,1,0,0,0,0
hevening,0,1,0,0,0,0
larst,0,1,0,0,0,0
owling,0,2,0,0,0,0
callin,0,1,0,0,0,0
somewheres,0,4,1,0,0,0
gardings,0,1,0,0,0,0
turnin,0,1,0,0,0,0
bust,0,1,0,0,0,0
rails,0,2,0,1,0,0
certing,0,1,0,0,0,0
gard,0,2,0,9,0,0
ners,0,1,0,0,0,0
ome,0,3,0,0,0,0
armony,0,2,0,0,0,0
garding,0,1,1,0,0,0
missis,0,1,2,0,0,0
huntin,0,1,0,0,0,0
seein,0,2,1,0,0,0
elaborate,0,1,1,3,0,0
badinage,0,1,0,0,0,0
surer,0,1,1,1,0,0
sovereign,0,5,1,8,1,0
briskly,0,1,6,2,0,0
chaffin,0,1,0,0,0,0
winked,0,1,2,5,0,0
idin,0,2,0,0,0,0
ner,0,1,0,0,0,0
wot,0,1,3,0,0,0
gallopin,0,1,0,0,0,0
faster,0,2,1,6,0,1
gallop,0,1,1,7,0,0
bein,0,2,0,0,0,0
storybook,0,1,0,0,0,0
dessay,0,1,0,0,0,0
packs,0,1,0,0,0,0
chivyin,0,1,0,0,0,0
afeared,0,1,0,0,0,0
chop,0,2,0,0,0,0
fightin,0,1,0,0,0,0
providin,0,1,0,0,0,0
hisself,0,1,3,0,0,0
shiverin,0,1,0,0,0,0
area,0,4,0,0,0,0
cellar,0,2,1,0,0,0
rum,0,2,57,9,0,0
butcher,0,3,1,2,0,0
shop,0,3,1,2,2,0
nursemaid,0,1,0,0,0,0
walkin,0,1,0,0,0,0
leavin,0,1,0,0,0,0
hinfant,0,1,0,0,0,0
perambulator,0,1,0,0,0,0
shouldn,0,1,5,0,0,0
census,0,1,0,0,0,0
babby,0,1,1,0,0,0
handing,0,2,0,1,2,0
bobbing,0,1,0,0,0,0
doubled,0,2,4,9,3,0
unnecessary,0,2,0,9,16,0
durability,0,1,0,0,0,0
quondam,0,1,0,0,0,0
masquerade,0,1,0,3,0,0
comedy,0,1,0,5,7,0
pathos,0,2,0,0,1,0
paralysed,0,3,0,1,0,0
penitent,0,2,0,3,0,0
vulpine,0,1,0,0,0,0
prodigal,0,1,0,1,2,0
gettin,0,1,1,0,0,0
shyme,0,1,0,0,0,0
bottles,0,1,2,9,0,0
fatted,0,1,0,0,3,0
exclusive,0,1,0,0,5,2
escapade,0,1,2,0,0,0
zoo,0,1,0,0,0,0
arrear,0,1,0,0,0,0
thunderstruck,0,1,0,5,0,0
sprawling,0,2,1,0,0,0
carpet,0,1,1,7,0,0
wary,0,1,0,0,0,0
prostrate,0,2,0,4,0,0
placidly,0,2,1,0,0,0
phases,0,2,0,0,0,1
forego,0,1,0,0,0,0
antwerp,0,1,0,0,1,0
sussex,0,1,0,0,0,0
county,0,1,0,0,0,0
cylinder,0,2,0,1,3,0
memorandum,0,6,0,0,0,0
perversely,0,1,0,0,0,0
shrubbery,0,3,0,1,0,0
pacify,0,1,0,1,1,0
aperture,0,3,1,10,0,0
clutched,0,5,0,3,0,0
hit,0,2,3,4,2,0
wheeling,0,2,2,0,0,0
circling,0,3,1,0,0,0
pillar,0,4,0,2,0,0
simoon,0,1,0,0,0,0
tolling,0,1,0,0,0,0
dazed,0,4,1,0,0,0
pattering,0,1,0,0,0,0
slammed,0,1,2,0,0,0
acrid,0,3,0,2,0,0
sideboard,0,1,0,0,0,0
drugged,0,2,0,1,0,0
shield,0,1,0,7,3,0
cab,0,4,0,17,0,0
response,0,6,0,6,1,0
laziness,0,1,0,0,1,1
abed,0,1,0,0,0,0
blamed,0,1,4,0,7,0
assail,0,1,0,1,0,0
ingress,0,1,0,1,0,0
porch,0,2,6,0,0,0
pat,0,1,0,1,0,0
coherently,0,1,0,0,0,0
surgical,0,2,0,0,0,0
pushed,0,2,2,16,0,2
dimly,0,2,1,0,2,0
stertorous,0,7,0,0,0,0
farthest,0,2,1,4,2,0
listens,0,1,0,1,1,0
restlessly,0,1,0,1,0,0
flick,0,3,0,0,0,0
towel,0,2,0,1,0,0
bath,0,5,0,5,3,0
heated,0,1,1,8,0,0
sobbing,0,4,0,4,0,0
boiler,0,1,0,0,0,0
chafing,0,1,0,0,0,0
sternest,0,2,0,0,0,0
stethoscope,0,1,0,0,0,0
beamed,0,1,0,2,0,0
blinds,0,3,0,10,0,0
etiquette,0,2,0,7,0,0
rigidly,0,1,0,1,1,0
observes,0,1,0,1,4,0
perplexity,0,2,1,0,5,0
outstretched,0,2,0,7,0,0
nick,0,1,1,1,0,1
strode,0,1,3,1,0,0
subcutaneous,0,1,0,0,0,0
slumber,0,1,1,9,0,0
cabmen,0,1,0,0,0,0
solved,0,2,0,3,3,0
certificate,0,3,0,8,0,0
properly,0,5,0,6,6,2
wisely,0,2,1,3,7,0
certify,0,1,0,2,0,0
registrar,0,1,0,0,0,0
undertaker,0,8,0,1,0,0
registration,0,1,0,0,0,0
forestalling,0,1,0,0,0,0
cheerless,0,1,0,0,0,0
shove,0,2,1,1,0,0
dutchman,0,2,1,0,0,0
camera,0,1,0,0,0,0
pampas,0,2,0,0,0,0
mare,0,1,0,0,0,0
vampires,0,4,0,2,0,0
gorge,0,1,0,1,0,0
bullet,0,3,2,4,0,0
bleeding,0,3,2,4,0,0
royal,0,1,4,15,18,0
answering,0,2,0,19,9,0
crux,0,1,0,0,0,0
eased,0,1,0,1,0,0
weakly,0,1,0,0,1,0
fitfully,0,1,0,0,0,0
unattended,0,2,0,1,0,0
patrolled,0,1,0,0,0,0
softer,0,1,0,2,1,0
telegraphed,0,2,0,0,0,0
choking,0,3,0,8,0,0
comatose,0,1,0,0,0,0
stimulant,0,1,0,0,0,0
rallied,0,1,0,2,0,0
rally,0,1,0,0,0,1
unopened,0,2,0,0,0,0
budget,0,1,0,1,0,0
dears,0,1,0,0,0,0
chick,0,1,0,1,0,0
installed,0,1,0,4,0,0
elms,0,1,0,0,0,0
rooks,0,2,0,1,0,0
cawing,0,2,0,0,0,0
chattering,0,1,0,1,0,0
gossiping,0,1,0,0,0,0
humans,0,1,0,0,0,0
housekeeping,0,1,0,1,1,0
partner,0,3,0,6,5,0
clients,0,3,0,0,0,0
starts,0,2,0,0,6,0
coax,0,1,0,0,0,0
placidity,0,1,0,1,0,0
tenses,0,1,0,0,0,0
patrick,0,2,0,0,0,0
hennessey,0,3,0,0,0,0
k,0,1,0,0,0,0
q,0,1,0,0,0,0
outbreak,0,1,0,0,0,0
carrier,0,1,0,0,0,0
abut,0,1,0,0,0,0
decent,0,3,0,2,0,0
mouthed,0,1,0,0,0,0
robbing,0,1,0,3,2,0
hinder,0,3,1,2,0,0
swing,0,1,4,1,0,0
madhouse,0,1,0,0,0,0
havin,0,1,0,0,0,0
civilly,0,1,0,0,0,0
revilings,0,1,0,0,0,0
blandly,0,1,7,0,0,0
oblivious,0,1,0,0,0,0
foreheads,0,1,0,1,0,0
butt,0,1,1,5,1,0
kittens,0,1,0,0,0,0
burly,0,1,1,0,0,0
frustrate,0,3,0,0,0,0
shan,0,2,0,0,0,0
inches,0,3,1,10,0,0
carriers,0,5,0,0,0,0
damages,0,1,0,0,0,0
penalties,0,1,0,1,1,0
indirect,0,1,0,1,5,1
drouth,0,1,0,0,0,0
reprehensible,0,1,0,0,0,0
entertainment,0,1,1,5,4,0
drift,0,3,1,0,0,0
grog,0,1,5,0,0,0
bloke,0,1,0,0,0,0
addresses,0,2,0,3,0,0
smollet,0,7,0,0,0,0
dudding,0,1,0,0,0,0
rents,0,3,0,0,0,1
walworth,0,6,0,0,0,0
snelling,0,3,0,0,0,0
farley,0,1,0,0,0,0
bethnal,0,2,0,0,0,0
harris,0,1,0,0,0,0
sons,0,8,1,5,40,0
shipment,0,1,0,0,0,0
soho,0,1,0,0,0,0
occurring,0,1,0,1,5,0
befriended,0,1,0,0,0,0
avarice,0,1,0,4,8,0
responsibility,0,4,0,7,3,0
puts,0,2,4,3,6,0
helps,0,1,0,0,1,0
troubling,0,2,1,1,1,0
spirited,0,2,1,3,17,0
duly,0,2,1,13,3,0
alarms,0,1,3,6,1,0
whiter,0,6,0,4,0,0
reeked,0,1,0,0,0,0
chaplet,0,1,0,0,0,0
odorous,0,1,0,0,0,0
stertorously,0,2,0,0,0,0
uneasily,0,2,0,7,0,0
wheeled,0,1,0,1,0,0
languidly,0,1,0,0,0,0
mercifully,0,1,0,1,0,0
sissing,0,1,0,0,0,0
indraw,0,1,0,0,0,0
ejaculation,0,1,0,0,0,0
dies,0,2,0,5,5,0
trusts,0,1,1,1,1,0
streaming,0,2,1,3,1,0
summon,0,4,0,10,0,0
easiest,0,1,0,2,2,0
ripples,0,2,4,0,0,0
stooping,0,3,5,3,4,0
matching,0,1,0,0,0,0
insensibly,0,1,0,2,6,0
swooped,0,1,0,0,0,0
aback,0,1,3,0,0,0
spasm,0,1,0,4,0,0
champed,0,3,0,0,0,0
untellable,0,1,0,0,0,0
registers,0,1,0,4,0,0
sterner,0,2,0,0,2,0
harshness,0,1,0,2,1,0
succeeding,0,1,0,2,3,0
urbane,0,1,0,0,0,0
staff,0,1,0,2,2,0
obsequious,0,1,1,1,0,0
suavity,0,1,0,1,0,0
establishment,0,1,0,13,1,2
disordered,0,1,0,4,5,0
notify,0,1,0,0,0,0
bidden,0,1,1,1,2,0
lawyer,0,1,0,5,2,1
coroner,0,2,0,0,0,0
explicit,0,1,0,2,1,0
burial,0,5,0,4,4,0
specific,0,1,0,2,0,0
lad,0,4,28,8,0,0
sanction,0,2,0,3,4,0
recuperate,0,1,0,0,0,0
chapelle,0,1,0,4,0,0
ardente,0,1,0,0,0,0
wilderness,0,1,0,2,2,0
candles,0,2,0,3,0,0
effacing,0,1,0,1,0,0
sternly,0,7,1,1,1,0
premonitory,0,1,0,0,0,0
tap,0,1,4,1,0,0
mortem,0,2,0,0,0,0
knives,0,5,2,0,0,0
autopsy,0,1,0,0,0,0
coffined,0,1,0,0,0,0
mutilate,0,1,0,0,0,0
bleed,0,2,0,3,0,0
unasked,0,1,0,0,0,0
worthless,0,1,1,1,4,1
forenoon,0,1,0,1,0,0
marquand,0,2,0,0,0,0
wholeman,0,1,0,0,0,0
lidderdale,0,1,0,0,0,0
appreciative,0,1,0,0,0,0
entailed,0,1,0,0,0,0
default,0,1,0,0,0,0
testamentary,0,1,0,1,0,0
contingencies,0,1,0,0,0,0
matrimonial,0,1,0,6,0,0
alliance,0,2,0,17,6,1
collision,0,1,0,1,0,0
ninety,0,1,1,5,0,0
logic,0,4,0,4,16,0
predeceasing,0,1,0,0,0,0
survived,0,3,0,1,0,1
decease,0,1,0,2,0,0
intestacy,0,1,0,0,0,0
inheritors,0,1,0,0,0,0
sentimental,0,1,0,0,0,1
rejoicing,0,1,0,1,2,0
limitations,0,5,0,1,1,0
hostile,0,2,0,3,4,2
criticism,0,1,0,0,8,6
display,0,1,0,15,0,1
lowered,0,2,1,10,0,0
arrangement,0,1,2,5,4,1
adhered,0,1,0,0,0,0
stupidity,0,1,0,3,1,0
shrunk,0,1,0,3,0,0
genuinely,0,1,0,0,0,0
devotedly,0,1,0,3,0,0
constraint,0,1,0,0,0,0
huskily,0,1,0,0,0,0
comforted,0,2,1,5,0,0
tightening,0,1,0,0,1,0
unison,0,1,0,2,0,0
enhancing,0,1,0,0,0,0
ague,0,1,1,1,0,0
suggest,0,2,0,3,5,0
acute,0,1,0,4,2,0
lovingly,0,3,0,0,0,0
screw,0,2,0,1,0,0
cigars,0,2,0,12,0,0
offensively,0,1,0,0,0,0
patrolling,0,1,0,1,0,0
strewn,0,1,1,2,1,0
lily,0,2,0,2,0,0
freshen,0,1,0,0,0,0
representing,0,1,0,6,4,1
president,0,1,0,89,0,0
incorporated,0,2,0,0,0,0
bus,0,1,0,0,0,0
hyde,0,1,0,0,0,0
piccadilly,0,23,0,0,0,0
improper,0,1,0,0,2,0
teaching,0,4,0,2,7,0
decorum,0,1,0,3,0,0
biting,0,1,1,5,0,0
victoria,0,1,0,0,0,0
guiliano,0,1,0,0,0,0
clutch,0,1,0,2,0,0
bulging,0,1,0,0,0,0
beaky,0,1,0,0,0,0
sensual,0,1,0,0,6,0
staring,0,4,5,5,0,0
nasty,0,1,1,0,0,0
hansom,0,1,0,0,0,0
shady,0,1,0,1,0,0
episode,0,2,0,0,1,0
lapsing,0,2,0,0,0,0
whoever,0,2,0,8,1,0
viking,0,1,0,0,0,0
restraint,0,1,0,4,3,0
transfused,0,1,0,0,0,0
misjudge,0,1,0,0,0,0
manifestations,0,1,0,0,0,0
characteristic,0,1,0,5,15,0
forceful,0,2,0,0,0,0
suitability,0,1,0,1,0,0
sufferers,0,1,0,1,3,0
sexton,0,4,0,0,0,0
thud,0,2,0,0,0,0
yearn,0,1,0,0,0,0
bellow,0,1,0,2,0,0
dance,0,3,17,9,1,0
smileless,0,1,0,0,0,0
ropes,0,3,1,1,0,0
brace,0,1,6,4,0,0
irony,0,3,0,6,8,0
garlanded,0,1,0,0,0,0
kin,0,4,0,0,0,0
toll,0,3,0,0,0,0
garments,0,2,0,7,4,0
comic,0,1,0,2,4,0
polyandrist,0,1,0,0,0,0
bigamist,0,1,0,0,0,0
lordly,0,2,0,0,1,0
hampstead,0,8,0,0,0,0
themes,0,1,0,2,0,0
thread,0,3,3,9,4,0
finis,0,2,0,1,0,0
westminster,0,5,0,0,0,0
parallel,0,1,0,3,13,0
headlines,0,1,0,0,0,0
kensington,0,1,0,0,0,0
stabbing,0,1,0,0,0,0
straying,0,2,0,0,0,0
neglecting,0,1,1,1,2,0
intelligible,0,1,0,2,15,0
consensus,0,1,0,0,0,0
excuses,0,1,0,8,0,0
bloofer,0,8,0,0,0,0
luring,0,1,0,0,0,0
wiles,0,1,0,0,0,0
tots,0,1,0,0,0,0
supremely,0,2,0,2,2,0
caricaturists,0,1,0,0,0,0
comparing,0,1,0,2,4,0
al,0,1,0,7,0,0
fresco,0,1,0,0,0,0
performances,0,1,0,2,0,0
na,0,2,0,1,0,0
vely,0,1,0,0,0,0
ellen,0,1,0,0,0,0
terry,0,1,0,0,0,0
winningly,0,1,0,0,0,0
grubby,0,1,0,0,0,0
individually,0,3,0,0,3,0
inflicts,0,1,0,2,0,0
stray,0,2,0,2,0,0
extra,0,2,1,1,0,0
furze,0,1,0,0,0,0
bush,0,2,2,0,0,0
shooter,0,1,0,0,0,0
frequented,0,1,0,0,0,0
lured,0,1,0,0,0,0
continuity,0,1,0,0,0,0
transcribing,0,1,0,0,0,0
worried,0,5,0,0,0,0
nervousness,0,2,0,1,0,0
empowered,0,1,0,1,0,0
vitally,0,1,0,0,0,0
implore,0,5,0,4,1,0
enlighten,0,1,0,4,1,0
draws,0,1,0,2,12,1
silly,0,2,1,5,0,2
tinges,0,1,0,0,0,0
negative,0,3,0,5,3,0
questioning,0,5,0,5,3,0
accepted,0,2,0,24,2,0
haunts,0,2,0,2,0,0
refine,0,1,0,0,1,0
verbatim,0,1,0,0,0,0
deux,0,1,0,0,0,0
mains,0,1,0,0,0,0
poise,0,2,0,0,0,0
indicative,0,2,0,2,0,0
mobile,0,1,0,0,0,0
broaden,0,1,0,0,0,0
tightens,0,1,0,0,0,0
bumps,0,1,0,0,0,0
reddish,0,1,0,4,1,0
tumble,0,1,0,0,0,0
falls,0,5,0,8,17,0
widely,0,1,1,0,1,0
helper,0,2,0,0,1,0
inference,0,3,0,0,14,0
mystifying,0,1,0,0,0,0
mouths,0,1,0,4,5,0
demurely,0,1,0,0,0,0
typewritten,0,4,0,0,0,0
copy,0,9,1,2,6,0
workbasket,0,1,0,0,0,0
glistened,0,1,0,8,0,0
hurriedly,0,6,0,3,0,0
ablaze,0,1,1,0,0,1
daze,0,1,0,0,0,0
dazzle,0,3,0,3,0,0
darknesses,0,1,0,0,0,0
specialty,0,1,0,0,0,0
goodly,0,1,0,1,2,0
angels,0,4,0,5,5,0
friendships,0,1,0,3,1,0
nobility,0,1,0,16,2,3
truths,0,2,0,4,15,3
overwrought,0,2,0,0,0,0
paddington,0,3,0,0,0,0
permanence,0,1,0,0,1,0
launceston,0,1,0,0,0,0
copied,0,4,0,4,0,0
distrustful,0,1,0,1,0,0
unmask,0,1,0,0,0,0
scrutiny,0,1,0,9,0,0
unreality,0,1,0,0,3,0
groove,0,2,0,0,0,0
mistrusted,0,1,0,0,1,0
physiognomist,0,1,0,1,0,0
praising,0,1,0,2,9,0
egoist,0,1,0,0,0,0
choky,0,1,0,0,0,0
groaning,0,1,3,5,1,0
whistle,0,4,10,1,0,0
finality,0,1,0,0,0,0
intents,0,1,0,1,0,0
bubbling,0,1,3,0,0,0
buoyancy,0,1,0,0,0,0
cicatrised,0,1,0,0,0,0
reopened,0,1,0,3,0,0
whet,0,2,0,0,0,0
paragraph,0,1,0,11,1,0
decoyed,0,1,0,0,0,0
punctured,0,1,0,0,0,0
indirectly,0,1,0,1,1,0
sobered,0,1,0,0,0,0
data,0,2,0,0,1,0
hints,0,1,0,1,2,0
wit,0,1,0,9,4,0
fault,0,1,1,50,18,0
beliefs,0,2,0,0,6,0
opera,0,1,0,44,0,0
corporeal,0,2,0,0,0,0
transference,0,1,0,0,0,0
materialisation,0,1,0,0,0,0
astral,0,1,0,0,0,0
hypnotism,0,4,0,0,0,0
charcot,0,2,0,0,0,0
premise,0,1,0,0,0,0
reject,0,1,0,1,6,1
electrical,0,1,0,0,0,0
unholy,0,3,0,0,9,0
wizards,0,1,0,0,0,0
methuselah,0,1,0,0,0,0
parr,0,1,0,0,0,0
sixty,0,1,0,18,1,0
brutes,0,2,1,1,2,0
oil,0,2,0,6,0,0
cattle,0,2,0,0,2,0
pods,0,1,0,0,0,0
bitten,0,3,1,4,0,0
tortoise,0,1,0,1,0,0
dynasties,0,1,0,0,1,0
parrot,0,1,9,1,0,0
bite,0,2,5,5,2,0
vouched,0,1,0,0,0,0
toads,0,1,0,0,0,0
fakir,0,2,0,0,0,0
sowed,0,1,0,0,0,0
reaped,0,2,0,1,1,0
unbroken,0,1,3,1,0,0
pet,0,2,1,0,0,0
thesis,0,2,0,0,9,0
novice,0,1,0,0,0,0
lumbering,0,1,0,0,0,0
bog,0,2,1,0,0,0
tussock,0,3,0,0,0,0
defined,0,1,0,3,12,0
enables,0,1,0,6,3,0
untrue,0,1,0,0,7,0
truck,0,2,1,0,0,0
receptivity,0,1,0,0,0,0
elbows,0,3,2,4,0,0
covering,0,1,1,5,1,0
mastered,0,1,0,3,0,0
smote,0,1,1,0,3,0
abstract,0,1,0,0,21,0
concrete,0,1,0,0,2,0
byron,0,1,0,4,0,0
excepted,0,1,0,0,0,0
category,0,1,0,1,0,2
jealousy,0,1,1,11,6,0
vincent,0,3,0,0,0,0
plucked,0,1,5,3,0,0
bandage,0,1,4,10,0,0
mistaking,0,3,0,1,0,0
smaller,0,3,1,2,11,0
fresher,0,1,0,0,0,0
alley,0,2,0,3,0,0
gala,0,1,0,0,0,0
mite,0,1,0,0,0,0
reckoned,0,2,2,9,6,0
bicyclists,0,1,0,0,0,0
genially,0,1,0,0,0,0
individual,0,3,0,10,116,12
radius,0,1,0,0,0,0
unhesitatingly,0,1,0,6,1,0
mixup,0,1,0,0,0,0
fewer,0,2,0,1,0,0
patrol,0,1,0,0,0,0
suburban,0,1,0,0,0,0
climbed,0,1,2,7,0,0
creaky,0,1,0,0,0,0
politely,0,2,0,3,0,0
unconsciously,0,7,0,8,4,0
precede,0,2,0,2,1,0
courtliness,0,1,0,0,0,0
plight,0,2,0,0,0,0
fumbled,0,1,0,0,0,0
matchbox,0,1,0,0,0,0
wreathed,0,2,0,0,0,0
lank,0,1,0,0,1,0
whites,0,1,0,0,0,0
greens,0,1,0,0,0,0
browns,0,1,0,0,0,0
beetle,0,1,0,1,0,0
dominance,0,2,0,0,0,0
discoloured,0,1,1,0,0,0
encrusted,0,2,0,1,0,0
tarnished,0,1,0,0,0,0
plating,0,1,0,0,0,0
sordid,0,1,0,0,1,0
irresistibly,0,1,0,2,0,0
systematically,0,2,0,0,0,0
plates,0,1,0,1,0,0
sperm,0,1,0,0,0,0
congealed,0,1,0,0,0,0
turnscrew,0,2,0,0,0,0
straightway,0,1,0,0,1,1
screws,0,1,0,0,0,0
casing,0,1,0,0,0,0
affront,0,1,0,1,0,0
stripped,0,1,0,2,5,2
fumbling,0,2,0,0,0,0
stab,0,1,1,3,0,0
gas,0,4,0,0,0,0
sawed,0,2,0,0,0,0
unmoved,0,1,1,8,0,0
emboldened,0,1,0,1,0,0
dogged,0,2,0,0,0,0
argumentativeness,0,1,0,0,0,0
snatcher,0,1,0,0,0,0
duplicates,0,1,0,1,0,0
pick,0,3,11,2,3,1
yew,0,5,0,2,1,0
headstones,0,2,0,0,0,0
unnerved,0,1,0,1,0,0
errand,0,1,0,7,0,0
keenly,0,7,1,2,1,0
observant,0,1,0,0,0,0
railed,0,1,0,1,0,0
tombs,0,3,0,2,0,0
stumbled,0,1,3,4,1,0
juniper,0,2,0,0,0,0
rustle,0,2,1,0,0,0
aggressive,0,1,0,0,1,0
thankfully,0,2,0,2,0,0
policeman,0,5,0,1,0,0
tramp,0,1,2,1,0,0
spaniards,0,1,1,6,0,0
insists,0,2,0,2,7,1
stragglers,0,1,0,0,0,0
mourners,0,1,0,0,0,0
alder,0,1,0,0,0,0
perils,0,1,2,2,1,0
incurring,0,1,0,2,1,0
outrageous,0,1,0,0,1,0
leaden,0,7,1,4,2,0
eyesight,0,1,0,1,4,0
shrugged,0,1,0,10,0,0
courteously,0,1,0,2,0,0
unutterably,0,1,0,0,0,0
radiantly,0,2,0,0,0,0
juggle,0,1,0,0,0,0
argumentative,0,1,0,0,1,0
hostility,0,1,0,3,0,1
chagrin,0,1,0,0,0,1
dual,0,1,0,0,0,0
un,0,38,4,0,1,0
differ,0,1,0,1,16,0
designate,0,1,0,0,1,0
nothings,0,4,0,0,1,0
joyously,0,1,0,0,0,0
stake,0,20,3,3,3,0
mutilating,0,1,0,0,0,0
subjective,0,1,0,0,3,0
objective,0,1,0,0,3,0
snap,0,1,0,0,0,0
inclining,0,1,0,1,0,0
forgiven,0,3,0,6,0,0
dine,0,2,2,25,1,0
fooled,0,1,0,0,0,0
hunting,0,3,5,5,6,0
loath,0,1,0,0,0,0
marvel,0,1,0,0,1,0
addressing,0,2,2,30,0,0
query,0,1,0,1,0,0
laconically,0,3,0,1,0,0
doubting,0,3,0,4,1,0
proudly,0,3,0,9,1,0
trusting,0,3,1,0,1,0
endorsement,0,1,0,1,0,0
poke,0,1,0,0,0,0
violate,0,2,0,1,1,0
limitation,0,1,0,0,0,0
reservations,0,1,0,0,0,0
pourparlers,0,1,0,0,0,0
kingstead,0,1,0,0,0,0
desecration,0,2,0,0,0,0
thorny,0,1,0,0,1,0
mutilation,0,2,0,0,0,0
beseech,0,1,0,15,1,0
gleams,0,3,0,1,0,0
scudded,0,1,0,1,0,0
counteractant,0,1,0,0,0,0
hesitatingly,0,1,0,2,0,0
screwdriver,0,2,0,0,0,0
ordinarily,0,2,0,7,1,0
unharmed,0,1,1,2,0,0
sundown,0,3,3,0,0,0
clamps,0,1,0,2,0,0
shun,0,1,0,1,0,0
exodus,0,1,0,0,1,0
slide,0,2,0,1,0,0
filed,0,1,0,0,0,0
scudding,0,1,0,0,0,0
taint,0,1,0,0,1,0
humanising,0,1,0,0,0,0
lighting,0,2,1,8,0,0
phlegmatic,0,1,0,3,0,0
accepts,0,2,0,1,0,0
bravery,0,2,0,0,3,0
plug,0,1,0,0,0,0
tobacco,0,1,11,9,0,0
chew,0,1,0,0,0,0
wafer,0,11,0,0,0,0
biscuit,0,1,7,12,0,0
napkin,0,1,1,5,0,0
whitish,0,1,0,0,0,0
dough,0,1,0,0,0,0
putty,0,2,0,0,0,0
crumbled,0,2,0,0,0,0
scott,0,1,0,1,0,0
apprenticed,0,1,0,0,0,0
repudiated,0,1,0,0,0,0
proofs,0,3,0,25,2,0
embodiment,0,1,0,0,5,0
funereal,0,1,0,2,0,0
ominously,0,1,0,0,0,0
bough,0,1,1,0,0,0
creak,0,4,1,3,0,0
mysteriously,0,1,0,2,0,0
yews,0,1,0,0,0,0
prominence,0,2,0,0,0,0
cerements,0,1,0,0,0,0
forwards,0,1,1,7,1,0
adamantine,0,1,0,0,1,0
purity,0,5,0,4,4,0
robe,0,3,0,6,2,2
snarl,0,2,0,0,0,0
unawares,0,1,0,1,0,0
unclean,0,7,0,0,0,0
growling,0,1,2,2,0,0
growls,0,1,0,0,0,0
bloodedness,0,1,0,0,0,0
wanton,0,2,0,0,1,0
sparks,0,1,0,3,1,0
coils,0,1,0,1,0,0
medusa,0,1,0,3,0,0
snakes,0,1,1,1,0,0
masks,0,1,0,9,0,0
japanese,0,1,0,5,0,0
simultaneously,0,3,1,3,0,0
click,0,2,0,1,0,0
interstice,0,1,0,0,0,0
restoring,0,2,0,3,3,1
strings,0,1,0,3,9,0
overmuch,0,1,0,0,0,0
official,0,3,0,13,0,1
gravediggers,0,1,0,0,0,0
cricketing,0,1,0,0,0,0
melting,0,1,1,1,0,0
aspen,0,1,0,0,0,0
demon,0,2,0,8,0,0
bloodstained,0,1,0,0,0,0
carnal,0,2,0,0,0,0
unspiritual,0,1,0,0,0,0
methodicalness,0,1,0,0,0,0
soldering,0,1,0,0,0,0
plumbing,0,1,0,0,0,0
solder,0,2,0,0,0,0
operating,0,1,0,0,0,0
charring,0,1,0,0,0,0
sharpened,0,1,0,2,0,0
households,0,1,0,0,0,0
lumps,0,1,0,0,0,0
stimulating,0,1,0,0,1,0
bracing,0,1,0,0,0,0
lore,0,1,0,0,0,0
ancients,0,2,0,3,7,0
adding,0,1,2,5,10,0
multiplying,0,2,0,2,2,0
nosferatu,0,2,0,0,0,0
deads,0,1,0,0,0,0
debased,0,1,0,0,0,0
assimilating,0,1,0,0,1,0
sets,0,2,1,1,6,0
bravely,0,4,0,0,0,0
falter,0,3,0,0,1,0
missal,0,1,0,0,0,0
dint,0,1,0,1,0,0
curdling,0,1,0,0,0,0
screech,0,1,0,0,0,0
smeared,0,3,0,0,0,0
faltered,0,2,0,4,0,0
untrembling,0,1,0,0,0,0
welled,0,1,1,0,0,0
spurted,0,1,0,0,0,0
champ,0,1,0,3,0,0
reeled,0,1,3,2,0,0
sweat,0,1,1,9,0,0
token,0,1,0,19,1,0
symbol,0,2,0,0,5,0
unmoving,0,1,0,0,0,0
grinning,0,1,0,1,0,0
soldered,0,1,0,0,0,0
screwed,0,1,1,1,0,0
belongings,0,2,0,0,0,0
tuned,0,1,1,0,0,0
tempered,0,1,1,3,2,0
clues,0,5,0,0,0,0
ploughshare,0,1,0,0,0,0
pearl,0,1,0,6,0,0
en,0,3,0,6,0,0
inquisition,0,1,0,1,1,0
bustling,0,1,1,0,1,0
platforms,0,1,0,0,0,0
dainty,0,1,2,2,2,0
blush,0,5,0,7,1,0
tacit,0,1,0,1,0,0
underground,0,1,0,0,6,0
fenchurch,0,2,0,0,0,0
housekeeper,0,1,1,3,1,0
finishing,0,2,1,9,0,0
tidied,0,1,0,0,0,0
blurted,0,1,0,0,0,0
awkwardly,0,1,0,1,0,0
awkward,0,2,1,5,0,0
embarrassment,0,1,1,5,0,0
horrorstruck,0,1,0,0,0,0
simplicity,0,3,0,16,24,0
vet,0,1,0,0,0,0
grimaced,0,1,0,0,0,0
intuition,0,1,0,0,1,1
batch,0,1,0,0,0,0
typewriting,0,3,0,0,0,0
typed,0,1,0,0,0,0
cylinders,0,5,0,0,0,0
atonement,0,1,0,1,2,0
horrify,0,1,0,0,0,0
documents,0,1,0,21,1,0
brightened,0,4,1,6,0,0
machine,0,1,0,6,0,3
appealingly,0,3,0,0,0,0
thoughtfully,0,1,0,7,0,0
powerless,0,4,0,8,3,0
cupboard,0,1,0,9,0,0
item,0,1,0,0,0,0
chronological,0,2,0,0,2,0
typewrite,0,1,0,0,0,0
seventh,0,1,0,1,15,0
perturbation,0,1,0,0,0,0
borrowed,0,1,0,3,10,0
files,0,1,0,0,0,0
cuttings,0,1,0,0,0,0
judging,0,1,0,3,7,0
knitting,0,1,0,2,0,0
consignee,0,1,0,0,0,0
typescript,0,3,0,0,0,0
collating,0,1,0,0,0,0
benignly,0,1,0,0,0,0
sojourn,0,1,1,2,0,0
confidently,0,1,0,1,2,0
outbursts,0,1,0,0,0,0
brief,0,1,3,21,2,0
darkly,0,2,0,1,3,0
outbreaks,0,1,0,0,1,0
ultimate,0,2,1,1,5,1
probe,0,2,0,1,1,0
mistrust,0,1,0,3,1,0
americanism,0,1,0,0,0,0
experimental,0,1,0,0,0,1
tally,0,4,0,0,0,0
squire,0,1,106,0,0,0
appreciation,0,1,0,1,1,0
liquid,0,1,0,12,0,0
rider,0,1,1,6,0,0
generated,0,1,0,0,6,1
allayed,0,1,0,0,1,0
adequately,0,1,0,0,7,0
abnormal,0,1,0,0,1,0
limited,0,3,0,11,11,0
compelled,0,1,0,32,34,5
ex,0,1,0,3,0,0
facto,0,1,0,0,0,0
central,0,2,0,0,0,0
telephoned,0,1,0,0,0,0
teaming,0,1,0,0,0,0
supplement,0,1,0,0,0,0
paucity,0,1,0,0,0,0
consequent,0,2,0,1,0,1
operators,0,1,0,0,0,0
currency,0,1,0,0,0,0
realm,0,2,0,0,1,1
allaying,0,1,0,0,0,0
ouse,0,5,0,0,0,0
rummiest,0,1,0,0,0,0
blyme,0,1,0,0,0,0
sence,0,1,0,0,0,0
slep,0,1,2,0,0,0
urtin,0,1,0,0,0,0
smelled,0,2,0,0,0,0
jerusalem,0,1,0,0,0,2
cike,0,1,0,0,0,0
thort,0,1,0,0,0,0
haunting,0,2,0,0,0,1
reopening,0,1,0,0,0,0
detrimentally,0,1,0,0,0,0
volcanic,0,1,0,2,0,0
improves,0,1,0,0,4,0
neutral,0,2,0,2,3,0
blindfold,0,2,1,1,0,0
instinctive,0,1,0,9,0,1
emotional,0,2,0,0,1,0
derogatory,0,1,0,0,0,0
affliction,0,1,0,3,2,0
rained,0,1,0,0,0,0
unthinkingly,0,1,0,0,0,0
stroked,0,2,0,0,0,0
corridor,0,5,0,23,0,0
transcript,0,1,0,0,0,0
tidy,0,1,0,0,0,0
tidying,0,1,0,0,0,0
gracefulness,0,1,0,1,0,0
easiness,0,1,0,0,0,0
pleasantly,0,2,0,0,2,0
contemptuous,0,2,0,3,2,0
asinine,0,1,0,0,0,0
championing,0,1,0,0,0,0
equilibrium,0,1,0,0,2,0
sophistic,0,1,0,0,0,0
tendencies,0,1,0,0,5,1
non,0,1,0,5,5,3
causa,0,1,0,0,0,0
ignoratio,0,1,0,0,0,0
elenchi,0,1,0,0,1,0
polished,0,1,0,8,1,0
spontaneous,0,1,0,0,0,1
questioningly,0,3,0,0,0,0
impartiality,0,1,0,0,0,0
completest,0,1,0,0,0,0
positive,0,2,0,7,7,1
entity,0,1,0,0,0,0
consuming,0,2,0,1,0,0
indefinitely,0,1,0,1,0,0
strengthening,0,1,0,0,3,0
assimilation,0,1,0,0,1,0
relying,0,1,0,4,0,0
scriptural,0,2,0,0,0,0
vendor,0,1,0,1,0,0
nostrum,0,1,0,0,1,0
vulgarised,0,1,0,0,0,0
truism,0,1,0,0,0,0
auspices,0,1,0,3,2,0
pleasanter,0,1,1,0,2,0
boys,0,1,5,2,5,0
nimbleness,0,1,1,0,0,0
gifted,0,1,0,3,11,0
pledged,0,3,0,6,0,0
spilt,0,1,0,0,0,0
trivial,0,1,0,0,0,0
committee,0,1,0,15,0,1
secretary,0,1,0,17,0,0
ascertained,0,2,0,4,3,0
discuss,0,3,1,6,5,0
teachings,0,1,0,0,0,0
bee,0,1,0,1,2,0
necromancy,0,1,0,0,0,0
etymology,0,1,0,0,0,0
divination,0,1,0,1,0,0
meaner,0,2,0,0,5,0
fox,0,5,0,2,2,0
henceforward,0,1,0,1,1,0
overcoming,0,1,1,2,1,0
reliant,0,1,0,0,0,0
businesslike,0,1,0,0,0,0
contend,0,1,1,6,0,0
extend,0,1,0,3,7,0
unfettered,0,1,0,3,0,0
arrayed,0,3,0,2,2,0
restrict,0,1,0,0,0,0
secondly,0,2,0,2,31,0
scouted,0,1,0,0,0,0
flourish,0,4,0,0,0,0
chernosese,0,1,0,0,0,0
berserker,0,1,0,0,0,0
icelander,0,1,0,0,0,0
begotten,0,1,0,0,3,0
hun,0,1,0,0,0,0
slav,0,1,0,0,0,0
fatten,0,1,0,0,2,0
strenuous,0,1,0,0,0,0
pabulum,0,1,0,0,0,0
throws,0,2,0,3,7,0
wolfs,0,1,0,0,0,0
transform,0,1,0,0,2,1
hairbreadth,0,1,0,0,0,0
fused,0,1,0,0,0,0
galley,0,1,5,10,0,0
ceases,0,2,0,0,3,0
whereas,0,1,1,4,58,0
slack,0,4,0,0,0,0
afflict,0,1,0,1,0,0
giveth,0,1,0,1,0,0
arminius,0,2,0,0,0,0
cleverest,0,1,0,1,1,0
bravest,0,1,1,2,5,0
draculas,0,1,0,0,0,0
scions,0,1,0,0,0,0
coevals,0,1,0,0,0,0
dealings,0,1,0,3,7,0
scholomance,0,2,0,0,0,0
hermanstadt,0,1,0,0,0,0
scholar,0,1,1,1,0,0
wampyr,0,1,0,0,0,0
loins,0,1,0,1,0,0
foulness,0,1,0,0,0,0
campaign,0,3,1,3,1,0
inquiry,0,6,0,22,1,0
ricochetting,0,1,0,0,0,0
idiotic,0,2,0,0,0,0
damned,0,1,0,1,0,0
evenings,0,1,1,2,0,0
lair,0,4,0,0,0,0
sterilise,0,6,0,0,0,0
lessen,0,1,0,1,0,1
pill,0,1,0,0,0,0
discussion,0,5,1,10,26,0
vote,0,1,2,4,0,0
counsels,0,2,0,2,8,0
manlike,0,1,1,0,0,0
urgent,0,1,0,7,0,0
messenger,0,3,1,25,6,0
importunate,0,1,0,2,0,0
oddness,0,1,0,0,0,0
equality,0,1,0,6,15,1
seconding,0,1,0,0,0,0
windham,0,1,0,0,0,0
inventor,0,1,0,0,2,0
punch,0,1,1,1,0,0
patronised,0,1,0,0,0,0
precedent,0,1,0,0,0,0
tropics,0,1,0,1,0,0
stripes,0,2,0,0,0,0
treaty,0,1,3,3,3,0
engine,0,2,0,0,0,0
enlargement,0,1,0,1,4,0
monroe,0,1,0,0,0,0
doctrine,0,1,0,0,18,0
fable,0,1,2,4,1,0
conventional,0,2,0,3,5,0
prefix,0,1,0,0,0,0
revolutionised,0,1,0,0,0,1
therapeutics,0,1,0,0,0,0
evolution,0,1,0,0,4,0
unfitting,0,1,0,0,0,0
gentlemen,0,2,19,85,11,0
nationality,0,1,1,0,0,2
heredity,0,1,0,0,2,0
respective,0,1,0,8,7,0
majority,0,1,0,1,5,4
liberties,0,1,0,1,0,0
humanitarian,0,1,0,0,0,0
medico,0,1,0,0,0,0
jurist,0,1,0,0,0,0
scientist,0,1,0,0,0,0
improving,0,1,0,3,4,0
apprehend,0,1,0,2,3,0
presses,0,1,0,0,0,0
implied,0,1,0,5,16,1
scytheman,0,1,0,0,0,0
contract,0,1,0,37,0,0
practitioner,0,1,0,0,1,0
scrutinised,0,1,0,0,0,0
erred,0,1,0,0,0,0
brutally,0,2,0,1,0,1
shift,0,1,0,0,0,0
concession,0,1,1,2,0,0
bethink,0,1,0,0,0,0
reasonableness,0,1,0,0,3,0
defect,0,1,0,4,10,0
comically,0,1,0,0,0,0
groundless,0,1,0,0,0,0
imploringly,0,1,0,0,0,0
petition,0,1,0,11,0,0
militating,0,1,0,0,0,0
demonstrative,0,1,0,0,1,0
unavailing,0,2,0,3,0,0
collapse,0,4,0,0,0,0
acquiescence,0,4,1,2,0,0
wringing,0,1,1,5,0,0
plaintive,0,1,0,2,0,0
leg,0,2,23,7,0,0
ironed,0,1,0,0,0,0
gaol,0,1,0,0,0,0
wilder,0,2,0,0,0,0
behave,0,1,0,1,3,0
convince,0,1,0,10,9,0
foresight,0,1,0,4,1,0
attempting,0,2,1,8,7,0
bluff,0,1,1,0,0,0
sanest,0,1,0,0,0,0
indexy,0,1,0,0,0,0
fads,0,1,0,0,0,0
rats,0,12,2,2,0,0
conjunction,0,1,0,1,0,0
unnerve,0,1,0,0,0,0
sorting,0,1,2,0,0,0
necks,0,1,1,1,2,0
windpipes,0,1,0,0,0,0
breakable,0,1,0,0,0,0
crushable,0,1,0,0,0,0
amenable,0,2,0,0,1,0
blossoms,0,1,0,5,0,0
mundane,0,1,0,1,0,0
revolver,0,3,0,0,0,0
electric,0,3,0,5,0,1
desecrate,0,1,0,0,0,0
similarly,0,1,0,2,3,0
equipped,0,3,1,0,1,0
dexterity,0,1,2,0,1,0
stead,0,1,0,1,1,0
clang,0,1,0,0,0,0
creaked,0,1,0,9,0,0
manus,0,1,0,0,1,0
tuas,0,1,0,0,0,0
domine,0,1,0,0,0,0
opacity,0,1,0,0,0,0
powerfully,0,2,0,2,0,0
hobnails,0,1,0,0,0,0
fluffy,0,1,0,0,0,0
webs,0,1,1,1,0,0
tattered,0,1,1,1,0,0
rags,0,1,1,2,0,0
yellowed,0,1,0,0,0,0
label,0,1,0,1,0,0
turnings,0,1,0,2,0,0
oaken,0,2,0,5,0,0
ribbed,0,1,0,0,0,0
file,0,1,0,8,1,0
unpleasantness,0,1,0,1,0,0
malodorous,0,1,0,0,0,0
exhale,0,1,0,0,0,0
gaps,0,1,0,0,1,0
fasting,0,1,0,3,0,0
gloated,0,1,0,0,0,0
stagnant,0,1,1,0,0,0
miasma,0,1,0,0,0,0
fouler,0,1,0,0,0,0
ills,0,1,0,0,1,0
mortality,0,1,0,1,1,0
pungent,0,1,0,1,0,0
corrupt,0,1,0,4,8,0
sickens,0,1,0,0,0,0
exhaled,0,1,0,0,0,0
loathsomeness,0,1,0,0,0,0
stench,0,1,1,0,0,0
involved,0,1,3,1,1,1
involuntary,0,1,0,5,7,1
shrinking,0,1,0,1,0,0
cranny,0,1,0,0,0,0
chests,0,2,0,0,0,0
vaulted,0,1,0,1,0,0
ridge,0,1,1,0,0,0
phosphorescence,0,1,0,0,0,0
twinkled,0,1,0,0,0,0
yelping,0,1,0,0,2,0
terriers,0,1,0,0,0,0
vastly,0,1,0,1,1,0
baleful,0,1,0,0,0,0
fireflies,0,1,0,0,0,0
snarled,0,1,0,0,0,0
lugubrious,0,1,0,1,0,0
score,0,1,13,7,2,0
frisked,0,2,0,0,0,0
barked,0,1,1,0,0,0
merrily,0,1,0,0,0,0
darts,0,1,0,2,0,0
shakes,0,1,4,1,2,0
purifying,0,1,0,0,1,0
significance,0,3,0,2,1,2
slacken,0,1,3,0,0,0
whit,0,1,1,0,2,0
untouched,0,1,0,3,1,0
symptom,0,1,0,0,0,0
rabbit,0,1,0,7,0,0
emerged,0,1,0,4,0,0
orthodox,0,1,0,1,1,0
thereinto,0,1,0,0,0,0
allowable,0,1,0,1,2,0
particulari,0,2,0,0,0,0
pell,0,1,0,0,0,0
mell,0,1,0,0,0,0
chess,0,1,0,1,0,0
wards,0,1,0,0,1,0
tiptoe,0,1,0,5,0,0
deliberations,0,1,0,1,0,0
nether,0,2,0,0,0,1
doings,0,4,0,3,1,0
overslept,0,1,0,0,0,0
recognize,0,1,1,52,10,0
removals,0,1,0,0,0,0
simplify,0,1,0,1,0,1
cautioned,0,1,0,0,0,0
obliquity,0,1,0,0,0,0
appraise,0,1,0,0,0,0
stool,0,2,0,8,0,0
reassuring,0,1,0,1,0,0
damn,0,1,0,0,0,0
headed,0,1,6,5,3,0
dutchmen,0,1,1,0,0,0
implacable,0,1,0,10,0,0
sullenness,0,1,0,0,1,0
relentlessly,0,1,0,0,0,0
weepy,0,1,0,0,0,0
slowness,0,3,0,0,2,0
sentience,0,1,0,0,0,0
digression,0,1,0,0,3,0
lethargy,0,5,0,4,0,0
creeping,0,2,3,3,0,0
stealing,0,2,0,2,3,0
typical,0,2,0,0,0,1
gaslight,0,2,0,0,0,0
thicker,0,5,1,0,0,0
tricks,0,1,0,1,1,0
boiling,0,1,1,1,0,0
joinings,0,1,0,0,0,0
column,0,1,1,7,9,0
fascination,0,4,0,5,2,0
divided,0,1,3,15,23,0
unseat,0,1,0,0,0,0
prescribe,0,1,0,2,2,0
woven,0,2,0,1,0,0
dose,0,1,0,13,2,0
spiritless,0,1,0,0,0,0
brighten,0,1,0,0,0,0
aloof,0,1,0,1,0,0
depriving,0,1,0,4,1,0
unhappily,0,2,0,4,1,0
beer,0,3,0,0,0,0
debauch,0,1,0,0,0,0
responsible,0,1,1,10,2,0
shirtsleeves,0,1,0,0,0,0
saucer,0,2,0,0,0,0
intelligent,0,1,1,18,4,0
reliable,0,1,0,0,0,0
headpiece,0,1,1,0,0,0
eared,0,1,0,0,0,0
notebook,0,1,0,0,0,0
hieroglyphical,0,1,0,0,0,0
entries,0,1,2,4,0,0
pencil,0,2,0,4,0,0
destinations,0,1,0,1,0,0
cartload,0,1,0,0,0,0
chicksand,0,1,0,0,0,0
jamaica,0,1,0,0,0,0
lane,0,1,0,0,0,0
bermondsey,0,4,0,0,0,0
scatter,0,3,3,0,0,0
refuges,0,1,0,0,0,0
distribute,0,1,0,2,2,0
systematic,0,1,0,0,0,2
fashionable,0,1,0,15,0,0
wery,0,1,0,0,0,0
bloxam,0,5,0,0,0,0
ounds,0,1,0,0,0,0
pincher,0,1,0,0,0,0
purfect,0,1,0,0,0,0
jobs,0,1,0,0,0,0
thinkin,0,2,1,0,0,0
sam,0,6,0,0,0,0
summut,0,1,0,0,0,0
gulped,0,2,0,0,0,0
keepin,0,1,0,0,0,0
mayn,0,1,1,0,0,0
booze,0,2,0,0,0,0
mornin,0,3,0,0,0,0
ketch,0,1,0,0,0,0
penny,0,1,2,1,0,0
carpenter,0,1,1,0,22,0
korkrans,0,1,0,0,0,0
poters,0,1,0,0,0,0
bartel,0,1,0,0,0,0
depite,0,2,0,0,0,0
tasks,0,2,0,1,1,0
potter,0,2,0,1,4,0
spelling,0,3,0,0,0,0
poter,0,1,0,0,0,0
corcoran,0,2,0,0,0,0
lodging,0,1,1,3,0,0
dunno,0,1,2,0,0,0
eard,0,1,0,0,0,0
livin,0,1,0,0,0,0
anywheres,0,1,1,0,0,0
depity,0,1,0,0,0,0
phonetic,0,1,0,0,0,0
tip,0,2,3,3,0,0
deputy,0,1,0,22,0,0
poplar,0,2,0,1,0,0
fangled,0,2,0,0,3,0
ware,0,2,0,0,0,0
satisfactory,0,1,0,6,7,0
storage,0,1,0,0,0,0
surly,0,1,0,0,0,0
gatekeeper,0,1,0,0,0,0
surlier,0,1,0,0,0,0
foreman,0,2,0,0,0,0
coin,0,1,2,5,0,0
wages,0,1,0,8,0,4
smart,0,1,7,0,0,0
journeys,0,1,1,1,0,0
forgits,0,1,0,0,0,0
somethink,0,1,0,0,0,0
dustiness,0,1,0,0,0,0
tooked,0,1,0,0,0,0
elped,0,2,0,0,0,0
dray,0,1,0,0,0,0
strongest,0,1,0,4,5,0
feller,0,1,0,0,0,0
shadder,0,1,0,0,0,0
thrilled,0,1,0,2,0,0
puffin,0,1,0,0,0,0
blowin,0,1,0,0,0,0
rung,0,1,1,1,1,0
yus,0,2,0,0,0,0
nothink,0,1,0,0,0,0
gent,0,2,0,0,0,0
druv,0,1,0,0,0,0
igh,0,2,0,0,0,0
avin,0,1,0,0,0,0
loafers,0,1,0,0,0,0
copper,0,1,1,5,1,0
shillin,0,1,0,0,0,0
cussin,0,1,0,0,0,0
choosing,0,1,1,2,6,0
unobserved,0,1,1,4,2,0
circus,0,1,0,2,0,0
discharged,0,2,1,3,0,0
constitutional,0,1,0,2,2,0
lairs,0,6,0,0,0,0
untenanted,0,1,0,1,0,0
framework,0,1,2,4,1,1
mostly,0,2,8,2,2,0
scaled,0,1,1,0,0,0
balcony,0,2,0,8,0,0
uprights,0,1,0,1,0,0
boards,0,1,3,3,0,0
ownership,0,1,0,0,0,0
investigation,0,1,0,7,6,0
gaining,0,1,2,7,2,0
mews,0,2,0,0,0,0
grooms,0,1,0,2,0,0
helpers,0,1,0,0,4,0
mitchell,0,6,0,0,0,0
candy,0,5,0,0,0,0
informant,0,1,0,1,0,0
thanking,0,1,0,4,0,0
sackville,0,1,0,0,0,0
suave,0,1,0,0,0,0
uncommunicative,0,1,0,0,0,0
purchased,0,2,0,22,0,0
replying,0,2,0,5,1,0
politeness,0,1,1,27,1,0
laconic,0,2,0,1,0,0
prig,0,1,0,0,0,0
arguing,0,1,1,0,7,0
prompted,0,1,0,0,0,0
renting,0,1,0,0,0,0
chambers,0,2,0,2,0,0
deviate,0,1,0,1,0,0
rated,0,1,1,1,0,0
conferences,0,1,0,1,0,0
repugnant,0,1,0,3,0,0
accidental,0,1,1,0,6,0
shudders,0,1,0,0,0,0
coup,0,1,0,11,0,0
walled,0,1,0,1,0,0
burglary,0,2,0,2,0,0
duck,0,3,2,1,0,0
contracted,0,1,0,8,1,0
advisable,0,1,0,1,0,0
discussing,0,1,1,5,2,0
bearings,0,1,6,5,0,0
wrinkles,0,1,0,4,1,0
mend,0,1,2,0,1,0
afresh,0,3,1,1,0,0
repulse,0,2,1,0,0,0
subjectively,0,1,0,0,1,0
weaknesses,0,1,0,1,3,0
improve,0,1,0,2,5,1
malvolio,0,1,0,0,0,0
psychic,0,1,0,0,0,0
typified,0,1,0,0,0,0
butterfly,0,1,0,0,0,0
analogy,0,2,0,0,23,0
logically,0,2,0,2,0,0
foiled,0,1,0,0,0,0
phagy,0,1,0,0,0,0
ineffably,0,1,0,0,0,0
benign,0,1,0,0,0,0
superiority,0,1,0,11,14,0
arrogate,0,1,0,2,0,0
attributes,0,1,0,3,8,0
deity,0,1,0,2,3,0
concerns,0,1,0,7,5,0
purely,0,2,0,2,6,3
terrestrial,0,1,0,3,0,0
enoch,0,3,0,0,0,0
spiritually,0,1,0,0,0,0
poser,0,1,0,0,0,0
appositeness,0,1,0,0,0,0
lowering,0,1,2,8,1,0
harked,0,1,0,0,0,0
disconcert,0,1,0,1,0,0
relapsed,0,1,0,2,0,0
leer,0,1,1,0,0,0
cloudiness,0,1,0,0,0,0
antagonism,0,1,0,0,7,6
sulky,0,1,0,1,0,0
poring,0,1,0,0,0,0
harkers,0,2,0,0,0,0
pose,0,1,2,1,0,0
apologetic,0,1,0,0,0,0
twittering,0,1,0,0,0,0
miauing,0,1,0,0,0,0
affect,0,2,1,14,13,1
screwing,0,1,0,0,0,0
tightly,0,1,1,2,0,0
soaped,0,1,0,0,0,0
undergoing,0,1,0,4,2,0
distract,0,2,0,4,0,0
mice,0,1,0,0,0,0
larder,0,1,0,0,0,0
molecules,0,1,0,0,0,0
lesser,0,1,0,0,23,0
carnivora,0,1,0,0,0,0
reflectively,0,1,0,0,0,0
despondently,0,1,0,0,0,0
plague,0,1,0,4,1,0
apologetically,0,1,1,0,0,0
irritable,0,1,0,1,1,0
tolerate,0,1,0,1,2,0
ponder,0,1,0,4,0,0
drinking,0,1,6,12,19,0
despises,0,1,0,1,2,0
afoot,0,1,2,0,0,0
gaily,0,1,0,0,0,0
buzz,0,1,0,4,2,0
folding,0,1,0,3,0,0
vendors,0,1,0,1,0,0
executors,0,1,0,0,0,0
archibald,0,1,0,0,0,0
suffield,0,1,0,0,0,0
purchaser,0,1,1,3,1,0
ville,0,2,0,3,0,0
counter,0,1,1,2,0,0
discussed,0,3,0,3,13,0
respiration,0,1,0,6,0,0
admitted,0,1,3,18,37,0
dozed,0,1,1,0,0,0
readiness,0,2,1,12,1,0
imported,0,1,0,0,1,1
weakest,0,2,0,1,3,0
authorities,0,1,0,13,3,0
physicians,0,1,0,1,13,0
cures,0,1,0,0,1,0
waistcoats,0,1,0,0,0,0
resumption,0,1,0,0,0,0
yell,0,2,1,0,0,0
exactness,0,1,0,0,5,0
unity,0,1,0,1,47,0
originated,0,1,0,3,1,1
eversfield,0,1,0,0,0,0
kink,0,1,0,0,0,0
slippers,0,2,0,3,0,0
celerity,0,1,0,1,0,0
simmons,0,1,0,0,0,0
superficial,0,1,0,1,4,0
fracture,0,1,0,0,0,0
skull,0,2,1,5,0,0
extending,0,1,0,24,6,0
motor,0,2,0,0,0,0
suffusion,0,2,0,1,0,0
trephine,0,1,0,0,0,0
tapping,0,1,4,4,0,0
pajamas,0,1,0,0,0,0
trephining,0,1,0,0,0,0
clot,0,1,0,0,0,0
morrhage,0,1,0,0,0,0
insensibility,0,1,0,3,0,0
inured,0,1,0,3,1,0
surging,0,2,0,0,0,0
peal,0,1,2,2,0,0
convulsively,0,2,0,15,1,0
smarts,0,1,0,0,0,0
moistened,0,2,0,6,0,0
piercingly,0,1,0,0,0,0
roved,0,1,0,0,0,0
blinked,0,2,0,0,0,0
gripped,0,2,1,0,0,0
glinted,0,1,0,0,0,0
sapphire,0,1,0,2,0,0
moths,0,1,0,0,0,0
acherontia,0,1,0,0,0,0
aitetropos,0,1,0,0,0,0
sphinges,0,1,0,0,0,0
owned,0,2,1,5,1,1
grimmer,0,1,0,0,0,0
watered,0,1,1,7,0,0
grabbed,0,1,0,0,0,0
significantly,0,3,0,6,2,0
predominated,0,1,0,0,0,0
bristles,0,1,0,0,0,0
stupor,0,2,1,4,0,0
facing,0,1,1,3,1,1
tension,0,2,0,0,0,0
compel,0,3,0,5,8,0
dripping,0,1,2,2,0,0
cowered,0,5,0,0,0,0
crucifixes,0,1,0,0,0,0
vapour,0,1,3,0,0,0
trailed,0,1,1,0,0,0
recoil,0,1,0,1,0,0
disarray,0,1,2,0,0,0
accentuated,0,1,0,0,0,0
coverlet,0,1,0,5,0,0
despairingly,0,1,0,3,0,0
recovers,0,1,0,0,0,0
partial,0,1,0,1,5,0
harming,0,1,0,0,1,0
yielding,0,1,2,13,3,0
fiercely,0,2,2,2,0,0
damply,0,1,0,0,0,0
impassiveness,0,1,0,0,0,0
twitched,0,1,0,0,0,0
summons,0,1,1,6,2,0
nodding,0,1,2,1,2,0
concealments,0,1,0,0,0,0
moistening,0,1,0,0,0,0
eventually,0,1,0,0,0,0
flap,0,1,0,0,0,0
reddening,0,2,0,1,0,0
protectingly,0,1,0,0,0,0
ordering,0,2,0,3,7,0
refreshment,0,1,1,7,0,0
reeking,0,1,0,2,0,0
sneering,0,1,2,0,0,0
drip,0,1,0,0,0,0
overpower,0,1,0,1,0,0
drooped,0,1,1,0,0,0
mockingly,0,1,0,0,0,0
intrigued,0,1,0,0,0,0
countermining,0,1,0,0,0,0
bountiful,0,1,0,0,0,0
avenged,0,1,0,4,0,0
punished,0,1,0,11,15,0
thwarting,0,1,0,0,0,0
spurt,0,1,0,0,0,0
suffocate,0,1,0,1,0,0
meekness,0,1,0,0,0,0
righteousness,0,1,0,0,2,0
cleanse,0,1,0,0,0,0
pollution,0,1,0,0,2,0
quicken,0,1,0,0,1,0
deepened,0,2,0,0,0,0
whitening,0,1,0,1,0,0
tested,0,1,0,1,5,0
misadventure,0,1,0,0,0,0
pitiful,0,2,0,2,2,0
fixedly,0,4,0,5,0,0
martyr,0,1,0,2,1,0
meaningly,0,1,0,0,0,0
euthanasia,0,2,0,0,0,0
fouled,0,1,2,0,0,0
quicksand,0,1,0,0,0,0
incoming,0,1,0,0,0,0
sorrowfully,0,2,0,9,0,0
phonographs,0,1,0,0,0,0
preciously,0,1,0,0,0,0
warningly,0,1,0,0,0,0
longest,0,1,0,0,3,0
proverb,0,1,0,10,8,0
cheques,0,1,0,0,0,0
traffic,0,2,0,0,0,1
phrases,0,1,1,0,2,3
earths,0,1,0,0,0,0
housebreaker,0,1,0,0,0,0
locksmith,0,3,0,2,0,0
policemen,0,2,0,1,0,0
zealous,0,1,0,4,0,0
burglar,0,1,0,0,1,0
auction,0,1,0,0,0,0
advertise,0,1,0,0,0,0
auctioneer,0,1,0,0,0,0
builder,0,1,0,6,6,0
gle,0,2,0,0,0,0
convenient,0,1,1,5,1,0
horsebacking,0,1,0,0,0,0
snappy,0,1,0,0,0,0
heraldic,0,1,0,2,0,0
adornments,0,1,0,0,0,0
byway,0,1,0,0,0,0
cabs,0,1,0,0,0,0
plane,0,1,0,3,6,0
exigency,0,1,0,0,0,0
sucked,0,1,0,0,1,0
objected,0,1,0,2,2,1
muster,0,1,0,2,1,0
banqueted,0,1,0,0,0,0
overmastered,0,1,0,0,0,0
thoughtlessness,0,1,0,0,0,0
forgetful,0,2,0,2,1,0
froze,0,1,0,3,0,0
seared,0,1,0,0,0,0
abasement,0,1,0,1,0,0
leper,0,1,0,0,0,0
mantle,0,1,1,28,0,0
wailed,0,1,1,0,0,0
shuns,0,1,0,0,0,0
wrongs,0,1,0,0,2,0
thereon,0,1,0,1,0,0
holiest,0,2,0,0,0,0
recruiting,0,1,0,0,0,0
sergeant,0,1,0,4,0,0
ranks,0,2,0,8,9,1
spur,0,1,1,0,0,0
sanctified,0,1,0,0,0,0
sanctify,0,2,0,0,0,0
aiding,0,2,0,1,0,0
stain,0,1,0,4,1,0
waving,0,1,3,10,0,0
steaming,0,2,2,2,0,0
platform,0,1,0,0,1,0
odium,0,1,0,0,0,0
smith,0,3,0,1,0,0
lookout,0,3,6,4,0,0
arlington,0,1,0,0,0,0
contingent,0,1,0,0,3,0
looming,0,1,0,1,0,0
spruce,0,1,0,0,0,0
wheeler,0,1,0,0,0,0
leisurely,0,2,1,1,0,0
cabman,0,1,0,1,0,0
spikes,0,1,0,0,0,0
rail,0,3,0,3,0,0
sauntered,0,1,0,0,0,0
selection,0,1,0,2,10,0
orderly,0,2,0,0,7,0
keyhole,0,1,0,4,0,0
employers,0,1,0,2,0,0
selecting,0,1,0,3,2,0
steadying,0,1,0,0,0,0
purse,0,1,0,37,1,0
vilely,0,2,0,0,0,0
wily,0,4,1,1,1,0
flagged,0,3,0,0,0,0
stable,0,4,0,3,0,0
basement,0,1,0,0,0,0
attic,0,1,0,0,2,0
pens,0,1,0,7,0,0
ink,0,2,3,26,0,0
comb,0,1,0,2,0,0
jug,0,1,0,9,0,0
basin,0,1,5,4,0,0
reddened,0,1,1,4,0,0
sizes,0,1,2,0,1,0
glances,0,1,3,14,0,0
matches,0,1,0,2,0,0
researches,0,1,0,8,0,0
arminus,0,1,0,0,0,0
statesman,0,1,0,2,24,0
alchemist,0,1,0,0,0,0
essay,0,1,0,0,0,0
experimenting,0,2,0,0,1,0
furtherer,0,1,0,0,0,0
festina,0,1,0,0,0,0
lente,0,1,0,0,0,0
motto,0,1,0,0,0,0
dulling,0,1,0,0,0,0
experimentally,0,1,0,0,0,0
thereto,0,1,0,0,0,2
postman,0,1,0,1,0,0
despatch,0,1,0,9,0,0
undoings,0,1,0,0,0,0
hotly,0,2,2,0,0,0
hither,0,1,1,14,7,0
hourly,0,1,0,1,0,1
armaments,0,1,0,0,0,0
latch,0,1,0,1,0,0
nota,0,1,0,0,0,0
bene,0,1,0,0,0,0
inserted,0,1,0,11,0,0
dominant,0,1,0,0,0,0
implicitly,0,1,0,2,0,0
incomer,0,1,0,0,0,0
panther,0,1,0,1,0,0
unhuman,0,1,0,0,0,0
organised,0,1,0,0,0,3
kukri,0,5,0,0,0,0
quickness,0,2,0,5,2,0
trenchant,0,1,0,0,0,0
shorne,0,1,0,0,0,0
cloth,0,1,4,15,0,0
aloft,0,1,6,3,1,0
protective,0,1,0,0,0,1
cower,0,1,0,0,0,0
spontaneously,0,1,0,0,1,0
greenish,0,2,0,4,0,0
palpitating,0,1,0,1,0,0
sinuous,0,1,0,0,0,0
dive,0,1,1,1,0,0
glitter,0,1,0,0,0,0
tumbled,0,1,5,0,0,0
ting,0,1,0,0,0,0
sovereigns,0,1,0,4,0,0
flagging,0,1,0,0,0,0
sneer,0,1,1,2,0,0
realising,0,1,0,0,0,0
hunters,0,1,2,0,1,0
unselfishness,0,1,0,0,0,0
perfunctory,0,1,0,0,0,0
recklessly,0,1,0,0,0,0
worser,0,1,0,0,0,0
darken,0,1,0,1,0,0
shrivelling,0,1,0,0,0,0
knuckles,0,1,2,0,0,0
flinch,0,4,0,0,1,0
aiming,0,1,1,0,4,0
treasured,0,1,0,0,0,0
sorely,0,1,1,1,0,0
stricken,0,4,0,9,3,0
resisting,0,1,0,2,1,0
dividing,0,1,0,5,2,0
yearning,0,3,0,1,0,0
chooses,0,1,0,3,3,0
wronged,0,1,0,3,1,0
poorer,0,1,0,0,0,0
reefwards,0,1,0,0,0,0
blasts,0,1,1,0,0,0
mattress,0,2,3,0,0,0
forbade,0,1,0,3,2,0
oblongs,0,1,0,0,0,0
matured,0,1,0,0,1,0
hypnotise,0,12,0,0,0,0
ousted,0,1,0,0,0,0
trip,0,1,4,4,0,0
crisis,0,1,1,5,2,0
perspiration,0,2,0,36,2,0
dreaminess,0,1,0,0,0,0
impose,0,1,0,6,7,1
toe,0,1,0,0,0,0
rigid,0,1,0,12,0,0
dreamily,0,1,0,0,0,0
interpreting,0,1,0,0,1,0
lapping,0,8,1,0,0,0
glean,0,1,0,0,0,0
stamping,0,1,2,0,0,0
tinkle,0,1,0,0,0,0
capstan,0,1,4,0,0,0
rachet,0,1,0,0,0,0
weighing,0,2,0,1,2,0
wile,0,2,0,0,0,0
comfortably,0,1,0,3,0,0
patted,0,1,2,1,0,0
entente,0,1,0,0,0,0
finite,0,1,0,0,1,0
suffers,0,1,0,3,5,0
crisp,0,1,0,0,0,0
disbelieve,0,1,0,1,1,0
lasts,0,2,0,3,1,0
crystal,0,1,0,7,0,0
investigations,0,1,0,0,0,0
omne,0,1,0,0,0,0
ignotum,0,1,0,0,0,0
magnifico,0,1,0,0,0,0
lloyd,0,4,0,0,0,0
czarina,0,17,0,0,0,0
catherine,0,17,0,1,0,0
doolittle,0,2,0,0,0,0
wharf,0,3,0,0,0,0
soh,0,1,0,0,0,0
goings,0,1,0,0,2,0
crackle,0,1,0,0,0,0
halt,0,2,2,1,1,0
frenchmen,0,1,0,1,0,0
stowed,0,1,3,0,0,0
offend,0,1,0,3,0,0
swears,0,1,0,0,0,0
mariners,0,1,0,1,0,0
invoices,0,1,0,0,0,0
ristics,0,1,0,0,0,0
credentials,0,1,0,1,0,0
hypnotic,0,16,0,0,0,0
groping,0,1,2,1,0,0
teems,0,1,0,0,1,0
occult,0,2,0,2,0,0
strangeness,0,1,0,0,2,0
geologic,0,1,0,0,0,0
caverns,0,1,0,3,0,0
fissures,0,1,0,1,0,0
volcanoes,0,1,0,0,1,0
gases,0,1,0,0,0,0
vivify,0,1,0,0,0,0
magnetic,0,1,0,1,0,0
combinations,0,1,0,0,9,1
celebrate,0,1,0,1,1,0
braver,0,1,0,0,1,0
thrive,0,1,0,1,0,0
diabolic,0,1,0,0,0,0
symbolic,0,1,0,1,0,0
infect,0,2,0,0,1,0
defame,0,1,0,0,0,0
knights,0,1,0,2,0,1
simile,0,1,0,1,1,0
adopt,0,1,1,12,6,1
eater,0,2,0,0,0,0
prowl,0,2,0,1,1,0
persistence,0,1,0,0,0,0
environment,0,1,0,0,1,0
finance,0,1,0,3,1,0
enkeen,0,1,0,0,0,0
sheath,0,1,1,4,0,0
definitely,0,1,0,0,2,0
resilience,0,1,0,0,0,0
obstructing,0,1,0,0,0,0
blotch,0,1,0,0,0,0
revolving,0,1,0,1,3,0
existent,0,2,0,0,2,0
recalls,0,1,0,2,1,0
baptism,0,3,0,2,0,0
distils,0,1,0,0,0,0
ptomaines,0,1,0,0,0,0
compels,0,1,0,2,6,3
hesitancy,0,1,0,0,0,0
broaching,0,1,0,0,0,0
endorsed,0,1,0,0,0,0
direst,0,1,0,1,0,0
characteristics,0,1,0,2,8,0
prejudge,0,1,0,0,0,0
council,0,2,10,1,2,0
profuse,0,1,0,0,0,0
outset,0,1,1,1,0,0
embarrass,0,1,0,0,0,0
averted,0,1,0,0,1,0
overland,0,1,0,0,0,0
latest,0,2,1,6,1,0
winchesters,0,4,0,0,0,0
armament,0,1,0,0,0,0
winchester,0,3,0,0,0,0
tobolsk,0,1,0,0,0,0
repeater,0,1,0,0,0,0
apiece,0,1,1,3,0,0
metaphor,0,1,0,1,2,0
coughed,0,1,0,1,1,0
allows,0,1,0,5,6,0
solution,0,1,0,1,5,0
curved,0,1,0,2,0,0
beams,0,1,0,3,1,0
holily,0,1,0,0,0,0
disagrees,0,1,0,0,0,0
absolved,0,1,0,1,0,0
implication,0,1,0,0,0,0
infected,0,1,0,3,3,0
dreamless,0,1,0,0,0,0
solemnest,0,1,0,0,0,0
embarrassed,0,1,1,9,0,0
hoodwink,0,1,0,0,0,0
defy,0,1,0,5,1,0
factor,0,1,0,0,0,0
identified,0,1,0,0,2,0
lag,0,1,0,0,0,0
tickets,0,2,0,1,0,0
heir,0,1,0,18,5,0
controlling,0,1,0,2,1,0
restraining,0,1,0,4,0,0
aglow,0,1,0,0,0,0
loosened,0,1,1,2,0,0
motioning,0,1,0,4,0,0
tightened,0,3,1,0,0,0
hotch,0,1,0,0,0,0
knit,0,2,1,4,0,0
womenkind,0,1,0,0,0,0
slay,0,1,0,1,0,0
thrall,0,1,0,1,0,0
resonant,0,1,0,0,0,0
unexpectedly,0,1,0,4,0,0
leagued,0,1,0,1,1,0
pleaded,0,1,0,3,0,0
withal,0,1,0,0,0,0
travesty,0,1,0,0,0,0
bizarre,0,1,0,0,0,0
charing,0,1,0,0,0,0
orient,0,1,0,0,0,0
consulate,0,1,0,0,0,0
odessus,0,1,0,0,0,0
alert,0,3,1,5,0,0
canvas,0,1,7,7,0,0
cordage,0,1,1,0,0,0
masts,0,2,2,1,0,0
shrouds,0,1,5,1,0,0
hastening,0,1,0,8,2,0
telegrams,0,3,0,2,0,0
volition,0,2,1,2,0,0
bribery,0,1,0,1,1,0
moneybag,0,1,0,0,0,0
favouring,0,2,0,0,0,0
shippers,0,1,0,0,0,0
authorisation,0,1,0,0,0,0
script,0,1,0,0,0,0
unturned,0,1,0,0,0,0
unvaried,0,1,0,0,0,0
rufus,0,2,0,0,0,0
examines,0,1,0,0,0,0
sharpen,0,1,0,0,0,0
whetting,0,1,0,0,0,0
ghoorka,0,1,0,0,0,0
carries,0,2,0,9,7,0
touches,0,1,0,1,8,0
casually,0,1,0,0,0,0
refreshing,0,1,0,2,0,0
brighter,0,1,0,2,5,0
galatz,0,18,0,0,0,0
announcing,0,1,0,9,0,0
hopeful,0,1,0,1,0,0
basis,0,1,0,1,13,2
transcendentalism,0,1,0,0,0,0
beacon,0,1,0,2,0,0
differently,0,1,1,3,4,0
remonstrance,0,1,0,1,0,0
stunned,0,1,1,5,0,0
meekly,0,1,0,0,0,0
belied,0,1,0,1,0,0
hilt,0,2,3,3,0,0
tables,0,2,5,2,8,0
helpful,0,1,0,0,0,0
bucharest,0,2,0,0,0,0
organize,0,1,0,1,0,0
controlled,0,1,0,2,5,0
tripped,0,1,0,0,0,0
brightening,0,1,0,1,0,0
hans,0,1,0,0,0,0
andersen,0,1,0,0,0,0
swan,0,1,0,2,4,0
nobly,0,2,0,0,1,0
argues,0,1,0,0,8,0
universale,0,1,0,0,0,0
peculiarity,0,1,0,5,2,0
criminals,0,1,0,9,5,0
empirically,0,2,0,0,0,0
empiric,0,1,0,0,0,0
predestinate,0,2,0,0,0,0
resourceful,0,1,0,0,0,0
dos,0,1,0,0,0,0
pou,0,1,0,0,0,0
sto,0,1,0,0,0,0
archimedes,0,1,0,1,0,0
fulcrum,0,2,0,0,0,0
whereby,0,1,0,0,1,1
clap,0,1,3,4,0,1
nordau,0,1,0,0,0,0
lombroso,0,1,0,0,0,0
classify,0,1,0,0,0,0
qu,0,1,0,2,0,0
imperfectly,0,1,0,3,4,0
enthusiastically,0,1,0,1,1,0
stooped,0,1,1,8,1,0
consultation,0,1,2,2,0,0
seventy,0,1,4,3,0,0
egotistical,0,1,0,6,1,1
egotist,0,1,0,2,0,0
based,0,1,0,3,22,6
frees,0,1,0,0,0,0
enveloping,0,1,0,0,0,0
doer,0,1,0,0,3,0
chiefest,0,1,0,0,3,0
snare,0,1,0,2,0,0
psalmist,0,1,0,0,0,0
scribe,0,1,0,0,0,0
ms,0,1,0,0,0,0
swirl,0,1,0,0,0,0
hawser,0,1,6,0,0,0
rowlocks,0,1,0,0,0,0
upwards,0,1,1,3,27,0
bustled,0,1,0,0,0,0
daytime,0,1,0,1,0,0
boxed,0,1,2,0,0,0
isolation,0,2,0,1,2,1
enigmatical,0,1,0,0,1,0
palsy,0,1,0,0,0,0
procuring,0,1,0,3,2,0
swirling,0,3,0,0,0,0
unconcern,0,1,0,3,0,0
whistles,0,1,0,0,0,0
guarantee,0,1,0,0,0,0
obliging,0,1,0,1,0,0
steinkoff,0,1,0,0,0,0
hapgood,0,1,0,0,0,0
civility,0,1,2,4,1,0
donelson,0,2,0,0,0,0
afeard,0,1,0,0,0,0
expeckit,0,1,0,0,0,0
wi,0,9,0,1,0,0
canny,0,1,0,0,0,0
frae,0,2,0,0,0,0
ahint,0,1,0,0,0,0
deil,0,5,0,0,0,0
blawin,0,1,0,0,0,0
speer,0,2,0,0,0,0
gin,0,1,0,0,0,0
gibraltar,0,1,0,1,0,0
oot,0,1,0,0,0,0
thocht,0,2,0,0,0,0
miscredit,0,1,0,0,0,0
wad,0,1,0,0,0,0
decently,0,1,0,3,0,0
hinderin,0,1,0,0,0,0
commercial,0,1,0,4,2,2
skipper,0,1,1,0,0,0
displeased,0,1,1,13,0,0
compliment,0,1,0,6,3,0
grumble,0,1,2,0,0,0
roumanians,0,2,0,0,0,0
heave,0,1,4,0,0,0
twa,0,1,0,0,0,0
supersteetion,0,1,0,0,0,0
foreigners,0,1,0,1,0,1
pairfectly,0,1,0,0,0,0
rideeculous,0,1,0,0,0,0
wee,0,1,0,0,0,0
agin,0,1,1,0,0,0
joost,0,1,0,0,0,0
reet,0,2,0,0,0,0
eneuch,0,2,0,0,0,0
fling,0,2,3,0,0,0
argy,0,1,0,0,0,0
via,0,1,0,23,0,0
althegither,0,1,0,0,0,0
clearin,0,1,0,0,0,0
nicht,0,1,0,0,0,0
braw,0,1,0,0,0,0
airly,0,1,0,0,0,0
beginnin,0,1,0,0,0,0
aboord,0,1,0,0,0,0
nane,0,1,0,0,0,0
ither,0,1,0,0,0,0
immanuel,0,2,0,0,0,0
hildesheim,0,5,0,0,0,0
burgen,0,1,0,0,0,0
strasse,0,1,0,0,0,0
hebrew,0,1,0,0,3,0
adelphi,0,1,0,0,0,0
theatre,0,1,0,23,5,0
fez,0,1,0,0,0,0
specie,0,1,0,0,0,0
punctuation,0,1,0,0,0,0
bargaining,0,1,0,0,0,0
petrof,0,2,0,0,0,0
skinsky,0,12,0,0,0,0
dealt,0,1,0,1,0,0
traded,0,1,0,0,0,0
cashed,0,1,0,0,0,0
international,0,1,0,0,0,0
porterage,0,1,0,0,0,0
corroborated,0,1,0,2,0,0
standstill,0,1,1,0,0,0
detained,0,2,0,3,5,0
hazardous,0,1,0,1,0,0
dispirited,0,1,0,0,0,0
astray,0,1,0,1,3,0
exclusions,0,1,0,0,0,0
investigate,0,2,0,4,4,0
octroi,0,2,0,0,0,0
z,0,1,0,0,0,0
pursuers,0,2,0,1,0,0
repelled,0,1,0,3,0,0
intends,0,1,0,5,1,0
safest,0,1,0,4,0,0
engulf,0,1,0,0,0,0
unfriendly,0,1,0,1,0,0
firstly,0,1,0,0,0,0
differentiate,0,1,0,0,0,0
phenomenally,0,1,0,0,0,0
canniness,0,1,0,0,0,0
fogs,0,1,0,2,0,0
trail,0,1,0,0,2,0
shipped,0,1,5,1,0,0
pruth,0,3,0,0,0,0
sereth,0,6,0,0,0,0
propelled,0,1,0,0,0,0
poles,0,1,0,2,0,0
navigated,0,1,0,0,0,0
fundu,0,5,0,0,0,0
bistritza,0,6,0,0,0,0
loop,0,1,0,0,0,0
prompt,0,1,4,6,0,0
launch,0,9,0,1,0,0
arsenal,0,1,0,2,0,0
handy,0,1,2,0,0,0
requisitions,0,1,0,0,0,0
guns,0,1,4,8,0,0
undo,0,2,0,0,0,0
incarnate,0,1,0,0,0,0
legs,0,1,3,28,3,0
ride,0,4,7,7,2,0
steamboat,0,1,0,4,0,0
perchance,0,1,0,7,1,0
fateful,0,1,0,0,0,0
nest,0,2,1,1,3,0
vipers,0,1,0,0,0,0
den,0,1,0,8,23,0
grisly,0,2,0,0,0,0
whirls,0,1,0,1,0,0
embryo,0,1,0,0,1,0
vibrate,0,1,0,1,0,0
purify,0,1,0,1,0,0
basely,0,1,0,0,0,0
promptly,0,1,1,11,0,0
appointed,0,1,0,18,12,0
appliances,0,1,0,0,0,0
veresti,0,5,0,0,0,0
comforts,0,1,0,0,2,0
flurries,0,3,0,0,0,0
warnings,0,1,0,0,0,0
furnace,0,3,0,0,1,0
norfolk,0,1,0,0,0,0
broads,0,1,0,0,0,0
waterway,0,1,0,0,0,0
junction,0,1,0,1,0,0
curves,0,1,0,1,0,0
dismiss,0,1,0,1,0,0
mount,0,1,4,10,3,0
saddles,0,1,0,0,0,0
movable,0,1,0,2,0,0
horn,0,1,2,1,0,0
adapted,0,1,0,2,10,2
fur,0,3,0,0,0,0
coats,0,2,1,1,1,1
package,0,1,0,0,0,0
hauled,0,2,6,0,0,0
smoothing,0,1,1,2,1,0
flag,0,1,13,6,1,0
conspicuously,0,1,0,0,0,0
sin,0,1,1,4,9,0
steering,0,2,4,1,1,0
engines,0,1,0,0,0,0
throbbing,0,1,0,3,0,0
melts,0,1,0,0,0,1
horsemen,0,3,0,1,3,0
obstruction,0,1,0,0,0,0
strasba,0,1,0,0,0,0
overtaken,0,2,0,2,3,0
rapids,0,2,0,0,0,0
amateur,0,1,0,4,0,0
peasantry,0,1,0,0,0,0
buying,0,1,0,1,3,6
picturesqueness,0,1,0,0,0,0
soldiers,0,1,0,33,22,1
encourages,0,1,0,0,2,0
shopping,0,1,0,0,0,0
wraps,0,2,0,0,0,0
farmers,0,1,0,1,0,0
imaginable,0,1,1,1,0,1
abide,0,1,0,0,1,0
scandal,0,1,0,6,0,0
tireless,0,1,0,0,0,0
conqueror,0,1,0,1,1,0
heaviness,0,2,0,1,0,0
addition,0,2,1,7,10,0
deign,0,2,0,7,2,0
incurred,0,1,0,3,1,0
hardening,0,1,0,0,0,0
vif,0,1,0,0,0,0
whithersoever,0,1,0,1,0,0
stenography,0,1,0,0,0,0
cumbrous,0,1,0,0,0,0
unrecorded,0,1,0,0,0,0
drowse,0,1,0,0,0,0
jog,0,2,0,0,0,0
amaze,0,1,0,1,0,0
tethered,0,1,1,0,0,0
sometime,0,1,0,0,2,0
carnival,0,1,0,36,0,0
waken,0,1,0,0,0,0
exulted,0,1,0,0,0,0
rugs,0,2,0,0,0,0
unavailingness,0,1,0,0,0,0
tremor,0,1,0,2,0,0
tethers,0,1,0,0,0,0
whinnied,0,2,0,0,0,0
replenish,0,2,0,0,0,0
sweeps,0,2,0,0,0,1
trailing,0,1,3,0,0,0
unrest,0,1,0,0,0,0
befooling,0,1,0,0,0,0
flakes,0,2,0,1,0,0
circled,0,1,0,0,0,0
whereat,0,1,0,0,0,0
unreal,0,1,0,0,3,0
materialise,0,1,0,0,0,0
swaying,0,1,3,0,0,0
ruddy,0,2,0,0,0,0
twined,0,1,0,1,0,0
leapt,0,1,2,0,0,0
firewood,0,1,7,0,0,0
protections,0,1,0,0,0,0
moan,0,1,2,0,0,0
strengthen,0,1,0,2,4,0
cluster,0,1,0,3,0,0
depression,0,1,0,4,0,0
proving,0,1,0,11,8,0
blacksmith,0,1,0,0,2,0
sulphurous,0,1,0,0,0,0
fume,0,1,0,1,0,0
bethought,0,1,0,2,0,0
dilemma,0,1,0,4,0,0
horns,0,1,0,2,1,0
fold,0,1,0,5,4,0
fretted,0,1,0,0,1,0
clog,0,1,0,0,0,0
stilled,0,1,0,0,0,0
clarion,0,1,0,0,0,0
wrenching,0,1,0,0,0,0
enthrall,0,1,0,0,0,0
atoms,0,1,0,5,0,0
nerved,0,2,0,0,0,0
searched,0,1,0,11,0,0
phantoms,0,1,0,6,0,0
proportioned,0,1,0,1,1,0
selves,0,1,0,0,0,0
dissolution,0,2,0,1,6,4
realisation,0,1,0,0,0,1
butchery,0,1,0,0,1,0
screeching,0,2,0,0,0,0
plunging,0,1,1,1,0,0
severed,0,1,0,2,2,0
crumble,0,1,0,2,0,0
agone,0,1,2,0,0,0
assert,0,1,0,9,8,0
entrances,0,1,0,1,0,0
paleness,0,1,1,10,1,0
downhill,0,1,2,0,0,0
snowfall,0,2,0,0,0,0
perched,0,1,2,1,0,0
deadening,0,1,0,0,0,0
strategic,0,1,0,0,0,0
boulders,0,1,0,0,0,0
snug,0,1,0,1,0,0
swirled,0,1,0,0,0,0
kinks,0,1,0,0,0,0
curls,0,1,0,3,0,0
gypsies,0,9,0,4,0,0
lull,0,1,0,0,0,0
flogging,0,1,0,0,0,0
galloping,0,1,1,3,0,0
blinding,0,1,0,0,0,0
blots,0,1,0,0,0,0
glee,0,1,3,0,0,0
schoolboy,0,1,0,0,0,1
rifle,0,1,1,3,0,0
boulder,0,1,0,0,0,0
converging,0,1,0,0,0,0
abated,0,1,0,7,2,0
sweeping,0,1,3,2,0,0
twos,0,1,0,1,0,0
threes,0,1,0,1,0,0
bursts,0,2,0,3,0,0
eddies,0,1,0,0,0,0
watches,0,1,1,4,0,0
converge,0,1,0,0,0,0
fiercer,0,1,0,1,1,0
individuals,0,1,0,5,55,1
unaware,0,1,0,2,0,0
reined,0,1,0,0,0,0
centaur,0,1,0,1,0,0
rifles,0,1,0,0,0,0
unmistakable,0,1,1,2,1,0
gypsy,0,1,0,0,0,0
undisciplined,0,1,0,0,0,0
shouldering,0,1,0,0,0,0
pushing,0,1,1,7,0,0
levelled,0,1,0,4,0,0
flashing,0,1,2,2,1,0
impetuosity,0,1,0,1,0,0
singleness,0,1,0,0,0,0
overawe,0,1,0,0,0,0
parried,0,1,0,0,0,0
bowie,0,3,0,0,0,0
clutching,0,1,0,5,0,0
spurting,0,1,0,0,0,0
frantically,0,1,0,0,0,0
vindictive,0,1,0,1,0,0
shear,0,1,0,0,0,0
articulated,0,1,0,0,0,0
disappearance,0,1,0,8,2,6
rode,0,1,3,5,0,0
unmounted,0,1,0,0,0,0
amen,0,1,2,1,0,0
stainless,0,1,0,0,0,0
birthday,0,1,1,1,0,0
links,0,1,0,0,5,0
authentic,0,1,0,0,0,0
document,0,1,0,8,0,0
summed,0,1,0,2,3,2
titles,0,1,0,7,3,0
alphabetical,0,1,0,0,0,0
wrapper,0,3,0,0,0,0
fiction,0,2,0,1,20,0
represents,0,1,0,1,13,0
catalog,0,1,0,0,0,0
detective,0,1,0,0,1,0
fletcher,0,1,0,0,0,0
barbican,0,1,0,0,0,0
annexation,0,1,0,0,0,1
versus,0,1,0,0,0,0
wargrave,0,1,0,0,0,0
linthwaite,0,1,0,0,0,0
ravensdene,0,1,0,0,0,0
rayner,0,1,0,0,0,0
slade,0,1,0,0,0,0
amalgamation,0,1,0,0,0,0
headstrong,0,1,0,1,0,0
g,0,1,0,31,13,0
copyrighted,0,1,0,0,0,0
stevenson,0,0,1,0,0,0
classic,0,0,1,2,0,0
hesitating,0,0,2,5,3,0
tunes,0,0,1,0,0,0
schooners,0,0,1,0,0,0
maroons,0,0,2,0,0,0
buccaneers,0,0,17,0,0,0
retold,0,0,1,0,0,0
youngsters,0,0,1,0,1,0
studious,0,0,1,0,0,0
kingston,0,0,1,0,0,0
ballantyne,0,0,1,0,0,0
cooper,0,0,1,1,0,0
buccaneer,0,0,14,0,0,0
admiral,0,0,21,0,0,0
benbow,0,0,21,0,0,0
bristol,0,0,18,0,0,0
powder,0,0,23,12,0,0
stockade,0,0,41,0,0,0
jim,0,0,98,0,0,0
garrison,0,0,3,7,0,0
embassy,0,0,2,1,2,0
cruise,0,0,12,2,0,0
coracle,0,0,26,0,0,0
roger,0,0,5,1,0,0
israel,0,0,20,1,0,0
xxviii,0,0,2,0,0,0
xxix,0,0,2,0,0,0
xxx,0,0,2,0,0,0
parole,0,0,2,0,0,0
xxxi,0,0,2,0,0,0
flint,0,0,59,2,0,0
pointer,0,0,2,0,0,0
xxxii,0,0,2,0,0,0
xxxiii,0,0,2,0,0,0
chieftain,0,0,2,0,0,0
xxxiv,0,0,2,0,0,0
trelawney,0,0,38,0,0,0
livesey,0,0,63,0,0,0
sabre,0,0,3,4,0,0
plodding,0,0,1,1,0,0
barrow,0,0,3,1,0,0
tarry,0,0,4,0,0,0
pigtail,0,0,2,0,0,0
soiled,0,0,2,0,0,0
scarred,0,0,1,0,0,0
cove,0,0,11,0,0,0
whistling,0,0,6,2,0,0
yo,0,0,9,0,0,0
tottering,0,0,2,3,0,1
rapped,0,0,1,5,0,0
drank,0,0,6,20,5,0
connoisseur,0,0,1,4,0,0
signboard,0,0,3,0,0,0
sittyated,0,0,1,0,0,0
berth,0,0,7,0,0,0
matey,0,0,4,0,0,0
trundled,0,0,2,0,0,0
eggs,0,0,1,3,1,0
mought,0,0,3,0,0,0
commander,0,0,1,9,0,0
coarsely,0,0,1,1,0,0
mast,0,0,14,4,0,0
obeyed,0,0,7,33,1,0
inns,0,0,1,1,0,0
telescope,0,0,4,2,0,0
parlour,0,0,13,0,0,0
curtained,0,0,1,0,0,0
mouse,0,0,5,1,0,0
sharer,0,0,1,2,0,0
fourpenny,0,0,3,0,0,0
wage,0,0,1,0,0,14
personage,0,0,1,18,1,0
surf,0,0,9,1,0,0
hip,0,0,2,1,0,0
hedge,0,0,2,3,0,0
ditch,0,0,2,2,0,0
nightmares,0,0,2,0,0,0
monthly,0,0,1,4,1,0
abominable,0,0,4,2,3,0
sing,0,0,4,4,3,0
overriding,0,0,1,0,0,0
slap,0,0,3,0,0,0
tortugas,0,0,1,0,0,0
wickedest,0,0,1,0,2,0
tyrannized,0,0,1,0,1,0
annoyance,0,0,3,6,0,0
stockings,0,0,1,5,0,0
hawker,0,0,1,0,0,0
cocks,0,0,2,0,0,0
patched,0,0,2,0,0,0
stabling,0,0,1,0,0,0
coltish,0,0,1,0,0,0
bleared,0,0,1,0,0,0
scarecrow,0,0,1,0,0,1
pirate,0,0,6,1,0,0
identical,0,0,2,1,1,1
legged,0,0,2,1,1,0
taylor,0,0,1,0,0,0
rheumatics,0,0,1,0,0,0
flapped,0,0,4,0,0,0
villainous,0,0,1,0,0,1
decks,0,0,2,0,0,0
ruffian,0,0,1,1,0,0
replies,0,0,1,0,10,0
scoundrel,0,0,2,3,0,0
knuckled,0,0,1,0,0,0
grumbling,0,0,2,2,0,0
incivility,0,0,1,0,0,0
tonight,0,0,3,28,0,0
routed,0,0,2,0,0,0
unpleasant,0,0,1,13,0,0
january,0,0,1,1,0,0
hoar,0,0,1,0,0,0
hilltops,0,0,2,0,0,0
cutlass,0,0,15,1,0,0
swinging,0,0,6,0,0,0
skirts,0,0,2,0,0,0
tilted,0,0,3,1,0,0
tallowy,0,0,2,0,0,0
fighter,0,0,1,0,1,0
sailorly,0,0,1,0,0,0
smack,0,0,1,0,0,0
sonny,0,0,5,0,0,0
fawning,0,0,1,0,0,0
blocks,0,0,4,1,0,0
sich,0,0,4,0,0,0
swallowing,0,0,1,4,0,0
lump,0,0,2,1,0,0
marched,0,0,2,1,3,0
awaited,0,0,4,27,0,0
spun,0,0,2,1,1,0
fronted,0,0,1,0,0,0
shipmate,0,0,8,0,0,0
billy,0,0,13,0,0,0
talons,0,0,1,1,0,0
liking,0,0,2,3,1,0
shipmates,0,0,8,0,0,0
sideways,0,0,2,0,0,0
keyholes,0,0,1,0,0,0
gattling,0,0,1,0,0,0
oaths,0,0,6,0,2,0
explosion,0,0,3,7,0,0
clash,0,0,2,0,0,0
cutlasses,0,0,3,0,0,0
fugitive,0,0,1,6,0,0
chine,0,0,1,0,0,0
notch,0,0,1,0,0,0
heels,0,0,2,4,0,0
unsteadied,0,0,1,0,0,0
scuffle,0,0,2,0,0,0
fiddle,0,0,2,0,0,0
trebly,0,0,1,0,0,0
ripped,0,0,1,2,0,0
tattooed,0,0,1,0,0,0
neatly,0,0,1,0,0,0
forearm,0,0,1,0,0,0
sketch,0,0,1,4,5,0
gallows,0,0,4,1,0,0
mistily,0,0,1,0,0,0
recognized,0,0,5,61,7,0
headforemost,0,0,1,0,1,0
shortness,0,0,1,0,1,0
wig,0,0,7,3,0,0
bible,0,0,11,0,0,0
hoist,0,0,2,0,0,0
cooling,0,0,1,1,0,0
drinks,0,0,2,1,5,0
noggin,0,0,2,0,0,0
cursing,0,0,1,4,1,0
swabs,0,0,4,0,0,0
earthquakes,0,0,1,0,1,0
hulk,0,0,1,0,0,0
lee,0,0,5,0,0,0
swab,0,0,4,0,0,0
fidges,0,0,1,0,0,0
dram,0,0,2,0,0,0
cain,0,0,1,0,0,0
guinea,0,0,2,2,0,0
quoted,0,0,1,1,4,0
offended,0,0,1,12,0,0
bribe,0,0,1,1,1,0
aye,0,0,27,0,5,0
lubbers,0,0,3,0,0,0
seamanly,0,0,2,0,0,0
saving,0,0,5,5,7,0
daddle,0,0,1,0,0,0
nohow,0,0,3,0,0,0
magistrates,0,0,1,10,7,0
savannah,0,0,3,0,0,0
peach,0,0,1,3,0,0
confessions,0,0,1,1,0,0
scowling,0,0,1,0,0,0
regain,0,0,1,4,0,0
clambered,0,0,1,1,0,0
confidences,0,0,1,0,0,0
flighty,0,0,1,0,0,0
piped,0,0,2,0,0,0
foggy,0,0,1,0,0,0
hunched,0,0,1,0,0,0
gracious,0,0,2,13,4,0
eyeless,0,0,1,0,0,0
vise,0,0,1,0,0,0
cowed,0,0,1,0,0,0
fist,0,0,2,4,0,0
twitch,0,0,1,0,0,0
skipped,0,0,1,0,0,0
thundering,0,0,5,2,0,0
apoplexy,0,0,1,10,0,0
specimens,0,0,1,2,3,0
booty,0,0,2,1,0,0
coals,0,0,1,1,0,0
ticking,0,0,1,0,0,0
hovering,0,0,1,5,0,0
presumably,0,0,1,0,0,0
hearken,0,0,1,1,0,0
wash,0,0,1,3,2,0
smugglers,0,0,1,26,0,0
lugger,0,0,5,5,0,0
kitt,0,0,3,0,0,0
comrade,0,0,3,19,1,0
infectious,0,0,1,0,0,0
emboldener,0,0,1,0,0,0
fatherless,0,0,1,0,0,0
hulking,0,0,1,0,1,0
crossley,0,0,2,0,0,0
lawful,0,0,2,3,4,0
saddled,0,0,1,1,0,0
finely,0,0,1,3,0,0
redly,0,0,1,0,0,0
upper,0,0,4,13,22,2
noiseless,0,0,1,2,0,0
panted,0,0,1,1,0,0
blackened,0,0,2,3,0,0
shockingly,0,0,1,0,0,0
coins,0,0,2,2,0,0
thimble,0,0,3,0,0,0
needles,0,0,1,0,0,0
gully,0,0,4,0,0,0
tinder,0,0,1,0,0,0
initial,0,0,1,1,0,0
smashed,0,0,1,0,0,0
tar,0,0,2,1,0,0
interior,0,0,4,13,2,0
miscellany,0,0,1,0,0,0
quadrant,0,0,1,0,0,0
tin,0,0,2,1,0,0
canikin,0,0,1,0,0,0
trinkets,0,0,2,0,0,0
compasses,0,0,1,0,0,0
whitened,0,0,1,2,0,0
oilcloth,0,0,2,0,0,0
jingle,0,0,2,0,0,0
rogues,0,0,3,2,9,0
farthing,0,0,2,2,0,0
doubloons,0,0,4,0,0,0
ors,0,0,1,0,0,0
guineas,0,0,5,1,0,0
random,0,0,3,0,4,0
scarcest,0,0,1,0,0,0
recommenced,0,0,1,0,0,0
indescribable,0,0,1,20,0,0
hornet,0,0,1,0,1,0
fraction,0,0,1,0,1,0
oilskin,0,0,2,0,0,0
dispersing,0,0,1,0,0,0
dell,0,0,3,0,0,0
tavern,0,0,5,11,0,0
newcomers,0,0,1,0,0,0
greed,0,0,1,0,0,0
earshot,0,0,5,0,0,0
broom,0,0,2,0,0,0
paces,0,0,2,39,0,0
trio,0,0,2,0,0,0
speeches,0,0,1,5,3,0
afire,0,0,1,0,0,0
shirking,0,0,1,0,0,0
slam,0,0,1,1,0,0
pew,0,0,23,0,0,0
alow,0,0,3,0,0,0
overhauled,0,0,2,0,0,0
lads,0,0,13,2,0,0
glim,0,0,2,0,0,0
rout,0,0,1,0,1,0
reiterated,0,0,1,0,0,0
nowhere,0,0,1,2,11,0
summoning,0,0,1,2,0,0
assault,0,0,1,2,1,0
hillside,0,0,1,0,0,0
dirk,0,0,11,1,0,0
budge,0,0,3,0,0,0
skulk,0,0,2,0,1,0
lumber,0,0,1,0,0,0
heartedly,0,0,1,0,0,0
skulking,0,0,1,0,1,0
sponging,0,0,1,0,0,0
weevil,0,0,1,0,0,0
grumbled,0,0,4,1,0,0
georges,0,0,2,2,0,0
squalling,0,0,3,0,0,0
objections,0,0,1,4,12,2
miscreant,0,0,2,0,0,0
wrest,0,0,1,0,0,1
separating,0,0,1,5,1,0
slant,0,0,1,0,0,0
johnny,0,0,1,0,0,0
riders,0,0,2,2,0,0
collapsed,0,0,1,0,0,0
tailing,0,0,1,0,0,0
revenue,0,0,2,5,0,0
supervisor,0,0,4,0,0,0
salts,0,0,2,5,0,0
deplore,0,0,1,1,0,0
grope,0,0,1,0,0,0
dingle,0,0,1,0,0,0
supporting,0,0,3,6,1,0
ambushes,0,0,1,0,0,0
dispatch,0,0,1,0,0,0
cutter,0,0,1,2,0,0
corns,0,0,1,0,0,0
smash,0,0,1,0,0,1
saddle,0,0,1,3,0,0
dogger,0,0,4,0,0,0
bouncing,0,0,1,0,0,0
trot,0,0,1,2,0,0
stirrup,0,0,2,0,0,0
lodge,0,0,2,12,0,0
leafless,0,0,1,1,0,0
dismounted,0,0,1,1,0,0
matted,0,0,2,3,0,0
lined,0,0,2,4,0,0
bookcases,0,0,1,0,0,0
busts,0,0,1,0,0,0
roughened,0,0,1,0,0,0
condescending,0,0,1,2,0,0
nod,0,0,2,3,2,0
thigh,0,0,3,0,0,0
bravo,0,0,2,17,0,0
striding,0,0,1,0,0,0
powdered,0,0,1,0,0,0
cropped,0,0,1,0,0,0
poll,0,0,1,0,0,0
cockroach,0,0,2,0,0,0
trump,0,0,3,0,0,0
ale,0,0,3,1,0,0
itching,0,0,1,0,0,0
pie,0,0,3,1,0,0
earned,0,0,1,7,0,1
pigeon,0,0,1,0,0,0
sidetable,0,0,1,0,0,0
hawk,0,0,1,0,0,0
complimented,0,0,2,4,0,0
bloodthirstiest,0,0,1,0,0,0
blackbeard,0,0,1,0,0,0
prodigiously,0,0,1,0,0,0
trinidad,0,0,1,0,0,0
cowardly,0,0,2,7,5,0
puncheon,0,0,4,0,0,0
spain,0,0,1,25,0,0
rascal,0,0,2,7,0,0
carcasses,0,0,1,0,0,0
confoundedly,0,0,1,0,0,0
exclamatory,0,0,1,0,0,0
dock,0,0,6,2,0,0
sewn,0,0,1,2,0,0
stitches,0,0,1,0,0,0
scissors,0,0,1,1,0,0
scraps,0,0,2,2,1,0
tattoo,0,0,1,0,0,0
itt,0,0,3,0,0,0
explanatory,0,0,1,0,0,0
varying,0,0,3,2,2,0
offe,0,0,2,0,0,0
caraccas,0,0,2,0,0,0
longitude,0,0,3,0,0,0
additions,0,0,2,0,2,0
appended,0,0,1,0,2,0
noonday,0,0,1,1,0,0
hound,0,0,1,1,1,0
plundered,0,0,1,6,0,0
ambiguity,0,0,2,0,2,0
clearer,0,0,2,1,13,0
manned,0,0,5,1,0,0
coral,0,0,1,7,0,0
amounts,0,0,1,4,2,1
reducing,0,0,1,0,0,0
moneys,0,0,1,0,1,0
thrifty,0,0,1,0,0,0
cheated,0,0,1,1,0,0
seals,0,0,1,3,0,0
soundings,0,0,2,0,0,0
bays,0,0,1,1,0,0
inlets,0,0,1,0,0,0
anchorage,0,0,29,0,0,0
shaped,0,0,2,7,1,0
dragon,0,0,1,1,0,0
harbours,0,0,1,0,1,0
southwest,0,0,1,0,0,0
tottery,0,0,1,0,0,0
bulk,0,0,3,0,1,0
cache,0,0,2,0,0,0
trend,0,0,1,0,0,0
hummock,0,0,1,0,0,0
fathoms,0,0,2,4,0,0
crag,0,0,1,3,0,0
inlet,0,0,11,0,0,0
incomprehensible,0,0,1,12,0,0
famous,0,0,4,37,26,0
redruth,0,0,22,0,0,0
joyce,0,0,19,0,0,0
drake,0,0,1,3,0,0
bail,0,0,3,0,0,0
blades,0,0,1,0,0,0
gamekeeper,0,0,4,0,0,0
acre,0,0,1,3,0,0
savages,0,0,1,1,0,0
tragic,0,0,1,4,14,0
tons,0,0,1,3,0,0
hispaniola,0,0,53,0,0,0
slaved,0,0,1,0,0,0
interrupting,0,0,1,5,0,0
growled,0,0,4,1,0,0
commentary,0,0,1,0,0,0
management,0,0,1,3,6,0
merest,0,0,2,1,0,0
monstrously,0,0,2,0,0,0
declaring,0,0,1,6,6,0
absurdly,0,0,1,0,0,0
calumnies,0,0,1,2,0,0
workpeople,0,0,1,0,0,1
riggers,0,0,1,0,0,0
annoyingly,0,0,1,0,0,0
natives,0,0,1,3,0,0
deuce,0,0,3,7,0,0
ashore,0,0,38,6,0,0
recommendation,0,0,1,8,0,0
hawke,0,0,2,0,0,0
pension,0,0,1,4,0,0
toughest,0,0,1,0,0,0
frigate,0,0,1,1,0,0
bull,0,0,1,3,0,0
tarpaulins,0,0,1,0,0,0
postscript,0,0,1,12,0,0
consort,0,0,6,0,1,0
unearthed,0,0,1,0,0,0
boatswain,0,0,7,0,0,0
pipes,0,0,1,5,1,0
overdrawn,0,0,1,0,0,0
manage,0,0,6,9,4,0
bachelors,0,0,1,1,0,0
roving,0,0,1,0,0,0
gamekeepers,0,0,1,0,0,0
discomfort,0,0,1,1,0,0
repainted,0,0,2,0,0,0
armchair,0,0,1,28,0,0
apprentice,0,0,1,0,1,0
cocked,0,0,1,3,0,0
wedged,0,0,1,1,0,0
stout,0,0,5,2,4,0
dale,0,0,1,0,0,0
ribs,0,0,2,2,0,0
docks,0,0,2,1,0,0
superintend,0,0,1,1,2,0
quays,0,0,3,2,0,0
rigs,0,0,1,0,0,0
figureheads,0,0,2,0,0,0
whiskers,0,0,1,6,0,0
curled,0,0,2,3,0,0
ringlets,0,0,1,0,0,0
pigtails,0,0,1,0,0,0
swaggering,0,0,1,1,0,0
archbishops,0,0,1,1,0,0
piping,0,0,3,0,0,0
tailed,0,0,2,0,0,0
breakfasting,0,0,1,4,0,0
carts,0,0,1,0,1,0
bales,0,0,1,1,0,0
busiest,0,0,1,0,0,0
cleanly,0,0,1,0,0,0
sanded,0,0,1,0,0,0
customers,0,0,2,2,0,0
crutch,0,0,24,0,0,0
hopping,0,0,1,0,0,0
ham,0,0,1,2,0,0
guests,0,0,1,44,1,0
customer,0,0,1,1,0,0
tallow,0,0,2,0,0,0
coppers,0,0,1,0,0,0
harry,0,0,2,0,0,0
ben,0,0,50,1,0,0
morgan,0,0,30,0,0,0
mahogany,0,0,2,2,0,0
sheepishly,0,0,1,0,0,0
salute,0,0,5,7,1,0
jawing,0,0,1,0,0,0
yages,0,0,1,0,0,0
ns,0,0,1,0,0,0
hauling,0,0,3,0,0,0
lubber,0,0,5,0,0,0
shark,0,0,1,0,0,0
haul,0,0,5,3,0,0
jerking,0,0,1,0,0,0
stumping,0,0,1,0,0,0
slapping,0,0,1,0,0,0
bailey,0,0,1,0,0,0
reawakened,0,0,1,0,0,0
narrowly,0,0,1,3,0,0
thieves,0,0,1,16,8,0
confounded,0,0,1,4,2,0
deadlights,0,0,3,0,0,0
hobble,0,0,1,0,0,0
broached,0,0,2,0,0,0
timbers,0,0,8,2,0,0
davy,0,0,6,0,0,0
dooty,0,0,13,0,0,0
messmates,0,0,3,1,0,0
cockerel,0,0,1,0,0,0
buttons,0,0,3,11,0,0
tonnage,0,0,1,0,0,0
discharging,0,0,1,1,0,0
anecdote,0,0,1,0,0,0
nautical,0,0,1,2,0,0
quart,0,0,1,0,0,0
toast,0,0,2,2,0,0
inspection,0,0,1,3,0,0
suits,0,0,1,2,5,0
sterns,0,0,1,0,0,0
cables,0,0,1,0,0,0
earrings,0,0,2,1,0,0
squint,0,0,1,0,0,0
smollett,0,0,46,0,0,0
axing,0,0,1,0,0,0
shipshape,0,0,2,0,0,0
seaworthy,0,0,1,0,0,0
ticklish,0,0,1,0,0,0
begging,0,0,3,5,5,0
blabbed,0,0,1,0,0,0
unintentional,0,0,1,1,0,0
berthed,0,0,1,0,0,0
berths,0,0,4,1,0,0
blabbing,0,0,1,0,0,0
talker,0,0,1,0,0,0
notions,0,0,2,4,28,1
humbug,0,0,1,0,0,0
unmanly,0,0,1,0,1,0
unsailorly,0,0,1,0,0,0
downright,0,0,3,2,2,0
ing,0,0,1,2,0,0
superintending,0,0,1,1,0,0
astern,0,0,4,0,0,0
cabins,0,0,1,0,0,0
forecastle,0,0,11,0,0,0
sparred,0,0,3,0,0,0
enlarged,0,0,1,1,4,0
hammocks,0,0,1,0,0,0
cleverness,0,0,2,1,5,0
forelock,0,0,3,0,0,0
swivel,0,0,2,0,0,0
amidships,0,0,1,0,0,0
boatfuls,0,0,1,0,0,0
barbecue,0,0,7,0,0,0
stave,0,0,1,0,0,0
hazy,0,0,1,0,0,0
stuttering,0,0,1,0,0,0
drunkenness,0,0,2,2,5,0
passably,0,0,1,0,0,0
outright,0,0,3,0,0,0
saves,0,0,2,2,3,0
irons,0,0,4,2,0,0
anderson,0,0,9,0,0,0
likeliest,0,0,1,0,0,0
coxswain,0,0,15,1,0,0
confidant,0,0,1,4,0,0
lanyard,0,0,2,0,0,0
wedge,0,0,1,2,0,0
bulkhead,0,0,2,0,0,0
heaviest,0,0,1,0,3,0
rigged,0,0,3,1,0,0
widest,0,0,1,0,1,0
spaces,0,0,2,1,0,0
unarmed,0,0,3,0,0,0
unweariedly,0,0,1,0,0,0
dishes,0,0,1,10,0,0
burnished,0,0,1,0,0,0
yarn,0,0,3,0,0,0
predicting,0,0,1,0,0,0
yage,0,0,1,0,0,0
forever,0,0,3,28,0,0
madagascar,0,0,1,0,0,0
malabar,0,0,2,0,0,0
surinam,0,0,1,0,0,0
portobello,0,0,1,0,0,0
plate,0,0,1,19,0,0
boarding,0,0,1,0,0,0
viceroy,0,0,2,0,0,0
indies,0,0,2,2,1,0
goa,0,0,1,0,0,0
peck,0,0,1,0,0,0
mucked,0,0,1,0,0,0
swearing,0,0,1,1,0,0
brisk,0,0,4,0,0,0
explode,0,0,1,1,0,0
noah,0,0,1,1,0,0
duff,0,0,4,0,0,0
apples,0,0,1,3,0,1
spoil,0,0,1,6,2,0
largest,0,0,1,4,5,0
computation,0,0,2,1,1,0
heading,0,0,1,0,0,0
abeam,0,0,1,0,0,0
bowsprit,0,0,4,1,0,0
spray,0,0,3,2,0,0
luff,0,0,4,0,0,0
excepting,0,0,1,16,3,0
swish,0,0,1,0,0,0
rocking,0,0,1,0,0,0
quartermaster,0,0,4,1,0,0
broadside,0,0,5,1,0,0
ampytated,0,0,1,0,0,0
latin,0,0,1,3,2,0
bucket,0,0,1,0,0,0
hanged,0,0,4,2,0,0
corso,0,0,1,18,0,0
roberts,0,0,1,0,0,0
comed,0,0,2,0,0,0
christened,0,0,1,0,0,0
cassandra,0,0,1,1,0,0
walrus,0,0,3,0,0,0
amuck,0,0,1,0,0,0
flock,0,0,1,9,6,0
davis,0,0,1,0,0,0
tain,0,0,4,0,0,0
earning,0,0,1,1,0,0
spends,0,0,1,2,1,0
pound,0,0,2,6,0,0
hatches,0,0,2,0,0,0
starving,0,0,2,4,1,0
starved,0,0,3,0,0,0
rogue,0,0,2,2,6,0
flattery,0,0,1,2,4,0
overheard,0,0,5,10,0,0
farthings,0,0,1,0,0,0
daren,0,0,1,0,0,0
derisively,0,0,3,0,0,0
lease,0,0,1,4,0,0
goodwill,0,0,1,0,0,0
rigging,0,0,1,1,0,0
cable,0,0,4,1,0,0
roughest,0,0,1,0,0,0
afloat,0,0,1,3,0,0
boasting,0,0,1,2,1,0
finer,0,0,1,1,5,0
figurehead,0,0,1,0,0,0
dick,0,0,28,0,0,0
spat,0,0,2,1,0,0
bumboat,0,0,1,0,0,0
hazed,0,0,2,0,0,0
pickles,0,0,1,0,0,0
wines,0,0,2,1,1,0
reckon,0,0,25,5,0,0
leastways,0,0,7,0,0,0
navigate,0,0,1,0,0,0
miscalculations,0,0,1,0,0,0
spoonful,0,0,1,4,0,0
crossin,0,0,1,0,0,0
drying,0,0,1,1,1,0
int,0,0,3,0,0,0
windward,0,0,2,1,0,0
mouthful,0,0,1,4,0,0
knowed,0,0,6,0,0,0
chapling,0,0,2,0,0,0
admiringly,0,0,1,0,0,0
pork,0,0,10,0,0,0
parlyment,0,0,1,0,0,0
lawyers,0,0,1,6,2,0
unlooked,0,0,1,0,0,0
rip,0,0,1,0,0,0
misgave,0,0,1,0,0,0
stow,0,0,2,2,0,0
sucking,0,0,1,0,0,0
bilge,0,0,2,0,0,0
gauge,0,0,1,0,0,0
keg,0,0,2,0,0,0
pannikin,0,0,2,0,0,0
clause,0,0,1,3,3,0
jine,0,0,4,0,0,0
prizes,0,0,1,2,3,0
silvering,0,0,1,0,0,0
mizzen,0,0,3,1,0,0
slipping,0,0,1,6,0,0
dived,0,0,1,4,0,0
conical,0,0,1,2,0,0
sheeted,0,0,1,0,0,0
islet,0,0,1,2,0,0
foremast,0,0,1,0,0,0
cleaned,0,0,1,0,0,0
chart,0,0,22,2,0,0
drawed,0,0,1,0,0,0
capt,0,0,1,0,0,0
kidd,0,0,3,0,0,0
careen,0,0,1,0,0,0
duplicity,0,0,1,0,0,0
goats,0,0,3,7,1,0
goat,0,0,7,11,0,0
snack,0,0,1,0,0,0
friendliest,0,0,1,0,0,0
durst,0,0,5,3,0,0
plotting,0,0,1,1,2,0
subsided,0,0,2,2,0,0
raisins,0,0,3,0,0,0
smoking,0,0,5,8,0,0
shy,0,0,1,0,0,0
nineteen,0,0,4,11,0,0
becalmed,0,0,1,0,0,0
tint,0,0,1,0,0,0
streaks,0,0,2,0,0,0
topping,0,0,1,0,0,0
colouring,0,0,1,0,0,0
vegetation,0,0,2,2,0,0
tallest,0,0,1,1,0,0
likewise,0,0,2,4,7,1
configuration,0,0,1,0,0,0
pedestal,0,0,1,3,0,0
booms,0,0,1,0,0,0
banging,0,0,2,0,0,0
manufactory,0,0,1,0,0,0
backstay,0,0,1,0,0,0
giddily,0,0,1,0,0,0
qualm,0,0,1,0,0,0
stomach,0,0,1,12,0,0
foaming,0,0,1,4,0,0
onward,0,0,1,3,2,0
warped,0,0,1,0,1,0
sweltering,0,0,1,0,0,0
conned,0,0,1,0,0,0
scour,0,0,1,0,0,0
swamps,0,0,2,0,0,0
poisonous,0,0,1,1,0,0
anchored,0,0,3,4,0,0
beaches,0,0,1,0,0,0
sodden,0,0,1,0,0,0
rotting,0,0,1,0,0,1
trunks,0,0,3,5,0,0
sniffing,0,0,2,0,0,0
tasting,0,0,2,3,1,0
grudgingly,0,0,1,1,0,0
infection,0,0,1,1,1,0
spending,0,0,2,3,6,0
outstripped,0,0,1,1,0,0
willingness,0,0,1,1,3,0
cheeriest,0,0,1,0,0,0
pikes,0,0,1,0,0,0
smother,0,0,1,0,1,0
tiff,0,0,1,0,0,0
gigs,0,0,14,0,0,0
shins,0,0,1,0,0,0
sulks,0,0,1,0,0,0
faraway,0,0,1,0,0,0
whipped,0,0,6,0,0,0
rebellious,0,0,1,3,3,0
disaffected,0,0,1,0,0,0
ringleaders,0,0,1,0,0,0
jiffy,0,0,1,0,0,0
shoved,0,0,4,0,0,0
crews,0,0,2,0,0,0
raced,0,0,1,0,0,0
thicket,0,0,7,11,1,0
ducking,0,0,1,0,0,0
marshy,0,0,1,0,0,0
tract,0,0,1,0,0,0
willows,0,0,2,0,0,0
bulrushes,0,0,2,0,0,0
outlandish,0,0,1,0,1,0
swampy,0,0,2,0,0,0
dotted,0,0,5,0,0,0
contorted,0,0,1,0,0,0
craggy,0,0,1,1,0,0
vividly,0,0,1,4,3,0
exploration,0,0,1,0,0,0
uninhabited,0,0,1,5,0,0
dumb,0,0,2,13,1,0
fowls,0,0,1,8,0,0
flowering,0,0,2,1,0,0
hissed,0,0,1,1,0,0
spinning,0,0,4,0,0,0
oaklike,0,0,1,0,0,0
evergreen,0,0,1,1,0,0
knolls,0,0,1,0,0,0
taller,0,0,1,1,3,0
reedy,0,0,1,0,0,0
fen,0,0,2,0,0,0
soaked,0,0,1,1,0,0
marsh,0,0,8,0,1,0
outline,0,0,1,5,8,0
haze,0,0,1,0,0,0
quack,0,0,1,0,0,0
squatted,0,0,1,0,0,0
hearkening,0,0,1,0,0,0
speakers,0,0,2,3,1,0
swamp,0,0,4,0,0,0
foolhardy,0,0,2,0,0,0
desperadoes,0,0,1,0,0,0
overhear,0,0,1,3,0,0
councils,0,0,1,0,0,0
ambush,0,0,2,2,0,1
crouching,0,0,1,2,0,0
intruders,0,0,1,0,0,0
fours,0,0,2,0,0,0
blond,0,0,1,1,0,0
uns,0,0,1,0,0,0
taut,0,0,4,1,0,0
mistook,0,0,2,2,0,0
mess,0,0,1,0,1,0
troop,0,0,1,3,0,0
darkening,0,0,1,1,0,0
simultaneous,0,0,1,2,3,0
whirr,0,0,1,0,0,0
redescending,0,0,1,0,0,0
boom,0,0,7,2,0,0
surges,0,0,1,0,0,0
gymnast,0,0,1,0,0,0
warier,0,0,1,0,0,0
crumb,0,0,1,1,0,0
alan,0,0,4,0,0,0
defies,0,0,1,0,0,0
armpit,0,0,1,0,0,0
hurtling,0,0,1,0,0,0
stunning,0,0,2,2,0,0
defenceless,0,0,2,1,0,0
pant,0,0,1,0,0,0
swam,0,0,1,11,0,0
hilltop,0,0,2,0,0,0
topsy,0,0,1,0,0,0
turvy,0,0,1,0,0,0
sward,0,0,1,0,0,0
cleansing,0,0,1,0,0,0
mercilessly,0,0,1,0,0,0
slain,0,0,2,3,5,0
hails,0,0,1,0,0,0
lent,0,0,1,8,0,0
murderers,0,0,3,7,3,0
snipe,0,0,1,0,0,0
mutineers,0,0,23,0,1,0
dimensions,0,0,1,3,1,0
thumping,0,0,1,0,0,0
dislodged,0,0,1,0,0,1
lurking,0,0,1,1,0,0
nondescript,0,0,1,0,0,0
prefer,0,0,3,28,15,0
retrace,0,0,1,0,1,0
reappeared,0,0,2,10,2,0
circuit,0,0,1,1,1,0
cannibals,0,0,1,0,0,0
ace,0,0,1,2,0,0
gunn,0,0,47,0,0,0
raggedness,0,0,1,0,0,0
tatters,0,0,1,1,0,0
patchwork,0,0,1,0,0,0
incongruous,0,0,2,1,0,0
fastenings,0,0,1,1,0,0
loops,0,0,1,1,0,0
gaskin,0,0,1,0,0,0
accoutrement,0,0,1,0,0,0
shipwrecked,0,0,1,3,0,0
marooned,0,0,3,0,0,0
offender,0,0,1,0,3,0
oysters,0,0,1,3,0,0
toasted,0,0,1,0,0,0
perked,0,0,1,0,0,0
slyness,0,0,1,0,0,0
markable,0,0,1,0,0,0
civil,0,0,2,9,6,1
catechism,0,0,1,0,0,0
chuck,0,0,2,0,0,0
farthen,0,0,1,0,0,0
predicked,0,0,1,0,0,0
piety,0,0,1,5,1,0
thimbleful,0,0,1,0,0,0
forefinger,0,0,1,0,0,0
threateningly,0,0,1,0,0,1
ally,0,0,1,1,9,1
ringleader,0,0,2,0,0,0
predicament,0,0,1,1,1,0
keenest,0,0,1,0,0,0
clove,0,0,3,0,0,0
livery,0,0,1,8,0,0
toon,0,0,2,0,0,0
shrewdness,0,0,1,1,0,0
scarf,0,0,2,6,0,0
cutwater,0,0,1,0,0,0
benjamin,0,0,2,0,1,0
nip,0,0,1,0,0,0
gen,0,0,4,0,0,0
leman,0,0,3,0,0,0
hi,0,0,1,0,0,0
bellowed,0,0,2,0,0,0
cannon,0,0,4,10,0,0
goatskins,0,0,1,0,0,0
trotted,0,0,1,0,0,0
mastheaded,0,0,1,0,0,0
mountings,0,0,1,0,0,0
cetemery,0,0,1,0,0,0
mounds,0,0,1,0,0,0
nows,0,0,1,0,0,0
thens,0,0,1,0,0,0
doo,0,0,1,0,0,0
volley,0,0,4,2,0,0
flutter,0,0,1,0,1,0
seams,0,0,1,1,0,0
dysentery,0,0,1,0,0,0
scoundrels,0,0,1,2,0,0
lillibullero,0,0,4,0,0,0
primed,0,0,1,0,0,0
knoll,0,0,4,0,0,0
enclosing,0,0,1,1,0,0
loghouse,0,0,1,0,0,0
loopholed,0,0,1,0,0,0
musketry,0,0,1,0,0,0
paling,0,0,1,0,0,0
besiegers,0,0,1,0,0,0
partridges,0,0,1,4,0,0
regiment,0,0,1,8,0,0
ammunition,0,0,2,0,0,0
highness,0,0,1,7,0,0
duke,0,0,1,37,0,0
fontenoy,0,0,2,0,0,0
dot,0,0,1,1,0,0
dilly,0,0,1,0,0,0
dally,0,0,1,0,1,0
muskets,0,0,10,2,0,0
tins,0,0,1,0,0,0
biscuits,0,0,2,2,0,0
kegs,0,0,1,0,0,0
cask,0,0,4,1,0,0
cognac,0,0,3,0,0,0
invaluable,0,0,1,2,1,0
popped,0,0,4,0,0,0
block,0,0,18,0,0,0
palisade,0,0,10,0,0,0
sculled,0,0,1,0,0,0
risked,0,0,1,1,0,0
flattered,0,0,1,10,1,0
painter,0,0,1,3,27,0
halloaing,0,0,1,0,0,0
handier,0,0,1,0,0,0
gray,0,0,35,20,0,0
thirty,0,0,6,52,12,0
stays,0,0,3,0,0,0
risking,0,0,2,3,0,0
gallipot,0,0,1,0,0,0
overloaded,0,0,3,1,0,0
lipping,0,0,1,0,0,0
breeches,0,0,1,3,0,0
soaking,0,0,1,1,0,0
evenly,0,0,1,0,0,0
swamping,0,0,1,0,0,0
angles,0,0,2,3,2,0
upstream,0,0,1,0,0,0
leeward,0,0,2,0,0,0
dodge,0,0,3,0,0,0
bombardment,0,0,2,0,0,0
tarpaulin,0,0,1,0,0,0
gunner,0,0,2,0,0,0
steerage,0,0,1,0,0,0
goal,0,0,1,3,6,0
target,0,0,1,4,0,0
plumping,0,0,1,0,0,0
priming,0,0,4,2,0,0
aims,0,0,1,1,11,4
muzzle,0,0,2,5,0,0
rammer,0,0,1,0,0,0
trooping,0,0,1,0,0,0
mustn,0,0,2,0,0,0
bowls,0,0,1,0,0,0
headway,0,0,1,0,0,0
forty,0,0,5,31,6,0
strokes,0,0,1,4,0,0
clustering,0,0,1,1,0,0
gig,0,0,2,1,0,0
reparation,0,0,1,3,0,0
delaying,0,0,1,0,0,0
assailants,0,0,1,0,1,0
headers,0,0,1,0,0,0
wade,0,0,2,0,0,0
bandoleer,0,0,1,0,0,0
uppermost,0,0,1,0,1,0
crippled,0,0,1,0,0,0
polite,0,0,3,10,1,0
valet,0,0,1,61,0,0
waded,0,0,4,1,0,0
footfalls,0,0,1,0,0,0
breasted,0,0,1,0,0,0
spit,0,0,12,1,0,0
southwestern,0,0,1,0,0,0
shots,0,0,5,5,0,0
reloading,0,0,1,0,0,0
reloaded,0,0,2,0,0,0
molestation,0,0,1,0,0,0
hoisted,0,0,1,2,0,0
trojan,0,0,1,0,3,0
oldest,0,0,1,9,1,0
lick,0,0,1,1,0,0
howsoever,0,0,1,1,0,0
somebody,0,0,3,5,2,0
coil,0,0,2,0,0,0
stoutish,0,0,1,0,0,0
longish,0,0,1,0,0,0
fir,0,0,2,1,0,0
felled,0,0,1,0,0,1
trimmed,0,0,1,2,0,0
mightily,0,0,1,0,1,0
divinity,0,0,1,0,4,0
calculate,0,0,1,5,0,0
allowance,0,0,1,4,2,0
rations,0,0,4,0,0,0
plumped,0,0,1,0,0,0
oho,0,0,1,0,0,0
damage,0,0,1,0,0,0
policy,0,0,1,2,5,0
cannonade,0,0,2,0,0,0
ricochet,0,0,1,0,0,0
cricket,0,0,1,0,0,0
volunteers,0,0,1,0,1,0
gunnery,0,0,1,0,0,0
wading,0,0,3,0,0,0
magazine,0,0,1,1,0,0
alexander,0,0,2,12,0,0
david,0,0,1,2,0,0
richard,0,0,1,2,0,0
landsmen,0,0,1,0,0,0
landsman,0,0,1,0,0,0
james,0,0,1,1,0,0
hailing,0,0,2,2,0,0
hullo,0,0,1,1,0,0
lemen,0,0,1,0,0,0
barring,0,0,1,1,0,0
genteel,0,0,1,0,0,0
nips,0,0,1,0,0,0
wheer,0,0,1,0,0,0
mainstay,0,0,1,0,0,0
widders,0,0,1,0,0,0
cannonball,0,0,1,0,0,0
reports,0,0,3,13,0,0
balls,0,0,3,11,0,0
terrifying,0,0,1,3,0,0
missiles,0,0,1,1,0,0
oftenest,0,0,1,0,0,0
detour,0,0,1,0,0,0
ruffling,0,0,1,0,0,0
tracts,0,0,1,0,0,0
piracy,0,0,2,0,0,0
clattering,0,0,1,0,0,0
demolishing,0,0,1,0,0,0
axes,0,0,2,1,0,0
encloses,0,0,1,0,0,0
isolated,0,0,1,4,1,1
regained,0,0,2,8,0,0
shoreward,0,0,1,0,0,0
unsquared,0,0,1,0,0,0
kettle,0,0,4,0,0,0
stumps,0,0,2,0,0,0
grove,0,0,4,2,0,0
streamlet,0,0,1,0,0,0
moss,0,0,1,4,0,0
ferns,0,0,2,0,0,0
admixture,0,0,2,0,3,0
sprinkled,0,0,1,2,1,0
suppers,0,0,1,0,0,0
boil,0,0,1,0,1,0
eddied,0,0,1,0,0,0
coughing,0,0,1,0,0,0
unburied,0,0,1,0,0,0
blues,0,0,1,0,0,1
sentry,0,0,4,11,0,0
lending,0,0,1,0,0,0
parmesan,0,0,1,0,0,0
nutritious,0,0,1,0,0,0
livelier,0,0,1,0,0,0
chiefs,0,0,1,1,1,0
staked,0,0,1,2,0,0
camped,0,0,2,0,0,0
unprovided,0,0,2,0,1,0
remedies,0,0,1,5,6,0
packing,0,0,3,0,0,0
buccaneering,0,0,1,0,0,0
loophole,0,0,10,4,0,0
coldest,0,0,1,0,0,0
marrow,0,0,1,2,0,0
rosily,0,0,1,0,0,0
morass,0,0,1,0,0,0
unhealthy,0,0,1,0,2,0
indoors,0,0,1,0,1,0
promotion,0,0,1,4,0,0
emphasis,0,0,1,3,0,0
cavalier,0,0,1,7,0,0
absurd,0,0,1,11,5,0
fence,0,0,2,5,0,0
bubbled,0,0,2,0,0,0
lasses,0,0,1,0,0,0
steepness,0,0,1,0,0,0
handsomest,0,0,1,1,0,0
tricked,0,0,1,0,0,0
laced,0,0,1,0,0,0
mutineer,0,0,2,0,0,0
riddle,0,0,1,1,3,0
inkling,0,0,1,0,0,0
husky,0,0,1,0,0,0
particle,0,0,1,0,0,0
abe,0,0,1,0,0,0
avast,0,0,2,1,0,0
blazes,0,0,1,0,1,0
nettled,0,0,1,0,0,0
limits,0,0,1,7,10,0
stoving,0,0,1,0,0,0
affy,0,0,2,0,0,0
hazing,0,0,2,0,0,0
divide,0,0,1,5,7,0
handsomer,0,0,1,3,0,0
overhaul,0,0,5,0,0,0
jones,0,0,3,0,0,0
foulest,0,0,1,0,1,0
lucky,0,0,5,8,0,0
ploughed,0,0,1,2,0,0
failures,0,0,1,1,0,0
slunk,0,0,1,0,0,0
flea,0,0,2,0,0,0
outnumbered,0,0,1,0,0,0
drub,0,0,1,0,0,0
defenders,0,0,1,0,5,0
toss,0,0,2,0,0,0
girdle,0,0,1,6,0,0
clearing,0,0,3,0,2,1
vapours,0,0,1,0,0,0
baking,0,0,1,0,1,0
resin,0,0,2,0,0,0
doldrums,0,0,1,0,0,0
musketeers,0,0,1,0,0,0
geese,0,0,1,0,0,0
bullets,0,0,2,4,0,1
hostilities,0,0,1,0,0,0
shoot,0,0,1,5,1,0
stronghold,0,0,1,0,0,0
huzza,0,0,2,0,0,0
boarders,0,0,1,0,0,0
swarmed,0,0,2,0,0,0
monkeys,0,0,1,2,0,0
footing,0,0,2,4,1,0
defences,0,0,1,0,0,0
marksmen,0,0,1,0,0,0
mound,0,0,1,0,0,0
reversed,0,0,1,1,3,1
snatching,0,0,1,4,0,0
assailant,0,0,1,1,2,0
slash,0,0,1,0,0,0
hurly,0,0,1,0,0,0
mechanically,0,0,1,12,0,0
eastwards,0,0,1,0,0,0
hanger,0,0,1,0,0,0
trice,0,0,1,0,0,0
sallied,0,0,1,0,0,0
swarming,0,0,1,0,0,0
unaccounted,0,0,1,0,0,0
clambering,0,0,1,0,0,0
unheeded,0,0,1,1,0,0
attacking,0,0,1,3,0,0
odds,0,0,5,0,0,0
cooked,0,0,2,1,0,0
apoplectic,0,0,1,4,0,0
fractured,0,0,1,0,0,0
grievous,0,0,1,0,2,0
lung,0,0,1,0,0,0
displaced,0,0,1,0,0,0
bargain,0,0,8,9,0,0
girt,0,0,1,0,1,0
stifling,0,0,1,2,0,0
midday,0,0,2,2,0,0
grilling,0,0,1,0,0,0
divides,0,0,1,0,4,0
bandages,0,0,1,0,0,0
thickest,0,0,2,3,0,0
draughts,0,0,1,1,3,0
rollers,0,0,2,0,0,0
warily,0,0,2,0,0,0
portrayed,0,0,1,0,0,0
waterline,0,0,1,0,0,0
bulwarks,0,0,7,2,0,0
stride,0,0,1,2,0,0
plumage,0,0,2,1,0,0
eighth,0,0,1,3,13,0
goodish,0,0,2,0,0,0
scrub,0,0,1,0,0,0
turf,0,0,1,5,0,0
plentifully,0,0,1,0,1,0
tent,0,0,2,2,0,0
skins,0,0,1,9,0,0
lop,0,0,3,0,0,0
stretcher,0,0,1,0,0,0
paddle,0,0,6,1,0,0
propulsion,0,0,1,0,0,0
britons,0,0,1,0,0,0
portable,0,0,1,0,0,0
truantry,0,0,2,0,0,0
notion,0,0,5,3,39,0
watchmen,0,0,3,0,0,0
dwindled,0,0,1,0,0,0
shouldered,0,0,2,0,0,0
groped,0,0,1,2,0,0
stumblingly,0,0,1,0,0,0
defeated,0,0,1,4,1,0
carousing,0,0,1,0,0,0
blur,0,0,1,0,0,0
ankle,0,0,1,0,0,0
retreating,0,0,1,8,0,0
buoyant,0,0,1,0,0,0
seaway,0,0,1,0,0,0
grained,0,0,1,0,0,0
leeway,0,0,2,0,0,0
manoeuvre,0,0,1,0,1,0
fairway,0,0,1,0,0,0
loomed,0,0,2,1,0,0
blacker,0,0,2,2,0,0
spars,0,0,3,0,0,0
brisker,0,0,1,0,0,0
bowstring,0,0,1,1,0,0
kicking,0,0,1,0,0,0
meditating,0,0,2,1,1,0
sever,0,0,1,1,0,0
divined,0,0,1,4,0,0
tipsy,0,0,1,1,0,0
hailstones,0,0,1,0,0,0
droning,0,0,1,0,0,0
droop,0,0,1,1,0,0
quaver,0,0,1,0,0,0
verse,0,0,2,1,13,0
singer,0,0,3,1,0,0
ditty,0,0,1,0,0,0
dolefully,0,0,1,0,0,0
appropriate,0,0,1,1,4,1
losses,0,0,1,4,1,0
sidled,0,0,1,0,0,0
swamped,0,0,1,0,0,2
neighbour,0,0,1,0,2,0
impulsion,0,0,1,2,0,0
slice,0,0,2,2,3,0
gliding,0,0,1,7,0,0
fetched,0,0,1,8,3,0
incessant,0,0,1,2,0,0
weltering,0,0,1,0,0,0
splash,0,0,2,3,0,0
unsteady,0,0,1,1,0,0
encrimsoned,0,0,1,0,0,0
ballad,0,0,2,0,0,0
lurch,0,0,2,0,0,0
yawed,0,0,1,0,0,0
combing,0,0,1,0,0,0
phosphorescent,0,0,1,1,0,0
stagger,0,0,1,2,0,0
southward,0,0,2,0,0,0
muttering,0,0,1,4,0,0
narrows,0,0,2,0,0,0
yaw,0,0,1,0,0,0
drunkards,0,0,1,1,1,0
sprays,0,0,3,1,0,0
weariness,0,0,1,2,0,0
supervened,0,0,1,0,0,0
haulbowline,0,0,3,0,0,0
mizzenmast,0,0,3,0,0,0
spouted,0,0,1,0,0,0
reverberations,0,0,1,0,0,0
slimy,0,0,1,0,0,0
snails,0,0,1,0,0,0
bigness,0,0,2,0,1,0
barkings,0,0,1,0,0,0
starve,0,0,1,1,2,0
confront,0,0,1,3,0,0
kindlier,0,0,1,0,1,0
contrariety,0,0,1,0,0,0
bounce,0,0,1,0,0,0
subside,0,0,1,0,0,0
trough,0,0,1,0,0,0
giddy,0,0,1,4,0,0
baled,0,0,1,0,0,0
glossy,0,0,1,1,0,0
threaded,0,0,1,1,0,0
toppling,0,0,1,0,1,0
tiring,0,0,1,1,0,0
visibly,0,0,2,5,0,0
easting,0,0,1,0,0,0
thousandfold,0,0,1,0,0,0
caking,0,0,1,0,0,0
ache,0,0,1,0,0,0
jibs,0,0,3,0,0,0
presumed,0,0,1,1,1,0
owls,0,0,1,0,0,0
skipping,0,0,1,0,0,0
tack,0,0,5,2,0,0
swoops,0,0,1,0,0,0
dashes,0,0,1,0,0,0
intermittent,0,0,1,0,0,0
breaker,0,0,2,0,2,0
glisten,0,0,1,1,0,0
banged,0,0,2,0,0,0
trundling,0,0,1,0,0,0
gaping,0,0,1,1,0,0
banner,0,0,1,0,0,1
redoubling,0,0,1,0,0,0
skimming,0,0,2,2,0,0
thirds,0,0,1,3,0,0
forefoot,0,0,1,0,0,0
jib,0,0,3,5,0,0
lodged,0,0,1,5,0,0
mainsail,0,0,1,1,0,0
swabbed,0,0,1,0,0,0
inboard,0,0,1,0,0,0
tan,0,0,1,0,0,0
bucking,0,0,1,0,0,0
sidling,0,0,1,0,0,0
disclosing,0,0,1,1,0,0
anyway,0,0,4,0,0,0
sliding,0,0,2,3,0,0
canting,0,0,2,0,0,0
ringlet,0,0,1,0,0,0
whisker,0,0,1,0,0,0
splashes,0,0,1,0,0,0
ironically,0,0,1,0,3,0
dodging,0,0,2,0,0,0
lurched,0,0,1,0,0,0
lockfast,0,0,1,0,0,0
ruffians,0,0,2,1,0,0
marshes,0,0,2,3,0,0
bulkheads,0,0,1,0,0,0
beaded,0,0,1,0,0,0
gilt,0,0,1,7,0,0
pattern,0,0,1,3,20,0
dozens,0,0,1,1,0,0
clinked,0,0,1,0,0,0
gutted,0,0,1,0,0,0
pipelights,0,0,1,0,0,0
umber,0,0,1,0,0,0
barrels,0,0,2,6,0,0
foraging,0,0,1,0,0,0
pickled,0,0,1,0,0,0
fruits,0,0,3,10,2,0
gill,0,0,1,0,0,0
grunted,0,0,1,0,0,0
sourly,0,0,1,0,0,0
chucked,0,0,1,0,0,0
slyly,0,0,1,1,0,0
brien,0,0,8,0,0,0
irelander,0,0,1,0,0,0
ankecher,0,0,1,0,0,0
infernal,0,0,1,3,0,0
subsiding,0,0,1,0,0,0
straighter,0,0,1,0,0,0
admirably,0,0,1,13,0,0
skimmed,0,0,1,1,0,0
bowling,0,0,1,0,0,0
sparsely,0,0,1,0,0,0
dwarf,0,0,1,1,0,0
elated,0,0,1,2,0,0
sunshiny,0,0,1,0,0,0
conquest,0,0,1,2,1,2
grain,0,0,1,6,1,0
derision,0,0,1,1,0,0
craftily,0,0,1,0,0,0
uncomfortable,0,0,1,2,0,0
partic,0,0,1,0,0,0
lar,0,0,1,0,0,0
hash,0,0,3,0,0,0
ornamental,0,0,1,0,1,0
blinking,0,0,1,0,4,0
unfort,0,0,1,0,0,0
nate,0,0,1,0,0,0
howsomever,0,0,1,0,0,0
sperrits,0,0,2,0,0,0
preferring,0,0,1,1,3,0
disbelieved,0,0,1,0,0,0
pretext,0,0,1,12,2,0
flitting,0,0,1,2,2,0
deception,0,0,1,4,6,1
densely,0,0,1,0,0,0
scuttled,0,0,2,1,0,0
obviously,0,0,1,0,5,0
thrusting,0,0,1,6,0,0
stranded,0,0,2,0,0,0
reappearance,0,0,1,2,0,0
swig,0,0,1,0,0,0
junk,0,0,2,0,0,0
foolery,0,0,1,0,0,0
navigation,0,0,1,1,5,4
shoal,0,0,1,0,0,0
subaltern,0,0,1,1,0,0
pilot,0,0,1,13,22,0
dodged,0,0,1,0,0,0
neatness,0,0,1,0,0,0
wooded,0,0,2,1,0,0
estuary,0,0,1,0,0,0
dilapidation,0,0,1,0,0,0
paw,0,0,1,1,0,0
beached,0,0,1,0,0,0
natur,0,0,3,0,0,0
starboard,0,0,4,1,0,0
manoeuvres,0,0,2,0,0,0
disquietude,0,0,1,5,0,0
bully,0,0,1,1,0,0
trapped,0,0,1,0,0,0
trigger,0,0,1,3,0,0
reprimed,0,0,1,0,0,0
fleeing,0,0,1,0,0,0
grizzled,0,0,1,0,0,0
ensign,0,0,1,0,0,0
feints,0,0,1,0,0,0
corresponding,0,0,1,4,21,3
darting,0,0,2,1,0,0
canted,0,0,2,0,0,0
splashed,0,0,1,0,0,0
scupper,0,0,1,1,0,0
capsized,0,0,1,0,0,0
stiffly,0,0,1,0,0,0
upward,0,0,1,0,2,0
upturned,0,0,1,1,0,0
recharge,0,0,1,0,0,0
dice,0,0,1,1,2,0
cost,0,0,3,26,2,3
chuckle,0,0,2,1,0,0
younker,0,0,1,0,0,0
pinned,0,0,2,0,0,0
loosed,0,0,1,0,0,0
cant,0,0,1,0,0,0
perch,0,0,1,4,0,0
lather,0,0,1,0,0,0
huddled,0,0,2,0,0,0
ached,0,0,2,1,0,0
desisted,0,0,1,0,0,0
oddly,0,0,1,0,0,0
tacked,0,0,1,1,0,0
jerk,0,0,1,0,0,0
ungainly,0,0,1,0,0,0
puppet,0,0,1,0,0,0
comeliness,0,0,1,0,1,0
tragical,0,0,1,1,0,0
sack,0,0,1,14,0,0
bran,0,0,1,0,0,0
bald,0,0,2,1,6,0
patterns,0,0,1,0,3,0
warded,0,0,1,0,0,0
doused,0,0,1,0,0,0
halyards,0,0,1,1,0,0
downhall,0,0,1,0,0,0
glade,0,0,1,3,0,0
shallow,0,0,1,0,0,0
recapture,0,0,1,0,0,0
clenching,0,0,1,2,0,0
easterly,0,0,1,0,0,0
mid,0,0,2,1,1,0
watercourse,0,0,1,0,0,0
maroon,0,0,5,0,0,0
circumspectly,0,0,1,1,0,0
pits,0,0,1,0,0,0
thoughtless,0,0,1,3,1,0
slacked,0,0,1,0,0,0
districts,0,0,1,2,0,0
bonfire,0,0,1,0,0,0
smouldering,0,0,1,2,0,0
steeped,0,0,1,1,0,1
chequered,0,0,1,0,0,0
reverberation,0,0,1,0,0,0
mellow,0,0,1,0,0,0
niggardly,0,0,1,0,0,0
snoring,0,0,1,0,0,0
reassuringly,0,0,1,0,0,0
infamous,0,0,1,12,0,1
drone,0,0,1,0,12,0
snorers,0,0,1,0,0,0
pecking,0,0,2,1,0,0
clacking,0,0,1,0,0,0
wearisome,0,0,1,1,1,0
clipping,0,0,1,0,0,0
sleepers,0,0,1,0,0,0
preening,0,0,1,0,0,0
broadcloth,0,0,1,0,0,0
briers,0,0,1,0,0,0
eh,0,0,1,26,0,0
thereupon,0,0,2,1,1,2
loan,0,0,2,7,0,0
pluckily,0,0,1,0,0,0
picter,0,0,1,0,0,0
scamp,0,0,1,2,0,0
incensed,0,0,1,0,0,0
argyment,0,0,1,0,0,0
truculently,0,0,1,0,0,0
fishier,0,0,1,0,0,0
fishiest,0,0,1,0,0,0
bargained,0,0,1,0,0,0
kelson,0,0,1,0,0,0
tramped,0,0,1,0,0,0
confound,0,0,1,4,2,0
johnson,0,0,1,0,1,0
bygones,0,0,2,0,0,0
favourably,0,0,1,0,0,0
faked,0,0,1,0,0,0
terwards,0,0,1,0,0,0
hawse,0,0,1,0,0,0
aps,0,0,1,0,0,0
lection,0,0,1,0,0,0
unruly,0,0,2,0,1,0
continuously,0,0,1,0,1,0
ax,0,0,2,0,0,0
vally,0,0,1,0,0,0
marlin,0,0,1,0,0,0
spike,0,0,1,0,0,0
acknowledging,0,0,1,4,3,0
capting,0,0,1,0,0,0
coolly,0,0,1,4,0,0
gum,0,0,3,0,0,0
tit,0,0,1,0,0,0
plucky,0,0,1,0,0,0
staunch,0,0,1,2,0,0
cannikin,0,0,1,0,0,0
messmate,0,0,1,1,0,0
caulker,0,0,1,0,0,0
unaffected,0,0,1,1,2,0
needlessness,0,0,1,0,0,0
ironical,0,0,1,7,4,0
emissary,0,0,1,3,0,0
duskily,0,0,2,0,0,0
conspirators,0,0,1,2,0,0
torchlight,0,0,1,2,0,0
locker,0,0,1,1,0,0
comical,0,0,1,0,0,0
depytation,0,0,1,0,0,0
smartly,0,0,1,1,0,0
hillo,0,0,1,0,0,0
belay,0,0,2,1,0,0
tipped,0,0,2,0,0,0
thanky,0,0,2,0,0,0
leadin,0,0,1,0,0,0
contemptuously,0,0,1,1,0,0
outs,0,0,1,0,0,0
grievances,0,0,1,0,0,1
retorted,0,0,2,5,0,0
bungling,0,0,1,0,0,0
ints,0,0,1,0,0,0
hornpipe,0,0,1,0,0,0
meddling,0,0,1,0,2,0
insolence,0,0,2,2,7,0
stiffest,0,0,1,0,0,0
vehemence,0,0,1,5,1,0
mothers,0,0,1,2,14,0
tailors,0,0,1,0,0,0
bungled,0,0,3,0,0,0
gibbet,0,0,3,0,0,0
inting,0,0,1,0,0,0
jangle,0,0,1,0,0,0
ruination,0,0,1,0,0,0
hostage,0,0,4,1,0,0
lemon,0,0,1,0,0,0
peel,0,0,1,1,0,0
downhearted,0,0,1,0,0,0
inexplicable,0,0,2,1,0,0
fingering,0,0,1,0,0,0
sauce,0,0,1,1,0,0
hain,0,0,1,0,0,0
invention,0,0,1,3,11,0
enow,0,0,1,0,0,0
elect,0,0,1,6,0,0
revengeful,0,0,1,1,1,0
cur,0,0,1,2,0,0
osity,0,0,1,0,0,0
revelation,0,0,1,9,10,0
depposed,0,0,1,0,0,0
sentinel,0,0,2,28,0,0
unfaithful,0,0,1,1,0,0
snored,0,0,1,0,0,0
environed,0,0,1,0,0,0
shameful,0,0,1,2,1,0
ahoy,0,0,1,0,0,0
insubordinate,0,0,1,0,0,0
stealthy,0,0,1,1,0,0
noo,0,0,1,0,0,0
lodger,0,0,1,2,0,0
reacted,0,0,1,0,0,1
bandaged,0,0,1,4,0,0
liver,0,0,1,1,0,0
pleasantest,0,0,1,0,4,0
sp,0,0,2,0,0,0
iling,0,0,1,0,0,0
bibles,0,0,1,0,0,0
arrant,0,0,1,0,1,0
asses,0,0,1,0,2,0
pestiferous,0,0,1,0,0,0
malaria,0,0,2,0,0,0
rudiments,0,0,1,0,1,0
dosed,0,0,1,0,0,1
prescriptions,0,0,1,0,1,0
laughable,0,0,1,1,2,0
humility,0,0,1,5,0,0
schoolchildren,0,0,1,0,0,0
spluttering,0,0,1,0,0,0
si,0,0,1,2,0,0
lence,0,0,1,0,0,0
dooties,0,0,1,0,0,0
disapproval,0,0,1,1,0,0
roundly,0,0,1,0,0,0
sacrificing,0,0,1,5,1,0
accomplices,0,0,2,3,0,0
preponderance,0,0,1,0,0,0
dolts,0,0,1,0,0,0
fluttered,0,0,1,1,0,0
gammon,0,0,1,0,0,0
ile,0,0,1,1,0,0
stalked,0,0,1,0,0,0
silenced,0,0,1,2,3,0
volubility,0,0,1,1,0,0
twinkle,0,0,1,0,0,0
rekindling,0,0,1,0,0,0
brewed,0,0,1,0,0,0
unkind,0,0,1,1,0,0
forfeit,0,0,2,0,0,0
holus,0,0,1,0,0,0
bolus,0,0,1,0,0,0
antelopes,0,0,1,0,0,0
jupiter,0,0,1,5,2,0
musingly,0,0,1,0,0,0
sorted,0,0,1,0,0,0
perjury,0,0,1,0,2,0
halloo,0,0,1,0,1,0
glint,0,0,1,0,0,0
fried,0,0,1,0,0,0
ox,0,0,1,4,0,0
wasteful,0,0,1,0,0,0
sentries,0,0,1,1,0,0
recklessness,0,0,1,0,1,0
sketched,0,0,1,4,0,1
feasible,0,0,1,1,1,0
cripple,0,0,2,0,0,0
unexplained,0,0,1,0,2,0
cession,0,0,1,0,0,0
captors,0,0,1,0,0,0
gabbling,0,0,1,0,0,0
purposeless,0,0,1,0,0,0
obediently,0,0,1,0,1,0
variously,0,0,1,0,4,0
burthened,0,0,1,0,0,0
picks,0,0,1,0,0,0
shovels,0,0,1,0,0,0
proceeds,0,0,1,4,17,0
eatables,0,0,1,0,0,0
straggled,0,0,1,0,0,0
muddy,0,0,1,0,0,0
unbailed,0,0,1,0,0,0
reader,0,0,1,2,10,0
plateau,0,0,9,0,0,0
adjoining,0,0,1,18,0,0
cliffy,0,0,1,0,0,0
readings,0,0,1,0,0,0
shrugging,0,0,1,13,0,0
prematurely,0,0,1,2,1,0
woody,0,0,1,0,0,0
miry,0,0,1,0,0,0
marish,0,0,1,0,0,0
steepen,0,0,1,0,0,0
scented,0,0,1,2,0,0
shrubs,0,0,1,9,0,0
thickets,0,0,1,0,0,0
nutmeg,0,0,3,0,0,0
spice,0,0,1,1,0,0
aroma,0,0,1,1,0,0
sunbeams,0,0,1,0,0,0
ploughing,0,0,1,0,0,0
pants,0,0,1,0,0,0
backward,0,0,1,2,4,0
creeper,0,0,2,1,0,0
shreds,0,0,1,1,1,0
bishop,0,0,1,0,3,0
numbskull,0,0,1,0,0,0
stickin,0,0,1,0,0,0
tooth,0,0,1,5,0,0
inter,0,0,1,1,2,1
dollars,0,0,2,0,0,0
jokes,0,0,1,1,1,0
allardyce,0,0,2,0,0,0
doit,0,0,1,0,0,0
baccy,0,0,1,0,0,0
nat,0,0,2,0,0,0
ral,0,0,2,1,0,0
sperrit,0,0,5,0,0,0
raged,0,0,1,0,0,0
hollered,0,0,1,0,0,0
windy,0,0,1,1,0,0
bated,0,0,1,0,0,0
damping,0,0,1,0,0,0
lowlands,0,0,2,0,0,0
mounting,0,0,1,6,2,0
chirp,0,0,1,0,0,0
insects,0,0,1,4,0,0
largeness,0,0,1,0,1,0
grovelled,0,0,1,0,0,0
airily,0,0,1,0,0,0
skylarking,0,0,1,0,0,0
clefts,0,0,1,0,0,0
darby,0,0,5,0,0,0
graw,0,0,3,0,0,0
describes,0,0,1,1,12,0
fixes,0,0,1,0,2,0
volubly,0,0,1,0,0,0
unconquered,0,0,1,0,0,0
surrendered,0,0,1,8,0,0
boozy,0,0,1,1,0,0
mug,0,0,1,0,0,0
reawakening,0,0,1,0,0,0
irreverence,0,0,1,0,0,0
severally,0,0,1,0,9,0
bout,0,0,1,0,0,0
liker,0,0,2,0,0,0
joked,0,0,1,0,0,0
iled,0,0,1,0,0,0
halting,0,0,1,1,1,0
predicted,0,0,1,5,0,0
azalea,0,0,1,0,0,0
baked,0,0,1,1,0,0
vegetable,0,0,1,3,4,0
manoeuvred,0,0,1,0,0,0
conspicuous,0,0,1,7,1,0
speedier,0,0,1,0,0,0
lifetime,0,0,1,2,5,0
extravagance,0,0,1,1,5,0
grunting,0,0,1,0,0,0
shiny,0,0,1,0,0,0
nearness,0,0,1,0,0,0
launched,0,0,1,7,0,0
babbling,0,0,1,0,0,0
ungodly,0,0,1,0,0,0
excavation,0,0,4,6,0,0
sprouted,0,0,1,0,0,1
shaft,0,0,1,0,1,0
branded,0,0,1,1,0,0
probation,0,0,1,0,1,0
rifled,0,0,2,0,0,0
overturn,0,0,1,6,2,0
racer,0,0,1,0,0,0
barrelled,0,0,1,5,0,0
bargains,0,0,1,0,0,0
coolest,0,0,1,0,0,0
scramble,0,0,1,0,0,0
blundered,0,0,1,0,0,0
cub,0,0,1,1,0,0
teetotum,0,0,1,0,0,0
twitching,0,0,1,0,0,0
strangling,0,0,1,0,0,0
mopping,0,0,1,0,0,0
wriggling,0,0,1,0,0,0
eel,0,0,1,1,0,0
idiot,0,0,1,3,3,0
haft,0,0,1,0,0,0
stored,0,0,1,0,1,0
wormed,0,0,1,0,0,0
salted,0,0,2,0,0,0
diagonal,0,0,1,0,0,0
ambushed,0,0,1,0,0,0
demolished,0,0,1,0,1,0
towed,0,0,1,0,0,0
cheers,0,0,1,1,0,0
cruising,0,0,1,0,0,0
amiss,0,0,1,2,0,0
imposter,0,0,2,0,0,0
prosecute,0,0,1,1,1,0
saluting,0,0,1,8,0,0
gross,0,0,1,2,0,0
dereliction,0,0,1,1,0,0
heaps,0,0,1,1,0,0
quadrilaterals,0,0,1,0,0,0
amassing,0,0,1,0,0,0
delicacies,0,0,1,1,1,0
gayer,0,0,1,0,0,0
bland,0,0,1,0,0,0
transportation,0,0,1,1,0,0
onslaught,0,0,1,0,0,0
absences,0,0,1,0,0,0
minted,0,0,1,0,0,0
collection,0,0,2,5,0,0
hoard,0,0,1,0,2,0
coinage,0,0,1,0,0,0
portuguese,0,0,1,0,1,0
louises,0,0,1,0,0,0
moidores,0,0,1,0,0,0
sequins,0,0,1,4,0,0
wisps,0,0,1,1,0,0
web,0,0,1,0,1,0
bored,0,0,1,2,0,0
strolling,0,0,1,1,0,0
shrieking,0,0,1,0,0,0
rebuffs,0,0,1,0,0,0
privileged,0,0,1,5,0,0
slights,0,0,1,1,1,0
unwearying,0,0,1,0,0,0
ingratiate,0,0,1,0,0,0
gruffly,0,0,1,0,0,0
morally,0,0,1,1,0,0
carcass,0,0,1,2,0,0
quoth,0,0,1,0,0,0
glove,0,0,1,5,0,0
gunshot,0,0,1,1,0,0
necessaries,0,0,1,0,2,0
baffling,0,0,1,0,0,0
negroes,0,0,1,0,0,0
mexican,0,0,1,1,0,0
indians,0,0,1,1,0,0
bloods,0,0,1,0,0,0
selling,0,0,1,3,3,6
blacks,0,0,1,0,0,0
tropical,0,0,1,2,0,0
connived,0,0,1,0,0,0
sacks,0,0,1,1,0,0
cheaply,0,0,1,0,0,0
foolishly,0,0,1,0,1,0
smit,0,0,1,0,0,0
twentieth,0,0,1,4,3,0
notable,0,0,1,1,0,0
sundays,0,0,1,1,0,0
negress,0,0,1,0,0,0
oxen,0,0,1,6,2,0
wain,0,0,1,0,0,0
coasts,0,0,1,1,0,0
monte,0,0,0,1135,0,0
cristo,0,0,0,1129,0,0
alexandre,0,0,0,1,0,0
dumas,0,0,0,1,0,0
marseilles,0,0,0,120,0,0
catalans,0,0,0,26,0,0
conspiracy,0,0,0,17,1,0
feast,0,0,0,20,10,0
procureur,0,0,0,96,0,0
roi,0,0,0,3,0,0
teau,0,0,0,196,0,0
betrothal,0,0,0,13,0,0
closet,0,0,0,15,0,0
tuileries,0,0,0,12,0,0
corsican,0,0,0,39,0,0
prisoners,0,0,0,46,10,0
abb,0,0,0,326,0,0
tiboulen,0,0,0,9,0,0
pont,0,0,0,17,0,0
register,0,0,0,17,0,0
morrel,0,0,0,776,0,0
sinbad,0,0,0,39,0,0
bandits,0,0,0,53,0,0
colosseum,0,0,0,28,0,0
mazzolata,0,0,0,3,0,0
catacombs,0,0,0,10,0,0
saint,0,0,0,208,1,1
sebastian,0,0,0,9,0,0
presentation,0,0,0,5,0,0
monsieur,0,0,0,171,0,0
bertuccio,0,0,0,164,0,0
auteuil,0,0,0,51,0,0
vendetta,0,0,0,7,0,0
dappled,0,0,0,7,0,0
grays,0,0,0,7,0,0
ideology,0,0,0,2,0,0
hayd,0,0,0,133,0,0
pyramus,0,0,0,2,0,0
thisbe,0,0,0,2,0,0
toxicology,0,0,0,2,0,0
diable,0,0,0,11,0,0
flurry,0,0,0,2,0,0
stocks,0,0,0,3,0,0
major,0,0,0,103,0,0
cavalcanti,0,0,0,174,0,0
andrea,0,0,0,308,0,0
lucern,0,0,0,5,0,0
noirtier,0,0,0,338,0,0
villefort,0,0,0,1090,0,0
dormice,0,0,0,7,0,0
conjugal,0,0,0,4,0,0
attorney,0,0,0,45,0,0
yanina,0,0,0,53,0,0
lemonade,0,0,0,22,0,0
baker,0,0,0,9,0,0
beauchamp,0,0,0,247,0,0
challenge,0,0,0,10,0,0
insult,0,0,0,15,2,0
valentine,0,0,0,645,0,0
maximilian,0,0,0,275,0,0
belgium,0,0,0,2,0,0
locusta,0,0,0,3,0,0
danglars,0,0,0,919,0,0
lachaise,0,0,0,6,0,0
indictment,0,0,0,5,2,1
expiation,0,0,0,3,0,0
peppino,0,0,0,96,0,0
luigi,0,0,0,77,0,0
vampa,0,0,0,92,0,0
notre,0,0,0,3,1,0
garde,0,0,0,1,0,0
pharaon,0,0,0,67,0,0
smyrna,0,0,0,10,0,0
trieste,0,0,0,6,0,0
rounding,0,0,0,1,0,1
morgiou,0,0,0,4,0,0
rion,0,0,0,2,0,0
ramparts,0,0,0,2,0,0
jean,0,0,0,5,1,0
phoc,0,0,0,3,0,0
calasareigne,0,0,0,1,0,0
jaros,0,0,0,2,0,0
pom,0,0,0,4,0,0
gue,0,0,0,4,0,0
harbor,0,0,0,22,0,0
topsails,0,0,0,4,0,0
spanker,0,0,0,4,0,0
sedately,0,0,0,1,0,0
idlers,0,0,0,7,0,0
forerunner,0,0,0,1,0,0
skilfully,0,0,0,7,0,0
cockbill,0,0,0,1,0,0
guys,0,0,0,1,0,0
vigilant,0,0,0,1,0,0
rounded,0,0,0,3,1,0
slim,0,0,0,2,0,0
eighteen,0,0,0,12,0,0
cradle,0,0,0,5,0,0
dant,0,0,0,732,0,0
civita,0,0,0,6,0,0
vecchia,0,0,0,4,0,0
leclere,0,0,0,18,0,0
stations,0,0,0,4,0,0
brails,0,0,0,1,0,0
outhaul,0,0,0,1,0,0
topsail,0,0,0,2,0,0
downhaul,0,0,0,1,0,0
clewlines,0,0,0,1,0,0
buntlines,0,0,0,1,0,0
resuming,0,0,0,7,1,0
hammock,0,0,0,2,0,0
el,0,0,0,7,0,0
giglio,0,0,0,2,0,0
honor,0,0,0,205,0,0
edmond,0,0,0,318,0,0
francs,0,0,0,325,0,0
brail,0,0,0,1,0,0
imperceptibly,0,0,0,7,3,0
furnish,0,0,0,15,11,0
anchoring,0,0,0,2,0,0
unprepossessing,0,0,0,1,0,0
subordinates,0,0,0,4,1,0
honorable,0,0,0,23,0,0
glancing,0,0,0,14,2,0
invariably,0,0,0,3,0,0
elba,0,0,0,43,0,0
repairs,0,0,0,2,0,0
whim,0,0,0,7,0,0
shipowner,0,0,0,21,0,0
uvre,0,0,0,9,0,0
colors,0,0,0,10,0,0
marshal,0,0,0,16,0,0
bertrand,0,0,0,1,0,0
emperor,0,0,0,61,0,0
morrels,0,0,0,2,0,0
shipowners,0,0,0,1,0,0
valence,0,0,0,1,0,0
pardieu,0,0,0,21,0,0
policar,0,0,0,2,0,0
patting,0,0,0,3,0,0
comer,0,0,0,6,2,0
inspectors,0,0,0,1,0,0
gangway,0,0,0,1,0,0
porto,0,0,0,18,0,0
ferrajo,0,0,0,11,0,0
lading,0,0,0,2,0,0
expects,0,0,0,3,2,0
merc,0,0,0,262,0,0
blushed,0,0,0,7,0,0
peste,0,0,0,5,0,0
betrothed,0,0,0,35,0,0
wroth,0,0,0,1,2,0
unload,0,0,0,1,0,0
chi,0,0,0,1,0,0
compagno,0,0,0,1,0,0
padrone,0,0,0,1,0,0
votes,0,0,0,2,0,0
canebi,0,0,0,7,0,0
oarsmen,0,0,0,3,1,0
quai,0,0,0,3,0,0
orl,0,0,0,2,0,0
ans,0,0,0,2,0,0
throng,0,0,0,4,1,0
swarms,0,0,0,1,0,0
ens,0,0,0,2,0,0
endeavoring,0,0,0,28,0,0
insinuate,0,0,0,4,0,0
rue,0,0,0,106,0,0
noailles,0,0,0,2,0,0
es,0,0,0,50,0,0
meilhan,0,0,0,15,0,0
flights,0,0,0,2,0,0
baluster,0,0,0,4,0,0
beatings,0,0,0,6,0,0
amusing,0,0,0,13,4,0
training,0,0,0,1,44,1
nasturtiums,0,0,0,3,0,0
clematis,0,0,0,4,0,0
trellis,0,0,0,2,0,0
ails,0,0,0,6,0,0
hurts,0,0,0,1,2,0
derived,0,0,0,3,21,0
honeysuckle,0,0,0,1,0,0
backwards,0,0,0,5,1,0
cupboards,0,0,0,4,0,0
alternately,0,0,0,8,0,0
debt,0,0,0,9,14,0
neighbor,0,0,0,27,0,0
caderousse,0,0,0,419,0,0
consisting,0,0,0,7,5,0
franc,0,0,0,4,0,0
moderately,0,0,0,2,4,0
smuggled,0,0,0,2,0,0
congratulate,0,0,0,8,0,0
bearded,0,0,0,1,0,0
tailor,0,0,0,15,0,0
lining,0,0,0,1,0,0
marseillaise,0,0,0,2,0,0
neighbors,0,0,0,9,0,0
quits,0,0,0,5,0,0
mulberry,0,0,0,1,0,0
askance,0,0,0,2,0,0
greedy,0,0,0,2,1,0
expressing,0,0,0,11,4,0
insinuating,0,0,0,1,0,0
invite,0,0,0,15,4,0
vexed,0,0,0,9,0,0
annoy,0,0,0,9,0,0
patrons,0,0,0,2,0,0
nicolas,0,0,0,3,0,0
implicit,0,0,0,4,0,0
rejoin,0,0,0,6,1,0
senac,0,0,0,1,0,0
patronage,0,0,0,2,2,0
proffered,0,0,0,2,0,0
foi,0,0,0,33,0,0
catalane,0,0,0,6,0,0
upstarts,0,0,0,2,0,0
vieilles,0,0,0,2,0,0
infirmeries,0,0,0,2,0,0
strapping,0,0,0,3,0,0
catalan,0,0,0,22,0,0
wench,0,0,0,1,0,0
malgue,0,0,0,1,0,0
designated,0,0,0,9,1,0
pamphile,0,0,0,3,0,0
planes,0,0,0,1,2,0
sycamores,0,0,0,2,0,0
proven,0,0,0,6,2,0
commune,0,0,0,1,0,2
moorish,0,0,0,1,0,0
fathers,0,0,0,10,17,0
seabirds,0,0,0,1,0,0
intermarrying,0,0,0,1,0,0
preserving,0,0,0,8,1,0
costume,0,0,0,47,0,0
readers,0,0,0,17,3,0
sunburned,0,0,0,1,0,0
color,0,0,0,38,0,0
coated,0,0,0,1,0,0
whitewash,0,0,0,1,0,0
posada,0,0,0,1,0,0
gazelle,0,0,0,1,0,0
wainscot,0,0,0,2,0,0
delicately,0,0,0,5,0,0
strewing,0,0,0,2,0,0
modelled,0,0,0,1,0,0
arlesian,0,0,0,2,0,0
venus,0,0,0,3,2,0
cotton,0,0,0,4,0,0
clocked,0,0,0,2,0,0
stocking,0,0,0,1,0,0
vexation,0,0,0,3,0,0
easter,0,0,0,1,0,0
fernand,0,0,0,199,0,0
sisterly,0,0,0,1,0,0
intermarry,0,0,0,1,0,0
cite,0,0,0,1,0,1
favor,0,0,0,49,1,0
conscription,0,0,0,2,0,0
sufferance,0,0,0,1,0,0
forlorn,0,0,0,1,0,0
flax,0,0,0,1,0,0
lone,0,0,0,2,0,0
richest,0,0,0,10,1,0
manager,0,0,0,1,0,0
warehouse,0,0,0,4,0,0
dealer,0,0,0,8,0,0
varnished,0,0,0,5,0,0
striped,0,0,0,7,0,0
attired,0,0,0,11,0,0
accusing,0,0,0,3,0,0
inconstancy,0,0,0,1,0,0
revenged,0,0,0,7,1,0
paced,0,0,0,10,0,0
clenched,0,0,0,17,0,0
responding,0,0,0,2,0,0
scrutinizingly,0,0,0,1,0,0
menacing,0,0,0,11,0,0
waxed,0,0,0,1,0,0
innermost,0,0,0,2,3,0
fascinated,0,0,0,8,2,0
ascendancy,0,0,0,3,0,0
hallo,0,0,0,6,0,0
arbor,0,0,0,14,0,0
stupefied,0,0,0,20,0,0
besotted,0,0,0,1,0,0
pints,0,0,0,1,0,0
unnecessarily,0,0,0,1,0,0
destroys,0,0,0,4,2,0
diplomacy,0,0,0,5,0,0
sighs,0,0,0,8,0,0
winking,0,0,0,3,0,0
accountable,0,0,0,2,0,0
whomsoever,0,0,0,1,0,0
supplanted,0,0,0,3,0,0
faithless,0,0,0,2,3,0
fumes,0,0,0,1,0,0
ninth,0,0,0,1,3,0
sipped,0,0,0,2,0,0
marries,0,0,0,1,3,0
molten,0,0,0,1,0,0
scrutinized,0,0,0,6,0,0
premeditated,0,0,0,3,0,0
brutal,0,0,0,13,5,2
gulp,0,0,0,2,0,0
deceiver,0,0,0,1,2,0
hello,0,0,0,3,0,0
damsel,0,0,0,1,2,0
tenacity,0,0,0,2,1,0
bandilleros,0,0,0,1,0,0
brutalized,0,0,0,1,1,0
liquor,0,0,0,7,0,0
drunkard,0,0,0,2,0,0
envious,0,0,0,6,2,0
vengeful,0,0,0,1,0,0
sicilians,0,0,0,1,0,0
calabrians,0,0,0,1,0,0
fists,0,0,0,2,0,0
unquestionably,0,0,0,5,3,0
ascendant,0,0,0,1,1,0
courtesied,0,0,0,1,0,0
bodes,0,0,0,1,0,0
preliminaries,0,0,0,4,0,0
invited,0,0,0,30,3,0
registered,0,0,0,3,0,0
adore,0,0,0,8,0,0
mademoiselle,0,0,0,229,0,0
threatens,0,0,0,5,0,1
unshaken,0,0,0,1,0,0
flasks,0,0,0,1,0,0
tous,0,0,0,1,0,0
les,0,0,0,2,0,0
chants,0,0,0,1,0,0
sont,0,0,0,1,0,0
buveurs,0,0,0,1,0,0
eau,0,0,0,1,0,0
est,0,0,0,2,0,0
bien,0,0,0,1,0,0
prouv,0,0,0,1,0,0
par,0,0,0,2,0,0
luge,0,0,0,1,0,0
methinks,0,0,0,1,1,0
noodle,0,0,0,1,0,0
severs,0,0,0,1,0,0
effectually,0,0,0,15,0,0
seeks,0,0,0,3,7,0
muddled,0,0,0,1,0,0
intoxication,0,0,0,3,1,0
hates,0,0,0,5,4,0
fishy,0,0,0,1,0,0
muddlehead,0,0,0,1,0,0
joking,0,0,0,7,0,0
emptying,0,0,0,2,0,0
hurrah,0,0,0,1,0,0
undertook,0,0,0,6,0,0
ruminate,0,0,0,1,0,0
wherewithal,0,0,0,2,0,0
assassinate,0,0,0,5,1,0
toper,0,0,0,1,0,0
vanishing,0,0,0,2,0,2
bonapartist,0,0,0,30,0,0
denounced,0,0,0,5,2,0
betide,0,0,0,1,0,0
incarceration,0,0,0,1,0,0
denunciation,0,0,0,4,0,0
uniting,0,0,0,3,2,0
undertone,0,0,0,8,1,0
throne,0,0,0,23,5,0
intrusted,0,0,0,4,0,0
murat,0,0,0,4,0,0
usurper,0,0,0,30,0,0
arresting,0,0,0,7,0,0
revert,0,0,0,4,5,0
entail,0,0,0,2,1,0
denunciatory,0,0,0,1,0,0
wager,0,0,0,4,0,0
belfry,0,0,0,1,0,0
accoules,0,0,0,3,0,0
staggering,0,0,0,5,0,0
bet,0,0,0,4,0,0
prince,0,0,0,52,1,0
porte,0,0,0,6,0,0
stoop,0,0,0,2,0,1
crumpled,0,0,0,3,0,0
pillon,0,0,0,3,0,0
unassisted,0,0,0,1,0,0
resplendent,0,0,0,3,0,0
foamy,0,0,0,1,0,0
network,0,0,0,1,0,0
tinted,0,0,0,2,0,0
spacious,0,0,0,2,0,0
cities,0,0,0,6,29,1
expectant,0,0,0,1,0,0
favored,0,0,0,8,0,0
bridegroom,0,0,0,5,5,0
costumes,0,0,0,14,0,0
rumors,0,0,0,3,0,0
unanimous,0,0,0,5,1,0
applause,0,0,0,7,2,0
indication,0,0,0,6,0,0
coincided,0,0,0,1,0,0
glistening,0,0,0,4,0,0
wiry,0,0,0,1,3,0
richly,0,0,0,4,0,0
embroidered,0,0,0,17,2,1
manufacture,0,0,0,4,1,4
cornered,0,0,0,4,0,0
dandies,0,0,0,2,0,0
parading,0,0,0,1,0,0
luxembourg,0,0,0,3,0,0
partake,0,0,0,3,4,0
unperfect,0,0,0,1,0,0
unmixed,0,0,0,3,1,0
abstracted,0,0,0,2,1,0
contraction,0,0,0,3,0,0
becomingly,0,0,0,1,0,0
cyprus,0,0,0,3,0,0
chios,0,0,0,2,0,0
boasted,0,0,0,3,0,0
ripe,0,0,0,4,3,0
arlesienne,0,0,0,1,0,0
andalusian,0,0,0,1,0,0
practiced,0,0,0,5,0,0
successor,0,0,0,5,2,0
patron,0,0,0,29,0,0
affianced,0,0,0,5,0,0
gayly,0,0,0,7,0,0
honored,0,0,0,10,0,0
piquant,0,0,0,1,0,0
sausages,0,0,0,2,0,0
lobsters,0,0,0,2,0,0
cuirasses,0,0,0,1,0,0
prawns,0,0,0,1,0,0
echinus,0,0,0,1,0,0
prickly,0,0,0,1,0,0
morsel,0,0,0,2,0,0
clovis,0,0,0,1,0,0
epicures,0,0,0,1,0,0
rivalling,0,0,0,1,0,0
flavor,0,0,0,8,0,0
oyster,0,0,0,1,3,0
styled,0,0,0,9,1,0
topaz,0,0,0,1,0,0
oppress,0,0,0,1,0,1
felicity,0,0,0,4,0,0
fiery,0,0,0,12,2,0
dragons,0,0,0,2,0,0
requiring,0,0,0,2,6,2
promoted,0,0,0,3,1,0
worthwhile,0,0,0,4,0,0
waive,0,0,0,1,1,0
mayor,0,0,0,8,0,0
felicitations,0,0,0,1,0,0
commend,0,0,0,2,1,0
settlement,0,0,0,4,0,0
laughingly,0,0,0,4,0,0
expensive,0,0,0,2,4,1
elicited,0,0,0,3,3,0
shabby,0,0,0,2,1,0
festivity,0,0,0,3,0,0
commented,0,0,0,4,0,0
din,0,0,0,3,0,0
responded,0,0,0,20,0,0
prevails,0,0,0,1,7,0
trammels,0,0,0,1,1,0
unceremoniously,0,0,0,2,0,0
hilarious,0,0,0,1,0,0
deafening,0,0,0,1,0,0
salon,0,0,0,39,0,0
partaken,0,0,0,1,0,0
effaced,0,0,0,5,1,0
gad,0,0,0,2,0,0
vociferous,0,0,0,1,0,0
soldiery,0,0,0,1,0,0
accoutrements,0,0,0,2,0,0
hum,0,0,0,3,0,0
deaden,0,0,0,1,0,1
quelled,0,0,0,1,1,0
instantaneously,0,0,0,4,0,0
panel,0,0,0,3,0,0
corporal,0,0,0,4,0,0
reluctantly,0,0,0,3,1,0
enforce,0,0,0,1,2,0
decked,0,0,0,5,1,0
effigy,0,0,0,1,0,0
supplicated,0,0,0,3,0,0
registering,0,0,0,1,0,0
frowningly,0,0,0,2,0,0
concerting,0,0,0,1,0,0
deserves,0,0,0,6,0,0
sympathizing,0,0,0,1,0,0
nicholas,0,0,0,1,0,0
abetted,0,0,0,1,0,0
detected,0,0,0,9,7,0
contraband,0,0,0,3,0,0
merchandise,0,0,0,2,1,0
alexandria,0,0,0,3,1,0
pastret,0,0,0,1,0,0
pascal,0,0,0,3,0,0
rummaging,0,0,0,1,0,0
stationed,0,0,0,15,0,0
faction,0,0,0,1,4,0
simpleton,0,0,0,7,2,0
compromising,0,0,0,7,0,0
uphold,0,0,0,1,0,0
solidity,0,0,0,4,0,0
doubtfully,0,0,0,1,0,0
wistfully,0,0,0,1,0,0
involving,0,0,0,1,3,0
tractable,0,0,0,2,2,0
rumor,0,0,0,6,0,0
circulating,0,0,0,1,0,0
gleaning,0,0,0,1,0,0
regretting,0,0,0,3,0,0
abdication,0,0,0,1,0,0
napoleon,0,0,0,47,1,0
subordinate,0,0,0,1,1,1
acquaint,0,0,0,7,0,0
occurs,0,0,0,2,8,0
reluctance,0,0,0,2,5,0
hypocrite,0,0,0,3,0,0
managing,0,0,0,3,0,1
advantageous,0,0,0,4,8,0
authorize,0,0,0,3,0,0
unloading,0,0,0,1,0,0
endeavor,0,0,0,30,0,0
royalist,0,0,0,14,0,0
ambitious,0,0,0,10,15,0
palais,0,0,0,15,0,0
recopying,0,0,0,1,0,0
implicated,0,0,0,1,0,0
overcharged,0,0,0,1,0,0
temporarily,0,0,0,2,0,0
permanently,0,0,0,1,0,0
rowed,0,0,0,3,0,0
aristocratic,0,0,0,14,2,0
mansions,0,0,0,2,2,0
puget,0,0,0,3,0,0
cours,0,0,0,3,0,0
strikingly,0,0,0,2,0,0
dissimilar,0,0,0,1,2,0
humblest,0,0,0,2,0,0
grade,0,0,0,2,0,0
assembly,0,0,0,26,5,0
cond,0,0,0,2,0,0
convert,0,0,0,2,2,0
energetic,0,0,0,11,0,0
dweller,0,0,0,1,0,0
vive,0,0,0,1,0,0
napol,0,0,0,1,0,0
ons,0,0,0,1,0,0
moscow,0,0,0,2,0,0
leipsic,0,0,0,1,0,0
divorce,0,0,0,1,0,0
josephine,0,0,0,1,0,0
downfall,0,0,0,3,1,0
napoleonic,0,0,0,1,0,0
revivified,0,0,0,1,0,0
decorated,0,0,0,6,0,0
marquis,0,0,0,45,0,0
recalling,0,0,0,7,0,0
hartwell,0,0,0,2,0,0
anglaise,0,0,0,1,0,0
bouquets,0,0,0,5,0,0
floral,0,0,0,2,0,0
poetical,0,0,0,5,8,0
fervor,0,0,0,4,0,0
marquise,0,0,0,32,0,0
forbidding,0,0,0,3,2,0
revolutionists,0,0,0,1,0,0
monarch,0,0,0,6,1,0
worshipping,0,0,0,1,0,0
admitting,0,0,0,4,10,0
interposed,0,0,0,18,3,0
ren,0,0,0,38,0,0
bonapartists,0,0,0,6,0,0
fanaticism,0,0,0,1,0,0
mahomet,0,0,0,1,0,0
commonplace,0,0,0,5,3,0
lawgiver,0,0,0,1,2,0
personification,0,0,0,2,1,0
robespierre,0,0,0,3,0,0
usurped,0,0,0,1,0,0
quinze,0,0,0,1,0,0
vend,0,0,0,1,0,0
consists,0,0,0,5,8,1
advocated,0,0,0,1,0,0
degrades,0,0,0,1,0,0
guillotine,0,0,0,8,0,0
revolutionary,0,0,0,5,0,19
thermidor,0,0,0,1,0,0
monarchy,0,0,0,6,5,5
explains,0,0,0,6,6,0
retained,0,0,0,10,9,0
parasitical,0,0,0,2,0,0
satellites,0,0,0,1,3,0
usurpers,0,0,0,1,0,0
cromwell,0,0,0,3,1,0
partisans,0,0,0,5,0,0
advocates,0,0,0,1,0,0
girondin,0,0,0,7,0,0
leaven,0,0,0,1,0,0
voted,0,0,0,2,0,0
wincing,0,0,0,1,0,0
persecution,0,0,0,2,0,0
proscription,0,0,0,1,0,0
diametrically,0,0,0,2,0,0
staunchest,0,0,0,1,0,0
adherents,0,0,0,2,1,0
exiled,0,0,0,1,3,0
princes,0,0,0,14,4,0
citizen,0,0,0,5,19,0
senator,0,0,0,5,0,0
reminiscences,0,0,0,5,0,0
avails,0,0,0,1,0,0
recrimination,0,0,0,2,0,0
disown,0,0,0,1,0,0
exhaust,0,0,0,4,0,0
namely,0,0,0,14,2,1
amnesty,0,0,0,1,0,0
inflexible,0,0,0,12,0,0
fealty,0,0,0,1,0,0
loyalty,0,0,0,4,1,0
conspiring,0,0,0,1,1,0
rigorous,0,0,0,2,0,0
prosecutions,0,0,0,1,1,0
offenders,0,0,0,2,1,0
merited,0,0,0,9,0,0
frivolous,0,0,0,4,0,0
quarrels,0,0,0,1,3,0
royalists,0,0,0,5,0,0
duels,0,0,0,8,0,0
assassinations,0,0,0,1,0,0
comte,0,0,0,13,0,0
salvieux,0,0,0,10,0,0
chamberlain,0,0,0,5,0,0
artois,0,0,0,1,0,0
removing,0,0,0,4,1,0
helena,0,0,0,1,0,0
equator,0,0,0,2,1,0
corsica,0,0,0,26,0,0
sovereignty,0,0,0,1,0,0
treaties,0,0,0,2,1,0
molest,0,0,0,1,0,0
compacts,0,0,0,1,0,0
duc,0,0,0,7,0,0
enghien,0,0,0,2,0,0
upheld,0,0,0,1,0,0
employing,0,0,0,2,3,0
preventing,0,0,0,4,2,0
shedding,0,0,0,5,1,0
fictitious,0,0,0,4,3,0
drama,0,0,0,6,3,0
retiring,0,0,0,4,1,0
reconducted,0,0,0,1,0,0
executioner,0,0,0,17,3,0
favorable,0,0,0,23,0,0
frightening,0,0,0,1,0,0
duel,0,0,0,21,0,0
movers,0,0,0,1,0,0
conspiracies,0,0,0,1,0,0
daggers,0,0,0,6,0,0
aggravated,0,0,0,2,1,0
fearlessly,0,0,0,1,0,0
bayonets,0,0,0,4,0,0
scruple,0,0,0,4,1,0
stiletto,0,0,0,1,0,0
lash,0,0,0,1,0,0
parricides,0,0,0,1,1,0
intrigues,0,0,0,7,1,0
contrive,0,0,0,7,4,0
parricide,0,0,0,1,4,0
verdicts,0,0,0,1,0,0
doves,0,0,0,1,0,0
embroidery,0,0,0,4,3,0
nowadays,0,0,0,4,0,0
abeyance,0,0,0,1,0,0
magisterial,0,0,0,2,0,0
badge,0,0,0,2,0,0
cedant,0,0,0,1,0,0
arma,0,0,0,1,0,0
tog,0,0,0,1,0,0
province,0,0,0,3,1,0
incorrigible,0,0,0,1,0,0
abjured,0,0,0,2,0,0
oratory,0,0,0,1,0,0
singularity,0,0,0,2,0,0
reconciling,0,0,0,1,0,0
differences,0,0,0,1,17,2
suspecting,0,0,0,1,0,0
requesting,0,0,0,4,1,0
condescended,0,0,0,1,0,0
favorably,0,0,0,4,0,0
candid,0,0,0,2,0,0
espousing,0,0,0,1,0,0
evince,0,0,0,4,0,0
conspirator,0,0,0,3,0,0
prosper,0,0,0,2,1,0
debtors,0,0,0,1,1,0
cheats,0,0,0,1,0,0
headaches,0,0,0,1,0,0
measles,0,0,0,1,0,0
wasps,0,0,0,1,1,0
epidermis,0,0,0,1,0,0
redounds,0,0,0,1,0,0
sufficed,0,0,0,14,0,2
plea,0,0,0,2,0,0
resemble,0,0,0,5,5,0
disciples,0,0,0,1,14,1
esculapius,0,0,0,1,0,0
club,0,0,0,27,1,1
corroboration,0,0,0,3,0,0
anonymous,0,0,0,5,0,0
scrawl,0,0,0,1,0,0
custody,0,0,0,3,0,0
headsman,0,0,0,1,0,0
linger,0,0,0,1,2,0
pleader,0,0,0,1,0,0
lenity,0,0,0,1,0,0
charges,0,0,0,4,1,1
bony,0,0,0,6,0,0
imprinting,0,0,0,1,0,0
exceeds,0,0,0,3,3,0
sentimentality,0,0,0,1,0,0
inflexibly,0,0,0,1,0,0
judicial,0,0,0,2,0,0
rard,0,0,0,9,0,0
dowry,0,0,0,9,0,0
crowns,0,0,0,32,1,0
million,0,0,0,44,0,0
commissary,0,0,0,14,0,0
desk,0,0,0,22,0,0
trading,0,0,0,3,0,0
marines,0,0,0,2,0,0
des,0,0,0,27,0,0
conseils,0,0,0,1,0,0
estimable,0,0,0,3,0,0
trustworthy,0,0,0,2,1,0
plebeian,0,0,0,4,0,1
bonapartism,0,0,0,4,0,0
disdainfully,0,0,0,5,0,0
coldly,0,0,0,20,1,0
politically,0,0,0,1,0,0
interceding,0,0,0,1,0,0
member,0,0,0,16,3,1
carbonari,0,0,0,1,0,0
employs,0,0,0,1,1,0
collective,0,0,0,1,2,1
impartially,0,0,0,1,2,0
appealed,0,0,0,3,1,0
impunity,0,0,0,4,0,0
adjoined,0,0,0,1,0,0
petrified,0,0,0,6,0,0
antechamber,0,0,0,23,0,0
gendarmes,0,0,0,30,0,0
gendarme,0,0,0,29,0,0
interrogate,0,0,0,10,2,0
maxim,0,0,0,3,4,0
stifled,0,0,0,18,0,0
betrays,0,0,0,3,0,0
voluminous,0,0,0,2,0,0
espionage,0,0,0,1,0,0
philosophic,0,0,0,3,5,1
antithesis,0,0,0,1,1,0
orators,0,0,0,1,0,0
mustered,0,0,0,1,0,0
ingenuous,0,0,0,1,1,0
culprit,0,0,0,15,0,0
striven,0,0,0,1,0,0
internally,0,0,0,2,0,0
decapitator,0,0,0,2,0,0
devolves,0,0,0,1,0,0
disembark,0,0,0,1,0,0
audience,0,0,0,16,2,0
delirious,0,0,0,5,0,0
requests,0,0,0,6,1,0
culpable,0,0,0,3,0,0
joyfully,0,0,0,9,0,0
coq,0,0,0,5,0,0
ron,0,0,0,5,0,0
thunderbolt,0,0,0,12,1,0
timidly,0,0,0,10,0,0
indisposition,0,0,0,4,0,0
moist,0,0,0,8,0,0
successes,0,0,0,2,1,0
corridors,0,0,0,8,0,0
boldest,0,0,0,2,0,0
edifice,0,0,0,3,0,0
numberless,0,0,0,1,2,1
wicket,0,0,0,8,0,0
mallet,0,0,0,1,0,0
inhaled,0,0,0,4,0,0
mephitic,0,0,0,3,0,0
resounded,0,0,0,8,0,0
obscurity,0,0,0,18,3,0
liberate,0,0,0,2,0,0
massy,0,0,0,3,0,0
sabres,0,0,0,2,0,0
carbines,0,0,0,6,0,0
escort,0,0,0,8,0,0
caisserie,0,0,0,2,0,0
laurent,0,0,0,2,0,0
taramis,0,0,0,1,0,0
consigne,0,0,0,2,0,0
guardhouse,0,0,0,1,0,0
pilon,0,0,0,1,0,0
frioul,0,0,0,1,0,0
revelry,0,0,0,2,1,0
te,0,0,0,7,0,0
mort,0,0,0,1,0,0
anse,0,0,0,1,0,0
pharo,0,0,0,2,0,0
battery,0,0,0,2,0,0
handcuff,0,0,0,1,0,0
ratonneau,0,0,0,3,0,0
adjure,0,0,0,1,0,0
loyal,0,0,0,3,3,0
frenchman,0,0,0,28,0,0
treason,0,0,0,8,1,0
irresolutely,0,0,0,1,0,0
stands,0,0,0,6,4,0
fortress,0,0,0,12,3,0
malefactor,0,0,0,2,0,0
governor,0,0,0,64,1,0
squeeze,0,0,0,2,0,0
formality,0,0,0,6,0,0
disobeyed,0,0,0,2,0,0
carbine,0,0,0,15,0,0
pulley,0,0,0,1,0,0
mooring,0,0,0,1,0,0
bayonet,0,0,0,1,0,0
embankment,0,0,0,1,0,0
vaguely,0,0,0,3,0,0
indistinctly,0,0,0,1,0,0
sentinels,0,0,0,6,1,0
impregnated,0,0,0,3,0,0
illumined,0,0,0,13,1,0
jailer,0,0,0,71,0,0
goodnight,0,0,0,1,0,0
genoese,0,0,0,12,0,0
tuscan,0,0,0,10,0,0
castilian,0,0,0,1,0,0
sous,0,0,0,6,0,0
brood,0,0,0,1,0,0
defensive,0,0,0,2,0,0
tier,0,0,0,2,0,0
passively,0,0,0,2,0,1
brutus,0,0,0,4,0,0
remarking,0,0,0,3,1,0
announcement,0,0,0,10,0,0
commissions,0,0,0,2,0,0
indiscretion,0,0,0,9,0,0
funds,0,0,0,14,0,0
broker,0,0,0,2,0,0
pocketbook,0,0,0,4,0,0
demanding,0,0,0,7,2,0
honors,0,0,0,8,0,0
farewells,0,0,0,2,0,0
abruptly,0,0,0,6,0,0
exclude,0,0,0,2,4,0
virgil,0,0,0,4,0,0
unending,0,0,0,1,0,0
immolated,0,0,0,1,0,0
altar,0,0,0,7,2,0
figured,0,0,0,3,0,0
trembles,0,0,0,3,1,0
reopen,0,0,0,2,0,0
agonizing,0,0,0,2,0,0
postilions,0,0,0,3,0,0
loge,0,0,0,1,0,0
influential,0,0,0,3,1,0
circulation,0,0,0,1,0,0
remount,0,0,0,1,0,0
currant,0,0,0,1,0,0
intoxicated,0,0,0,7,1,0
spectres,0,0,0,4,0,0
unsnuffed,0,0,0,1,0,0
hoffmann,0,0,0,1,0,0
strews,0,0,0,1,0,0
fantastic,0,0,0,11,2,5
inkstand,0,0,0,1,0,0
multiplication,0,0,0,2,3,0
subtraction,0,0,0,1,0,0
numeral,0,0,0,1,0,0
aix,0,0,0,5,0,0
trebled,0,0,0,3,1,0
fees,0,0,0,1,1,0
favorite,0,0,0,24,1,0
philippe,0,0,0,5,0,0
walnut,0,0,0,2,0,0
gentlemanly,0,0,0,6,0,0
marginal,0,0,0,2,0,0
gryphius,0,0,0,1,0,0
inaccurate,0,0,0,2,1,0
edition,0,0,0,1,1,1
horace,0,0,0,6,0,0
sagacious,0,0,0,2,0,0
sire,0,0,0,69,0,0
kine,0,0,0,3,0,0
betoken,0,0,0,3,0,0
scarcity,0,0,0,3,0,0
blacas,0,0,0,28,0,0
brewing,0,0,0,1,0,0
wrongly,0,0,0,2,1,0
languedoc,0,0,0,4,0,0
provence,0,0,0,7,0,0
dauphin,0,0,0,3,0,0
trusty,0,0,0,1,1,0
provinces,0,0,0,5,0,1
canimus,0,0,0,1,0,0
surdis,0,0,0,1,0,0
annotations,0,0,0,1,0,0
courtier,0,0,0,2,1,0
quotation,0,0,0,2,0,0
bonaparte,0,0,0,12,0,0
pastor,0,0,0,1,0,0
quum,0,0,0,1,0,0
traheret,0,0,0,1,0,0
commenting,0,0,0,2,0,0
foundation,0,0,0,8,16,5
mala,0,0,0,1,0,0
ducis,0,0,0,1,0,0
avi,0,0,0,1,0,0
domum,0,0,0,1,0,0
annotating,0,0,0,2,0,0
whichever,0,0,0,3,3,0
dandr,0,0,0,9,0,0
baron,0,0,0,118,0,0
flaming,0,0,0,7,0,0
bella,0,0,0,2,0,0
horrida,0,0,0,1,0,0
mortally,0,0,0,3,0,0
miners,0,0,0,3,0,0
longone,0,0,0,1,0,0
scratches,0,0,0,2,0,0
demigod,0,0,0,1,0,0
worries,0,0,0,1,0,0
prurigo,0,0,0,1,0,0
laughs,0,0,0,2,2,0
boisterously,0,0,0,1,0,0
flinging,0,0,0,1,0,0
marengo,0,0,0,3,0,0
austerlitz,0,0,0,3,0,0
indubitable,0,0,0,1,0,0
pebbles,0,0,0,4,0,0
scipio,0,0,0,1,1,0
africanus,0,0,0,1,0,0
truthful,0,0,0,1,0,0
disclosure,0,0,0,8,0,0
conversion,0,0,0,2,8,1
shepherds,0,0,0,5,6,0
converted,0,0,0,6,8,4
gravest,0,0,0,2,1,0
review,0,0,0,5,1,0
veterans,0,0,0,1,2,0
dismissal,0,0,0,2,0,0
exhorted,0,0,0,1,0,0
scholiast,0,0,0,1,0,0
guardianship,0,0,0,2,1,0
urge,0,0,0,1,0,0
confiding,0,0,0,6,1,0
rd,0,0,0,8,1,0
facetiously,0,0,0,1,2,0
desks,0,0,0,1,0,0
denunciations,0,0,0,1,0,0
hosts,0,0,0,2,0,0
predictions,0,0,0,2,0,0
armorial,0,0,0,3,0,0
claws,0,0,0,6,0,0
tenax,0,0,0,1,0,0
molli,0,0,0,2,0,0
fugiens,0,0,0,1,0,0
anhelitu,0,0,0,2,0,0
refers,0,0,0,1,1,0
sportsman,0,0,0,3,0,0
transmits,0,0,0,1,0,0
ardor,0,0,0,3,0,0
recommends,0,0,0,2,1,0
graciously,0,0,0,5,0,0
begs,0,0,0,4,1,0
comprehension,0,0,0,4,1,0
royalism,0,0,0,2,0,0
justum,0,0,0,1,0,0
et,0,0,0,2,1,0
tenacem,0,0,0,2,0,0
propositi,0,0,0,2,0,0
virum,0,0,0,2,0,0
susceptibility,0,0,0,3,0,0
brez,0,0,0,1,0,0
audacity,0,0,0,4,1,0
ceremonies,0,0,0,2,3,0
forgiveness,0,0,0,5,1,0
insignificant,0,0,0,5,0,0
arming,0,0,0,1,0,0
meditates,0,0,0,1,0,0
tuscany,0,0,0,9,0,0
clubs,0,0,0,2,1,0
meetings,0,0,0,5,1,0
jacques,0,0,0,14,0,0
turbulent,0,0,0,3,0,0
oral,0,0,0,1,0,0
postponing,0,0,0,1,0,0
coalition,0,0,0,1,0,0
piombino,0,0,0,5,0,0
territory,0,0,0,2,3,0
forbearance,0,0,0,2,0,0
prefect,0,0,0,16,0,0
humiliate,0,0,0,1,0,0
frowned,0,0,0,4,0,0
antibes,0,0,0,2,0,0
juan,0,0,0,3,0,0
checking,0,0,0,1,0,0
forewarned,0,0,0,4,0,0
sisteron,0,0,0,1,0,0
equivalent,0,0,0,2,4,0
withering,0,0,0,2,0,0
conjoined,0,0,0,1,1,0
armies,0,0,0,3,3,2
overthrew,0,0,0,1,0,0
fruition,0,0,0,1,1,0
shatters,0,0,0,1,0,0
incapacity,0,0,0,1,0,1
ineptitude,0,0,0,1,0,0
quailed,0,0,0,1,0,0
sarcasm,0,0,0,3,0,0
spies,0,0,0,2,0,1
venal,0,0,0,1,0,0
plenitude,0,0,0,1,0,0
unearth,0,0,0,1,0,0
realizing,0,0,0,1,0,0
rescue,0,0,0,5,1,1
suddenness,0,0,0,1,0,0
attribute,0,0,0,8,9,0
perspicacity,0,0,0,1,0,0
forfeiting,0,0,0,1,0,0
engraved,0,0,0,6,0,0
occupies,0,0,0,3,0,0
quesnel,0,0,0,18,0,0
assassination,0,0,0,15,2,0
buttoned,0,0,0,11,0,0
button,0,0,0,14,0,0
rosette,0,0,0,3,0,0
legion,0,0,0,18,0,0
jussienne,0,0,0,1,0,0
assassins,0,0,0,3,0,0
asperity,0,0,0,1,0,0
amply,0,0,0,3,1,0
madrid,0,0,0,4,0,0
tournon,0,0,0,1,0,0
recompensed,0,0,0,3,1,0
deigns,0,0,0,3,0,0
surpasses,0,0,0,5,1,0
detached,0,0,0,4,0,0
carmel,0,0,0,1,0,0
lazare,0,0,0,2,0,0
mistakes,0,0,0,3,1,0
brevet,0,0,0,2,0,0
hackney,0,0,0,5,0,0
anterooms,0,0,0,1,0,0
cane,0,0,0,15,0,0
germain,0,0,0,16,0,0
bedchamber,0,0,0,5,0,0
significant,0,0,0,8,1,0
proscribed,0,0,0,2,0,0
bordeaux,0,0,0,4,0,0
bloodhounds,0,0,0,2,0,0
seine,0,0,0,3,0,0
enforced,0,0,0,2,4,0
dramatic,0,0,0,4,11,0
vigilantly,0,0,0,1,0,0
declares,0,0,0,4,4,0
awaits,0,0,0,11,2,0
sneaking,0,0,0,1,0,0
drown,0,0,0,5,2,0
progressed,0,0,0,2,0,0
reliance,0,0,0,3,0,0
fullest,0,0,0,5,2,0
premises,0,0,0,2,4,0
tracked,0,0,0,3,0,0
grenoble,0,0,0,5,0,0
cannes,0,0,0,1,0,0
postilion,0,0,0,12,0,0
fork,0,0,0,4,0,0
prompts,0,0,0,2,0,0
brim,0,0,0,2,0,0
cravat,0,0,0,14,0,0
lathered,0,0,0,1,0,0
devoid,0,0,0,4,5,0
colored,0,0,0,27,0,0
neckerchief,0,0,0,1,0,0
lieu,0,0,0,1,1,0
brimmed,0,0,0,2,0,0
bamboo,0,0,0,1,0,0
switch,0,0,0,1,0,0
swagger,0,0,0,1,0,0
prophet,0,0,0,7,5,0
prophets,0,0,0,2,7,0
nevers,0,0,0,1,0,0
captured,0,0,0,4,0,0
eagles,0,0,0,1,0,0
hastens,0,0,0,2,0,0
incur,0,0,0,4,2,0
humiliating,0,0,0,3,0,0
grandson,0,0,0,3,0,0
arcola,0,0,0,1,0,0
submissive,0,0,0,5,0,0
inoffensive,0,0,0,5,0,0
hurling,0,0,0,1,0,1
characterized,0,0,0,4,2,0
bussy,0,0,0,1,0,0
unprecedented,0,0,0,1,0,0
counterpart,0,0,0,1,3,0
parry,0,0,0,2,0,0
reconstructed,0,0,0,2,1,0
tottered,0,0,0,5,0,0
forwarded,0,0,0,3,0,0
protected,0,0,0,7,3,0
rekindle,0,0,0,1,0,0
populace,0,0,0,1,0,0
shouts,0,0,0,3,0,0
insults,0,0,0,3,1,0
glacial,0,0,0,1,0,0
recognizing,0,0,0,9,0,0
patronizing,0,0,0,1,0,0
depends,0,0,0,8,4,0
blanch,0,0,0,1,0,0
versed,0,0,0,1,0,0
governors,0,0,0,1,12,0
bourbons,0,0,0,8,0,0
heirs,0,0,0,5,0,0
legitimate,0,0,0,2,3,0
augur,0,0,0,1,0,0
fenestrelles,0,0,0,1,0,0
pignerol,0,0,0,1,0,0
sainte,0,0,0,1,0,0
margu,0,0,0,1,0,0
rite,0,0,0,1,1,0
adherence,0,0,0,1,0,0
liberation,0,0,0,1,0,0
reinstated,0,0,0,1,0,0
expediting,0,0,0,1,0,0
releasing,0,0,0,2,0,0
essential,0,0,0,3,12,3
receives,0,0,0,4,10,1
petitions,0,0,0,1,0,0
countersigned,0,0,0,2,0,0
forestalled,0,0,0,1,0,0
patriotic,0,0,0,1,0,0
exaggerated,0,0,0,3,2,0
compromised,0,0,0,1,0,0
unlikely,0,0,0,2,0,0
compromise,0,0,0,6,3,0
uselessly,0,0,0,2,0,0
remounted,0,0,0,2,0,0
remorseful,0,0,0,3,0,0
toulouse,0,0,0,2,0,0
mediocre,0,0,0,2,0,0
termed,0,0,0,4,35,0
decree,0,0,0,1,0,0
deceiving,0,0,0,2,5,0
abduction,0,0,0,2,0,0
kills,0,0,0,4,3,0
knapsack,0,0,0,1,0,0
debating,0,0,0,1,0,0
enrolled,0,0,0,2,1,0
expenses,0,0,0,6,3,0
aflame,0,0,0,1,0,0
stigmatized,0,0,0,1,0,0
prisons,0,0,0,12,1,0
inaudible,0,0,0,2,0,0
cells,0,0,0,4,1,0
behavior,0,0,0,2,0,0
smilingly,0,0,0,3,0,0
assign,0,0,0,2,5,0
farce,0,0,0,1,0,0
sentenced,0,0,0,5,1,0
turnkey,0,0,0,22,0,0
antoine,0,0,0,5,0,0
philanthropy,0,0,0,2,0,0
conscientiously,0,0,0,3,0,0
escorted,0,0,0,5,0,0
bareheaded,0,0,0,2,0,0
charenton,0,0,0,2,0,0
languish,0,0,0,1,0,0
executioners,0,0,0,5,0,0
captivity,0,0,0,19,0,0
loses,0,0,0,4,4,1
uncertainty,0,0,0,2,3,1
detention,0,0,0,3,0,0
faria,0,0,0,112,0,0
unlock,0,0,0,1,0,0
geometrical,0,0,0,2,8,0
marcellus,0,0,0,1,0,0
slew,0,0,0,2,1,0
spada,0,0,0,35,0,0
florence,0,0,0,19,0,0
machiavelli,0,0,0,3,0,0
borgia,0,0,0,13,0,0
independent,0,0,0,9,2,6
unhealthful,0,0,0,1,0,0
passable,0,0,0,1,0,0
calculation,0,0,0,7,14,1
amounting,0,0,0,10,0,0
dinned,0,0,0,1,0,0
writ,0,0,0,1,0,0
planned,0,0,0,2,0,0
originality,0,0,0,2,3,0
wealthy,0,0,0,7,9,0
caligula,0,0,0,1,0,0
nero,0,0,0,5,0,0
seekers,0,0,0,1,0,0
desirers,0,0,0,1,0,0
scrutinizes,0,0,0,1,0,0
shielded,0,0,0,1,0,0
inviolable,0,0,0,1,1,0
despotic,0,0,0,1,0,1
persecutions,0,0,0,2,0,0
reappear,0,0,0,2,1,0
lacerated,0,0,0,2,0,0
delivers,0,0,0,1,0,0
watchfulness,0,0,0,1,2,0
vigor,0,0,0,13,0,0
reckoning,0,0,0,9,1,0
expired,0,0,0,12,0,0
transferred,0,0,0,3,8,0
alienation,0,0,0,2,0,1
relaxing,0,0,0,2,0,0
supplications,0,0,0,1,0,0
unfortunates,0,0,0,2,0,0
deliverance,0,0,0,2,0,0
darker,0,0,0,7,2,0
disadvantageous,0,0,0,1,0,0
taciturn,0,0,0,2,0,0
vagabonds,0,0,0,2,0,0
galleys,0,0,0,8,0,0
slaves,0,0,0,12,34,2
sapiently,0,0,0,1,0,0
conspire,0,0,0,1,3,0
medley,0,0,0,1,0,0
understands,0,0,0,3,5,1
invokes,0,0,0,1,0,0
trespasses,0,0,0,1,0,0
trespass,0,0,0,1,0,0
rebuild,0,0,0,2,0,0
martin,0,0,0,6,0,0
babylonian,0,0,0,1,0,0
revisiting,0,0,0,1,0,0
reconsidered,0,0,0,1,0,0
ugolino,0,0,0,2,0,0
devours,0,0,0,1,0,0
archbishop,0,0,0,1,0,0
inferno,0,0,0,2,0,0
blasphemies,0,0,0,1,0,0
mene,0,0,0,4,0,0
tekel,0,0,0,2,0,0
upharsin,0,0,0,2,0,0
belshazzar,0,0,0,1,0,0
enmity,0,0,0,4,10,0
persecutors,0,0,0,3,0,0
unconsciousness,0,0,0,1,2,0
broods,0,0,0,1,0,0
azure,0,0,0,15,0,0
unwarily,0,0,0,1,0,0
ensnared,0,0,0,1,0,0
yawning,0,0,0,3,0,0
solace,0,0,0,2,0,0
reviewed,0,0,0,1,1,0
horizons,0,0,0,5,0,0
courted,0,0,0,2,0,0
gulls,0,0,0,1,0,0
ravens,0,0,0,1,2,0
invites,0,0,0,3,2,0
supportable,0,0,0,2,0,0
deliberation,0,0,0,1,0,0
acceptable,0,0,0,4,0,0
mouldy,0,0,0,2,0,0
contending,0,0,0,2,3,1
unforseen,0,0,0,1,0,0
tantalus,0,0,0,1,0,0
abstinence,0,0,0,2,1,0
quickened,0,0,0,1,2,0
diminish,0,0,0,4,4,0
forerun,0,0,0,1,0,0
intensely,0,0,0,3,1,1
complaining,0,0,0,3,1,0
broth,0,0,0,1,0,0
rickety,0,0,0,1,0,0
neighboring,0,0,0,7,0,0
lucidity,0,0,0,1,1,0
devour,0,0,0,3,5,0
sanctioned,0,0,0,2,3,0
mouthfuls,0,0,0,1,0,0
constitution,0,0,0,3,43,3
agility,0,0,0,3,1,0
counted,0,0,0,21,3,0
substituted,0,0,0,5,2,0
lever,0,0,0,8,0,0
chisel,0,0,0,7,1,0
laborer,0,0,0,2,0,1
cement,0,0,0,3,0,0
displace,0,0,0,2,0,0
sharpest,0,0,0,1,0,0
subterranean,0,0,0,10,0,0
grumblingly,0,0,0,1,0,0
advised,0,0,0,8,1,0
displacing,0,0,0,1,0,0
labored,0,0,0,3,0,0
friable,0,0,0,1,0,0
morsels,0,0,0,2,0,0
scraped,0,0,0,1,0,0
mathematician,0,0,0,1,12,0
reproached,0,0,0,3,2,3
hewn,0,0,0,2,0,0
imbedded,0,0,0,1,0,0
socket,0,0,0,1,0,0
inactive,0,0,0,2,0,0
saucepan,0,0,0,9,0,0
spoon,0,0,0,5,0,0
oscillation,0,0,0,1,0,0
extricated,0,0,0,4,0,0
cavity,0,0,0,3,0,0
diameter,0,0,0,1,5,0
labor,0,0,0,19,0,0
untiringly,0,0,0,1,0,0
handfuls,0,0,0,5,0,0
straightened,0,0,0,2,0,0
ration,0,0,0,1,0,0
discouraged,0,0,0,2,0,0
blocked,0,0,0,3,0,0
deadened,0,0,0,1,0,0
sepulchral,0,0,0,3,0,0
restraints,0,0,0,2,0,0
terrifies,0,0,0,1,0,0
conspired,0,0,0,2,2,0
abdicated,0,0,0,1,0,0
fontainebleau,0,0,0,4,0,0
mining,0,0,0,2,0,0
daume,0,0,0,3,0,0
swum,0,0,0,2,0,0
resounding,0,0,0,1,0,0
naught,0,0,0,1,1,0
syllable,0,0,0,5,0,0
jailers,0,0,0,10,0,0
hacked,0,0,0,1,0,0
reassures,0,0,0,1,0,0
plaints,0,0,0,2,0,0
invoke,0,0,0,2,0,0
knocks,0,0,0,1,0,0
blanched,0,0,0,1,0,0
penetrating,0,0,0,14,0,0
eyebrow,0,0,0,1,0,0
furrowed,0,0,0,3,0,0
betokened,0,0,0,3,0,0
numbered,0,0,0,7,2,0
briskness,0,0,0,1,0,0
cordiality,0,0,0,3,0,0
pincers,0,0,0,2,0,0
products,0,0,0,1,1,10
industry,0,0,0,5,2,29
beechwood,0,0,0,1,0,0
bedstead,0,0,0,3,0,0
purposely,0,0,0,5,0,0
ellipsis,0,0,0,1,0,0
perforate,0,0,0,1,0,0
adjoins,0,0,0,1,0,0
cellars,0,0,0,2,0,0
recaptured,0,0,0,1,0,0
divining,0,0,0,2,0,0
ceiling,0,0,0,11,2,0
dextrously,0,0,0,1,0,0
nimbly,0,0,0,1,0,0
patrols,0,0,0,1,0,0
careworn,0,0,0,5,0,0
fenestrelle,0,0,0,2,0,0
piedmont,0,0,0,5,0,0
subservient,0,0,0,2,0,0
colossus,0,0,0,1,0,0
overthrown,0,0,0,1,4,1
reigns,0,0,0,3,1,0
inscrutable,0,0,0,3,0,0
abase,0,0,0,1,0,0
abased,0,0,0,1,0,0
riveted,0,0,0,8,0,0
occupying,0,0,0,2,0,0
destinies,0,0,0,1,1,0
twill,0,0,0,1,0,0
stadtholder,0,0,0,1,0,0
concessions,0,0,0,2,0,0
surveying,0,0,0,1,0,0
transports,0,0,0,2,0,0
principalities,0,0,0,2,1,0
ruler,0,0,0,2,51,0
feigned,0,0,0,10,1,0
clement,0,0,0,2,2,0
visitors,0,0,0,21,0,0
impious,0,0,0,1,5,0
frustrated,0,0,0,4,0,0
loosen,0,0,0,1,0,0
titanic,0,0,0,1,0,0
unyielding,0,0,0,1,0,0
husbanded,0,0,0,1,0,0
outweighed,0,0,0,1,0,0
undermine,0,0,0,1,0,0
resigning,0,0,0,3,0,0
savant,0,0,0,2,0,0
rattonneau,0,0,0,1,0,0
lemaire,0,0,0,5,0,0
pastime,0,0,0,1,0,0
meditation,0,0,0,6,1,0
extends,0,0,0,1,6,0
insure,0,0,0,6,0,0
deficient,0,0,0,1,5,0
abundantly,0,0,0,7,1,0
displeasing,0,0,0,2,0,0
waging,0,0,0,1,1,0
deter,0,0,0,3,0,0
hindered,0,0,0,1,4,0
teaches,0,0,0,1,4,0
loathes,0,0,0,1,0,0
construction,0,0,0,8,8,0
physiological,0,0,0,2,0,0
meditated,0,0,0,4,1,0
vincennes,0,0,0,3,0,0
dubuquoi,0,0,0,1,0,0
ev,0,0,0,1,0,0
que,0,0,0,1,1,0
latude,0,0,0,1,0,0
bastille,0,0,0,1,0,0
recreation,0,0,0,5,1,0
venice,0,0,0,8,0,0
arno,0,0,0,1,0,0
treatise,0,0,0,1,4,0
quarto,0,0,0,1,0,0
parchment,0,0,0,4,0,0
lavoisier,0,0,0,1,0,0
cabanis,0,0,0,3,0,0
summary,0,0,0,1,0,0
recite,0,0,0,1,0,0
thucydides,0,0,0,1,3,0
xenophon,0,0,0,1,4,0
titus,0,0,0,1,0,0
livius,0,0,0,1,0,0
tacitus,0,0,0,1,0,0
strada,0,0,0,2,0,0
jornandes,0,0,0,1,0,0
montaigne,0,0,0,1,0,0
spinoza,0,0,0,1,0,0
bossuet,0,0,0,2,0,0
vocabulary,0,0,0,2,0,0
dictionaries,0,0,0,1,0,0
fluent,0,0,0,1,0,0
imperfection,0,0,0,1,4,0
whitings,0,0,0,1,0,0
maigre,0,0,0,1,0,0
cartilages,0,0,0,2,0,0
labors,0,0,0,3,0,0
retracing,0,0,0,1,0,0
occupant,0,0,0,7,0,0
coating,0,0,0,1,0,0
soot,0,0,0,3,0,0
marvels,0,0,0,2,2,0
specify,0,0,0,2,0,0
ellipse,0,0,0,1,0,0
precise,0,0,0,8,8,0
vary,0,0,0,2,3,0
diamonds,0,0,0,30,1,0
guzerat,0,0,0,3,0,0
golconda,0,0,0,2,0,0
disused,0,0,0,1,0,0
depository,0,0,0,1,0,0
rolls,0,0,0,3,0,0
papyrus,0,0,0,1,0,0
slips,0,0,0,1,0,0
handkerchiefs,0,0,0,2,0,0
printer,0,0,0,1,0,0
publish,0,0,0,2,0,1
painting,0,0,0,5,9,0
nib,0,0,0,1,0,0
correctly,0,0,0,6,1,0
penknife,0,0,0,3,0,0
masterpiece,0,0,0,3,0,0
candlestick,0,0,0,2,0,0
shops,0,0,0,1,0,0
illuminations,0,0,0,1,0,0
flints,0,0,0,2,0,0
sulphur,0,0,0,1,0,0
ravellings,0,0,0,1,0,0
unhemmed,0,0,0,1,0,0
vestments,0,0,0,1,0,0
perforated,0,0,0,1,0,0
renounced,0,0,0,3,3,0
unforeseen,0,0,0,4,0,0
ingenious,0,0,0,10,8,0
imputing,0,0,0,1,0,0
abstraction,0,0,0,2,17,0
overflow,0,0,0,1,0,0
evaporated,0,0,0,1,0,0
follies,0,0,0,5,3,0
compression,0,0,0,1,0,0
gunpowder,0,0,0,2,0,0
illumination,0,0,0,1,0,0
undeserved,0,0,0,1,0,0
profess,0,0,0,4,3,0
levant,0,0,0,3,0,0
meditations,0,0,0,4,0,0
revolts,0,0,0,1,1,1
civilization,0,0,0,3,7,0
axiom,0,0,0,8,0,0
perpetration,0,0,0,1,0,0
evinces,0,0,0,1,0,0
employee,0,0,0,2,0,0
inherits,0,0,0,4,0,0
supernumerary,0,0,0,4,0,0
salary,0,0,0,1,0,0
livres,0,0,0,39,0,0
descartes,0,0,0,1,1,0
spiral,0,0,0,3,0,0
apex,0,0,0,1,0,0
quarelled,0,0,0,1,0,0
challenged,0,0,0,4,0,0
inaccuracies,0,0,0,1,0,0
portfolio,0,0,0,10,0,0
formulated,0,0,0,1,0,0
backhanded,0,0,0,1,0,0
resembles,0,0,0,9,4,0
varies,0,0,0,1,0,0
villany,0,0,0,3,0,0
scrape,0,0,0,3,2,0
criminated,0,0,0,1,0,0
alters,0,0,0,2,0,0
crocodiles,0,0,0,3,0,0
assuring,0,0,0,6,1,0
etruria,0,0,0,1,0,0
sunbeam,0,0,0,1,0,0
commiseration,0,0,0,1,0,0
exacted,0,0,0,2,1,1
supplicating,0,0,0,7,1,0
harmlessly,0,0,0,1,0,0
amusingly,0,0,0,1,0,0
privileges,0,0,0,4,3,0
regaled,0,0,0,3,0,0
instilled,0,0,0,1,0,0
admiring,0,0,0,3,1,0
remarks,0,0,0,7,16,0
corresponded,0,0,0,2,1,0
guides,0,0,0,12,0,0
navigator,0,0,0,1,0,0
latitudes,0,0,0,4,0,0
vistas,0,0,0,1,0,0
glimpses,0,0,0,2,1,0
enabling,0,0,0,2,0,0
justly,0,0,0,4,15,0
uninformed,0,0,0,1,2,0
physics,0,0,0,1,0,0
learners,0,0,0,1,0,0
messiah,0,0,0,1,1,0
mathematical,0,0,0,2,21,0
arithmetical,0,0,0,3,7,0
geometry,0,0,0,1,33,0
romaic,0,0,0,10,0,0
instructive,0,0,0,1,0,0
sadder,0,0,0,2,0,0
harass,0,0,0,1,1,0
deaf,0,0,0,2,2,0
endeavored,0,0,0,27,0,0
resort,0,0,0,3,2,1
accomplishing,0,0,0,3,2,0
tut,0,0,0,2,0,0
genus,0,0,0,1,0,0
gagged,0,0,0,1,0,0
excavated,0,0,0,1,0,0
pulverized,0,0,0,1,0,0
permitting,0,0,0,2,0,0
instruct,0,0,0,2,1,0
trodden,0,0,0,1,0,0
imitative,0,0,0,2,14,0
polish,0,0,0,2,1,0
defer,0,0,0,5,2,0
auspicious,0,0,0,1,0,0
propping,0,0,0,1,0,0
peg,0,0,0,1,0,0
sunken,0,0,0,2,1,0
admits,0,0,0,2,5,0
hollowed,0,0,0,6,0,0
phial,0,0,0,15,0,0
fluid,0,0,0,1,0,0
catalepsy,0,0,0,3,0,0
convulsion,0,0,0,4,0,0
foamed,0,0,0,2,0,0
reed,0,0,0,1,0,0
administered,0,0,0,4,2,0
departing,0,0,0,2,3,0
paralyzed,0,0,0,12,0,0
swimmer,0,0,0,4,0,0
duped,0,0,0,2,0,0
refuses,0,0,0,4,6,0
christ,0,0,0,2,17,0
principled,0,0,0,1,0,0
invalid,0,0,0,19,1,0
inevitably,0,0,0,3,7,0
encouragingly,0,0,0,1,0,0
gothic,0,0,0,2,0,1
inscribed,0,0,0,10,0,0
avoiding,0,0,0,4,0,0
persecute,0,0,0,2,0,0
persist,0,0,0,6,0,0
irritate,0,0,0,1,0,0
wh,0,0,0,1,0,0
alo,0,0,0,1,0,0
unconnected,0,0,0,3,1,0
illegible,0,0,0,1,0,0
instability,0,0,0,1,0,0
mat,0,0,0,1,1,0
remorselessly,0,0,0,2,1,0
benignant,0,0,0,1,0,0
munificence,0,0,0,1,0,0
tutor,0,0,0,8,1,0
nephews,0,0,0,1,0,0
manuscripts,0,0,0,1,0,1
reproaching,0,0,0,3,1,0
searches,0,0,0,1,0,0
deploring,0,0,0,2,0,0
pope,0,0,0,20,0,1
romagna,0,0,0,1,0,0
profitable,0,0,0,3,17,0
impoverished,0,0,0,1,1,0
holiness,0,0,0,8,4,0
cardinals,0,0,0,13,0,0
personages,0,0,0,2,1,0
appointments,0,0,0,2,0,0
giovanni,0,0,0,8,0,0
rospigliosi,0,0,0,8,0,0
dignities,0,0,0,2,1,0
purchasers,0,0,0,1,1,0
coffers,0,0,0,3,0,0
speculators,0,0,0,3,1,0
heaped,0,0,0,4,0,0
conferred,0,0,0,4,0,0
insignia,0,0,0,2,0,0
cardinalate,0,0,0,1,0,0
negligence,0,0,0,6,0,0
indigestion,0,0,0,1,0,0
cogent,0,0,0,1,0,0
vineyard,0,0,0,5,0,0
san,0,0,0,25,0,0
pierdarena,0,0,0,2,0,0
ingratiating,0,0,0,2,0,0
nephew,0,0,0,12,0,0
invitations,0,0,0,4,0,0
civilizing,0,0,0,1,1,0
centurion,0,0,0,1,0,0
legate,0,0,0,1,0,0
latere,0,0,0,1,0,0
comprehending,0,0,0,2,3,1
expressly,0,0,0,11,3,0
butler,0,0,0,1,0,0
mushrooms,0,0,0,1,0,0
heritage,0,0,0,1,0,0
bequeath,0,0,0,6,1,0
breviary,0,0,0,8,0,0
uncles,0,0,0,1,1,0
laboratories,0,0,0,1,0,0
palatine,0,0,0,1,0,0
rapacity,0,0,0,1,0,0
spotted,0,0,0,3,0,0
skirmish,0,0,0,2,0,0
spadas,0,0,0,2,0,0
politician,0,0,0,1,6,0
despoiled,0,0,0,1,1,0
meaningless,0,0,0,1,0,0
diplomatists,0,0,0,1,0,0
churchmen,0,0,0,1,0,0
disproportion,0,0,0,1,3,0
invest,0,0,0,2,0,0
annuity,0,0,0,7,0,0
income,0,0,0,21,2,1
relic,0,0,0,4,1,0
veneration,0,0,0,3,0,0
weighty,0,0,0,3,0,0
contracts,0,0,0,2,9,0
parchments,0,0,0,2,0,0
archives,0,0,0,1,0,0
bundles,0,0,0,2,0,0
servitors,0,0,0,1,0,0
stewards,0,0,0,1,0,0
secretaries,0,0,0,3,0,0
exhaustive,0,0,0,1,0,0
borgias,0,0,0,3,0,0
unpossessed,0,0,0,1,0,0
genie,0,0,0,1,0,0
ransacked,0,0,0,1,0,0
expenditure,0,0,0,2,4,0
bequeathed,0,0,0,3,0,0
anniversary,0,0,0,2,0,0
genealogical,0,0,0,3,0,0
scrupulously,0,0,0,3,0,0
anticipating,0,0,0,4,2,0
adopting,0,0,0,3,1,0
marker,0,0,0,1,0,0
expiring,0,0,0,4,0,0
yellowish,0,0,0,2,0,0
taper,0,0,0,5,0,0
bentivoglio,0,0,0,2,0,0
bu,0,0,0,2,0,0
poss,0,0,0,2,0,0
gems,0,0,0,6,0,0
mil,0,0,0,2,0,0
ro,0,0,0,2,0,0
caprara,0,0,0,2,0,0
guido,0,0,0,2,0,0
ried,0,0,0,2,0,0
essed,0,0,0,2,0,0
ingots,0,0,0,4,0,0
ck,0,0,0,2,0,0
ings,0,0,0,2,0,0
ngle,0,0,0,2,0,0
tire,0,0,0,3,2,0
ar,0,0,0,2,1,0
conjointed,0,0,0,1,0,0
measuring,0,0,0,1,6,0
cavern,0,0,0,23,2,0
partition,0,0,0,5,1,0
possessor,0,0,0,6,4,0
bequeathing,0,0,0,2,0,0
fifteenth,0,0,0,1,0,0
investment,0,0,0,1,0,0
accumulations,0,0,0,1,1,0
perishing,0,0,0,2,2,0
wavered,0,0,0,1,0,0
celibacy,0,0,0,1,0,1
expatiated,0,0,0,1,0,0
pianosa,0,0,0,6,0,0
befell,0,0,0,2,0,0
rebuilt,0,0,0,1,1,0
realization,0,0,0,2,2,0
deems,0,0,0,1,3,0
implanted,0,0,0,1,2,0
philological,0,0,0,1,0,0
ramifications,0,0,0,1,0,0
problematical,0,0,0,1,0,0
terra,0,0,0,3,0,0
firma,0,0,0,3,0,0
evaporate,0,0,0,1,0,0
embellishes,0,0,0,1,0,0
strengthens,0,0,0,1,3,0
deprive,0,0,0,12,1,1
detailed,0,0,0,8,0,0
learns,0,0,0,4,6,0
activities,0,0,0,1,0,0
essayed,0,0,0,3,0,0
exclaiming,0,0,0,6,1,0
restores,0,0,0,3,1,0
gains,0,0,0,4,8,0
chills,0,0,0,3,0,0
chatter,0,0,0,2,0,0
dislocate,0,0,0,1,0,0
pervade,0,0,0,1,0,0
priceless,0,0,0,2,0,0
grants,0,0,0,3,0,0
unrestricted,0,0,0,1,0,0
injected,0,0,0,1,0,0
forsake,0,0,0,3,1,0
succor,0,0,0,4,0,0
flecked,0,0,0,1,0,0
stiffened,0,0,0,8,0,0
administering,0,0,0,2,0,0
pried,0,0,0,1,0,0
galvanic,0,0,0,1,0,0
shriek,0,0,0,6,0,0
immobility,0,0,0,2,0,0
pulsation,0,0,0,4,0,0
glazed,0,0,0,1,0,0
paled,0,0,0,1,0,0
pre,0,0,0,3,6,0
subterraneous,0,0,0,3,0,0
expense,0,0,0,6,2,0
venturing,0,0,0,4,0,0
analyzed,0,0,0,1,1,0
nonchalant,0,0,0,1,0,0
persisting,0,0,0,1,1,0
brazier,0,0,0,3,0,0
crackling,0,0,0,3,0,0
intractable,0,0,0,1,2,0
monomania,0,0,0,1,0,0
prescription,0,0,0,5,0,0
interred,0,0,0,4,0,0
newest,0,0,0,1,1,0
footfall,0,0,0,1,0,0
hy,0,0,0,2,0,0
res,0,0,0,7,0,0
requiem,0,0,0,1,0,0
impiety,0,0,0,1,9,0
pervasive,0,0,0,1,0,0
intimately,0,0,0,1,0,0
nothingness,0,0,0,1,0,0
strangle,0,0,0,3,0,0
reconsider,0,0,0,1,0,0
sewed,0,0,0,2,0,0
mischance,0,0,0,3,0,0
diggers,0,0,0,6,0,1
profiting,0,0,0,2,0,0
misanthropy,0,0,0,3,0,0
adds,0,0,0,2,5,0
mistral,0,0,0,3,0,0
bearers,0,0,0,2,1,0
pavement,0,0,0,9,0,0
digger,0,0,0,4,0,0
curdle,0,0,0,1,0,0
immersion,0,0,0,1,0,0
tempestuous,0,0,0,3,0,0
feat,0,0,0,3,1,0
unanimously,0,0,0,1,0,0
planier,0,0,0,2,0,0
listlessness,0,0,0,1,0,0
sported,0,0,0,2,0,0
relentless,0,0,0,1,0,0
pursuer,0,0,0,1,0,0
clogged,0,0,0,2,0,0
scanned,0,0,0,1,0,0
exhausting,0,0,0,2,0,0
recuperation,0,0,0,1,0,0
cramp,0,0,0,1,0,0
seizes,0,0,0,3,1,0
combustion,0,0,0,1,0,0
chaotic,0,0,0,1,1,0
arid,0,0,0,1,0,0
moorings,0,0,0,1,0,0
rainwater,0,0,0,1,0,0
rive,0,0,0,1,0,0
croiselle,0,0,0,1,0,0
firmament,0,0,0,4,0,0
crests,0,0,0,1,0,0
dominate,0,0,0,1,0,0
lateen,0,0,0,1,0,0
gull,0,0,0,3,0,0
tartan,0,0,0,10,0,0
prow,0,0,0,2,1,0
cleaving,0,0,0,4,0,0
tacking,0,0,0,2,0,0
calaseraigne,0,0,0,1,0,0
neared,0,0,0,2,0,0
tacks,0,0,0,1,0,0
vigorously,0,0,0,1,1,0
flexibility,0,0,0,1,0,0
woollen,0,0,0,2,0,0
gourd,0,0,0,3,0,0
friction,0,0,0,2,1,0
maltese,0,0,0,8,0,0
syracuse,0,0,0,1,0,0
wreckage,0,0,0,1,0,0
brigand,0,0,0,10,0,0
grotto,0,0,0,40,0,0
expires,0,0,0,1,0,0
harbors,0,0,0,2,0,0
hinders,0,0,0,1,0,0
doubtingly,0,0,0,1,0,0
jacopo,0,0,0,45,0,0
hollo,0,0,0,1,0,0
bastion,0,0,0,2,0,0
fastest,0,0,0,1,0,0
stitch,0,0,0,1,0,0
jeune,0,0,0,18,0,0
interpreters,0,0,0,1,0,0
troublesome,0,0,0,11,8,0
indiscreet,0,0,0,6,1,0
facilities,0,0,0,1,1,0
seaports,0,0,0,1,0,0
smuggler,0,0,0,13,0,0
worthies,0,0,0,2,0,0
skilful,0,0,0,16,10,0
plume,0,0,0,3,0,0
salutes,0,0,0,2,1,0
artillery,0,0,0,2,0,1
recruit,0,0,0,1,0,0
pump,0,0,0,2,0,0
extracted,0,0,0,2,0,0
malta,0,0,0,9,0,0
stoutly,0,0,0,1,1,0
demeanor,0,0,0,8,0,0
dissimulation,0,0,0,3,0,0
shrewd,0,0,0,1,1,0
barber,0,0,0,5,0,0
ferdinand,0,0,0,2,0,0
titian,0,0,0,1,0,0
portraits,0,0,0,3,2,0
transformation,0,0,0,5,0,0
anticipates,0,0,0,1,1,0
oval,0,0,0,2,0,0
lengthened,0,0,0,1,0,0
encircled,0,0,0,12,0,0
elegance,0,0,0,8,0,0
muscular,0,0,0,3,1,0
hyena,0,0,0,1,0,0
retaining,0,0,0,5,2,0
metamorphosis,0,0,0,2,0,0
tangled,0,0,0,1,1,0
seabrine,0,0,0,1,0,0
muslins,0,0,0,2,0,0
cottons,0,0,0,2,0,0
excise,0,0,0,2,0,0
gorgone,0,0,0,1,0,0
paoli,0,0,0,1,0,0
morn,0,0,0,1,0,0
aleria,0,0,0,1,0,0
coasted,0,0,0,1,0,0
streamer,0,0,0,1,0,0
culverins,0,0,0,1,0,0
ounce,0,0,0,1,0,0
shallops,0,0,0,1,0,0
acknowledgement,0,0,0,1,0,0
shallop,0,0,0,1,0,0
eighty,0,0,0,13,0,0
sardinia,0,0,0,3,0,0
duchy,0,0,0,1,0,0
lucca,0,0,0,12,0,0
havana,0,0,0,3,0,0
malaga,0,0,0,5,0,0
affray,0,0,0,1,0,0
petrifying,0,0,0,1,0,0
pangloss,0,0,0,1,0,0
herbs,0,0,0,5,1,0
sardinian,0,0,0,3,0,0
indignantly,0,0,0,1,1,0
helmsman,0,0,0,2,0,0
variations,0,0,0,2,2,0
coaster,0,0,0,1,0,0
masonic,0,0,0,2,0,0
piastres,0,0,0,26,0,0
rack,0,0,0,2,2,0
devise,0,0,0,2,2,0
del,0,0,0,32,0,0
oglio,0,0,0,1,0,0
congregate,0,0,0,1,1,0
maritime,0,0,0,1,0,0
bourse,0,0,0,7,0,0
traders,0,0,0,1,5,1
diverging,0,0,0,1,0,0
carpets,0,0,0,5,0,0
stuffs,0,0,0,4,0,0
cashmeres,0,0,0,1,0,0
heathen,0,0,0,2,1,0
olympus,0,0,0,3,0,0
mercury,0,0,0,2,2,0
robbers,0,0,0,6,5,0
jumbled,0,0,0,1,0,0
lingua,0,0,0,1,0,0
franca,0,0,0,1,0,0
enterprises,0,0,0,4,1,0
grottos,0,0,0,9,0,0
emeralds,0,0,0,4,0,0
panels,0,0,0,4,0,0
rubies,0,0,0,6,0,0
stalactites,0,0,0,1,0,0
filter,0,0,0,1,0,0
wonderstruck,0,0,0,1,0,0
receded,0,0,0,1,0,0
labyrinth,0,0,0,4,0,0
ali,0,0,0,173,0,0
baba,0,0,0,3,0,0
genii,0,0,0,3,0,0
bunks,0,0,0,1,0,0
contentedly,0,0,0,1,0,0
illusions,0,0,0,4,2,2
mareciana,0,0,0,1,0,0
shorten,0,0,0,2,0,0
gamester,0,0,0,2,0,0
lucius,0,0,0,1,0,0
silvered,0,0,0,2,0,0
pelion,0,0,0,1,0,0
evoke,0,0,0,1,0,0
unchanging,0,0,0,1,0,0
preoccupation,0,0,0,5,0,0
glimmerings,0,0,0,1,0,0
gayety,0,0,0,7,0,0
fowling,0,0,0,3,0,0
pulciano,0,0,0,1,0,0
marksman,0,0,0,3,0,0
richer,0,0,0,3,3,0
sultans,0,0,0,2,0,0
nabobs,0,0,0,1,0,0
contemptible,0,0,0,2,1,0
compulsion,0,0,0,1,4,0
unerring,0,0,0,2,3,0
limiting,0,0,0,1,0,0
encrusts,0,0,0,1,0,0
substances,0,0,0,6,1,0
mossy,0,0,0,2,0,0
invests,0,0,0,1,1,0
tufts,0,0,0,1,0,0
myrtle,0,0,0,4,2,0
fondest,0,0,0,1,0,0
burying,0,0,0,3,0,0
solidly,0,0,0,1,0,0
retraced,0,0,0,1,1,0
boldness,0,0,0,3,0,0
prone,0,0,0,1,1,0
declivity,0,0,0,3,0,0
savory,0,0,0,1,0,0
tars,0,0,0,1,0,0
ceremonious,0,0,0,4,0,0
fr,0,0,0,3,0,0
jus,0,0,0,1,0,0
infraction,0,0,0,1,0,0
kids,0,0,0,4,0,0
pickaxe,0,0,0,17,0,0
baldi,0,0,0,1,0,0
bruises,0,0,0,1,0,0
gracefully,0,0,0,11,0,0
fowl,0,0,0,26,0,0
myrtles,0,0,0,3,0,0
sesame,0,0,0,2,0,0
meridian,0,0,0,2,0,0
scorching,0,0,0,3,3,0
sensible,0,0,0,3,11,0
grasshoppers,0,0,0,1,0,0
chirped,0,0,0,1,0,0
olive,0,0,0,5,0,0
rustled,0,0,0,1,0,0
lizards,0,0,0,3,0,0
hues,0,0,0,5,0,0
associations,0,0,0,1,3,1
genoa,0,0,0,7,0,0
brigantine,0,0,0,1,0,0
bonifacio,0,0,0,1,0,0
fringe,0,0,0,2,0,0
cautious,0,0,0,3,2,0
adroitly,0,0,0,1,0,0
nymph,0,0,0,1,0,0
clew,0,0,0,3,0,0
dalian,0,0,0,1,0,0
barque,0,0,0,1,0,0
notches,0,0,0,1,0,0
orifice,0,0,0,2,0,0
weeds,0,0,0,6,1,0
cemented,0,0,0,5,0,0
insert,0,0,0,3,2,0
hercules,0,0,0,3,0,0
saltpetre,0,0,0,1,0,0
intrepid,0,0,0,5,1,0
seeker,0,0,0,1,1,0
titans,0,0,0,2,0,0
uprooted,0,0,0,1,0,0
hurl,0,0,0,2,0,0
breaks,0,0,0,1,8,3
plunderer,0,0,0,1,0,0
bandit,0,0,0,44,0,0
alaric,0,0,0,1,0,0
artichoke,0,0,0,1,0,0
replacing,0,0,0,3,0,0
bluish,0,0,0,2,0,0
interstices,0,0,0,4,0,0
tendrils,0,0,0,1,0,0
creepers,0,0,0,1,0,0
habituated,0,0,0,3,2,0
fallacious,0,0,0,2,3,0
masked,0,0,0,5,0,0
perception,0,0,0,4,12,0
consoling,0,0,0,3,0,0
stucco,0,0,0,3,0,0
arabesques,0,0,0,3,0,0
someway,0,0,0,1,0,0
discouragement,0,0,0,1,0,0
feather,0,0,0,1,1,0
casket,0,0,0,12,0,0
resinous,0,0,0,1,0,0
coffer,0,0,0,5,0,0
untarnished,0,0,0,2,0,0
viz,0,0,0,1,4,1
successively,0,0,0,8,1,0
padlocks,0,0,0,1,0,0
commonest,0,0,0,1,0,0
padlock,0,0,0,2,0,0
vertigo,0,0,0,2,0,0
compartments,0,0,0,2,0,0
unpolished,0,0,0,1,0,0
transient,0,0,0,1,2,0
effigies,0,0,0,1,0,0
predecessors,0,0,0,1,3,0
complement,0,0,0,1,0,3
intrinsic,0,0,0,1,0,0
surveyed,0,0,0,4,0,0
heaping,0,0,0,2,0,0
crumbling,0,0,0,2,0,0
watering,0,0,0,2,1,0
plantations,0,0,0,1,0,0
cravings,0,0,0,1,0,0
handling,0,0,0,1,0,0
fared,0,0,0,1,0,0
toulon,0,0,0,11,0,0
evade,0,0,0,2,0,0
regrets,0,0,0,4,2,0
faintest,0,0,0,2,0,0
enumeration,0,0,0,2,0,0
jew,0,0,0,4,0,0
per,0,0,0,28,0,0
cent,0,0,0,10,0,0
accompanying,0,0,0,5,1,0
donation,0,0,0,1,0,0
requisites,0,0,0,1,0,0
outfit,0,0,0,1,0,0
legacy,0,0,0,2,0,0
importune,0,0,0,1,0,0
adieus,0,0,0,1,0,0
gratuity,0,0,0,1,0,0
yacht,0,0,0,34,0,0
excelled,0,0,0,2,0,0
builders,0,0,0,1,1,0
capability,0,0,0,1,0,0
parlor,0,0,0,7,0,0
shipbuilder,0,0,0,3,0,0
providing,0,0,0,4,2,0
divisions,0,0,0,1,25,1
furnishing,0,0,0,4,0,0
afterward,0,0,0,1,0,0
shipbuilding,0,0,0,1,0,0
bets,0,0,0,1,0,0
uvring,0,0,0,1,0,0
horseman,0,0,0,1,4,0
conversant,0,0,0,4,0,0
augment,0,0,0,4,0,0
signified,0,0,0,14,0,1
navigating,0,0,0,1,0,0
divulging,0,0,0,1,0,0
recognition,0,0,0,4,3,2
deputed,0,0,0,4,0,0
passport,0,0,0,18,0,0
debarkation,0,0,0,2,0,0
testing,0,0,0,1,2,0
propounded,0,0,0,1,0,0
rewarding,0,0,0,1,0,0
receding,0,0,0,2,0,0
nabob,0,0,0,7,0,0
pregnant,0,0,0,1,1,0
remembrances,0,0,0,4,0,0
vehicles,0,0,0,1,1,0
oft,0,0,0,1,1,0
concierge,0,0,0,34,0,0
inducing,0,0,0,1,0,0
tenants,0,0,0,3,0,0
antiquated,0,0,0,2,0,2
occupants,0,0,0,8,0,0
immovable,0,0,0,6,2,0
sacredness,0,0,0,1,6,0
bellegarde,0,0,0,7,0,0
beaucaire,0,0,0,21,0,0
wilmore,0,0,0,34,0,0
notary,0,0,0,94,0,0
augmentation,0,0,0,1,0,1
neighborhood,0,0,0,12,1,0
climax,0,0,0,2,0,0
seines,0,0,0,1,0,0
recipients,0,0,0,1,0,0
munificent,0,0,0,1,0,0
midway,0,0,0,2,2,0
representation,0,0,0,2,9,0
rh,0,0,0,8,0,0
dingy,0,0,0,1,0,0
olives,0,0,0,1,2,0
stunted,0,0,0,1,0,0
fig,0,0,0,3,0,0
tomatoes,0,0,0,1,0,0
eschalots,0,0,0,1,0,0
unattractive,0,0,0,1,1,0
flexible,0,0,0,3,0,0
sub,0,0,0,5,0,0
durance,0,0,0,1,2,0
stalks,0,0,0,1,1,0
wheat,0,0,0,3,2,0
agriculturists,0,0,0,1,0,0
practicable,0,0,0,3,2,0
stalk,0,0,0,1,0,0
grasshopper,0,0,0,1,0,0
passers,0,0,0,2,5,0
egyptian,0,0,0,3,2,1
strident,0,0,0,1,0,0
chambermaid,0,0,0,2,0,0
trinette,0,0,0,1,0,0
hostler,0,0,0,1,0,0
pecaud,0,0,0,1,0,0
canal,0,0,0,7,0,0
aiguemortes,0,0,0,2,0,0
revolutionized,0,0,0,1,1,0
substituting,0,0,0,1,0,0
innkeeper,0,0,0,24,0,0
depleted,0,0,0,1,0,0
hooked,0,0,0,2,1,0
carnivorous,0,0,0,1,1,0
stationing,0,0,0,1,0,0
meridional,0,0,0,1,0,0
muleteers,0,0,0,1,0,0
gaspard,0,0,0,12,0,0
madeleine,0,0,0,10,0,0
radelle,0,0,0,2,0,0
arles,0,0,0,6,0,0
proverbial,0,0,0,2,3,0
devastating,0,0,0,1,0,0
ponds,0,0,0,1,0,0
camargue,0,0,0,1,0,0
murmurs,0,0,0,3,0,0
helpmate,0,0,0,1,0,0
invectives,0,0,0,1,0,0
unvarying,0,0,0,1,1,0
carconte,0,0,0,50,0,0
sobriquet,0,0,0,1,0,0
lambesc,0,0,0,1,0,0
styling,0,0,0,2,0,0
distinctive,0,0,0,2,1,3
appellation,0,0,0,8,0,0
euphonious,0,0,0,1,0,0
guttural,0,0,0,1,0,0
writhe,0,0,0,1,0,0
peevish,0,0,0,1,0,0
addicted,0,0,0,1,0,0
andalusians,0,0,0,1,0,0
arabia,0,0,0,4,0,0
necklaces,0,0,0,2,1,0
scarves,0,0,0,2,0,0
bodices,0,0,0,1,0,0
vests,0,0,0,1,0,0
elegantly,0,0,0,5,0,0
gaiters,0,0,0,2,0,0
buckles,0,0,0,5,0,0
pristine,0,0,0,2,0,0
splendor,0,0,0,17,0,0
participation,0,0,0,4,1,0
pomps,0,0,0,1,0,0
vanities,0,0,0,1,1,0
revellers,0,0,0,1,0,0
hostelry,0,0,0,1,0,0
industriously,0,0,0,1,0,0
palate,0,0,0,2,0,0
bordered,0,0,0,8,0,0
uninviting,0,0,0,1,1,0
sahara,0,0,0,1,0,0
ambled,0,0,0,1,0,0
dismounting,0,0,0,1,0,0
steed,0,0,0,2,0,0
bridle,0,0,0,4,5,0
availing,0,0,0,7,0,0
shod,0,0,0,1,1,0
snarling,0,0,0,1,0,0
footstep,0,0,0,5,0,0
margotin,0,0,0,2,0,0
bites,0,0,0,2,0,0
pardons,0,0,0,4,0,0
worded,0,0,0,2,0,0
surname,0,0,0,2,0,0
cahors,0,0,0,1,0,0
animosity,0,0,0,1,0,0
refreshments,0,0,0,2,1,0
skinny,0,0,0,1,0,0
furnishings,0,0,0,5,0,0
questioner,0,0,0,2,0,0
dilate,0,0,0,4,1,0
felons,0,0,0,1,0,0
brimstone,0,0,0,1,0,0
envied,0,0,0,1,0,0
scrutinizing,0,0,0,10,0,0
administer,0,0,0,3,1,0
consolations,0,0,0,2,0,0
thirtieth,0,0,0,2,0,0
crucified,0,0,0,1,1,0
redeemer,0,0,0,1,0,0
estimated,0,0,0,4,2,0
location,0,0,0,1,0,0
shagreen,0,0,0,5,0,0
workmanship,0,0,0,2,2,0
executor,0,0,0,1,0,0
unfeignedly,0,0,0,1,0,0
bequest,0,0,0,1,0,0
ejaculated,0,0,0,4,0,0
gastro,0,0,0,1,0,0
enteritis,0,0,0,1,0,0
vilest,0,0,0,1,3,0
houseless,0,0,0,1,0,0
pitying,0,0,0,2,1,0
christians,0,0,0,5,4,0
foregoing,0,0,0,1,0,0
candidly,0,0,0,9,0,0
wretches,0,0,0,5,2,0
afflictions,0,0,0,4,0,0
instrumentality,0,0,0,1,0,0
irritated,0,0,0,7,2,0
covets,0,0,0,1,0,0
malediction,0,0,0,2,0,0
imbecile,0,0,0,1,1,0
traitors,0,0,0,2,0,0
chimed,0,0,0,2,0,0
scruples,0,0,0,10,0,0
dispose,0,0,0,12,0,0
sacrilegious,0,0,0,3,0,0
cassock,0,0,0,3,0,0
flooring,0,0,0,6,0,0
testator,0,0,0,8,0,0
cupidity,0,0,0,4,0,0
stealthily,0,0,0,3,0,0
narrator,0,0,0,4,2,0
enacting,0,0,0,1,1,0
tips,0,0,0,1,0,0
cabaret,0,0,0,1,0,0
canter,0,0,0,1,0,0
jesuits,0,0,0,1,0,0
risks,0,0,0,4,1,0
inflammation,0,0,0,2,0,0
bowels,0,0,0,1,0,0
resisted,0,0,0,2,1,0
delinquent,0,0,0,2,0,0
twas,0,0,0,2,0,0
overshot,0,0,0,1,0,0
accomplice,0,0,0,11,0,0
preys,0,0,0,1,0,0
expiating,0,0,0,1,0,0
pardoned,0,0,0,4,1,0
pensively,0,0,0,1,0,0
interceded,0,0,0,1,0,0
mantelpiece,0,0,0,3,0,0
dishonor,0,0,0,10,0,0
bankruptcy,0,0,0,6,0,0
cochineal,0,0,0,2,0,0
indigo,0,0,0,3,0,0
wed,0,0,0,2,0,0
augments,0,0,0,1,0,0
recompenses,0,0,0,1,1,0
destitution,0,0,0,1,0,0
instigator,0,0,0,1,0,0
cashier,0,0,0,8,0,0
commissariat,0,0,0,2,0,0
speculated,0,0,0,3,0,0
quadrupled,0,0,0,1,0,0
widower,0,0,0,1,0,0
nargonne,0,0,0,5,0,0
servieux,0,0,0,2,0,0
millionaire,0,0,0,13,0,0
stables,0,0,0,10,0,0
footmen,0,0,0,4,0,0
strongbox,0,0,0,1,0,0
fisher,0,0,0,1,0,0
staggers,0,0,0,1,0,0
drafted,0,0,0,1,0,0
levy,0,0,0,1,0,0
ligny,0,0,0,1,0,0
martialed,0,0,0,1,0,0
epaulet,0,0,0,2,0,0
spaniard,0,0,0,4,0,0
pledges,0,0,0,1,0,0
trocadero,0,0,0,1,0,0
colonel,0,0,0,7,0,0
athens,0,0,0,2,11,0
volunteer,0,0,0,1,0,0
morcerf,0,0,0,385,0,0
pasha,0,0,0,32,0,0
gazetted,0,0,0,1,0,0
owns,0,0,0,2,0,0
helder,0,0,0,13,0,0
propitiate,0,0,0,1,1,0
infidelity,0,0,0,3,0,0
frailty,0,0,0,1,0,0
bridegrooms,0,0,0,1,2,0
perpignan,0,0,0,1,0,0
albert,0,0,0,780,0,0
loveliest,0,0,0,1,2,0
waxing,0,0,0,1,3,0
countess,0,0,0,133,0,0
chambre,0,0,0,25,0,0
reposes,0,0,0,2,0,0
remembers,0,0,0,4,2,0
runners,0,0,0,1,1,0
shelf,0,0,0,1,0,0
testament,0,0,0,2,2,0
blockhead,0,0,0,2,0,0
jewellers,0,0,0,3,0,0
nankeen,0,0,0,2,0,0
thomson,0,0,0,40,0,0
thereabouts,0,0,0,1,0,0
loaned,0,0,0,1,0,0
securities,0,0,0,2,0,1
bankruptcies,0,0,0,2,0,0
creditor,0,0,0,5,0,0
finances,0,0,0,2,0,0
scrupulous,0,0,0,5,0,0
punctuality,0,0,0,13,0,0
boville,0,0,0,35,0,0
nouailles,0,0,0,1,0,0
accosted,0,0,0,3,0,0
payable,0,0,0,11,0,0
payments,0,0,0,3,0,0
punctually,0,0,0,3,0,0
suspension,0,0,0,1,0,0
inspires,0,0,0,3,1,0
discount,0,0,0,2,0,0
assignment,0,0,0,4,0,0
brokerage,0,0,0,1,0,0
departures,0,0,0,1,0,0
emissaries,0,0,0,1,0,0
survivor,0,0,0,2,0,0
accelerating,0,0,0,1,0,0
disembarrassed,0,0,0,1,0,0
humor,0,0,0,11,0,0
inherit,0,0,0,7,0,0
attested,0,0,0,2,0,0
certificates,0,0,0,1,0,0
indisputable,0,0,0,1,0,0
inveterate,0,0,0,2,1,0
drapeau,0,0,0,1,0,0
postmark,0,0,0,1,0,0
therein,0,0,0,1,3,0
cash,0,0,0,13,0,2
permeates,0,0,0,1,1,0
clerks,0,0,0,8,0,0
echoing,0,0,0,1,0,0
porters,0,0,0,1,0,0
cocles,0,0,0,37,0,0
nickname,0,0,0,1,1,0
hive,0,0,0,1,6,0
arithmetic,0,0,0,4,12,0
exactitude,0,0,0,6,0,0
overbalance,0,0,0,1,0,0
cashiers,0,0,0,1,0,0
eulogium,0,0,0,1,0,0
bruited,0,0,0,1,0,0
calcutta,0,0,0,3,0,0
emmanuel,0,0,0,88,0,0
julie,0,0,0,83,0,0
liabilities,0,0,0,2,0,0
fiftieth,0,0,0,1,0,0
furrows,0,0,0,2,0,0
bills,0,0,0,18,0,0
holders,0,0,0,3,0,0
turner,0,0,0,1,1,0
probity,0,0,0,4,0,0
dishonored,0,0,0,10,0,0
straightforward,0,0,0,2,0,0
habituate,0,0,0,5,0,0
suspend,0,0,0,2,0,0
correspondents,0,0,0,6,0,0
adheres,0,0,0,1,0,0
belvedere,0,0,0,1,0,0
gironde,0,0,0,2,0,0
tremblingly,0,0,0,4,0,0
strikest,0,0,0,1,0,0
penelon,0,0,0,31,0,0
bronzed,0,0,0,3,0,0
twirling,0,0,0,2,0,0
palma,0,0,0,3,0,0
juice,0,0,0,1,0,0
boyador,0,0,0,1,0,0
gaumard,0,0,0,5,0,0
studding,0,0,0,1,0,0
squall,0,0,0,1,0,0
montredon,0,0,0,1,0,0
luckily,0,0,0,2,0,0
reefs,0,0,0,2,0,0
bowlin,0,0,0,1,0,0
tackles,0,0,0,1,0,0
furled,0,0,0,2,0,0
sonorous,0,0,0,9,0,0
criticized,0,0,0,1,0,0
uvres,0,0,0,2,0,0
pitching,0,0,0,1,1,0
pumps,0,0,0,1,0,0
pumped,0,0,0,1,0,0
signals,0,0,0,10,0,0
scud,0,0,0,1,0,0
spectator,0,0,0,5,9,0
unmerited,0,0,0,2,0,0
creditors,0,0,0,3,0,0
phlegm,0,0,0,1,2,0
rouleau,0,0,0,2,0,0
extension,0,0,0,1,1,2
engagements,0,0,0,5,0,0
solvent,0,0,0,3,0,0
cancelled,0,0,0,2,0,0
obligations,0,0,0,7,0,0
negotiate,0,0,0,2,0,0
bashfulness,0,0,0,1,0,0
mailcoach,0,0,0,1,0,0
drafts,0,0,0,2,0,0
humiliation,0,0,0,4,0,0
mes,0,0,0,21,0,0
impended,0,0,0,1,0,0
polytechnic,0,0,0,2,0,0
observance,0,0,0,2,1,0
stoic,0,0,0,2,1,0
epithet,0,0,0,1,2,0
ledgers,0,0,0,3,0,0
receivable,0,0,0,1,0,0
semaphore,0,0,0,1,0,0
mindful,0,0,0,1,0,0
encircle,0,0,0,1,0,0
netted,0,0,0,2,0,0
peruse,0,0,0,1,0,0
mus,0,0,0,2,0,0
bankrupt,0,0,0,8,0,0
anteroom,0,0,0,13,0,0
washes,0,0,0,2,1,0
epaulets,0,0,0,4,0,0
courageously,0,0,0,1,1,0
fructify,0,0,0,1,0,0
secretaire,0,0,0,19,0,0
redoubt,0,0,0,1,0,0
preferable,0,0,0,1,1,0
revelations,0,0,0,1,1,0
illogical,0,0,0,1,0,0
plausible,0,0,0,1,0,0
hazel,0,0,0,2,0,0
clued,0,0,0,1,0,0
corroborate,0,0,0,1,0,0
witnessing,0,0,0,5,0,0
cordially,0,0,0,3,0,0
expand,0,0,0,2,1,0
viscount,0,0,0,61,0,0
franz,0,0,0,571,0,0
pinay,0,0,0,85,0,0
cicerone,0,0,0,15,0,0
inconsiderable,0,0,0,1,0,0
piazza,0,0,0,26,0,0
popolo,0,0,0,24,0,0
campo,0,0,0,2,0,0
vaccino,0,0,0,2,0,0
signor,0,0,0,72,0,0
pastrini,0,0,0,66,0,0
tel,0,0,0,25,0,0
londres,0,0,0,8,0,0
di,0,0,0,18,0,0
spagna,0,0,0,5,0,0
diem,0,0,0,1,0,0
cascine,0,0,0,1,0,0
florentine,0,0,0,1,0,0
sailboat,0,0,0,1,0,0
disembarked,0,0,0,2,0,0
marciana,0,0,0,1,0,0
abounded,0,0,0,2,0,0
excellency,0,0,0,215,0,0
browsing,0,0,0,1,0,0
quarantine,0,0,0,2,0,0
chorused,0,0,0,1,0,0
gaetano,0,0,0,40,0,0
algiers,0,0,0,5,0,0
regency,0,0,0,1,0,0
romances,0,0,0,3,0,0
marryat,0,0,0,1,0,0
exterminated,0,0,0,2,0,0
leo,0,0,0,1,0,0
charg,0,0,0,1,0,0
affaires,0,0,0,1,0,0
velletri,0,0,0,2,0,0
bastia,0,0,0,5,0,0
foundered,0,0,0,1,0,0
plunder,0,0,0,3,2,0
chopped,0,0,0,1,0,0
rushes,0,0,0,2,1,0
spouting,0,0,0,1,0,0
spins,0,0,0,1,0,0
reaches,0,0,0,2,6,0
strategy,0,0,0,1,0,0
sicily,0,0,0,4,3,0
calabria,0,0,0,1,0,0
adamastor,0,0,0,1,0,0
intercepting,0,0,0,1,0,0
voyagers,0,0,0,1,0,0
lynx,0,0,0,1,0,0
meteor,0,0,0,3,0,0
indicates,0,0,0,5,3,0
vest,0,0,0,6,0,0
noiselessly,0,0,0,6,0,0
luminous,0,0,0,4,2,0
carbineers,0,0,0,9,0,0
costs,0,0,0,2,0,0
impenetrably,0,0,0,1,0,0
freemasons,0,0,0,1,0,0
nestor,0,0,0,2,0,0
ulysses,0,0,0,2,0,0
exhort,0,0,0,1,0,0
roasting,0,0,0,2,0,0
incognito,0,0,0,5,0,0
transmitted,0,0,0,5,0,0
disembarkment,0,0,0,1,0,0
mutually,0,0,0,2,0,0
accommodi,0,0,0,2,0,0
untranslatable,0,0,0,1,0,0
moli,0,0,0,4,0,0
bourgeois,0,0,0,1,0,101
dandy,0,0,0,5,0,0
moored,0,0,0,1,0,0
bivouac,0,0,0,2,0,0
esplanade,0,0,0,1,0,0
cinders,0,0,0,1,0,0
tempts,0,0,0,1,0,0
diplomat,0,0,0,2,0,0
inhaling,0,0,0,2,0,0
blindfolded,0,0,0,6,0,0
pitti,0,0,0,1,0,0
reseating,0,0,0,1,0,0
cama,0,0,0,1,0,0
vowing,0,0,0,1,0,0
plundering,0,0,0,1,0,0
plucking,0,0,0,4,1,0
appetizing,0,0,0,1,0,0
odor,0,0,0,6,0,0
perfumed,0,0,0,7,0,0
tunisian,0,0,0,1,0,0
tassel,0,0,0,1,0,0
pantaloons,0,0,0,4,0,0
cashmere,0,0,0,7,0,0
cangiar,0,0,0,1,0,0
pertain,0,0,0,1,0,0
entombed,0,0,0,1,0,0
brocade,0,0,0,1,0,0
divan,0,0,0,9,0,0
scabbards,0,0,0,1,0,0
venetian,0,0,0,10,0,0
instep,0,0,0,1,0,0
tapestry,0,0,0,9,0,0
apologies,0,0,0,2,0,1
raoul,0,0,0,3,0,0
huguenots,0,0,0,1,0,0
lucullus,0,0,0,4,0,0
hermitage,0,0,0,1,0,0
nubian,0,0,0,19,0,0
ebony,0,0,0,2,0,0
tunic,0,0,0,3,0,0
aladdin,0,0,0,5,0,0
amphitryon,0,0,0,1,0,0
bas,0,0,0,1,0,0
reliefs,0,0,0,1,2,0
oblong,0,0,0,2,8,0
statues,0,0,0,13,4,0
baskets,0,0,0,6,0,0
pomegranates,0,0,0,1,0,0
oranges,0,0,0,2,0,0
balearic,0,0,0,1,0,0
isles,0,0,0,1,0,0
peaches,0,0,0,3,0,0
tunis,0,0,0,7,0,0
pheasant,0,0,0,1,0,0
garnished,0,0,0,1,1,0
blackbirds,0,0,0,1,0,0
boar,0,0,0,1,0,0
jelly,0,0,0,1,0,0
tartar,0,0,0,2,0,0
turbot,0,0,0,1,0,0
lobster,0,0,0,1,0,0
dainties,0,0,0,2,1,0
bey,0,0,0,4,0,0
barreled,0,0,0,1,0,0
yataghan,0,0,0,2,0,0
ferocity,0,0,0,2,2,0
inquiringly,0,0,0,7,0,0
delivering,0,0,0,4,1,0
dispensing,0,0,0,1,1,0
appert,0,0,0,1,0,0
dessert,0,0,0,4,1,0
paste,0,0,0,1,0,0
vase,0,0,0,4,0,0
ambrosia,0,0,0,2,0,0
hebe,0,0,0,1,0,0
composition,0,0,0,4,5,0
substantials,0,0,0,1,0,0
realms,0,0,0,2,1,0
greatnesses,0,0,0,1,0,0
lauded,0,0,0,1,0,0
teaspoonful,0,0,0,2,0,0
sweetmeat,0,0,0,2,0,0
auguste,0,0,0,1,0,0
hassen,0,0,0,1,0,0
sabah,0,0,0,1,0,0
pavilions,0,0,0,4,0,0
marco,0,0,0,1,0,0
polo,0,0,0,1,0,0
virgins,0,0,0,3,0,0
enthralling,0,0,0,2,0,0
transition,0,0,0,3,6,0
hashish,0,0,0,15,0,0
unadulterated,0,0,0,1,1,0
abou,0,0,0,1,0,0
gor,0,0,0,1,0,0
exaggeration,0,0,0,3,4,0
eulogies,0,0,0,2,0,0
visionary,0,0,0,4,1,0
neapolitan,0,0,0,5,0,0
lapland,0,0,0,1,0,0
palatable,0,0,0,1,0,0
sublimity,0,0,0,4,1,0
flavors,0,0,0,1,0,0
truffles,0,0,0,1,0,0
sundry,0,0,0,3,1,0
pheasants,0,0,0,2,0,0
assaf,0,0,0,1,0,0
tida,0,0,0,1,0,0
chinese,0,0,0,5,0,2
swallows,0,0,0,3,1,0
nests,0,0,0,2,1,0
distasteful,0,0,0,2,0,0
downy,0,0,0,3,0,0
maned,0,0,0,1,0,0
bengal,0,0,0,2,0,0
siberia,0,0,0,1,0,0
chibouques,0,0,0,5,0,0
jasmine,0,0,0,1,0,0
tubes,0,0,0,2,0,0
amber,0,0,0,2,0,0
mouthpieces,0,0,0,1,0,0
smoker,0,0,0,2,0,0
orientals,0,0,0,5,0,0
cairo,0,0,0,5,0,0
bagdad,0,0,0,3,0,0
ispahan,0,0,0,1,0,0
unfurl,0,0,0,1,0,0
icarus,0,0,0,1,0,0
lightness,0,0,0,2,0,0
redouble,0,0,0,2,0,0
spangles,0,0,0,1,0,0
perfumes,0,0,0,8,2,0
oasis,0,0,0,1,0,0
loreley,0,0,0,1,0,0
amphion,0,0,0,1,0,0
enchanter,0,0,0,3,1,0
strains,0,0,0,2,9,0
melody,0,0,0,3,9,0
circe,0,0,0,2,0,0
attraction,0,0,0,4,3,0
poesy,0,0,0,1,1,0
phryne,0,0,0,1,0,0
cleopatra,0,0,0,3,0,0
messalina,0,0,0,1,0,0
courtesans,0,0,0,1,1,0
chaste,0,0,0,4,0,0
wantons,0,0,0,1,0,0
reposing,0,0,0,1,0,0
tunics,0,0,0,1,0,0
assuming,0,0,0,9,11,0
attitudes,0,0,0,1,0,0
withstood,0,0,0,1,0,0
lava,0,0,0,1,0,0
embraces,0,0,0,1,2,0
taxed,0,0,0,3,0,0
goddesses,0,0,0,3,2,0
bournous,0,0,0,1,0,0
heather,0,0,0,2,0,0
odoriferous,0,0,0,1,0,0
fanlight,0,0,0,1,0,0
lace,0,0,0,3,0,0
specially,0,0,0,1,4,1
illusiveness,0,0,0,1,0,0
accosting,0,0,0,1,0,0
compliments,0,0,0,10,0,0
royally,0,0,0,1,0,0
exterior,0,0,0,7,1,0
fissure,0,0,0,1,0,0
vecchio,0,0,0,5,0,0
involve,0,0,0,2,3,0
practices,0,0,0,2,5,0
inducement,0,0,0,1,1,0
detecting,0,0,0,2,0,0
douane,0,0,0,1,0,0
thronged,0,0,0,1,0,0
precedes,0,0,0,3,1,0
corpus,0,0,0,2,0,0
christi,0,0,0,3,0,0
mob,0,0,0,2,7,0
impertinence,0,0,0,7,0,0
coachmen,0,0,0,3,0,0
innkeepers,0,0,0,1,0,0
scolding,0,0,0,1,3,0
waiters,0,0,0,3,0,0
pounce,0,0,0,2,0,0
inappreciable,0,0,0,1,0,0
sicilian,0,0,0,4,3,0
aaron,0,0,0,1,0,0
lire,0,0,0,5,0,0
extras,0,0,0,1,0,0
tuesday,0,0,0,6,0,0
doria,0,0,0,1,0,0
stupefaction,0,0,0,3,0,0
gondolas,0,0,0,1,0,0
stilts,0,0,0,1,0,0
pulchinellos,0,0,0,1,0,0
landes,0,0,0,1,0,0
excellencies,0,0,0,12,0,0
parbleu,0,0,0,6,0,0
prices,0,0,0,1,0,1
affettatore,0,0,0,1,0,0
speculator,0,0,0,4,0,0
confesses,0,0,0,1,0,0
hack,0,0,0,1,0,0
laudation,0,0,0,1,0,0
porta,0,0,0,9,0,0
skirt,0,0,0,3,0,0
dulled,0,0,0,2,0,0
capitol,0,0,0,3,0,0
forum,0,0,0,1,0,0
septimus,0,0,0,1,0,0
severus,0,0,0,1,0,0
antoninus,0,0,0,1,0,0
faustina,0,0,0,1,0,0
sacra,0,0,0,1,0,0
piqued,0,0,0,4,0,0
emitting,0,0,0,2,0,0
hind,0,0,0,2,0,0
blockheads,0,0,0,1,0,0
boulevard,0,0,0,11,0,0
gand,0,0,0,3,0,0
caf,0,0,0,11,0,0
aforesaid,0,0,0,1,1,0
restaurant,0,0,0,1,0,0
musing,0,0,0,1,0,0
il,0,0,0,4,0,0
colosseo,0,0,0,1,0,0
decesaris,0,0,0,2,0,0
gasparones,0,0,0,1,0,0
forewarn,0,0,0,1,0,0
liar,0,0,0,2,0,0
veracity,0,0,0,5,0,0
prophetess,0,0,0,1,0,0
credence,0,0,0,1,0,0
mastrilla,0,0,0,1,0,0
assertions,0,0,0,4,0,0
blunderbusses,0,0,0,3,0,0
curtius,0,0,0,1,0,0
horatius,0,0,0,1,0,0
preservers,0,0,0,1,0,0
armory,0,0,0,1,0,0
terracina,0,0,0,1,0,0
aquapendente,0,0,0,3,0,0
tamely,0,0,0,1,0,0
aqueduct,0,0,0,1,0,0
corneille,0,0,0,1,0,0
lacryma,0,0,0,1,0,0
sbogar,0,0,0,1,0,0
lara,0,0,0,5,0,0
ferentino,0,0,0,1,0,0
alatri,0,0,0,1,0,0
ransom,0,0,0,15,3,0
fob,0,0,0,1,0,0
br,0,0,0,1,0,0
guet,0,0,0,1,0,0
parisian,0,0,0,37,0,0
coronet,0,0,0,3,0,0
preacher,0,0,0,1,0,0
comparison,0,0,0,7,17,0
felice,0,0,0,13,0,0
palestrina,0,0,0,9,0,0
gabri,0,0,0,1,0,0
pampinara,0,0,0,4,0,0
wool,0,0,0,1,4,1
precocity,0,0,0,1,0,0
graze,0,0,0,2,0,0
wayside,0,0,0,1,0,0
alphabets,0,0,0,1,0,0
middling,0,0,0,2,0,0
stylus,0,0,0,2,0,0
armful,0,0,0,1,0,0
domestics,0,0,0,5,0,0
pencils,0,0,0,3,0,0
giotto,0,0,0,1,0,0
carve,0,0,0,3,0,0
pinelli,0,0,0,1,0,0
sculptor,0,0,0,5,2,0
valmontone,0,0,0,2,0,0
teresa,0,0,0,69,0,0
flocks,0,0,0,3,3,0
cervetri,0,0,0,1,0,0
farms,0,0,0,1,0,0
alternating,0,0,0,1,1,0
capricious,0,0,0,5,0,0
bended,0,0,0,1,0,0
coquettish,0,0,0,5,0,0
steward,0,0,0,58,1,0
carvings,0,0,0,1,0,0
expended,0,0,0,3,0,0
hairpins,0,0,0,1,0,0
superbly,0,0,0,2,0,0
liveried,0,0,0,1,0,0
sabine,0,0,0,3,0,0
brescia,0,0,0,1,0,0
perfecting,0,0,0,1,1,0
marauding,0,0,0,1,0,0
soared,0,0,0,1,0,0
expert,0,0,0,3,1,0
exploits,0,0,0,1,1,2
abilities,0,0,0,2,0,0
admirers,0,0,0,1,2,0
adroit,0,0,0,1,0,0
contadino,0,0,0,1,0,0
sabines,0,0,0,1,0,0
intermingled,0,0,0,2,0,0
perfume,0,0,0,8,0,0
lepini,0,0,0,1,0,0
extirpated,0,0,0,1,0,0
cucumetto,0,0,0,34,0,0
abruzzo,0,0,0,1,0,0
garigliano,0,0,0,1,0,0
manfred,0,0,0,6,0,0
amasine,0,0,0,1,0,0
sonnino,0,0,0,2,0,0
juperno,0,0,0,1,0,0
gasparone,0,0,0,1,0,0
surpass,0,0,0,5,0,0
frascati,0,0,0,2,0,0
traits,0,0,0,1,1,0
ferocious,0,0,0,6,0,0
surveyor,0,0,0,1,0,0
frosinone,0,0,0,4,0,0
relieves,0,0,0,1,0,0
carlini,0,0,0,41,0,0
dragoon,0,0,0,2,0,0
lascivious,0,0,0,1,0,0
rita,0,0,0,17,0,0
messengers,0,0,0,1,1,0
civilized,0,0,0,5,16,0
supping,0,0,0,2,0,0
contributions,0,0,0,2,0,0
orvietto,0,0,0,1,0,0
lasciviousness,0,0,0,1,0,0
mattered,0,0,0,1,0,0
diavolaccio,0,0,0,7,0,0
cloaks,0,0,0,2,0,0
grouped,0,0,0,1,1,0
violated,0,0,0,1,0,0
withdrawing,0,0,0,4,1,0
pickaxes,0,0,0,1,0,0
encampment,0,0,0,1,0,0
fondi,0,0,0,1,0,0
perusia,0,0,0,1,0,0
narratives,0,0,0,1,1,0
orphans,0,0,0,6,0,0
firearms,0,0,0,2,0,0
innate,0,0,0,1,1,0
brigadier,0,0,0,19,0,0
scoured,0,0,0,1,0,0
parley,0,0,0,1,1,0
steadfast,0,0,0,3,3,0
gowns,0,0,0,1,0,0
jewellery,0,0,0,4,0,0
carmela,0,0,0,15,0,0
gayest,0,0,0,3,0,0
festa,0,0,0,2,0,0
terraces,0,0,0,3,0,0
quadrilles,0,0,0,1,0,0
pins,0,0,0,8,0,0
bodice,0,0,0,4,0,0
muslin,0,0,0,4,0,0
corset,0,0,0,1,0,0
nettuno,0,0,0,1,0,0
riccia,0,0,0,2,0,0
albano,0,0,0,4,0,0
castellana,0,0,0,2,0,0
sora,0,0,0,1,0,0
quadrille,0,0,0,6,0,0
elegant,0,0,0,18,0,0
girdles,0,0,0,1,0,0
gnawed,0,0,0,1,0,0
unwittingly,0,0,0,2,0,0
scabbard,0,0,0,1,0,0
ambitions,0,0,0,1,0,0
graces,0,0,0,7,4,0
elegancies,0,0,0,1,0,0
objecting,0,0,0,2,0,0
cavaliers,0,0,0,2,0,0
uninjured,0,0,0,1,0,0
steadfastly,0,0,0,4,0,0
necklace,0,0,0,2,2,0
tivoli,0,0,0,2,0,0
mountaineer,0,0,0,2,0,0
herdsman,0,0,0,4,0,0
servility,0,0,0,1,1,0
poniard,0,0,0,8,0,0
piastre,0,0,0,3,0,0
macedon,0,0,0,1,0,0
haughtily,0,0,0,2,0,0
cocking,0,0,0,1,0,0
nessus,0,0,0,2,0,0
deianira,0,0,0,1,0,0
overtaking,0,0,0,1,0,0
ravisher,0,0,0,2,0,0
unscathed,0,0,0,1,1,0
enamoured,0,0,0,2,1,0
shepherdess,0,0,0,2,0,0
florian,0,0,0,1,0,0
garnet,0,0,0,1,0,0
cartridge,0,0,0,1,0,0
garters,0,0,0,1,0,0
deerskin,0,0,0,1,0,0
opold,0,0,0,4,0,0
schnetz,0,0,0,1,0,0
shadowed,0,0,0,1,0,0
tufted,0,0,0,1,0,0
umbrage,0,0,0,1,0,0
avernus,0,0,0,1,0,0
rend,0,0,0,1,0,0
rocca,0,0,0,6,0,0
bianca,0,0,0,2,0,0
imitated,0,0,0,1,5,0
croak,0,0,0,1,0,0
remus,0,0,0,1,0,0
alba,0,0,0,1,0,0
ferrusino,0,0,0,1,0,0
anagni,0,0,0,1,0,0
deceased,0,0,0,5,0,0
myth,0,0,0,2,7,0
exercises,0,0,0,4,15,0
tiber,0,0,0,3,0,0
giannutri,0,0,0,1,0,0
reappears,0,0,0,1,4,0
sixtieth,0,0,0,1,0,0
forthcoming,0,0,0,2,0,0
settles,0,0,0,2,0,0
morbleu,0,0,0,2,0,0
mitigate,0,0,0,1,1,0
sistina,0,0,0,1,0,0
santa,0,0,0,2,0,0
maria,0,0,0,2,0,0
maggiore,0,0,0,2,0,0
urbana,0,0,0,1,0,0
pietro,0,0,0,1,0,0
vincoli,0,0,0,1,0,0
itinerary,0,0,0,1,0,0
amicably,0,0,0,2,0,0
deviated,0,0,0,3,0,0
philanthropic,0,0,0,4,0,0
ostia,0,0,0,3,0,0
ga,0,0,0,2,0,0
ta,0,0,0,7,0,0
entertainer,0,0,0,3,1,0
palermo,0,0,0,5,0,0
thereby,0,0,0,7,2,6
meta,0,0,0,1,0,0
sudans,0,0,0,1,0,0
abundant,0,0,0,1,0,0
martial,0,0,0,1,1,0
eulogizes,0,0,0,1,0,0
memphis,0,0,0,1,0,0
babylon,0,0,0,3,0,0
sars,0,0,0,1,0,0
incomparable,0,0,0,1,0,0
ciceronian,0,0,0,1,0,0
blindly,0,0,0,3,1,0
confidingly,0,0,0,1,0,0
excursions,0,0,0,2,0,0
flavius,0,0,0,1,0,0
vespasian,0,0,0,1,0,0
glib,0,0,0,1,0,0
loquacity,0,0,0,1,0,0
clime,0,0,0,1,2,0
reflective,0,0,0,2,0,0
porticoes,0,0,0,1,0,0
abandoning,0,0,0,2,0,0
prescriptive,0,0,0,1,0,0
gladiators,0,0,0,1,0,0
podium,0,0,0,1,0,0
jargon,0,0,0,1,0,0
vomitorium,0,0,0,1,0,0
vestal,0,0,0,2,0,0
ignes,0,0,0,1,0,0
fatui,0,0,0,1,0,0
emerging,0,0,0,2,0,0
gabble,0,0,0,1,0,0
fibrous,0,0,0,1,0,0
shoots,0,0,0,1,0,0
refulgent,0,0,0,1,0,0
cased,0,0,0,1,0,0
fashionably,0,0,0,2,0,0
transtevere,0,0,0,2,0,0
lateran,0,0,0,3,0,0
angelo,0,0,0,3,0,0
beppo,0,0,0,11,0,0
provident,0,0,0,3,0,0
entrapped,0,0,0,1,0,0
nibbling,0,0,0,1,0,0
gnaw,0,0,0,2,0,0
meshes,0,0,0,1,0,0
executions,0,0,0,3,0,0
festivals,0,0,0,2,6,0
culprits,0,0,0,6,0,0
mazzolato,0,0,0,3,0,0
decapitato,0,0,0,3,0,0
pontifical,0,0,0,2,0,0
guillotined,0,0,0,3,0,0
diversified,0,0,0,1,0,0
stilettos,0,0,0,2,0,0
convinces,0,0,0,1,0,0
advantageously,0,0,0,2,0,0
reprieve,0,0,0,3,0,0
rospoli,0,0,0,16,0,0
damasks,0,0,0,1,0,0
friar,0,0,0,2,2,0
rescuing,0,0,0,3,0,0
twere,0,0,0,1,0,0
damask,0,0,0,13,0,0
draperies,0,0,0,2,0,0
prowess,0,0,0,1,2,0
transteverin,0,0,0,5,0,0
muffling,0,0,0,1,0,0
arena,0,0,0,2,1,1
dissertation,0,0,0,3,0,0
pliny,0,0,0,2,0,0
calpurnius,0,0,0,1,0,0
unintentionally,0,0,0,2,4,0
propriety,0,0,0,5,8,0
indemnity,0,0,0,1,0,0
perplexing,0,0,0,1,1,0
tending,0,0,0,3,4,0
identity,0,0,0,6,3,0
visitant,0,0,0,2,0,0
firmer,0,0,0,3,0,1
diversion,0,0,0,1,1,0
teatro,0,0,0,4,0,0
argentina,0,0,0,10,0,0
routs,0,0,0,2,0,0
performers,0,0,0,1,0,0
parisina,0,0,0,3,0,0
actors,0,0,0,9,5,0
coselli,0,0,0,3,0,0
moriani,0,0,0,3,0,0
specchia,0,0,0,3,0,0
composer,0,0,0,3,0,0
lucia,0,0,0,2,0,0
lammermoor,0,0,0,2,0,0
vocalists,0,0,0,1,0,0
theatres,0,0,0,13,0,0
orchestras,0,0,0,1,0,0
balconies,0,0,0,5,0,0
stall,0,0,0,3,0,0
bouffes,0,0,0,1,0,0
representatives,0,0,0,1,3,0
mortifying,0,0,0,1,0,0
overrun,0,0,0,1,0,0
astonish,0,0,0,5,0,0
florentines,0,0,0,1,0,0
neapolitans,0,0,0,1,0,0
husbands,0,0,0,6,0,0
indemnify,0,0,0,1,0,0
indifferences,0,0,0,1,0,0
rigidity,0,0,0,2,0,0
relaxation,0,0,0,2,2,0
programme,0,0,0,2,1,0
tiers,0,0,0,1,0,0
ensue,0,0,0,2,0,0
princely,0,0,0,7,0,0
gayeties,0,0,0,1,0,0
disregarding,0,0,0,2,1,0
manipulation,0,0,0,1,0,0
exits,0,0,0,2,0,0
unthought,0,0,0,1,0,0
musings,0,0,0,1,0,0
recitative,0,0,0,1,0,0
egregious,0,0,0,1,0,0
blunders,0,0,0,1,0,0
congeniality,0,0,0,1,0,0
entertaining,0,0,0,3,1,0
finale,0,0,0,1,0,0
sings,0,0,0,1,0,0
inelegant,0,0,0,1,0,0
malibran,0,0,0,2,0,0
sontag,0,0,0,1,0,0
singers,0,0,0,2,1,0
wristbands,0,0,0,2,0,0
mutely,0,0,0,1,0,0
interrogated,0,0,0,6,0,0
lappets,0,0,0,1,0,0
cited,0,0,0,1,0,0
inviting,0,0,0,6,2,0
discoursing,0,0,0,1,0,0
masculine,0,0,0,6,2,0
albanian,0,0,0,4,0,0
performance,0,0,0,6,4,0
medora,0,0,0,1,0,0
henri,0,0,0,2,0,0
choreographic,0,0,0,1,0,0
masterly,0,0,0,1,0,0
corps,0,0,0,1,0,0
dancers,0,0,0,4,2,0
exhibiting,0,0,0,2,3,0
poliska,0,0,0,1,0,0
childlike,0,0,0,4,0,0
contrasting,0,0,0,3,4,0
trumpets,0,0,0,1,1,0
cymbals,0,0,0,1,0,0
loudest,0,0,0,1,0,0
plaudits,0,0,0,1,0,0
judicious,0,0,0,1,1,0
pirouettes,0,0,0,2,0,0
overture,0,0,0,3,0,0
violin,0,0,0,2,0,0
railing,0,0,0,2,1,0
duet,0,0,0,2,0,0
azzo,0,0,0,1,0,0
ugo,0,0,0,1,0,0
awakens,0,0,0,1,1,0
conceptions,0,0,0,1,11,1
emanated,0,0,0,2,0,0
fruitful,0,0,0,2,0,0
donizetti,0,0,0,1,0,0
bravos,0,0,0,2,0,0
unheeding,0,0,0,1,0,0
raillery,0,0,0,2,0,0
lorgnette,0,0,0,4,0,0
colorless,0,0,0,1,0,0
resuscitated,0,0,0,1,0,0
recognizes,0,0,0,2,6,0
misgiving,0,0,0,2,0,0
ruthven,0,0,0,10,0,0
corresponds,0,0,0,1,5,0
magical,0,0,0,2,0,0
continues,0,0,0,2,2,0
gallantry,0,0,0,3,0,0
condescends,0,0,0,1,1,0
corroborative,0,0,0,1,0,0
subterfuge,0,0,0,2,0,0
reproachful,0,0,0,2,1,0
accords,0,0,0,1,2,0
affinities,0,0,0,1,4,0
agitations,0,0,0,1,0,0
lobby,0,0,0,6,0,0
hobgoblin,0,0,0,1,0,0
deuced,0,0,0,2,0,0
blin,0,0,0,2,0,0
humann,0,0,0,2,0,0
prided,0,0,0,1,0,0
tends,0,0,0,1,9,0
suggestions,0,0,0,1,0,0
tastefully,0,0,0,2,0,0
ornamented,0,0,0,13,0,0
reapers,0,0,0,2,0,0
tableau,0,0,0,3,0,0
puzzoli,0,0,0,1,0,0
sorrento,0,0,0,1,0,0
represent,0,0,0,4,12,2
madonna,0,0,0,2,0,0
masque,0,0,0,2,0,0
festivities,0,0,0,2,0,0
processions,0,0,0,1,0,0
lazzaroni,0,0,0,1,0,0
beggarly,0,0,0,1,1,0
superfluity,0,0,0,1,1,0
equipage,0,0,0,5,0,0
permesso,0,0,0,1,0,0
palazzo,0,0,0,10,0,0
borghese,0,0,0,1,0,0
panegyrics,0,0,0,1,0,0
unceremonious,0,0,0,1,0,0
richness,0,0,0,2,0,0
cards,0,0,0,10,0,0
vicomte,0,0,0,8,0,0
intimation,0,0,0,3,5,0
undertaken,0,0,0,4,0,0
establish,0,0,0,5,4,1
gyges,0,0,0,1,6,0
obsequiousness,0,0,0,1,0,0
pincio,0,0,0,3,0,0
rabble,0,0,0,1,4,0
exclusively,0,0,0,2,3,1
tavolettas,0,0,0,2,0,0
catholics,0,0,0,1,0,0
incredulously,0,0,0,1,0,0
pastes,0,0,0,1,0,0
playbills,0,0,0,1,0,0
chuckling,0,0,0,1,0,0
tablet,0,0,0,1,3,0
tribunal,0,0,0,6,1,0
rota,0,0,0,1,0,0
rondolo,0,0,0,3,0,0
priori,0,0,0,4,6,0
exemplary,0,0,0,2,0,0
torlini,0,0,0,2,0,0
intruding,0,0,0,1,0,0
signori,0,0,0,1,0,0
francesi,0,0,0,1,0,0
softest,0,0,0,4,0,0
couches,0,0,0,1,3,0
cushions,0,0,0,13,0,0
paintings,0,0,0,5,1,0
trophies,0,0,0,1,0,0
costly,0,0,0,2,2,0
tapestried,0,0,0,5,0,0
porti,0,0,0,1,0,0
guzla,0,0,0,5,0,0
gorgeous,0,0,0,2,0,0
jobber,0,0,0,2,0,0
incog,0,0,0,2,0,0
spellbound,0,0,0,1,0,0
inventing,0,0,0,2,1,0
simplifying,0,0,0,2,0,0
majordomo,0,0,0,1,0,0
lobanieff,0,0,0,1,0,0
tavoletta,0,0,0,1,0,0
abuse,0,0,0,4,2,0
venerated,0,0,0,1,0,0
complicity,0,0,0,1,0,0
manda,0,0,0,4,0,0
ineffectually,0,0,0,1,0,0
beheaded,0,0,0,3,0,0
chalais,0,0,0,1,0,0
richelieu,0,0,0,5,0,0
punishments,0,0,0,2,2,0
spectacles,0,0,0,6,0,0
temperaments,0,0,0,3,0,0
excruciating,0,0,0,2,0,0
interposes,0,0,0,1,1,0
occiput,0,0,0,1,0,0
trapezal,0,0,0,1,0,0
avenges,0,0,0,1,0,0
cognizance,0,0,0,1,0,0
impalement,0,0,0,1,0,0
augers,0,0,0,1,0,0
persians,0,0,0,1,1,0
iroquois,0,0,0,1,0,0
unpunished,0,0,0,4,4,0
duelling,0,0,0,5,0,0
seduced,0,0,0,3,2,0
disapprove,0,0,0,3,0,0
suo,0,0,0,1,0,0
commodo,0,0,0,1,0,0
repeatedly,0,0,0,2,0,0
cookery,0,0,0,3,3,0
castaing,0,0,0,1,0,0
sports,0,0,0,1,1,0
applauding,0,0,0,1,0,0
sage,0,0,0,3,4,0
matrons,0,0,0,1,0,0
daughters,0,0,0,3,6,1
vestals,0,0,0,1,0,0
babuino,0,0,0,5,0,0
apologizing,0,0,0,1,0,0
puros,0,0,0,2,0,0
professed,0,0,0,3,2,0
provincial,0,0,0,2,0,0
frattina,0,0,0,1,0,0
fiano,0,0,0,1,0,0
scaffolds,0,0,0,2,0,0
obelisk,0,0,0,2,0,0
ripetta,0,0,0,3,0,0
glittered,0,0,0,5,0,0
exorbitant,0,0,0,1,0,0
satin,0,0,0,12,0,0
confetti,0,0,0,7,0,0
sweetmeats,0,0,0,5,0,0
convex,0,0,0,1,1,0
breakfasts,0,0,0,1,0,0
carceri,0,0,0,1,0,0
nuove,0,0,0,1,0,0
priests,0,0,0,6,5,0
infants,0,0,0,1,2,0
churches,0,0,0,2,2,0
crammed,0,0,0,1,0,0
portico,0,0,0,4,0,0
jests,0,0,0,1,2,0
brotherhood,0,0,0,2,2,0
penitents,0,0,0,2,0,0
robes,0,0,0,3,1,0
sackcloth,0,0,0,1,0,0
sandals,0,0,0,1,0,0
dilated,0,0,0,5,0,0
jackal,0,0,0,2,0,0
liberator,0,0,0,2,0,0
automatic,0,0,0,1,0,0
partook,0,0,0,5,0,0
slaughterhouse,0,0,0,1,0,0
bleat,0,0,0,1,1,0
commandment,0,0,0,1,0,0
blasphemy,0,0,0,1,1,0
mace,0,0,0,3,0,0
avenging,0,0,0,5,0,0
citorio,0,0,0,1,0,0
pantaloon,0,0,0,1,0,0
revels,0,0,0,1,0,0
clowns,0,0,0,1,0,0
harlequins,0,0,0,2,0,0
dominoes,0,0,0,1,0,0
mummers,0,0,0,1,0,0
pantomimists,0,0,0,1,0,0
transteverins,0,0,0,1,0,0
gesticulating,0,0,0,1,0,0
nosegays,0,0,0,2,0,0
sarcasms,0,0,0,1,0,0
incited,0,0,0,3,2,0
aristocracy,0,0,0,7,11,6
cabbages,0,0,0,2,0,0
buffaloes,0,0,0,1,0,0
callot,0,0,0,1,0,0
anthony,0,0,0,3,0,0
domino,0,0,0,3,0,0
odry,0,0,0,1,0,0
grimaces,0,0,0,1,0,0
venezia,0,0,0,5,0,0
calash,0,0,0,10,0,0
amends,0,0,0,4,0,0
unmarked,0,0,0,1,0,0
encounters,0,0,0,3,0,0
violets,0,0,0,10,0,0
bouquet,0,0,0,9,0,0
contadini,0,0,0,1,0,0
intrigue,0,0,0,2,0,1
proclaimed,0,0,0,3,1,1
mascherata,0,0,0,1,0,0
delle,0,0,0,1,0,0
muratte,0,0,0,1,0,0
sew,0,0,0,2,0,0
italienne,0,0,0,1,0,0
alger,0,0,0,1,0,0
disencumber,0,0,0,1,0,0
lordships,0,0,0,1,1,0
combats,0,0,0,1,0,0
receptions,0,0,0,1,0,0
abused,0,0,0,1,0,0
rothschild,0,0,0,6,0,0
bajocco,0,0,0,1,0,0
eccentric,0,0,0,11,0,0
frequenter,0,0,0,1,0,0
didier,0,0,0,1,0,0
disguises,0,0,0,3,1,0
decorate,0,0,0,1,0,0
clocks,0,0,0,3,0,0
frocks,0,0,0,1,0,0
caps,0,0,0,1,1,0
unequivocal,0,0,0,1,0,0
appreciated,0,0,0,7,2,0
footman,0,0,0,12,0,0
vittoria,0,0,0,1,0,0
donned,0,0,0,3,0,0
flirtation,0,0,0,1,0,0
informing,0,0,0,3,1,0
homage,0,0,0,3,1,0
gregory,0,0,0,1,0,0
vatican,0,0,0,1,0,0
maskers,0,0,0,2,0,0
harlequin,0,0,0,4,0,0
reassumed,0,0,0,1,0,0
congratulated,0,0,0,2,0,0
congratulations,0,0,0,3,0,0
incognita,0,0,0,2,0,0
repass,0,0,0,3,0,0
amorous,0,0,0,2,1,0
epistle,0,0,0,2,0,0
camellias,0,0,0,3,0,0
dei,0,0,0,4,1,0
pontefici,0,0,0,2,0,0
giacomo,0,0,0,4,0,0
constancy,0,0,0,1,1,0
bracciano,0,0,0,8,0,0
mezzo,0,0,0,1,0,0
cito,0,0,0,1,0,0
blemish,0,0,0,1,0,0
orthography,0,0,0,2,0,0
ology,0,0,0,2,0,0
academy,0,0,0,5,0,0
academic,0,0,0,1,1,0
acrimonious,0,0,0,1,0,0
chords,0,0,0,1,1,0
enigma,0,0,0,2,0,0
palli,0,0,0,1,0,0
byronic,0,0,0,1,0,0
helmet,0,0,0,1,2,0
disdainful,0,0,0,7,0,0
utters,0,0,0,1,3,0
impresses,0,0,0,1,1,0
expatiating,0,0,0,3,0,0
ascendency,0,0,0,1,0,0
acquires,0,0,0,1,0,0
domineering,0,0,0,2,0,0
newer,0,0,0,1,0,0
demonstrations,0,0,0,1,0,0
preoccupied,0,0,0,2,0,0
comtess,0,0,0,1,0,0
heroine,0,0,0,1,0,0
contribute,0,0,0,2,1,0
exchanging,0,0,0,3,0,0
pedestrians,0,0,0,2,0,0
tes,0,0,0,3,0,0
fireworks,0,0,0,3,0,0
moccoli,0,0,0,4,0,0
episodes,0,0,0,2,0,0
evolutions,0,0,0,2,0,0
interfering,0,0,0,2,2,0
trampling,0,0,0,3,0,0
clashing,0,0,0,1,0,0
detachment,0,0,0,3,0,0
galloped,0,0,0,6,0,0
barberi,0,0,0,2,0,0
sellers,0,0,0,2,1,0
moccoletti,0,0,0,7,0,0
rushlight,0,0,0,1,0,0
problems,0,0,0,2,8,0
moccoletto,0,0,0,7,0,0
transmitting,0,0,0,1,0,0
extinguishing,0,0,0,2,1,0
bellows,0,0,0,1,0,0
extinguishers,0,0,0,1,0,0
fans,0,0,0,1,0,0
facchino,0,0,0,2,0,0
relighting,0,0,0,1,0,0
olus,0,0,0,1,0,0
aquilo,0,0,0,1,0,0
presumptive,0,0,0,1,0,0
pugilist,0,0,0,1,0,0
macello,0,0,0,4,0,0
wane,0,0,0,1,0,0
officious,0,0,0,1,0,0
duchess,0,0,0,3,0,0
heiresses,0,0,0,1,0,0
colonnas,0,0,0,1,0,0
celebrity,0,0,0,2,0,0
whereabouts,0,0,0,2,0,0
diavolo,0,0,0,2,0,0
torlonia,0,0,0,5,0,0
apostles,0,0,0,1,1,0
lodges,0,0,0,3,0,0
waxlight,0,0,0,1,0,0
secr,0,0,0,3,0,0
taire,0,0,0,3,0,0
banditti,0,0,0,6,0,0
se,0,0,0,10,0,0
alle,0,0,0,2,0,0
sei,0,0,0,2,0,0
della,0,0,0,4,0,0
mattina,0,0,0,2,0,0
quattro,0,0,0,2,0,0
mille,0,0,0,2,0,0
sono,0,0,0,2,0,0
nelle,0,0,0,2,0,0
mie,0,0,0,4,0,0
mani,0,0,0,2,0,0
alla,0,0,0,2,0,0
sette,0,0,0,2,0,0
conte,0,0,0,2,0,0
alberto,0,0,0,2,0,0
avr,0,0,0,2,0,0
cessato,0,0,0,2,0,0
vivere,0,0,0,2,0,0
divans,0,0,0,3,0,0
applying,0,0,0,2,2,0
salite,0,0,0,1,0,0
mocoletto,0,0,0,1,0,0
gallantly,0,0,0,2,0,0
paolo,0,0,0,3,0,0
almo,0,0,0,1,0,0
holsters,0,0,0,1,0,0
gregorio,0,0,0,1,0,0
portcullis,0,0,0,1,0,0
appian,0,0,0,3,0,0
caracalla,0,0,0,2,0,0
campagna,0,0,0,3,0,0
mane,0,0,0,1,0,0
widened,0,0,0,2,0,0
passageway,0,0,0,1,0,0
sloped,0,0,0,1,0,0
enlarging,0,0,0,2,0,0
diverged,0,0,0,1,0,0
niches,0,0,0,2,0,0
determine,0,0,0,1,15,0
arcades,0,0,0,3,0,0
mantles,0,0,0,1,0,0
columbarium,0,0,0,3,0,0
distinguishable,0,0,0,3,1,0
arcade,0,0,0,2,0,0
galop,0,0,0,5,0,0
ambassadors,0,0,0,3,5,0
perusing,0,0,0,3,0,0
commentaries,0,0,0,4,0,0
enormously,0,0,0,3,0,0
claiming,0,0,0,3,1,0
exaggerate,0,0,0,5,0,0
scrapes,0,0,0,1,0,0
connections,0,0,0,3,2,0
correction,0,0,0,3,2,0
aguado,0,0,0,1,0,0
dabbling,0,0,0,1,0,0
smooths,0,0,0,1,0,0
huron,0,0,0,1,0,0
cochin,0,0,0,2,0,0
cream,0,0,0,2,0,0
staid,0,0,0,1,0,0
edifying,0,0,0,1,0,0
representative,0,0,0,5,4,3
sphinx,0,0,0,2,0,0
chaperon,0,0,0,1,0,0
punctilious,0,0,0,1,0,0
calendar,0,0,0,1,1,0
bachelor,0,0,0,6,0,0
pavilion,0,0,0,5,0,0
recounted,0,0,0,3,0,0
awakening,0,0,0,6,2,0
portsmouth,0,0,0,1,0,0
southampton,0,0,0,1,0,0
yachts,0,0,0,1,0,0
manfully,0,0,0,1,0,0
outlay,0,0,0,3,0,0
involves,0,0,0,2,3,1
colomba,0,0,0,1,0,0
condemning,0,0,0,3,1,0
outlaws,0,0,0,1,0,0
irregularity,0,0,0,1,1,0
indisputably,0,0,0,1,0,0
tinctured,0,0,0,1,0,0
birthplace,0,0,0,2,0,0
blooded,0,0,0,1,0,0
discussions,0,0,0,1,7,0
refutation,0,0,0,1,2,0
philanthropist,0,0,0,3,0,0
compete,0,0,0,1,6,1
monthyon,0,0,0,3,0,0
luncheon,0,0,0,1,0,0
architecture,0,0,0,1,3,0
vases,0,0,0,8,0,0
egress,0,0,0,3,0,0
lacking,0,0,0,1,1,0
indolent,0,0,0,1,3,0
thoroughfare,0,0,0,1,0,0
oiled,0,0,0,1,0,0
jurisdiction,0,0,0,1,0,0
portal,0,0,0,1,0,0
cabalistic,0,0,0,1,0,0
concerted,0,0,0,4,0,0
whitest,0,0,0,1,2,0
prying,0,0,0,1,0,0
algerian,0,0,0,1,0,0
smokers,0,0,0,2,0,0
atelier,0,0,0,2,0,0
partitions,0,0,0,1,0,0
pandemonium,0,0,0,1,0,0
bass,0,0,0,1,1,0
viols,0,0,0,1,0,0
flutes,0,0,0,1,3,0
easels,0,0,0,1,0,0
palettes,0,0,0,1,0,0
brushes,0,0,0,1,0,0
foils,0,0,0,1,0,0
boxing,0,0,0,2,2,0
broadswords,0,0,0,1,0,0
fencing,0,0,0,3,0,0
grisier,0,0,0,2,0,0
cooks,0,0,0,3,2,0
leboucher,0,0,0,1,0,0
porcelain,0,0,0,8,0,0
robbia,0,0,0,1,0,0
fa,0,0,0,1,0,0
ences,0,0,0,1,0,0
palissy,0,0,0,1,0,0
platters,0,0,0,1,0,0
armchairs,0,0,0,3,0,0
sully,0,0,0,3,0,0
fleur,0,0,0,1,0,0
lis,0,0,0,1,0,0
louvre,0,0,0,3,0,0
dyed,0,0,0,3,2,0
persia,0,0,0,2,1,0
chandernagor,0,0,0,1,0,0
silky,0,0,0,1,0,0
roller,0,0,0,1,0,0
blanchet,0,0,0,1,0,0
piano,0,0,0,15,0,0
rosewood,0,0,0,2,0,0
potentialities,0,0,0,1,0,0
chefs,0,0,0,1,0,0
beethoven,0,0,0,1,0,0
weber,0,0,0,1,1,0
mozart,0,0,0,1,0,0
haydn,0,0,0,1,0,0
gr,0,0,0,2,0,0
porpora,0,0,0,1,0,0
malay,0,0,0,1,0,0
creeses,0,0,0,1,0,0
maces,0,0,0,2,0,0
damasked,0,0,0,2,0,0
inlaid,0,0,0,5,0,0
armor,0,0,0,2,0,0
minerals,0,0,0,1,0,0
outspread,0,0,0,1,0,0
beaks,0,0,0,1,0,0
lounging,0,0,0,1,0,0
petersburg,0,0,0,4,0,0
sinai,0,0,0,1,0,0
maryland,0,0,0,1,0,0
rico,0,0,0,1,0,0
latakia,0,0,0,2,0,0
crackled,0,0,0,2,0,0
earthenware,0,0,0,2,0,0
fragrant,0,0,0,4,0,0
regalias,0,0,0,1,0,0
havanas,0,0,0,1,0,0
manillas,0,0,0,1,0,0
cabinet,0,0,0,4,0,0
narghiles,0,0,0,1,0,0
morocco,0,0,0,1,0,0
presided,0,0,0,1,3,0
symmetrical,0,0,0,1,0,0
derangement,0,0,0,1,0,0
vapor,0,0,0,6,0,0
ascends,0,0,0,1,0,0
groom,0,0,0,16,0,0
chasseur,0,0,0,1,0,0
missives,0,0,0,1,0,0
rosa,0,0,0,2,0,0
ostend,0,0,0,2,0,0
borel,0,0,0,1,0,0
debray,0,0,0,210,0,0
punctual,0,0,0,6,0,0
liqueur,0,0,0,1,0,0
cellarets,0,0,0,1,0,0
announcements,0,0,0,1,0,0
advertisements,0,0,0,1,0,0
lucien,0,0,0,53,0,0
compressed,0,0,0,2,0,0
neckcloth,0,0,0,1,0,0
tortoiseshell,0,0,0,1,0,0
superciliary,0,0,0,1,0,0
zygomatic,0,0,0,1,0,0
ministry,0,0,0,5,0,0
peninsula,0,0,0,2,0,0
consolidate,0,0,0,1,0,0
carlos,0,0,0,12,0,0
bourges,0,0,0,6,0,0
transpired,0,0,0,6,0,0
contrives,0,0,0,1,0,0
wales,0,0,0,1,0,0
reichstadt,0,0,0,1,0,0
despatches,0,0,0,2,0,0
bois,0,0,0,11,0,0
boulogne,0,0,0,7,0,0
carlo,0,0,0,1,0,0
poisoning,0,0,0,6,0,0
cabbage,0,0,0,9,0,0
execrable,0,0,0,2,0,0
financial,0,0,0,4,0,0
manilla,0,0,0,1,0,0
enamelled,0,0,0,1,0,0
diplomatist,0,0,0,9,0,0
cabals,0,0,0,2,0,0
queens,0,0,0,2,0,0
elections,0,0,0,1,0,0
victories,0,0,0,1,0,0
renaud,0,0,0,142,0,0
disappoints,0,0,0,1,0,0
jockey,0,0,0,11,0,0
diversions,0,0,0,1,0,0
dinners,0,0,0,5,1,0
depreciate,0,0,0,2,1,1
boobies,0,0,0,1,0,0
fleece,0,0,0,3,0,0
detests,0,0,0,2,0,0
criticise,0,0,0,1,1,0
worlds,0,0,0,1,3,0
sowing,0,0,0,1,0,0
strawberries,0,0,0,8,0,0
cutlet,0,0,0,1,0,0
montmorency,0,0,0,2,0,0
metternich,0,0,0,1,0,1
deputies,0,0,0,4,0,0
peer,0,0,0,12,0,0
mlle,0,0,0,1,0,0
eug,0,0,0,137,0,0
nie,0,0,0,137,0,0
salliance,0,0,0,1,0,0
marchioness,0,0,0,13,0,0
railroad,0,0,0,2,0,0
jardin,0,0,0,2,0,0
plantes,0,0,0,2,0,0
blazon,0,0,0,2,0,0
martlets,0,0,0,1,0,0
absently,0,0,0,1,0,0
bastard,0,0,0,1,6,0
paradoxes,0,0,0,3,9,0
montauban,0,0,0,1,0,0
ancestor,0,0,0,1,5,0
quotes,0,0,0,1,5,0
ranger,0,0,0,1,0,0
guiche,0,0,0,1,0,0
mortemart,0,0,0,1,0,0
spahis,0,0,0,9,0,0
dignified,0,0,0,10,0,0
exaggerates,0,0,0,1,3,0
knight,0,0,0,4,1,0
garter,0,0,0,1,0,0
aristocrat,0,0,0,1,0,1
arabs,0,0,0,4,0,0
oran,0,0,0,1,0,0
constantine,0,0,0,1,0,0
disarmed,0,0,0,2,1,0
klagmann,0,0,0,1,0,0
marochetti,0,0,0,1,0,0
strasbourg,0,0,0,2,0,0
favors,0,0,0,1,0,0
alludes,0,0,0,1,1,0
stomachs,0,0,0,1,0,0
behindhand,0,0,0,2,0,0
marennes,0,0,0,1,0,0
maintenon,0,0,0,1,0,0
cacus,0,0,0,1,0,0
perseus,0,0,0,1,0,0
freeing,0,0,0,1,0,0
andromeda,0,0,0,1,0,0
apologized,0,0,0,4,0,0
calvary,0,0,0,2,0,0
mortemarts,0,0,0,1,0,0
atom,0,0,0,3,0,0
deceives,0,0,0,2,3,0
mutes,0,0,0,2,0,0
strumpet,0,0,0,1,0,0
consuls,0,0,0,1,0,0
salaries,0,0,0,1,0,0
ambassador,0,0,0,4,0,0
demonstration,0,0,0,2,1,0
mehemet,0,0,0,1,0,0
sultan,0,0,0,8,0,0
retinue,0,0,0,1,0,0
mistresses,0,0,0,2,3,0
pendant,0,0,0,1,0,0
constitutionnel,0,0,0,1,0,0
iris,0,0,0,1,0,0
dilates,0,0,0,1,0,0
facial,0,0,0,1,0,0
unexceptionable,0,0,0,1,0,0
viewing,0,0,0,1,2,0
surrendering,0,0,0,1,0,0
esau,0,0,0,1,0,0
parisians,0,0,0,11,0,0
manifesting,0,0,0,2,0,0
cavil,0,0,0,1,0,0
ceremonial,0,0,0,2,0,0
peers,0,0,0,9,3,0
editor,0,0,0,5,0,0
prohibited,0,0,0,2,9,0
conquerors,0,0,0,4,2,0
limpid,0,0,0,1,0,0
africans,0,0,0,1,0,0
eyelid,0,0,0,2,0,0
penetrable,0,0,0,1,0,0
informs,0,0,0,2,2,0
improprieties,0,0,0,1,0,0
temperate,0,0,0,2,13,0
displease,0,0,0,6,1,0
macaroni,0,0,0,1,0,0
polenta,0,0,0,1,0,0
olla,0,0,0,1,0,0
podrida,0,0,0,1,0,0
valencia,0,0,0,1,0,0
pilau,0,0,0,1,0,0
curry,0,0,0,1,0,0
opium,0,0,0,2,0,0
canton,0,0,0,1,0,0
tigris,0,0,0,1,0,0
euphrates,0,0,0,1,0,0
ingredients,0,0,0,2,0,0
pills,0,0,0,6,0,1
journalist,0,0,0,9,0,0
disadvantage,0,0,0,2,0,0
unscrewed,0,0,0,1,0,0
pellet,0,0,0,1,0,0
pea,0,0,0,2,0,0
prepares,0,0,0,1,1,0
tiara,0,0,0,1,1,0
predecessor,0,0,0,1,0,0
pius,0,0,0,1,0,0
commodious,0,0,0,1,0,0
wizard,0,0,0,1,4,0
incontestable,0,0,0,1,0,0
prints,0,0,0,1,0,0
denis,0,0,0,3,0,0
faubourg,0,0,0,27,0,0
thermes,0,0,0,1,0,0
julien,0,0,0,1,0,0
maremma,0,0,0,1,0,0
romana,0,0,0,1,0,0
pontine,0,0,0,1,0,0
intercession,0,0,0,1,0,0
descendant,0,0,0,4,1,0
tullia,0,0,0,1,0,0
popp,0,0,0,1,0,0
contadina,0,0,0,2,0,0
beardless,0,0,0,1,0,0
imprint,0,0,0,1,0,0
deigned,0,0,0,2,0,0
expeditious,0,0,0,3,0,0
socialists,0,0,0,1,0,4
vaunt,0,0,0,1,0,0
neutrality,0,0,0,2,0,0
preach,0,0,0,1,0,0
egotism,0,0,0,3,0,0
ornament,0,0,0,4,2,0
champagne,0,0,0,1,0,0
logicians,0,0,0,1,1,0
levantine,0,0,0,1,0,0
baptismal,0,0,0,4,0,0
salons,0,0,0,6,0,0
familiarized,0,0,0,1,1,0
chimborazo,0,0,0,1,0,0
mortmartre,0,0,0,1,0,0
himalaya,0,0,0,1,0,0
rien,0,0,0,1,0,0
grenelle,0,0,0,1,0,0
boring,0,0,0,3,0,0
artesian,0,0,0,1,0,0
caravans,0,0,0,2,0,0
gaslamp,0,0,0,1,0,0
bazaars,0,0,0,1,0,0
reservation,0,0,0,1,0,0
negotiated,0,0,0,1,0,0
chevalier,0,0,0,3,0,0
corsaire,0,0,0,1,0,0
charivari,0,0,0,1,0,0
blount,0,0,0,1,0,0
arstein,0,0,0,2,0,0
eskeles,0,0,0,2,0,0
electrified,0,0,0,2,0,0
propos,0,0,0,1,0,0
chauss,0,0,0,10,0,0
antin,0,0,0,11,0,0
op,0,0,0,1,0,0
ra,0,0,0,1,0,0
smokes,0,0,0,1,0,0
chibouque,0,0,0,5,0,0
pompadour,0,0,0,1,0,0
meslay,0,0,0,11,0,0
herbaut,0,0,0,1,0,0
immure,0,0,0,1,0,0
patriarch,0,0,0,2,1,0
deterred,0,0,0,1,1,0
barri,0,0,0,4,0,0
hiring,0,0,0,1,0,0
champs,0,0,0,34,0,0
lys,0,0,0,34,0,0
valle,0,0,0,2,0,0
vaudeville,0,0,0,1,0,0
vari,0,0,0,1,0,0
franks,0,0,0,2,0,0
eunuchs,0,0,0,1,0,0
brutalism,0,0,0,1,0,0
surrounds,0,0,0,3,0,0
au,0,0,0,2,0,0
revoir,0,0,0,2,0,0
mineralogy,0,0,0,2,0,0
artists,0,0,0,3,11,0
landscapes,0,0,0,3,0,0
dupr,0,0,0,1,0,0
reeds,0,0,0,1,1,0
lowing,0,0,0,1,0,0
delacroix,0,0,0,2,0,0
burnouses,0,0,0,1,0,0
contended,0,0,0,1,0,0
aquarelles,0,0,0,1,0,0
boulanger,0,0,0,1,0,0
diaz,0,0,0,1,0,0
suns,0,0,0,1,2,0
decamp,0,0,0,2,0,0
salvator,0,0,0,1,0,0
poetic,0,0,0,4,0,0
pastels,0,0,0,1,0,0
giraud,0,0,0,1,0,0
ller,0,0,0,1,0,0
album,0,0,0,11,0,0
dauzats,0,0,0,1,0,0
camel,0,0,0,1,0,0
mosque,0,0,0,1,0,0
signatures,0,0,0,6,0,0
initials,0,0,0,2,0,0
fisherwomen,0,0,0,1,0,0
assiduous,0,0,0,2,0,0
paints,0,0,0,1,5,0
gros,0,0,0,1,0,0
allusions,0,0,0,1,1,0
disagreement,0,0,0,1,1,0
blas,0,0,0,1,0,0
initiation,0,0,0,1,1,0
introductions,0,0,0,1,1,0
conventions,0,0,0,1,0,0
merlets,0,0,0,1,0,0
bender,0,0,0,1,0,0
blazons,0,0,0,2,0,0
heraldry,0,0,0,4,0,0
fabricated,0,0,0,1,0,0
commandery,0,0,0,2,0,0
stephen,0,0,0,2,0,0
gules,0,0,0,2,0,0
pilgrims,0,0,0,1,7,0
crusades,0,0,0,2,0,1
thirteenth,0,0,0,1,0,0
edified,0,0,0,1,0,0
hozier,0,0,0,1,0,0
jaucourt,0,0,0,1,0,0
dipus,0,0,0,1,0,0
bullion,0,0,0,1,0,0
diplomatic,0,0,0,1,0,0
insures,0,0,0,1,0,0
wrinkle,0,0,0,1,0,0
mitidja,0,0,0,1,0,0
bourmont,0,0,0,1,0,0
tendered,0,0,0,2,0,0
slippery,0,0,0,2,1,0
apprenticeship,0,0,0,4,0,0
praiseworthy,0,0,0,1,1,0
uselessness,0,0,0,1,3,0
treats,0,0,0,2,2,0
welcomes,0,0,0,1,2,0
physiologist,0,0,0,1,1,0
analyze,0,0,0,1,0,0
debate,0,0,0,3,0,0
senators,0,0,0,1,0,0
intervention,0,0,0,5,0,3
generously,0,0,0,4,0,0
suitably,0,0,0,2,0,0
vestibule,0,0,0,2,2,0
koller,0,0,0,1,0,0
anticipate,0,0,0,4,5,0
spangle,0,0,0,1,0,0
drapery,0,0,0,7,1,0
frames,0,0,0,2,0,0
heliotropes,0,0,0,3,0,0
volatile,0,0,0,1,0,0
chased,0,0,0,4,1,0
cups,0,0,0,4,2,0
tuberoses,0,0,0,1,0,0
constantinian,0,0,0,1,0,0
parma,0,0,0,2,0,0
proudest,0,0,0,1,0,0
nobilities,0,0,0,1,0,0
quicksighted,0,0,0,1,0,0
tact,0,0,0,1,0,0
werner,0,0,0,1,0,0
wrecks,0,0,0,1,0,0
disinherited,0,0,0,5,0,0
patrimony,0,0,0,5,1,0
feudal,0,0,0,2,1,25
entr,0,0,0,1,0,0
attaching,0,0,0,1,2,0
premeditation,0,0,0,2,0,0
borrow,0,0,0,2,1,0
complaisant,0,0,0,1,0,0
agreeably,0,0,0,2,2,0
tickling,0,0,0,1,0,0
arrows,0,0,0,1,1,0
endearing,0,0,0,1,0,0
thermometer,0,0,0,1,0,0
turnout,0,0,0,1,0,0
connoisseurs,0,0,0,1,1,0
develop,0,0,0,2,2,1
theorem,0,0,0,1,0,0
alleys,0,0,0,2,0,0
ponthieu,0,0,0,1,0,0
slackening,0,0,0,1,0,0
engraver,0,0,0,1,0,0
marbles,0,0,0,1,0,0
scrivener,0,0,0,1,0,0
purchases,0,0,0,2,0,0
cadiz,0,0,0,2,0,0
passy,0,0,0,1,0,0
advertisement,0,0,0,1,0,0
intrust,0,0,0,4,0,0
fontenay,0,0,0,1,0,0
aux,0,0,0,2,0,0
bellevue,0,0,0,1,0,0
specified,0,0,0,2,2,0
proprietors,0,0,0,2,0,1
install,0,0,0,2,0,0
souvenirs,0,0,0,1,0,0
fontaine,0,0,0,10,0,0
extorted,0,0,0,2,0,0
pliant,0,0,0,2,0,0
gong,0,0,0,7,0,0
exhaustless,0,0,0,1,0,0
follower,0,0,0,1,2,0
versailles,0,0,0,6,0,0
bathroom,0,0,0,1,0,0
bedrooms,0,0,0,2,0,0
sart,0,0,0,1,0,0
corte,0,0,0,1,0,0
maquis,0,0,0,1,0,0
calumniate,0,0,0,1,0,0
gesticulate,0,0,0,1,0,0
busoni,0,0,0,58,0,0
untruth,0,0,0,2,1,0
enumerated,0,0,0,2,2,0
prot,0,0,0,2,1,0
misconduct,0,0,0,2,0,0
conform,0,0,0,3,8,0
galvanizes,0,0,0,1,0,0
diseased,0,0,0,1,4,0
chartreux,0,0,0,1,0,0
trappist,0,0,0,1,0,0
phantasms,0,0,0,1,0,0
conceals,0,0,0,3,1,0
spotless,0,0,0,3,0,0
corsicans,0,0,0,3,0,0
loire,0,0,0,2,0,0
rogliano,0,0,0,7,0,0
corse,0,0,0,1,0,0
disbanded,0,0,0,1,0,0
teauroux,0,0,0,1,0,0
clermont,0,0,0,1,0,0
ferrand,0,0,0,1,0,0
puy,0,0,0,1,0,0
smuggling,0,0,0,3,0,0
assunta,0,0,0,14,0,0
massacres,0,0,0,2,0,0
trestaillon,0,0,0,1,0,0
truphemy,0,0,0,1,0,0
graffan,0,0,0,1,0,0
devastation,0,0,0,1,2,1
misgivings,0,0,0,1,1,0
battalion,0,0,0,1,0,0
excesses,0,0,0,1,0,0
disorderly,0,0,0,1,1,0
catastrophes,0,0,0,5,0,0
conformity,0,0,0,1,1,0
reprisals,0,0,0,1,0,0
nominated,0,0,0,1,0,0
discern,0,0,0,4,5,0
baroness,0,0,0,136,0,0
vres,0,0,0,2,0,0
shrubberies,0,0,0,1,0,0
gusts,0,0,0,2,0,0
moans,0,0,0,3,0,0
seest,0,0,0,1,0,0
disinterred,0,0,0,5,0,0
robbery,0,0,0,4,0,0
restitution,0,0,0,2,0,0
suffocation,0,0,0,3,0,0
inflated,0,0,0,1,0,0
embarrassing,0,0,0,4,0,0
enfer,0,0,0,2,0,0
benedetto,0,0,0,71,0,0
reclaim,0,0,0,3,0,0
disturbances,0,0,0,1,1,0
avignon,0,0,0,3,0,0
uz,0,0,0,1,0,0
aigues,0,0,0,2,0,0
mortes,0,0,0,2,0,0
martigues,0,0,0,2,0,0
bouc,0,0,0,1,0,0
whosoever,0,0,0,1,0,0
productive,0,0,0,2,0,9
sumptuous,0,0,0,3,0,0
reclaimed,0,0,0,1,0,0
perverse,0,0,0,2,1,0
harmonizes,0,0,0,1,1,0
grapes,0,0,0,10,0,0
preserves,0,0,0,1,7,0
chestnuts,0,0,0,1,1,0
orchard,0,0,0,2,0,0
loft,0,0,0,1,0,0
wasilio,0,0,0,3,0,0
valuables,0,0,0,1,0,0
audacious,0,0,0,1,1,0
pranks,0,0,0,1,0,0
averting,0,0,0,1,0,0
salutary,0,0,0,3,1,0
furnishes,0,0,0,1,5,1
defended,0,0,0,2,0,0
cipher,0,0,0,1,0,0
strictness,0,0,0,1,2,0
imprudent,0,0,0,5,0,0
detachments,0,0,0,1,0,0
uniforms,0,0,0,1,0,0
designedly,0,0,0,1,0,0
malarial,0,0,0,1,0,0
onto,0,0,0,1,0,0
influx,0,0,0,1,0,0
jeweller,0,0,0,41,0,0
recitals,0,0,0,1,1,0
tallied,0,0,0,1,0,0
mantua,0,0,0,1,0,0
eavesdropper,0,0,0,1,0,0
theft,0,0,0,3,6,0
pliers,0,0,0,1,0,0
scales,0,0,0,1,2,0
sou,0,0,0,4,0,0
flaw,0,0,0,1,1,0
reset,0,0,0,1,0,0
commensurate,0,0,0,1,1,0
samples,0,0,0,1,4,0
sparkle,0,0,0,1,0,0
gem,0,0,0,1,0,0
jets,0,0,0,1,0,0
unmindful,0,0,0,1,1,0
precursors,0,0,0,1,0,1
greasy,0,0,0,1,0,0
joannes,0,0,0,6,0,0
pierre,0,0,0,4,0,0
eclipsed,0,0,0,1,0,0
interchanged,0,0,0,1,0,0
gust,0,0,0,2,0,0
tremulousness,0,0,0,2,0,0
shortest,0,0,0,1,0,0
welcoming,0,0,0,2,0,0
warming,0,0,0,2,0,0
banknotes,0,0,0,1,0,0
querulous,0,0,0,1,0,0
hostess,0,0,0,3,0,0
lavished,0,0,0,2,0,0
assiduities,0,0,0,1,0,0
sedulously,0,0,0,1,0,0
glimmered,0,0,0,2,0,0
abate,0,0,0,1,1,0
diminishing,0,0,0,1,2,1
improbability,0,0,0,1,0,0
purposing,0,0,0,1,0,0
stools,0,0,0,1,0,0
drowsy,0,0,0,1,0,0
atoning,0,0,0,1,2,0
poorly,0,0,0,1,1,0
frightfully,0,0,0,3,0,0
bereft,0,0,0,1,0,0
stammer,0,0,0,2,0,0
muzzles,0,0,0,1,0,0
tush,0,0,0,2,0,0
unresistingly,0,0,0,1,0,0
handcuffed,0,0,0,1,0,0
beseeching,0,0,0,1,1,0
redemption,0,0,0,1,0,0
exculpate,0,0,0,1,0,0
perilled,0,0,0,1,1,0
rigors,0,0,0,2,0,0
indulgences,0,0,0,1,1,0
interim,0,0,0,1,0,0
maintain,0,0,0,13,27,0
entertains,0,0,0,3,1,0
recount,0,0,0,1,0,0
unreasonable,0,0,0,2,2,0
severest,0,0,0,1,1,0
bewail,0,0,0,1,0,0
dissolute,0,0,0,1,2,0
reckless,0,0,0,1,1,0
secreted,0,0,0,1,0,0
subsequently,0,0,0,2,0,0
villeforts,0,0,0,2,0,0
grossly,0,0,0,1,1,0
betaken,0,0,0,1,0,0
inborn,0,0,0,1,0,0
endangering,0,0,0,1,0,0
enacted,0,0,0,1,2,0
enhance,0,0,0,1,0,0
estimation,0,0,0,2,2,0
umbrageous,0,0,0,1,0,0
leafy,0,0,0,1,0,0
screen,0,0,0,4,2,0
tranquillize,0,0,0,2,0,0
indulgent,0,0,0,4,0,0
pantomime,0,0,0,1,0,0
flambeau,0,0,0,1,0,0
jetty,0,0,0,1,0,0
glossiness,0,0,0,1,0,0
assimilate,0,0,0,1,1,0
emblazoned,0,0,0,1,1,0
craftiness,0,0,0,1,0,0
flatness,0,0,0,1,0,0
enviable,0,0,0,2,0,0
rebuke,0,0,0,1,3,0
signify,0,0,0,14,0,0
apprised,0,0,0,8,0,0
beak,0,0,0,1,1,0
buzzard,0,0,0,1,0,0
brazen,0,0,0,1,2,0
displeasure,0,0,0,3,0,0
doubling,0,0,0,1,0,0
deprecating,0,0,0,1,0,0
prefers,0,0,0,2,2,0
baptistin,0,0,0,57,0,0
demerits,0,0,0,1,0,0
annum,0,0,0,13,0,0
obtains,0,0,0,1,2,0
equalling,0,0,0,1,1,0
lucrative,0,0,0,1,0,0
wilful,0,0,0,4,0,0
misunderstood,0,0,0,1,0,0
unfavorably,0,0,0,1,0,0
yearly,0,0,0,3,0,0
accumulating,0,0,0,1,1,0
accumulate,0,0,0,1,1,0
frigid,0,0,0,2,0,0
assentingly,0,0,0,2,0,0
seaside,0,0,0,1,0,0
normandy,0,0,0,10,0,0
corvette,0,0,0,2,0,0
eligible,0,0,0,2,0,0
lons,0,0,0,7,0,0
relays,0,0,0,1,0,0
presiding,0,0,0,1,4,0
colleagues,0,0,0,7,5,0
drollest,0,0,0,1,0,0
transactions,0,0,0,3,0,0
hoax,0,0,0,1,0,0
instigators,0,0,0,1,0,0
pompous,0,0,0,4,3,0
fattore,0,0,0,1,0,0
originals,0,0,0,1,0,0
juxtaposition,0,0,0,1,0,0
gaudy,0,0,0,1,0,0
discarded,0,0,0,1,1,0
lafayette,0,0,0,1,0,0
constituents,0,0,0,1,0,0
barons,0,0,0,3,0,0
anglo,0,0,0,1,0,0
competency,0,0,0,1,0,0
candor,0,0,0,7,0,0
worsted,0,0,0,1,0,0
arrogant,0,0,0,2,1,0
naming,0,0,0,2,1,0
treasury,0,0,0,3,1,0
gentler,0,0,0,3,2,0
pupils,0,0,0,1,6,0
foreseeing,0,0,0,2,0,0
baring,0,0,0,1,0,0
lafitte,0,0,0,4,0,0
firms,0,0,0,1,0,0
scrutinize,0,0,0,2,0,0
insulting,0,0,0,3,0,0
authenticity,0,0,0,3,0,0
personified,0,0,0,2,1,0
mistrustful,0,0,0,1,0,0
lingers,0,0,0,2,0,0
millionaires,0,0,0,3,0,1
admirer,0,0,0,1,1,0
warranted,0,0,0,3,0,0
thorwaldsen,0,0,0,1,0,0
bartoloni,0,0,0,1,0,0
canova,0,0,0,1,0,0
indifferently,0,0,0,1,4,0
sculptors,0,0,0,1,1,0
compatriots,0,0,0,1,0,0
showy,0,0,0,2,1,0
servi,0,0,0,1,0,0
ladyship,0,0,0,1,0,0
gaudiness,0,0,0,1,0,0
ostentatious,0,0,0,1,0,0
shepherdesses,0,0,0,1,0,0
boucher,0,0,0,1,0,0
medallions,0,0,0,1,0,0
crayons,0,0,0,1,0,0
harmonizing,0,0,0,2,2,0
architect,0,0,0,5,0,0
decorator,0,0,0,1,0,0
ushering,0,0,0,1,0,0
presenter,0,0,0,1,0,0
posing,0,0,0,1,0,0
ruse,0,0,0,1,0,0
proposes,0,0,0,3,8,0
entertainments,0,0,0,2,1,0
coarseness,0,0,0,1,1,0
expending,0,0,0,2,0,0
unfavorable,0,0,0,2,0,0
atre,0,0,0,1,0,0
fran,0,0,0,2,0,0
ais,0,0,0,2,0,0
mars,0,0,0,4,2,0
satory,0,0,0,1,0,0
initiate,0,0,0,1,0,0
preceptor,0,0,0,1,0,0
sayings,0,0,0,1,1,0
ineffable,0,0,0,5,0,0
unconjugal,0,0,0,1,0,0
ruining,0,0,0,2,0,0
discomfited,0,0,0,1,0,0
disposing,0,0,0,2,0,0
wilfulness,0,0,0,2,0,0
olympic,0,0,0,1,6,0
jove,0,0,0,1,0,0
protesting,0,0,0,1,1,0
whimsical,0,0,0,1,0,0
lasso,0,0,0,4,0,0
imitating,0,0,0,2,6,0
ungovernable,0,0,0,3,0,0
puffed,0,0,0,1,0,0
forelegs,0,0,0,1,0,0
triple,0,0,0,3,0,0
snorting,0,0,0,1,0,0
bohemian,0,0,0,1,0,0
incrusted,0,0,0,1,1,0
esteems,0,0,0,3,0,0
continuance,0,0,0,1,1,0
hermine,0,0,0,13,0,0
lo,0,0,0,8,2,0
worthily,0,0,0,1,0,0
authoritative,0,0,0,2,1,0
lavishing,0,0,0,1,0,0
endearments,0,0,0,2,0,0
unnaturally,0,0,0,1,1,0
defying,0,0,0,1,0,0
crafty,0,0,0,2,2,0
predominant,0,0,0,1,0,0
encircling,0,0,0,2,0,0
unaccustomed,0,0,0,2,2,0
whims,0,0,0,1,0,0
corks,0,0,0,2,0,0
liquids,0,0,0,1,0,0
inhale,0,0,0,2,0,0
reprimanded,0,0,0,1,0,0
spasmodic,0,0,0,2,0,0
sponge,0,0,0,1,0,0
aromatic,0,0,0,1,0,0
vinegar,0,0,0,1,0,0
commencing,0,0,0,1,1,0
pacified,0,0,0,1,2,0
chariot,0,0,0,1,2,0
maddened,0,0,0,2,0,0
sluggish,0,0,0,3,0,0
pottering,0,0,0,1,0,0
eulogistic,0,0,0,1,0,0
ranelagh,0,0,0,1,0,0
impeded,0,0,0,1,0,0
negro,0,0,0,2,0,0
infuriated,0,0,0,2,1,0
commissioned,0,0,0,4,0,0
barley,0,0,0,1,3,0
solving,0,0,0,1,0,0
necessitate,0,0,0,1,2,1
fragile,0,0,0,1,0,0
celebrating,0,0,0,1,1,0
regnant,0,0,0,1,0,0
doctrinaire,0,0,0,1,1,0
conservative,0,0,0,1,1,4
magistracy,0,0,0,1,0,0
harlay,0,0,0,3,0,0
mol,0,0,0,1,0,0
regenerating,0,0,0,1,1,0
traditional,0,0,0,1,4,3
theorists,0,0,0,1,1,0
ideality,0,0,0,1,0,0
exploited,0,0,0,1,0,3
manifestation,0,0,0,3,0,0
insolently,0,0,0,1,0,0
inquisitorial,0,0,0,1,0,0
concerts,0,0,0,1,0,0
whist,0,0,0,2,0,0
partners,0,0,0,1,1,0
dowager,0,0,0,1,0,0
heretofore,0,0,0,1,2,0
deviation,0,0,0,1,2,0
shielding,0,0,0,1,0,0
integral,0,0,0,1,0,0
mitigated,0,0,0,1,0,0
irrepressible,0,0,0,1,0,0
prodigies,0,0,0,1,0,0
squeaky,0,0,0,1,0,0
oratorical,0,0,0,1,0,0
divest,0,0,0,2,0,0
habitual,0,0,0,5,0,0
arrogance,0,0,0,1,1,0
inflexibility,0,0,0,2,0,0
flatterers,0,0,0,1,9,0
maternity,0,0,0,1,1,0
dispense,0,0,0,5,0,0
confers,0,0,0,1,1,0
lavish,0,0,0,4,0,0
bestows,0,0,0,2,0,0
geographically,0,0,0,1,0,0
delineated,0,0,0,1,4,0
algebraic,0,0,0,3,1,0
geographical,0,0,0,1,0,0
interviews,0,0,0,1,0,0
analogous,0,0,0,1,4,0
philosophize,0,0,0,1,0,0
wrestler,0,0,0,1,2,0
caterpillar,0,0,0,1,0,0
solar,0,0,0,1,0,0
paradox,0,0,0,2,10,0
pede,0,0,0,1,0,0
claudo,0,0,0,1,0,0
procedure,0,0,0,1,0,0
primitive,0,0,0,1,11,0
retaliation,0,0,0,1,1,0
codes,0,0,0,3,0,0
inventions,0,0,0,2,1,0
enactments,0,0,0,1,7,0
gallic,0,0,0,1,0,0
usages,0,0,0,2,0,0
hindu,0,0,0,2,0,0
relatively,0,0,0,3,3,0
restricted,0,0,0,1,1,2
tobias,0,0,0,1,0,0
missions,0,0,0,1,0,0
mystic,0,0,0,1,2,0
corrupted,0,0,0,1,11,0
possessors,0,0,0,1,2,0
eminent,0,0,0,2,5,0
exceptions,0,0,0,1,6,1
finesse,0,0,0,2,0,0
confronted,0,0,0,3,1,0
administrator,0,0,0,1,0,0
expounder,0,0,0,1,0,0
chicanery,0,0,0,1,0,0
touchstone,0,0,0,1,0,0
spheres,0,0,0,2,5,0
cosmopolite,0,0,0,1,0,0
paralyze,0,0,0,1,0,0
paralyzes,0,0,0,1,0,0
arrests,0,0,0,1,0,0
adversaries,0,0,0,2,3,1
incongruously,0,0,0,1,0,0
organized,0,0,0,3,1,0
subjected,0,0,0,3,3,1
negligent,0,0,0,1,0,0
theologians,0,0,0,1,3,0
collegiate,0,0,0,1,0,0
controversies,0,0,0,1,0,0
theologizing,0,0,0,1,0,0
serpents,0,0,0,1,0,0
crushing,0,0,0,4,0,0
predominance,0,0,0,1,0,0
bis,0,0,0,1,0,0
idem,0,0,0,1,0,0
ariel,0,0,0,2,0,0
caliban,0,0,0,1,0,0
verges,0,0,0,1,0,0
refute,0,0,0,1,4,0
jacobins,0,0,0,1,0,0
seconded,0,0,0,1,0,0
envoys,0,0,0,1,0,0
rupture,0,0,0,4,0,2
lobe,0,0,0,1,0,0
jacobin,0,0,0,4,0,0
carbonaro,0,0,0,1,0,0
pawns,0,0,0,1,0,0
checkmated,0,0,0,1,0,0
redoubtable,0,0,0,1,0,0
mercies,0,0,0,1,0,0
grandchild,0,0,0,5,0,0
painlessly,0,0,0,1,0,0
decompose,0,0,0,1,0,0
socrates,0,0,0,1,193,0
seneca,0,0,0,1,0,0
augustine,0,0,0,1,6,0
prose,0,0,0,1,16,0
compensation,0,0,0,2,0,0
deduction,0,0,0,2,2,0
warfare,0,0,0,1,1,0
depicted,0,0,0,8,3,1
gradual,0,0,0,1,5,2
floors,0,0,0,1,0,0
brocaded,0,0,0,1,0,0
peremptory,0,0,0,1,1,0
adjusting,0,0,0,1,0,0
tube,0,0,0,1,0,0
narghile,0,0,0,2,0,0
epirus,0,0,0,8,0,0
parian,0,0,0,1,0,0
undeceived,0,0,0,1,0,0
clasps,0,0,0,2,0,0
belles,0,0,0,1,0,0
mocked,0,0,0,1,0,0
grecian,0,0,0,6,1,0
springtide,0,0,0,1,0,0
fulness,0,0,0,1,5,0
border,0,0,0,2,2,0
captivating,0,0,0,2,1,0
sparta,0,0,0,1,17,0
distantly,0,0,0,1,0,0
myrtho,0,0,0,2,0,0
conformable,0,0,0,1,0,0
accustom,0,0,0,3,0,0
youths,0,0,0,1,4,0
pindus,0,0,0,3,0,0
blighted,0,0,0,3,0,0
ungenial,0,0,0,1,0,0
pindar,0,0,0,1,7,0
rockwork,0,0,0,1,0,0
kitchens,0,0,0,6,0,0
attics,0,0,0,1,0,0
workshops,0,0,0,1,0,0
citronwood,0,0,0,1,0,0
billiard,0,0,0,3,0,0
grooming,0,0,0,1,0,0
herbault,0,0,0,5,0,0
presse,0,0,0,1,0,0
reciprocally,0,0,0,1,0,0
noisette,0,0,0,1,0,0
marais,0,0,0,1,0,0
braved,0,0,0,1,0,0
lateral,0,0,0,1,0,0
barrister,0,0,0,1,0,0
toiling,0,0,0,1,2,0
transacts,0,0,0,2,0,0
delaunay,0,0,0,2,0,0
japan,0,0,0,2,1,0
aviary,0,0,0,1,0,0
laburnums,0,0,0,1,0,0
acacias,0,0,0,1,0,0
warble,0,0,0,1,0,0
cushion,0,0,0,4,0,0
commemorates,0,0,0,1,0,0
matchless,0,0,0,1,0,0
envying,0,0,0,1,0,0
embarking,0,0,0,2,0,0
requiting,0,0,0,1,0,0
revealing,0,0,0,3,2,0
supposes,0,0,0,2,7,0
muse,0,0,0,2,6,0
vie,0,0,0,1,0,0
chestnut,0,0,0,8,0,0
rampart,0,0,0,2,1,0
pilasters,0,0,0,1,0,0
geraniums,0,0,0,2,0,0
thoroughfares,0,0,0,1,0,0
disposes,0,0,0,3,0,0
gardeners,0,0,0,2,0,0
rental,0,0,0,1,0,0
delvers,0,0,0,1,0,0
presuming,0,0,0,1,0,0
peep,0,0,0,2,1,0
horticulture,0,0,0,2,0,0
carrots,0,0,0,1,0,0
radishes,0,0,0,1,0,0
peas,0,0,0,5,1,0
melons,0,0,0,1,0,0
describing,0,0,0,3,37,0
unproductive,0,0,0,1,0,0
renters,0,0,0,1,0,0
discernible,0,0,0,4,2,0
hottest,0,0,0,2,0,0
melodious,0,0,0,2,0,0
parasol,0,0,0,1,0,0
cambric,0,0,0,5,0,0
blouse,0,0,0,2,0,0
glossiest,0,0,0,1,0,0
palisades,0,0,0,1,0,0
stepmother,0,0,0,12,0,0
teasing,0,0,0,2,0,0
chiding,0,0,0,1,0,0
thief,0,0,0,7,5,0
plantation,0,0,0,1,0,0
unattainable,0,0,0,1,1,0
quarterly,0,0,0,1,0,0
undoubted,0,0,0,1,0,0
bower,0,0,0,1,0,0
offends,0,0,0,1,0,0
workingman,0,0,0,1,0,0
saddened,0,0,0,1,0,0
schooled,0,0,0,1,2,0
indefinite,0,0,0,1,2,0
completing,0,0,0,2,0,0
interpose,0,0,0,1,0,0
hem,0,0,0,5,0,0
olden,0,0,0,1,1,0
harassed,0,0,0,3,0,0
supporter,0,0,0,1,2,0
outlive,0,0,0,2,0,0
rod,0,0,0,1,0,0
mortified,0,0,0,2,0,0
abandons,0,0,0,1,0,0
arises,0,0,0,3,26,1
overweening,0,0,0,1,1,0
envies,0,0,0,1,0,0
mme,0,0,0,1,0,0
heiress,0,0,0,6,0,0
infringed,0,0,0,1,0,0
unswerving,0,0,0,1,0,0
strictly,0,0,0,3,5,0
intermarried,0,0,0,1,0,0
preferment,0,0,0,1,0,0
misunderstanding,0,0,0,2,2,0
partisan,0,0,0,1,1,0
idolized,0,0,0,2,0,0
uncivilized,0,0,0,1,1,0
devised,0,0,0,2,2,0
efficient,0,0,0,1,1,0
modes,0,0,0,1,11,3
practitioners,0,0,0,1,0,0
depreciating,0,0,0,1,3,0
expressively,0,0,0,2,0,0
weeding,0,0,0,1,0,0
naughty,0,0,0,2,0,0
civilities,0,0,0,3,1,0
dines,0,0,0,4,0,0
chancellor,0,0,0,2,0,0
paroquet,0,0,0,1,0,0
madcap,0,0,0,1,0,0
detains,0,0,0,1,0,0
grandpapa,0,0,0,36,0,0
brat,0,0,0,1,0,0
relish,0,0,0,3,3,0
reposeful,0,0,0,1,0,0
englishwomen,0,0,0,1,0,0
poetically,0,0,0,1,0,0
girlish,0,0,0,2,0,0
awkwardness,0,0,0,1,0,0
imp,0,0,0,1,0,0
complacently,0,0,0,2,0,0
peacock,0,0,0,2,0,0
bologna,0,0,0,2,0,0
perugia,0,0,0,7,0,0
postes,0,0,0,3,0,0
jaundice,0,0,0,1,0,0
discoursed,0,0,0,2,1,0
perugino,0,0,0,2,0,0
raphael,0,0,0,2,1,0
aqua,0,0,0,3,0,0
tofana,0,0,0,3,0,0
beaumarchais,0,0,0,3,0,0
unwelcome,0,0,0,2,0,0
sustains,0,0,0,2,2,0
deplorable,0,0,0,2,0,0
climates,0,0,0,2,0,0
mithridates,0,0,0,7,0,0
rex,0,0,0,1,0,0
ponticus,0,0,0,1,0,0
urchin,0,0,0,1,0,0
sulkily,0,0,0,1,0,0
drawings,0,0,0,3,0,0
amuses,0,0,0,2,0,0
nepos,0,0,0,1,0,0
aptitude,0,0,0,2,5,0
efficacious,0,0,0,2,0,0
counterfeited,0,0,0,1,0,0
poisons,0,0,0,8,0,0
russians,0,0,0,1,0,0
inconvenienced,0,0,0,1,0,0
progressive,0,0,0,1,0,2
absorption,0,0,0,1,0,0
brucine,0,0,0,10,0,0
angostura,0,0,0,1,0,0
reducible,0,0,0,1,0,0
equation,0,0,0,1,0,0
milligramme,0,0,0,2,0,0
milligrammes,0,0,0,1,0,0
centigramme,0,0,0,1,0,0
centigrammes,0,0,0,1,0,0
simples,0,0,0,1,0,0
symbolize,0,0,0,1,0,0
flamel,0,0,0,1,0,0
fontana,0,0,0,1,0,0
cuirass,0,0,0,1,0,0
offensive,0,0,0,1,0,0
belladonna,0,0,0,1,0,0
brucea,0,0,0,2,0,0
laurel,0,0,0,1,0,0
stupefy,0,0,0,1,0,0
psychology,0,0,0,1,4,0
dramas,0,0,0,1,2,0
philtre,0,0,0,1,0,0
potion,0,0,0,1,0,0
elixirs,0,0,0,1,0,0
peculiarities,0,0,0,2,2,0
accommodate,0,0,0,1,1,0
bane,0,0,0,1,0,0
yearnings,0,0,0,1,0,1
societies,0,0,0,1,1,2
bassora,0,0,0,1,0,0
viziers,0,0,0,1,0,0
constitute,0,0,0,1,3,2
haroun,0,0,0,1,0,0
raschids,0,0,0,1,0,0
giaffars,0,0,0,1,0,0
poisoner,0,0,0,12,0,0
prime,0,0,0,2,6,1
attorneys,0,0,0,1,0,0
bailiffs,0,0,0,1,0,1
behead,0,0,0,1,0,0
impale,0,0,0,1,0,0
fraudulent,0,0,0,1,0,0
stratagems,0,0,0,1,1,0
grocer,0,0,0,2,0,0
druggist,0,0,0,2,0,0
detection,0,0,0,2,0,0
grammes,0,0,0,1,0,0
arsenic,0,0,0,8,0,0
druggists,0,0,0,2,0,0
grocers,0,0,0,2,0,0
administers,0,0,0,1,0,0
mammoth,0,0,0,1,0,0
mastodon,0,0,0,1,0,0
rhyme,0,0,0,1,0,0
constables,0,0,0,1,0,0
collects,0,0,0,1,0,0
entrails,0,0,0,3,2,0
hemp,0,0,0,1,0,0
northerns,0,0,0,1,0,0
desrues,0,0,0,1,0,0
medicis,0,0,0,2,0,0
stupidities,0,0,0,1,0,0
aleppo,0,0,0,1,0,0
asmodeus,0,0,0,2,0,0
intestines,0,0,0,3,0,0
cough,0,0,0,4,0,0
catalogued,0,0,0,1,0,0
precludes,0,0,0,1,0,0
adelmonte,0,0,0,11,0,0
taormina,0,0,0,1,0,0
medals,0,0,0,2,0,0
ruggieris,0,0,0,1,0,0
trenck,0,0,0,1,0,0
misused,0,0,0,1,0,0
leaps,0,0,0,1,0,0
distillation,0,0,0,1,0,0
rabbits,0,0,0,5,0,0
pigs,0,0,0,2,4,0
magendie,0,0,0,1,0,0
flourens,0,0,0,1,0,0
dunghill,0,0,0,2,0,0
hen,0,0,0,2,0,0
vultures,0,0,0,2,0,0
indisposed,0,0,0,2,0,0
pike,0,0,0,2,0,0
eels,0,0,0,2,0,0
carp,0,0,0,3,0,0
abscess,0,0,0,1,0,0
pylorus,0,0,0,1,0,0
tumor,0,0,0,1,0,0
typhoid,0,0,0,1,0,0
indestructible,0,0,0,2,1,0
strychnine,0,0,0,2,0,0
strychnos,0,0,0,1,0,0
colubrina,0,0,0,1,0,0
pecked,0,0,0,1,0,0
congestion,0,0,0,2,0,0
prudently,0,0,0,3,0,0
rousseau,0,0,0,1,2,0
mandarin,0,0,0,1,0,0
permissible,0,0,0,1,0,0
philology,0,0,0,1,0,0
synonym,0,0,0,1,0,0
elimination,0,0,0,1,0,0
conjunctures,0,0,0,1,0,0
supplies,0,0,0,2,3,1
marvellously,0,0,0,2,0,0
persecuting,0,0,0,2,0,0
juvenile,0,0,0,1,0,0
propensities,0,0,0,2,0,0
promoting,0,0,0,2,1,0
macbeth,0,0,0,3,0,0
duncan,0,0,0,1,0,0
maxims,0,0,0,1,6,0
reasoner,0,0,0,1,0,0
distempered,0,0,0,1,0,0
scrutinies,0,0,0,1,0,0
alembics,0,0,0,1,0,0
crucibles,0,0,0,1,0,0
palpitations,0,0,0,1,0,0
syncope,0,0,0,1,0,0
phials,0,0,0,1,0,0
anti,0,0,0,3,0,0
tranquillizing,0,0,0,1,0,0
planche,0,0,0,1,0,0
spasmodics,0,0,0,1,0,0
mint,0,0,0,1,0,0
hoffman,0,0,0,1,0,0
lozenges,0,0,0,3,0,0
compounded,0,0,0,1,2,0
shell,0,0,0,1,3,0
submitted,0,0,0,3,0,0
deglutition,0,0,0,1,0,0
function,0,0,0,1,2,0
prescribing,0,0,0,1,3,0
detaining,0,0,0,2,1,0
daunted,0,0,0,4,0,0
acad,0,0,0,2,0,0
princess,0,0,0,15,0,0
relies,0,0,0,2,0,0
seed,0,0,0,1,2,0
levasseur,0,0,0,1,0,0
bertram,0,0,0,1,0,0
omnibus,0,0,0,1,0,0
rented,0,0,0,2,0,0
rejection,0,0,0,2,2,0
gratuitous,0,0,0,1,0,0
hugs,0,0,0,1,0,0
ministerial,0,0,0,3,0,0
parliamentary,0,0,0,1,0,0
gainsaying,0,0,0,1,0,0
absurdities,0,0,0,1,1,0
arrivals,0,0,0,1,0,0
winner,0,0,0,2,0,0
nautilus,0,0,0,1,0,0
roan,0,0,0,2,0,0
barbare,0,0,0,1,0,0
lengths,0,0,0,1,1,0
vouchsafed,0,0,0,1,0,0
ancestry,0,0,0,1,0,0
inclines,0,0,0,1,5,0
diana,0,0,0,3,0,0
huntress,0,0,0,1,0,0
affrights,0,0,0,1,0,0
milo,0,0,0,1,0,0
capua,0,0,0,1,0,0
nymphs,0,0,0,1,0,0
justness,0,0,0,1,0,0
chiselled,0,0,0,2,0,0
juno,0,0,0,1,0,0
carmine,0,0,0,1,0,0
freaks,0,0,0,2,0,0
dependence,0,0,0,3,0,1
attainments,0,0,0,1,1,0
erudite,0,0,0,1,0,0
linguist,0,0,0,1,0,0
rumored,0,0,0,1,0,0
composers,0,0,0,1,0,0
theatrical,0,0,0,3,1,0
louise,0,0,0,29,0,0
armilly,0,0,0,24,0,0
virtuosa,0,0,0,1,0,0
governess,0,0,0,1,0,0
promenade,0,0,0,1,0,0
lobbies,0,0,0,2,0,0
dissenting,0,0,0,1,0,0
stakes,0,0,0,2,0,0
outstrip,0,0,0,1,0,1
awarded,0,0,0,4,0,0
salle,0,0,0,2,0,0
countrywoman,0,0,0,1,0,0
coronation,0,0,0,1,0,0
eccentricity,0,0,0,3,1,0
pillars,0,0,0,1,0,0
rivoli,0,0,0,1,0,0
stalls,0,0,0,1,0,0
parterre,0,0,0,3,0,0
surpassingly,0,0,0,1,0,0
intimating,0,0,0,2,1,0
unequivocally,0,0,0,1,0,0
parentage,0,0,0,1,0,0
cagliostro,0,0,0,2,0,0
profitably,0,0,0,1,0,0
verily,0,0,0,1,8,0
potemkin,0,0,0,1,0,0
shah,0,0,0,1,0,0
musician,0,0,0,4,16,0
constitutes,0,0,0,1,2,0
peeps,0,0,0,1,0,0
magnanimous,0,0,0,1,1,0
undeserving,0,0,0,1,0,0
thoroughbreds,0,0,0,1,0,0
ridden,0,0,0,1,0,0
urchins,0,0,0,1,0,0
marmots,0,0,0,1,0,0
trophy,0,0,0,1,0,0
thirdly,0,0,0,1,12,0
oversight,0,0,0,1,0,0
featherless,0,0,0,1,0,0
bipeds,0,0,0,2,0,0
quote,0,0,0,1,0,0
diogenes,0,0,0,2,0,0
seraphic,0,0,0,1,0,0
choirs,0,0,0,1,0,0
beguiles,0,0,0,1,0,0
unnoticed,0,0,0,2,1,0
unsophisticated,0,0,0,2,0,0
mesdemoiselles,0,0,0,1,0,0
noblet,0,0,0,1,0,0
julia,0,0,0,1,0,0
leroux,0,0,0,1,0,0
granada,0,0,0,1,0,0
isabella,0,0,0,1,0,0
strides,0,0,0,4,0,0
baronne,0,0,0,3,0,0
orally,0,0,0,1,0,0
reverting,0,0,0,2,0,0
tepelini,0,0,0,20,0,0
gloriously,0,0,0,1,1,0
valiantly,0,0,0,1,1,0
liberality,0,0,0,1,1,0
albanese,0,0,0,1,0,0
odors,0,0,0,2,0,0
boasts,0,0,0,1,0,0
burnouse,0,0,0,1,0,0
residences,0,0,0,1,0,0
bayard,0,0,0,1,0,0
duguesclin,0,0,0,1,0,0
disinterestedness,0,0,0,3,2,0
enrich,0,0,0,3,0,1
ennoble,0,0,0,1,2,0
dissents,0,0,0,1,0,0
comtesse,0,0,0,2,0,0
shrug,0,0,0,3,0,0
offending,0,0,0,1,0,0
poussin,0,0,0,1,0,0
haiti,0,0,0,1,0,0
biggest,0,0,0,1,0,0
scoop,0,0,0,1,0,0
denaro,0,0,0,1,0,0
santit,0,0,0,1,0,0
haitians,0,0,0,3,0,0
jobbing,0,0,0,2,0,0
bouillotte,0,0,0,2,0,0
boston,0,0,0,1,0,0
hors,0,0,0,1,0,0
dissimilarity,0,0,0,1,2,0
reform,0,0,0,3,4,3
stockbrokers,0,0,0,2,0,0
artlessness,0,0,0,3,0,0
telegraphic,0,0,0,5,0,0
gabrielle,0,0,0,2,0,0
announces,0,0,0,2,0,0
circulated,0,0,0,1,0,0
neuf,0,0,0,3,0,0
casual,0,0,0,2,2,0
predict,0,0,0,1,1,0
exclusion,0,0,0,3,2,0
mannered,0,0,0,1,0,0
valid,0,0,0,4,0,0
tr,0,0,0,9,0,0
accede,0,0,0,3,0,0
adorable,0,0,0,7,0,0
viscountess,0,0,0,1,0,0
referendary,0,0,0,1,0,0
creditably,0,0,0,1,0,0
humph,0,0,0,2,0,0
tiresome,0,0,0,1,1,0
bartolomeo,0,0,0,13,0,0
canto,0,0,0,1,0,0
contino,0,0,0,1,0,0
confides,0,0,0,1,0,0
lasting,0,0,0,1,7,0
mentor,0,0,0,1,0,0
persists,0,0,0,1,0,0
unpardonable,0,0,0,1,0,0
aquit,0,0,0,1,0,0
luccanese,0,0,0,2,0,0
cavalcante,0,0,0,1,0,0
surtouts,0,0,0,1,0,0
popularity,0,0,0,1,0,0
soles,0,0,0,1,0,0
buckskin,0,0,0,1,0,0
halter,0,0,0,1,0,0
angular,0,0,0,2,0,0
ushered,0,0,0,4,0,0
patrician,0,0,0,2,0,1
reformation,0,0,0,1,4,0
perusal,0,0,0,5,0,0
draft,0,0,0,9,0,0
defray,0,0,0,1,0,0
unpleasantly,0,0,0,2,1,0
remit,0,0,0,2,0,0
alicante,0,0,0,5,0,0
sipping,0,0,0,1,0,0
lachrymal,0,0,0,2,0,0
gland,0,0,0,1,0,0
moisten,0,0,0,1,0,0
fiesole,0,0,0,1,0,0
oliva,0,0,0,6,0,0
corsinari,0,0,0,10,0,0
perbacco,0,0,0,1,0,0
validity,0,0,0,2,0,1
legitimacy,0,0,0,1,0,0
desirable,0,0,0,6,11,0
peccato,0,0,0,1,0,0
undeniably,0,0,0,1,0,0
cattini,0,0,0,1,0,0
saravezza,0,0,0,2,0,0
marchesa,0,0,0,3,0,0
thicken,0,0,0,1,0,0
vogue,0,0,0,2,0,0
reggio,0,0,0,2,0,0
authorizes,0,0,0,1,0,0
poem,0,0,0,3,7,0
abductors,0,0,0,1,0,0
turin,0,0,0,3,0,0
chamb,0,0,0,3,0,0
ry,0,0,0,6,0,0
beauvoisin,0,0,0,3,0,0
culture,0,0,0,1,6,4
entitles,0,0,0,1,0,0
adhere,0,0,0,2,2,0
entitle,0,0,0,1,1,0
reassurance,0,0,0,1,0,0
hereditary,0,0,0,2,3,0
kidnappers,0,0,0,1,0,0
minor,0,0,0,4,3,0
grammarians,0,0,0,1,0,0
divulge,0,0,0,1,0,0
mistrusts,0,0,0,1,0,0
recited,0,0,0,3,2,0
upstart,0,0,0,1,0,1
counteract,0,0,0,1,0,0
surety,0,0,0,2,0,0
adviser,0,0,0,4,0,0
disfigured,0,0,0,3,3,0
austrians,0,0,0,1,0,0
presentable,0,0,0,1,0,0
feigning,0,0,0,3,2,0
cleverly,0,0,0,4,1,0
reunited,0,0,0,2,0,0
denoted,0,0,0,1,4,0
indefinable,0,0,0,3,1,0
effrontery,0,0,0,1,0,0
alluding,0,0,0,1,2,0
writer,0,0,0,2,14,0
gozzi,0,0,0,1,0,0
nes,0,0,0,1,0,0
marchese,0,0,0,1,0,0
ferrea,0,0,0,1,0,0
conformed,0,0,0,1,2,0
dupe,0,0,0,2,0,0
grieves,0,0,0,4,0,0
deputes,0,0,0,1,0,0
cramming,0,0,0,1,0,0
patent,0,0,0,1,0,0
ronique,0,0,0,1,0,0
devedeux,0,0,0,1,0,0
phaeton,0,0,0,7,0,0
baptiste,0,0,0,2,0,0
miscreants,0,0,0,1,0,0
screened,0,0,0,2,0,0
brunette,0,0,0,2,0,0
unreserved,0,0,0,1,0,0
disparaging,0,0,0,1,0,0
suitors,0,0,0,1,1,0
dislikes,0,0,0,1,4,0
sabring,0,0,0,1,0,0
bedouins,0,0,0,1,0,0
unmarried,0,0,0,1,1,0
grandmother,0,0,0,25,0,0
reversion,0,0,0,1,0,0
avaricious,0,0,0,2,7,0
professes,0,0,0,1,3,0
anterior,0,0,0,1,0,0
reminiscence,0,0,0,1,1,0
prophecy,0,0,0,1,1,0
foretelling,0,0,0,1,0,0
epitome,0,0,0,2,1,0
eloquently,0,0,0,1,1,0
meets,0,0,0,1,6,0
introduces,0,0,0,1,7,0
influencing,0,0,0,1,0,0
diplomatically,0,0,0,1,0,0
dictating,0,0,0,3,0,0
extol,0,0,0,1,1,0
embarrasses,0,0,0,1,0,0
ostensible,0,0,0,1,0,0
warms,0,0,0,1,0,0
reciprocity,0,0,0,1,0,0
conclusive,0,0,0,1,0,0
inspirations,0,0,0,1,0,0
provoking,0,0,0,2,1,0
pretensions,0,0,0,1,0,0
pranced,0,0,0,1,0,0
accustoms,0,0,0,1,0,0
littlest,0,0,0,1,0,0
impassioned,0,0,0,1,0,0
barrois,0,0,0,91,0,0
paralytic,0,0,0,17,1,0
casters,0,0,0,1,0,0
dwells,0,0,0,1,5,0
granddaughter,0,0,0,14,0,0
untiring,0,0,0,1,0,0
assiduity,0,0,0,1,0,0
necessities,0,0,0,1,4,0
conference,0,0,0,5,0,0
preamble,0,0,0,3,1,0
preclude,0,0,0,1,0,0
qualification,0,0,0,1,4,0
gainer,0,0,0,1,3,0
perpetrators,0,0,0,1,2,0
ruthlessly,0,0,0,1,0,0
mastering,0,0,0,1,1,0
enfeebled,0,0,0,2,0,0
provoked,0,0,0,4,0,0
heightened,0,0,0,4,1,0
afflicts,0,0,0,1,0,0
sympathize,0,0,0,4,2,0
alphabet,0,0,0,5,1,0
ni,0,0,0,1,0,0
devising,0,0,0,1,2,0
expedients,0,0,0,1,0,0
perfected,0,0,0,1,5,0
contradicted,0,0,0,5,1,0
knitted,0,0,0,2,0,0
disapprobation,0,0,0,2,0,0
legally,0,0,0,1,0,0
detriment,0,0,0,1,0,0
wording,0,0,0,1,0,0
wa,0,0,0,1,0,0
publishing,0,0,0,1,0,0
generality,0,0,0,2,0,0
contested,0,0,0,1,0,0
couched,0,0,0,1,0,0
gradation,0,0,0,1,1,1
interrogation,0,0,0,2,2,0
interrogating,0,0,0,2,0,0
scrip,0,0,0,1,0,0
invested,0,0,0,2,1,0
dissent,0,0,0,1,3,0
residuary,0,0,0,1,0,0
legatee,0,0,0,1,0,0
inability,0,0,0,3,3,0
inheritor,0,0,0,1,0,0
notaries,0,0,0,5,0,0
impaired,0,0,0,1,0,0
connect,0,0,0,1,7,0
disinherit,0,0,0,4,0,0
repressing,0,0,0,3,0,0
inward,0,0,0,4,5,0
determines,0,0,0,1,1,0
charitable,0,0,0,7,0,0
subtract,0,0,0,1,0,0
deschamps,0,0,0,5,0,0
immaterial,0,0,0,4,0,0
vexes,0,0,0,2,0,0
inflicting,0,0,0,1,0,0
parables,0,0,0,1,0,0
mischievously,0,0,0,1,0,0
relationship,0,0,0,1,2,0
reverenced,0,0,0,1,1,0
vents,0,0,0,1,0,0
pecuniary,0,0,0,3,0,0
deprivation,0,0,0,1,2,0
whomever,0,0,0,1,0,0
disinherits,0,0,0,3,0,0
utopian,0,0,0,1,0,4
renewal,0,0,0,1,0,0
feuds,0,0,0,1,0,0
applaud,0,0,0,2,2,0
privations,0,0,0,2,0,0
renouncing,0,0,0,2,0,0
moderating,0,0,0,1,1,0
discredit,0,0,0,1,1,0
revocation,0,0,0,1,0,0
counsellor,0,0,0,1,4,0
sacrifices,0,0,0,2,18,0
meritorious,0,0,0,1,0,0
mused,0,0,0,1,0,0
hillock,0,0,0,2,0,0
sender,0,0,0,1,0,0
sylphs,0,0,0,1,0,0
gnomes,0,0,0,1,0,0
fagged,0,0,0,1,0,0
factions,0,0,0,1,2,0
mover,0,0,0,1,0,0
astronomer,0,0,0,1,1,0
angler,0,0,0,1,0,0
bellied,0,0,0,1,0,0
chrysalis,0,0,0,1,0,0
observatory,0,0,0,1,0,0
unimpaired,0,0,0,1,1,0
telegraphs,0,0,0,2,0,1
natured,0,0,0,5,0,0
duch,0,0,0,1,0,0
montalivet,0,0,0,1,0,0
bayonne,0,0,0,3,0,0
mystified,0,0,0,1,0,0
graphein,0,0,0,1,0,0
tillon,0,0,0,1,0,0
montlh,0,0,0,3,0,0
redounding,0,0,0,1,0,0
linas,0,0,0,1,0,0
contrivance,0,0,0,1,0,0
ivy,0,0,0,1,0,0
likened,0,0,0,1,0,0
grandchildren,0,0,0,3,1,0
edged,0,0,0,1,0,0
rubens,0,0,0,1,0,0
flora,0,0,0,1,0,0
goddess,0,0,0,2,5,0
purer,0,0,0,1,6,0
slug,0,0,0,1,0,0
aphis,0,0,0,1,0,0
humidity,0,0,0,1,0,0
tank,0,0,0,1,0,0
frog,0,0,0,1,0,0
toad,0,0,0,1,0,0
weed,0,0,0,1,0,0
cacti,0,0,0,1,0,0
rhododendrons,0,0,0,2,0,0
jardini,0,0,0,1,0,0
agriculture,0,0,0,1,3,6
wheelbarrow,0,0,0,1,0,0
grape,0,0,0,2,0,0
simon,0,0,0,3,0,1
greediness,0,0,0,1,0,0
repents,0,0,0,2,0,0
dial,0,0,0,3,0,0
petronius,0,0,0,1,0,0
dormouse,0,0,0,1,0,0
apricots,0,0,0,1,0,0
nectarine,0,0,0,2,0,0
horticulturist,0,0,0,1,0,0
spades,0,0,0,1,0,0
rakes,0,0,0,1,0,0
pitcher,0,0,0,1,0,0
seeds,0,0,0,1,3,0
botanist,0,0,0,1,0,0
telegraphing,0,0,0,2,0,0
holidays,0,0,0,3,0,0
prune,0,0,0,1,0,0
gardening,0,0,0,1,0,0
scourges,0,0,0,1,1,0
fined,0,0,0,2,0,0
grafting,0,0,0,2,0,0
signalling,0,0,0,1,0,0
redoubles,0,0,0,2,1,0
nectarines,0,0,0,1,0,0
shares,0,0,0,9,1,0
messager,0,0,0,3,0,0
catalonian,0,0,0,1,0,0
barcelona,0,0,0,2,0,0
moniteur,0,0,0,1,0,0
improperly,0,0,0,1,0,0
outdone,0,0,0,1,0,0
poplars,0,0,0,2,0,0
foreground,0,0,0,1,0,0
paving,0,0,0,2,0,1
unrecognizable,0,0,0,1,0,0
overseer,0,0,0,1,0,0
antechambers,0,0,0,2,0,0
staircases,0,0,0,3,0,0
equipages,0,0,0,2,0,0
encased,0,0,0,1,0,0
neighs,0,0,0,1,0,0
novels,0,0,0,2,0,0
published,0,0,0,3,1,1
conservatory,0,0,0,4,0,0
jars,0,0,0,8,0,0
greenhouse,0,0,0,2,0,0
players,0,0,0,3,6,0
knick,0,0,0,1,0,0
knacks,0,0,0,1,0,0
petting,0,0,0,1,0,0
distanced,0,0,0,1,0,0
arabians,0,0,0,1,0,0
peristyle,0,0,0,1,0,0
grimace,0,0,0,1,0,0
marine,0,0,0,1,0,0
manufactured,0,0,0,2,1,0
manufacturers,0,0,0,1,0,0
oven,0,0,0,2,0,0
divers,0,0,0,1,4,0
misshapen,0,0,0,1,0,0
cactus,0,0,0,1,0,0
recommend,0,0,0,6,0,0
hobbema,0,0,0,2,0,0
mieris,0,0,0,1,0,0
gerard,0,0,0,1,0,0
douw,0,0,0,1,0,0
dyck,0,0,0,1,0,0
zurbaran,0,0,0,1,0,0
murillo,0,0,0,2,0,0
criticising,0,0,0,1,0,0
speculating,0,0,0,3,0,0
dissimulate,0,0,0,2,0,0
enceinte,0,0,0,2,0,0
banquo,0,0,0,1,0,0
tenacious,0,0,0,2,0,0
overleap,0,0,0,1,0,0
stiffness,0,0,0,2,0,0
fairies,0,0,0,2,0,0
apicius,0,0,0,1,0,0
expend,0,0,0,5,0,0
lorenzo,0,0,0,1,0,0
medici,0,0,0,2,0,0
superfluities,0,0,0,2,0,0
pacifying,0,0,0,1,1,0
sterlet,0,0,0,4,0,0
lamprey,0,0,0,3,0,0
sterlets,0,0,0,1,0,0
volga,0,0,0,3,0,0
fusaro,0,0,0,3,0,0
lampreys,0,0,0,3,0,0
cupitor,0,0,0,1,0,0
impossibilium,0,0,0,1,0,0
salmon,0,0,0,1,0,0
casks,0,0,0,2,2,0
aquatic,0,0,0,1,0,0
mulus,0,0,0,1,0,0
goldfish,0,0,0,1,0,0
rainbow,0,0,0,1,4,0
prismatic,0,0,0,1,0,0
promptitude,0,0,0,2,0,0
advertised,0,0,0,1,0,0
elapse,0,0,0,2,0,0
bribed,0,0,0,1,1,1
ganges,0,0,0,4,0,0
rarest,0,0,0,2,0,0
boudoirs,0,0,0,1,0,0
redecorated,0,0,0,1,0,0
crayon,0,0,0,1,0,0
dampness,0,0,0,1,0,0
pisa,0,0,0,1,0,0
ferrara,0,0,0,1,0,0
tasso,0,0,0,1,0,0
rimini,0,0,0,1,0,0
francesca,0,0,0,1,0,0
othello,0,0,0,1,0,0
lucina,0,0,0,1,0,0
dieu,0,0,0,6,0,0
plantain,0,0,0,1,0,0
stiffen,0,0,0,2,0,0
exteriors,0,0,0,1,0,0
infanticides,0,0,0,1,0,0
innocently,0,0,0,1,0,0
landau,0,0,0,2,0,0
caricature,0,0,0,1,0,0
absurdity,0,0,0,2,8,1
dilating,0,0,0,2,0,0
necked,0,0,0,1,0,0
asset,0,0,0,1,0,0
annually,0,0,0,1,0,0
nil,0,0,0,1,0,0
admirari,0,0,0,1,0,0
trout,0,0,0,2,0,0
independently,0,0,0,1,2,1
separately,0,0,0,2,1,0
scold,0,0,0,2,1,0
sunburnt,0,0,0,1,1,0
carbuncles,0,0,0,1,0,0
interrogator,0,0,0,2,0,0
intruder,0,0,0,1,1,0
impudently,0,0,0,1,0,0
var,0,0,0,1,0,0
stockbroker,0,0,0,3,0,0
beans,0,0,0,1,1,0
degrade,0,0,0,1,1,0
transact,0,0,0,5,0,0
abolished,0,0,0,1,1,2
napoleons,0,0,0,1,0,0
honorably,0,0,0,3,0,0
reputed,0,0,0,1,6,0
inoffensively,0,0,0,1,0,0
greatcoat,0,0,0,5,0,0
boulevards,0,0,0,4,0,0
volution,0,0,0,1,0,0
hearths,0,0,0,1,0,0
carrousel,0,0,0,1,0,0
roch,0,0,0,1,0,0
michodi,0,0,0,1,0,0
inherent,0,0,0,1,12,0
womanhood,0,0,0,1,2,0
proprio,0,0,0,1,0,0
motu,0,0,0,1,0,0
caressed,0,0,0,1,0,0
caress,0,0,0,1,0,0
spaniel,0,0,0,1,0,0
reseated,0,0,0,1,0,0
quotations,0,0,0,1,2,0
aggression,0,0,0,1,1,0
nathan,0,0,0,1,0,0
athalie,0,0,0,1,0,0
transit,0,0,0,2,0,0
impassibility,0,0,0,2,0,0
pactolus,0,0,0,1,0,0
demoustier,0,0,0,1,0,0
riddles,0,0,0,1,1,0
dinning,0,0,0,1,2,0
jingling,0,0,0,2,0,0
surprises,0,0,0,1,0,0
liveliest,0,0,0,1,0,0
haitian,0,0,0,4,0,0
companies,0,0,0,2,0,0
foreseen,0,0,0,4,2,0
expulsion,0,0,0,2,4,0
pocketed,0,0,0,2,0,0
bidassoa,0,0,0,1,0,0
expresses,0,0,0,3,5,0
pocketing,0,0,0,1,0,0
roulette,0,0,0,1,0,0
wins,0,0,0,1,2,0
loser,0,0,0,1,2,0
baritone,0,0,0,1,0,0
tre,0,0,0,3,0,0
italien,0,0,0,1,0,0
danseuse,0,0,0,2,0,0
signifies,0,0,0,4,0,0
gratis,0,0,0,1,0,0
blacken,0,0,0,1,0,0
speculate,0,0,0,5,0,0
irregularities,0,0,0,1,0,0
conjuring,0,0,0,2,1,0
withheld,0,0,0,4,0,0
bankrupts,0,0,0,2,0,0
scandalous,0,0,0,2,1,0
unsealing,0,0,0,1,0,0
dispatches,0,0,0,1,0,0
capitalist,0,0,0,2,0,2
comet,0,0,0,1,0,0
presages,0,0,0,1,0,0
manfredi,0,0,0,2,0,0
suspends,0,0,0,1,0,0
unpaid,0,0,0,1,0,0
stager,0,0,0,1,0,0
magnetism,0,0,0,2,0,0
speculates,0,0,0,2,0,0
regulating,0,0,0,1,3,0
compassionately,0,0,0,1,0,0
assortments,0,0,0,1,0,0
funded,0,0,0,1,0,0
manufacturing,0,0,0,1,0,4
viceroyalties,0,0,0,1,0,0
locomotive,0,0,0,1,0,0
magnified,0,0,0,1,1,0
calculator,0,0,0,1,0,0
nutrition,0,0,0,1,0,0
galleons,0,0,0,1,0,0
pioneers,0,0,0,1,0,0
certainties,0,0,0,2,1,0
mountebank,0,0,0,1,0,1
pharaoh,0,0,0,1,0,0
moons,0,0,0,1,0,0
daubing,0,0,0,1,0,0
bond,0,0,0,4,5,0
stingy,0,0,0,1,0,0
ultramontane,0,0,0,1,0,0
misers,0,0,0,1,1,0
fenzi,0,0,0,1,0,0
unassuming,0,0,0,1,0,0
jews,0,0,0,1,2,0
noblemen,0,0,0,1,1,0
podest,0,0,0,1,0,0
condottieri,0,0,0,1,0,0
lets,0,0,0,2,3,0
shuffling,0,0,0,1,0,0
bavarian,0,0,0,1,0,0
peruvian,0,0,0,1,0,0
dorado,0,0,0,1,0,0
potos,0,0,0,1,0,0
dieppe,0,0,0,2,0,0
sardonic,0,0,0,1,0,0
morcerfs,0,0,0,5,0,0
mondego,0,0,0,13,0,0
parvenus,0,0,0,1,0,0
mazarine,0,0,0,1,0,0
gu,0,0,0,1,0,0
gaud,0,0,0,1,0,0
bonnet,0,0,0,4,0,0
dauphine,0,0,0,2,0,0
pas,0,0,0,1,0,0
perdus,0,0,0,1,0,0
reclose,0,0,0,1,0,0
notoriety,0,0,0,2,0,0
ennobles,0,0,0,1,0,0
specious,0,0,0,1,1,0
flushing,0,0,0,1,0,0
sa,0,0,0,1,0,0
tenant,0,0,0,5,0,0
cancelling,0,0,0,1,0,0
resilition,0,0,0,1,0,0
annulled,0,0,0,1,0,0
railings,0,0,0,1,0,0
skeletons,0,0,0,1,0,0
mow,0,0,0,1,0,0
stabbed,0,0,0,5,0,0
laburnum,0,0,0,2,0,0
rockery,0,0,0,1,0,0
encumbers,0,0,0,1,0,0
foundling,0,0,0,3,1,0
dramatist,0,0,0,2,0,0
novel,0,0,0,2,2,0
urges,0,0,0,1,2,0
urgency,0,0,0,1,0,0
frivolity,0,0,0,1,0,0
invariable,0,0,0,1,5,0
martyrdom,0,0,0,2,0,0
spouse,0,0,0,1,0,0
verses,0,0,0,1,8,0
witty,0,0,0,2,0,1
mab,0,0,0,1,0,0
titania,0,0,0,1,0,0
marl,0,0,0,1,0,0
fossin,0,0,0,1,0,0
shines,0,0,0,3,2,0
worldling,0,0,0,1,0,0
perceives,0,0,0,1,2,0
revoltingly,0,0,0,1,0,0
foppish,0,0,0,2,0,0
retract,0,0,0,8,1,0
hatchet,0,0,0,5,0,0
messieurs,0,0,0,1,0,0
challenging,0,0,0,1,0,0
unsolved,0,0,0,1,0,0
imagines,0,0,0,1,8,0
suppositions,0,0,0,1,1,0
aguesseau,0,0,0,1,0,0
indiscreetly,0,0,0,1,0,0
repute,0,0,0,1,0,0
strictest,0,0,0,2,1,0
storied,0,0,0,1,0,0
sulpice,0,0,0,1,0,0
wainscoted,0,0,0,1,0,0
timepiece,0,0,0,3,0,0
theological,0,0,0,1,1,0
utrecht,0,0,0,1,0,0
prie,0,0,0,1,0,0
tourists,0,0,0,1,0,0
rou,0,0,0,2,0,0
rapping,0,0,0,2,0,0
monk,0,0,0,1,0,0
cowl,0,0,0,1,0,0
fulfils,0,0,0,1,0,0
envoy,0,0,0,7,0,0
zaccone,0,0,0,11,0,0
affable,0,0,0,3,0,0
territorial,0,0,0,1,0,0
lutheran,0,0,0,2,0,0
jesus,0,0,0,1,1,0
testimonials,0,0,0,1,0,0
monarchs,0,0,0,1,0,0
destroyers,0,0,0,1,1,0
quaker,0,0,0,3,0,0
pisani,0,0,0,1,0,0
institution,0,0,0,1,13,0
almsgiver,0,0,0,1,0,0
unchangeable,0,0,0,1,4,0
cupid,0,0,0,1,0,0
engraving,0,0,0,1,0,0
belisarius,0,0,0,1,0,0
grayish,0,0,0,1,0,0
kerseymere,0,0,0,1,0,0
straps,0,0,0,1,0,0
idiom,0,0,0,1,0,0
aw,0,0,0,2,0,0
hulks,0,0,0,1,0,0
thessaly,0,0,0,3,0,0
navarino,0,0,0,1,0,0
consolidated,0,0,0,1,0,0
otho,0,0,0,2,0,0
physicist,0,0,0,1,0,0
telegraphy,0,0,0,1,0,0
miser,0,0,0,3,2,0
mineral,0,0,0,2,0,0
bagn,0,0,0,1,0,0
luchon,0,0,0,1,0,0
cauterets,0,0,0,1,0,0
badhaus,0,0,0,1,0,0
contiguous,0,0,0,2,0,0
discomfiture,0,0,0,3,0,0
redness,0,0,0,1,0,0
feud,0,0,0,1,0,0
undecided,0,0,0,1,1,0
copying,0,0,0,1,0,0
myosotis,0,0,0,2,0,0
elssler,0,0,0,1,0,0
boiteux,0,0,0,1,0,0
ecstasies,0,0,0,1,0,1
cachucha,0,0,0,1,0,0
unexceptional,0,0,0,1,0,0
unornamented,0,0,0,1,0,0
geniuses,0,0,0,1,0,0
institute,0,0,0,1,0,0
academicians,0,0,0,1,0,0
academician,0,0,0,3,0,0
thrusts,0,0,0,1,1,0
madder,0,0,0,1,1,0
punches,0,0,0,1,0,0
spinal,0,0,0,2,0,0
whalebone,0,0,0,1,0,0
punched,0,0,0,1,0,0
opponents,0,0,0,1,8,1
peerage,0,0,0,1,0,0
operas,0,0,0,2,0,0
cle,0,0,0,1,0,0
royalty,0,0,0,1,0,0
franck,0,0,0,1,0,0
poulmann,0,0,0,1,0,0
frankfurt,0,0,0,1,0,0
courier,0,0,0,4,0,0
salver,0,0,0,1,0,0
jessamine,0,0,0,5,0,0
talkers,0,0,0,1,0,0
partant,0,0,0,1,0,0
syrie,0,0,0,1,0,0
lindens,0,0,0,1,0,0
gauze,0,0,0,1,0,0
muscatel,0,0,0,3,0,0
reproof,0,0,0,1,0,0
inordinate,0,0,0,1,0,0
beholds,0,0,0,1,2,0
eminences,0,0,0,1,0,0
perilously,0,0,0,1,0,0
laboriously,0,0,0,2,0,0
erwhelm,0,0,0,1,0,0
phosphoric,0,0,0,2,0,0
discoverer,0,0,0,1,0,0
unannounced,0,0,0,1,0,0
preface,0,0,0,1,0,0
unwell,0,0,0,1,1,0
throbbed,0,0,0,2,0,0
relaxes,0,0,0,1,0,0
grandmamma,0,0,0,7,0,0
heartwrung,0,0,0,1,0,0
orangeade,0,0,0,2,0,0
beverage,0,0,0,7,0,0
circumlocution,0,0,0,2,0,0
dissensions,0,0,0,1,0,0
coincide,0,0,0,1,5,0
discrediting,0,0,0,1,0,0
extraction,0,0,0,1,0,0
consumptive,0,0,0,1,0,0
avrigny,0,0,0,124,0,0
antoinette,0,0,0,3,0,0
incapability,0,0,0,1,0,0
hallucinations,0,0,0,1,0,0
presentiments,0,0,0,2,0,0
goaded,0,0,0,1,1,0
admires,0,0,0,1,0,0
pretends,0,0,0,4,2,0
decrees,0,0,0,1,0,0
heighten,0,0,0,1,0,0
gambler,0,0,0,2,0,0
entwined,0,0,0,1,0,0
justification,0,0,0,2,0,1
signing,0,0,0,8,0,0
billet,0,0,0,1,0,0
roule,0,0,0,3,0,0
ladders,0,0,0,3,0,0
clover,0,0,0,5,0,0
rectified,0,0,0,2,0,0
alternations,0,0,0,1,0,0
interruptions,0,0,0,1,1,0
sycamore,0,0,0,2,0,0
tetanus,0,0,0,3,0,0
spasms,0,0,0,1,0,0
excitation,0,0,0,1,0,0
harbored,0,0,0,1,0,0
conscientious,0,0,0,4,0,0
errare,0,0,0,1,0,0
humanum,0,0,0,1,0,0
imputed,0,0,0,1,0,0
nightlamp,0,0,0,1,0,0
magdalen,0,0,0,1,0,0
correggio,0,0,0,1,0,0
safeguard,0,0,0,1,2,0
austere,0,0,0,1,0,0
interrogative,0,0,0,2,2,0
coloring,0,0,0,3,0,0
burdens,0,0,0,1,0,0
giants,0,0,0,3,1,0
docility,0,0,0,1,0,0
coaches,0,0,0,5,0,0
pini,0,0,0,1,0,0
dignitaries,0,0,0,1,0,0
funerals,0,0,0,1,0,0
hearse,0,0,0,2,0,0
pomp,0,0,0,2,2,0
devotees,0,0,0,1,0,0
conventionalist,0,0,0,1,0,0
considers,0,0,0,1,6,0
amiability,0,0,0,3,0,0
accost,0,0,0,1,0,0
tacitly,0,0,0,2,0,0
mausoleum,0,0,0,2,0,0
voltaire,0,0,0,1,0,0
piron,0,0,0,1,0,0
eo,0,0,0,1,0,0
rus,0,0,0,1,0,0
unbearable,0,0,0,2,0,0
associating,0,0,0,2,0,0
thrift,0,0,0,1,0,0
labels,0,0,0,1,0,0
bronze,0,0,0,2,0,0
loungers,0,0,0,2,0,0
picnic,0,0,0,1,0,0
trestles,0,0,0,1,0,0
crypt,0,0,0,2,0,0
forboded,0,0,0,1,0,0
bequeaths,0,0,0,1,1,0
beauveau,0,0,0,1,0,0
adhering,0,0,0,1,0,0
apprise,0,0,0,6,0,0
alienate,0,0,0,2,0,0
alienated,0,0,0,1,0,0
null,0,0,0,1,0,0
incapacitate,0,0,0,1,0,0
nortier,0,0,0,2,0,0
durand,0,0,0,1,0,0
untied,0,0,0,1,0,0
undersigned,0,0,0,1,0,0
beaurepaire,0,0,0,2,0,0
tienne,0,0,0,4,0,0
duchampy,0,0,0,2,0,0
brigade,0,0,0,2,0,0
claude,0,0,0,1,0,0
lecharpal,0,0,0,2,0,0
recommending,0,0,0,2,0,0
flavien,0,0,0,1,0,0
dynasty,0,0,0,1,0,0
councillor,0,0,0,1,0,0
explicitly,0,0,0,2,0,0
constrain,0,0,0,1,0,0
enroll,0,0,0,1,0,0
twofold,0,0,0,4,2,0
conceding,0,0,0,1,0,0
allegiance,0,0,0,1,0,0
rashness,0,0,0,1,0,0
disavowing,0,0,0,1,0,0
resorting,0,0,0,1,0,0
bandaging,0,0,0,1,0,0
ormes,0,0,0,1,0,0
hoarfrost,0,0,0,1,0,0
barge,0,0,0,1,0,0
swordsmen,0,0,0,1,0,0
onset,0,0,0,1,0,0
calming,0,0,0,1,0,0
unbuttoning,0,0,0,1,0,0
infringement,0,0,0,1,0,0
scars,0,0,0,2,0,0
gaming,0,0,0,1,0,0
courtiers,0,0,0,1,0,0
quarries,0,0,0,3,0,0
delightfully,0,0,0,1,0,0
goethe,0,0,0,1,2,0
satirical,0,0,0,1,3,0
minerva,0,0,0,1,0,0
sappho,0,0,0,1,0,0
tableaux,0,0,0,1,0,0
vivants,0,0,0,1,0,0
antonia,0,0,0,1,0,0
cremona,0,0,0,1,0,0
sanctum,0,0,0,1,0,0
simulating,0,0,0,1,0,0
claudius,0,0,0,1,0,0
mourned,0,0,0,2,0,0
democrat,0,0,0,1,7,0
tenor,0,0,0,1,1,0
soprano,0,0,0,2,0,0
thalberg,0,0,0,1,0,0
cavatina,0,0,0,1,0,0
ti,0,0,0,2,0,0
bravi,0,0,0,2,0,0
brava,0,0,0,2,0,0
musicians,0,0,0,2,5,0
annoys,0,0,0,2,0,0
puritan,0,0,0,1,1,0
barbarism,0,0,0,1,2,1
megalomaniac,0,0,0,1,0,0
mocker,0,0,0,1,0,0
parodying,0,0,0,1,1,0
spoons,0,0,0,1,0,0
sprightly,0,0,0,3,0,0
cameo,0,0,0,1,0,0
massacre,0,0,0,1,0,0
bartholomew,0,0,0,1,0,0
installation,0,0,0,1,0,0
patronize,0,0,0,2,0,0
repulsed,0,0,0,1,0,0
wounding,0,0,0,1,0,0
sheathe,0,0,0,2,0,0
cajolery,0,0,0,1,0,0
suspects,0,0,0,2,0,0
congo,0,0,0,1,0,0
initiated,0,0,0,1,1,0
tray,0,0,0,1,0,0
repasts,0,0,0,1,0,0
wealthier,0,0,0,1,0,0
concludes,0,0,0,1,0,0
albania,0,0,0,2,0,0
chastity,0,0,0,2,1,0
countrywomen,0,0,0,1,0,0
claire,0,0,0,1,0,0
marie,0,0,0,1,0,0
dionysius,0,0,0,1,3,0
enjoin,0,0,0,1,1,0
vasiliki,0,0,0,14,0,0
silks,0,0,0,1,0,0
plato,0,0,0,2,367,0
fluently,0,0,0,2,2,0
interdicted,0,0,0,1,1,0
salvers,0,0,0,1,0,0
sherbet,0,0,0,1,0,0
signora,0,0,0,7,0,0
omnibuses,0,0,0,1,0,0
tinkling,0,0,0,1,0,0
converses,0,0,0,1,0,0
forgets,0,0,0,2,5,0
veils,0,0,0,2,1,0
solicit,0,0,0,1,0,0
alms,0,0,0,2,1,1
lendeth,0,0,0,1,0,0
scimitar,0,0,0,2,1,0
actress,0,0,0,1,0,0
purses,0,0,0,1,3,1
selim,0,0,0,29,0,0
supernaturally,0,0,0,1,0,0
pythoness,0,0,0,1,0,0
evoking,0,0,0,1,0,0
kiosk,0,0,0,7,0,0
palikares,0,0,0,8,0,0
rowers,0,0,0,2,0,0
seraskier,0,0,0,3,0,0
kourchid,0,0,0,5,0,0
kataphygion,0,0,0,1,0,0
bathing,0,0,0,2,0,0
slowmatch,0,0,0,1,0,0
tenure,0,0,0,1,1,0
lichens,0,0,0,1,0,0
firman,0,0,0,2,0,0
inauspicious,0,0,0,3,0,0
iced,0,0,0,2,0,0
anointed,0,0,0,1,1,0
lattice,0,0,0,1,0,0
cartridges,0,0,0,1,0,0
vizier,0,0,0,11,0,0
contemplating,0,0,0,4,1,0
dionysus,0,0,0,1,0,0
crete,0,0,0,2,1,0
undaunted,0,0,0,1,0,0
despatching,0,0,0,1,0,0
prostrated,0,0,0,2,1,0
crater,0,0,0,1,0,0
heartrending,0,0,0,2,0,0
poniards,0,0,0,2,0,0
pervading,0,0,0,1,0,0
armenian,0,0,0,2,0,0
mahmoud,0,0,0,1,0,0
disclosures,0,0,0,1,0,0
rudeness,0,0,0,1,0,0
communications,0,0,0,1,1,0
concise,0,0,0,2,0,0
irrefragable,0,0,0,1,0,0
laird,0,0,0,1,0,0
ravenswood,0,0,0,1,0,0
worshiped,0,0,0,1,0,0
consistently,0,0,0,1,0,1
stickler,0,0,0,1,0,0
rites,0,0,0,1,1,0
remodel,0,0,0,1,0,0
humbled,0,0,0,2,2,0
plighted,0,0,0,1,0,0
allying,0,0,0,1,0,0
ebullition,0,0,0,3,0,0
evincing,0,0,0,1,0,0
failings,0,0,0,1,0,0
implies,0,0,0,1,12,0
slander,0,0,0,2,1,0
injures,0,0,0,1,0,0
impartial,0,0,0,4,1,1
jottings,0,0,0,1,0,0
miscellaneous,0,0,0,1,0,0
veuves,0,0,0,1,0,0
gosset,0,0,0,1,0,0
philip,0,0,0,4,0,0
loads,0,0,0,1,0,0
induces,0,0,0,3,1,1
droll,0,0,0,4,0,0
aces,0,0,0,1,0,0
fives,0,0,0,1,0,0
sevens,0,0,0,1,0,0
eights,0,0,0,1,0,0
nines,0,0,0,1,0,0
tens,0,0,0,1,0,0
distances,0,0,0,2,2,0
calumny,0,0,0,2,0,0
meanness,0,0,0,1,18,1
rake,0,0,0,1,0,0
retracting,0,0,0,1,0,0
retractation,0,0,0,4,0,0
harebrained,0,0,0,1,0,0
advising,0,0,0,1,1,0
immemorial,0,0,0,1,0,1
geranium,0,0,0,1,0,0
implicates,0,0,0,1,0,0
badges,0,0,0,1,0,0
identifies,0,0,0,1,1,0
modifications,0,0,0,1,0,0
contradicting,0,0,0,1,2,0
skilled,0,0,0,1,8,0
affirmed,0,0,0,1,11,0
amicable,0,0,0,1,0,0
constituted,0,0,0,2,5,0
vented,0,0,0,2,0,0
switching,0,0,0,1,0,0
lashing,0,0,0,1,0,0
triangle,0,0,0,2,8,0
lends,0,0,0,1,0,0
dispensed,0,0,0,1,2,0
timely,0,0,0,1,0,0
imposes,0,0,0,1,1,0
coveting,0,0,0,2,0,0
dregs,0,0,0,2,1,0
adieux,0,0,0,1,0,0
agonized,0,0,0,1,0,0
eluding,0,0,0,2,0,0
ether,0,0,0,3,0,0
turpentine,0,0,0,1,0,0
emetic,0,0,0,5,1,0
cramps,0,0,0,1,0,0
drowsiness,0,0,0,2,0,0
immovably,0,0,0,1,0,0
inflate,0,0,0,1,0,0
vomit,0,0,0,1,0,0
yawn,0,0,0,1,1,0
jawbones,0,0,0,1,0,0
bloodshot,0,0,0,3,0,0
pantry,0,0,0,1,0,0
syrup,0,0,0,8,0,0
harping,0,0,0,1,0,0
litmus,0,0,0,2,0,0
acid,0,0,0,2,0,0
spoonfuls,0,0,0,2,0,0
sediment,0,0,0,2,0,0
opal,0,0,0,3,0,0
raps,0,0,0,1,0,0
monstrosities,0,0,0,1,0,0
agrippina,0,0,0,1,0,0
sullied,0,0,0,1,0,0
brunhilda,0,0,0,1,0,0
fredegund,0,0,0,1,0,0
jurisprudence,0,0,0,1,0,1
ant,0,0,0,1,0,0
polonius,0,0,0,1,0,0
agrees,0,0,0,1,5,0
circumspection,0,0,0,1,0,0
corpses,0,0,0,3,0,0
suffocating,0,0,0,1,0,0
sedentary,0,0,0,1,0,0
testifying,0,0,0,1,0,0
inauspiciously,0,0,0,1,0,0
anxieties,0,0,0,1,0,0
establishing,0,0,0,2,0,1
gloss,0,0,0,2,0,0
correcting,0,0,0,1,1,0
leonora,0,0,0,1,0,0
inconceivably,0,0,0,1,0,0
cheval,0,0,0,3,0,0
rouge,0,0,0,3,0,0
picpus,0,0,0,1,0,0
nilmontant,0,0,0,1,0,0
fruiteress,0,0,0,2,0,0
pailletin,0,0,0,1,0,0
musk,0,0,0,1,0,0
cloves,0,0,0,1,0,0
pan,0,0,0,4,1,0
relished,0,0,0,1,0,0
peeling,0,0,0,1,0,0
onions,0,0,0,4,0,0
temperedly,0,0,0,1,0,0
sententiously,0,0,0,1,0,0
glands,0,0,0,1,0,0
overpowers,0,0,0,1,1,0
codicils,0,0,0,1,0,0
pilchards,0,0,0,1,0,0
butter,0,0,0,1,0,0
vine,0,0,0,2,2,0
economize,0,0,0,1,0,0
cultivate,0,0,0,2,0,0
mio,0,0,0,3,0,0
marred,0,0,0,1,1,0
livelihood,0,0,0,1,1,1
christmas,0,0,0,1,0,0
brussels,0,0,0,6,0,0
covetous,0,0,0,1,7,0
feeds,0,0,0,1,5,0
germ,0,0,0,1,3,0
dryly,0,0,0,1,0,0
retaken,0,0,0,1,0,0
bastards,0,0,0,1,1,0
codicil,0,0,0,3,0,0
acknowledges,0,0,0,3,4,0
cascades,0,0,0,1,0,0
polisher,0,0,0,1,0,0
catches,0,0,0,1,1,0
exhibition,0,0,0,2,1,0
rectangle,0,0,0,2,0,0
extortion,0,0,0,2,0,0
confiteor,0,0,0,1,0,0
huret,0,0,0,1,0,0
fichet,0,0,0,1,0,0
revised,0,0,0,2,0,0
sloop,0,0,0,3,0,0
fiesco,0,0,0,1,0,0
moor,0,0,0,1,0,0
denying,0,0,0,2,2,0
contests,0,0,0,1,3,0
forsooth,0,0,0,1,0,0
assemble,0,0,0,1,0,0
disarranging,0,0,0,1,0,0
staple,0,0,0,1,0,0
crust,0,0,0,1,0,0
hatchets,0,0,0,1,0,0
invalides,0,0,0,3,0,0
doleful,0,0,0,1,0,0
vibration,0,0,0,2,0,0
practised,0,0,0,1,10,0
pane,0,0,0,2,0,0
staples,0,0,0,1,0,0
nightingales,0,0,0,1,0,0
grind,0,0,0,1,0,0
grinder,0,0,0,1,0,0
picklock,0,0,0,1,0,0
reverend,0,0,0,27,2,0
pitilessly,0,0,0,1,0,1
pshaw,0,0,0,2,0,0
johannes,0,0,0,1,0,0
mandrier,0,0,0,2,0,0
nap,0,0,0,1,0,0
fetters,0,0,0,1,1,2
protestation,0,0,0,1,0,0
factitious,0,0,0,2,0,0
abettor,0,0,0,1,0,0
blunted,0,0,0,1,1,0
dislocated,0,0,0,1,0,0
restrains,0,0,0,1,0,0
stroking,0,0,0,1,0,0
fleshy,0,0,0,1,0,0
felon,0,0,0,3,0,0
suffices,0,0,0,2,0,1
coping,0,0,0,2,2,0
astride,0,0,0,1,0,0
waylaid,0,0,0,1,0,0
ebbing,0,0,0,1,0,0
posthumous,0,0,0,1,0,0
sloth,0,0,0,1,0,0
unhoped,0,0,0,2,0,0
dost,0,0,0,1,0,0
registry,0,0,0,1,0,0
morgue,0,0,0,1,0,0
diligent,0,0,0,1,2,0
matrimony,0,0,0,3,1,0
attributing,0,0,0,2,4,0
facilitate,0,0,0,1,1,0
visa,0,0,0,1,0,0
delvino,0,0,0,1,0,0
attestation,0,0,0,1,0,0
recollecting,0,0,0,2,0,0
attestations,0,0,0,1,0,0
forsook,0,0,0,2,0,0
undue,0,0,0,2,0,0
interrogates,0,0,0,1,0,0
comforters,0,0,0,1,0,0
misunderstand,0,0,0,1,0,0
renown,0,0,0,1,1,0
purveyor,0,0,0,2,2,0
deo,0,0,0,1,0,0
ignoto,0,0,0,1,0,0
pilate,0,0,0,1,0,0
impresari,0,0,0,1,0,0
director,0,0,0,2,4,0
recollects,0,0,0,2,0,0
augustus,0,0,0,1,0,0
amphitrite,0,0,0,2,0,0
britzka,0,0,0,3,0,0
borromean,0,0,0,1,0,0
fickle,0,0,0,1,0,0
francis,0,0,0,1,0,0
refinements,0,0,0,1,2,0
prodigy,0,0,0,1,0,0
pontoise,0,0,0,2,0,0
manes,0,0,0,1,0,0
simoom,0,0,0,1,0,0
refill,0,0,0,1,0,0
bastinado,0,0,0,1,0,0
accounting,0,0,0,1,0,0
deceptive,0,0,0,1,0,0
degrading,0,0,0,1,1,0
regeneration,0,0,0,1,0,0
piscatory,0,0,0,1,0,0
designing,0,0,0,1,0,0
disagreeably,0,0,0,1,0,0
florentin,0,0,0,7,0,0
lame,0,0,0,1,4,0
veined,0,0,0,1,0,0
password,0,0,0,1,0,0
deriving,0,0,0,1,1,0
usher,0,0,0,2,0,0
publisher,0,0,0,1,0,0
professing,0,0,0,1,4,0
beet,0,0,0,1,0,0
defamation,0,0,0,1,0,0
scandalize,0,0,0,1,0,0
array,0,0,0,1,4,0
accusatory,0,0,0,1,0,0
comments,0,0,0,3,0,0
substantiated,0,0,0,1,0,0
haughtiness,0,0,0,1,0,0
talented,0,0,0,2,0,0
defamatory,0,0,0,1,0,0
tribune,0,0,0,1,0,0
orator,0,0,0,3,2,0
calumnious,0,0,0,1,0,0
timidity,0,0,0,1,0,0
conciliated,0,0,0,1,0,0
repel,0,0,0,2,3,0
bends,0,0,0,1,0,0
liberals,0,0,0,1,0,0
convincing,0,0,0,3,4,0
macedonia,0,0,0,2,0,0
eyewitness,0,0,0,1,1,0
brilliancy,0,0,0,3,0,0
satchel,0,0,0,1,0,0
primate,0,0,0,1,0,0
kobbir,0,0,0,5,0,0
imputations,0,0,0,1,1,0
translator,0,0,0,1,1,0
transmission,0,0,0,1,0,0
hegira,0,0,0,1,0,0
affixed,0,0,0,1,0,0
counselled,0,0,0,1,0,0
periodical,0,0,0,1,0,1
granting,0,0,0,1,1,0
spear,0,0,0,1,1,0
defending,0,0,0,3,2,0
disarm,0,0,0,1,0,0
felony,0,0,0,1,0,0
unbecoming,0,0,0,1,5,0
majestically,0,0,0,1,0,0
councillors,0,0,0,1,0,0
vaugirard,0,0,0,1,0,0
calumniator,0,0,0,2,0,0
hypocritically,0,0,0,1,0,1
baseness,0,0,0,1,3,0
implicate,0,0,0,1,0,0
insinuations,0,0,0,2,0,0
espoused,0,0,0,1,1,0
conciliate,0,0,0,1,0,0
obliges,0,0,0,1,0,0
discomposed,0,0,0,2,1,0
assigning,0,0,0,1,2,0
characterize,0,0,0,1,1,0
altercation,0,0,0,1,0,0
perfidy,0,0,0,1,0,0
exasperates,0,0,0,1,0,0
adorably,0,0,0,1,0,0
duprez,0,0,0,3,0,0
mathilde,0,0,0,1,0,0
idole,0,0,0,1,0,0
rap,0,0,0,1,0,0
apologize,0,0,0,2,0,0
guaranties,0,0,0,1,0,0
guaranty,0,0,0,2,0,0
colonies,0,0,0,1,1,2
braggadocio,0,0,0,1,0,0
barbarisms,0,0,0,1,0,0
suivez,0,0,0,1,0,0
moi,0,0,0,1,0,0
sportsmen,0,0,0,1,0,0
parquet,0,0,0,1,0,0
punishes,0,0,0,2,2,0
adoption,0,0,0,1,0,0
stipendiary,0,0,0,1,0,0
avenger,0,0,0,4,0,0
ophir,0,0,0,1,0,0
fertilized,0,0,0,1,0,0
chaos,0,0,0,1,5,0
snuffed,0,0,0,1,0,0
slumbered,0,0,0,1,0,1
propitious,0,0,0,1,0,0
fatalist,0,0,0,1,0,0
believer,0,0,0,1,4,0
exaggerating,0,0,0,1,1,0
justifiable,0,0,0,1,0,0
uncertainties,0,0,0,1,0,0
mar,0,0,0,1,0,0
legacies,0,0,0,1,0,0
tortoni,0,0,0,1,0,0
swordsman,0,0,0,1,0,0
dexterous,0,0,0,1,0,0
buckshot,0,0,0,1,0,0
conceded,0,0,0,1,0,0
philippi,0,0,0,1,0,0
considerately,0,0,0,1,0,0
disengaged,0,0,0,1,3,0
affably,0,0,0,1,0,0
avenues,0,0,0,2,0,0
revenging,0,0,0,2,0,0
infallibility,0,0,0,1,0,0
dishonorably,0,0,0,1,0,0
yaninas,0,0,0,1,0,0
chivalric,0,0,0,1,0,0
hague,0,0,0,1,0,0
forsworn,0,0,0,1,0,0
unfastening,0,0,0,1,0,0
artistic,0,0,0,1,3,0
bronzes,0,0,0,1,0,0
feuch,0,0,0,1,0,0
barye,0,0,0,1,0,0
inventory,0,0,0,3,0,0
prancing,0,0,0,1,0,0
laces,0,0,0,1,0,0
dictates,0,0,0,1,0,0
herrera,0,0,0,1,0,0
ceaseless,0,0,0,1,1,0
promote,0,0,0,2,0,1
ungenerous,0,0,0,1,0,0
marigny,0,0,0,1,0,0
drought,0,0,0,2,1,0
elate,0,0,0,1,0,0
throb,0,0,0,3,0,0
constricted,0,0,0,1,0,0
authorized,0,0,0,1,1,0
articulating,0,0,0,1,0,0
procures,0,0,0,1,0,0
fernands,0,0,0,1,0,0
coverings,0,0,0,1,0,0
lamentable,0,0,0,2,0,0
alcove,0,0,0,1,0,0
crazed,0,0,0,1,0,0
footstool,0,0,0,1,0,0
panacea,0,0,0,1,0,0
devotedness,0,0,0,1,0,0
sugared,0,0,0,1,0,0
glassful,0,0,0,1,0,0
translation,0,0,0,1,3,1
housemaid,0,0,0,2,0,0
translating,0,0,0,1,2,0
ducks,0,0,0,1,0,0
preludes,0,0,0,1,0,0
contagious,0,0,0,1,0,0
keenness,0,0,0,1,2,0
timidities,0,0,0,1,0,0
artless,0,0,0,1,0,0
toppled,0,0,0,1,0,0
giddiness,0,0,0,2,1,0
stimulate,0,0,0,1,3,0
tardiness,0,0,0,1,0,0
resound,0,0,0,1,0,0
matignon,0,0,0,2,0,0
impels,0,0,0,1,0,0
constrains,0,0,0,1,0,0
exterminating,0,0,0,3,0,0
vehmgericht,0,0,0,1,0,0
tribunals,0,0,0,1,0,0
sterne,0,0,0,1,0,0
atreidae,0,0,0,2,0,0
algeria,0,0,0,2,0,0
tortuous,0,0,0,2,0,0
privately,0,0,0,1,4,0
fanny,0,0,0,1,0,0
diviner,0,0,0,1,3,0
accustoming,0,0,0,2,1,0
neutralize,0,0,0,1,0,0
deviates,0,0,0,1,0,0
unsafe,0,0,0,1,0,0
carpenters,0,0,0,1,1,0
masons,0,0,0,1,0,0
toilette,0,0,0,1,0,0
performing,0,0,0,1,4,0
chronic,0,0,0,1,0,0
cashbooks,0,0,0,1,0,0
fortresses,0,0,0,1,0,0
quantities,0,0,0,1,2,0
rural,0,0,0,1,0,2
pastorals,0,0,0,1,0,0
pointedness,0,0,0,1,0,0
passiveness,0,0,0,1,0,0
observable,0,0,0,2,0,0
schoolgirl,0,0,0,1,0,0
encumber,0,0,0,1,0,0
aphorisms,0,0,0,1,0,0
drus,0,0,0,1,0,0
bias,0,0,0,1,1,0
shipwreck,0,0,0,2,1,0
encumbrance,0,0,0,1,0,0
expands,0,0,0,1,0,0
disputed,0,0,0,2,2,0
impute,0,0,0,1,1,0
imbibe,0,0,0,1,0,0
animates,0,0,0,1,0,0
logician,0,0,0,1,2,0
pasta,0,0,0,1,0,0
grisi,0,0,0,1,0,0
sour,0,0,0,1,0,0
prodigality,0,0,0,1,0,0
acclamations,0,0,0,1,0,0
supersedes,0,0,0,1,0,0
fostered,0,0,0,1,0,0
professedly,0,0,0,1,0,0
accelerate,0,0,0,3,0,0
unrelenting,0,0,0,1,0,0
industrial,0,0,0,1,2,14
deluded,0,0,0,2,1,0
mississippi,0,0,0,1,0,0
millionth,0,0,0,1,0,0
ohio,0,0,0,1,0,0
mortgage,0,0,0,1,0,0
disgraceful,0,0,0,1,6,0
gulfs,0,0,0,1,0,0
brabantio,0,0,0,1,0,0
pawing,0,0,0,2,0,0
doorsteps,0,0,0,2,0,0
charmingly,0,0,0,1,1,0
tow,0,0,0,1,0,0
contracting,0,0,0,1,0,0
dorante,0,0,0,1,0,0
alceste,0,0,0,1,0,0
perfidious,0,0,0,1,0,0
arousing,0,0,0,1,1,0
aspects,0,0,0,1,8,0
seraglio,0,0,0,1,0,0
stylishly,0,0,0,1,0,0
appoint,0,0,0,1,2,0
trebling,0,0,0,1,0,0
initiative,0,0,0,1,0,1
sympathized,0,0,0,1,0,0
butterflies,0,0,0,1,0,0
drones,0,0,0,1,20,0
mouldings,0,0,0,2,0,0
unaccompanied,0,0,0,1,0,0
taxation,0,0,0,1,1,1
turquoises,0,0,0,1,0,0
opals,0,0,0,1,0,0
ugliest,0,0,0,1,0,0
turban,0,0,0,1,0,0
agitate,0,0,0,1,0,0
endymion,0,0,0,1,0,0
expansive,0,0,0,1,0,0
scrawled,0,0,0,1,0,0
boileau,0,0,0,1,0,0
nergique,0,0,0,1,0,0
delusions,0,0,0,1,0,0
outvie,0,0,0,1,0,0
senior,0,0,0,1,0,0
vexatious,0,0,0,1,0,0
forebode,0,0,0,1,0,0
deciphering,0,0,0,1,0,0
floorkeepers,0,0,0,1,0,0
rens,0,0,0,1,0,0
quem,0,0,0,1,0,0
devoret,0,0,0,1,0,0
girded,0,0,0,1,0,0
consciences,0,0,0,1,0,0
commissioner,0,0,0,1,0,0
cholera,0,0,0,2,0,0
morbus,0,0,0,1,0,0
condolences,0,0,0,1,0,0
closeted,0,0,0,1,0,0
inseparable,0,0,0,1,6,0
butlers,0,0,0,1,0,0
directors,0,0,0,1,0,0
lombardy,0,0,0,1,0,0
canals,0,0,0,1,0,0
princesses,0,0,0,1,0,0
amazon,0,0,0,1,0,0
omphale,0,0,0,1,0,0
wadded,0,0,0,1,0,0
braids,0,0,0,1,0,0
li,0,0,0,1,0,0
gothard,0,0,0,1,0,0
contralto,0,0,0,1,0,0
victoire,0,0,0,1,0,0
judith,0,0,0,1,0,0
delilah,0,0,0,1,0,0
shutter,0,0,0,2,0,0
laundress,0,0,0,2,0,0
strap,0,0,0,1,0,0
extenuating,0,0,0,2,0,0
villette,0,0,0,2,0,0
inopportunely,0,0,0,1,0,0
trousseau,0,0,0,1,0,0
caskets,0,0,0,1,0,0
shawls,0,0,0,1,0,0
valenciennes,0,0,0,1,0,0
corbeille,0,0,0,1,0,0
gladiator,0,0,0,3,0,0
spartan,0,0,0,2,17,0
fayette,0,0,0,1,0,0
enshrouded,0,0,0,1,0,0
poissonni,0,0,0,1,0,0
fares,0,0,0,1,0,0
louvres,0,0,0,3,0,0
sweetened,0,0,0,1,0,0
serval,0,0,0,3,0,0
bourget,0,0,0,1,0,0
hop,0,0,0,1,0,0
pla,0,0,0,1,0,0
cabriolets,0,0,0,1,0,0
tenths,0,0,0,1,1,2
lusty,0,0,0,1,0,0
oise,0,0,0,1,0,0
moat,0,0,0,1,0,0
topcoat,0,0,0,1,0,0
mortefontaine,0,0,0,1,0,0
senlis,0,0,0,1,0,0
compi,0,0,0,6,0,0
gne,0,0,0,6,0,0
maul,0,0,0,1,0,0
dominique,0,0,0,1,0,0
concluding,0,0,0,1,2,0
chantilly,0,0,0,1,0,0
twining,0,0,0,1,0,0
prettiest,0,0,0,1,0,0
woodcutter,0,0,0,1,0,0
woodman,0,0,0,1,0,0
embrowned,0,0,0,1,0,0
misadventures,0,0,0,1,0,0
unclasped,0,0,0,1,0,0
predominating,0,0,0,2,0,0
blocking,0,0,0,1,0,0
dishonest,0,0,0,1,1,0
gymnastic,0,0,0,1,60,0
achilles,0,0,0,1,8,0
deidamia,0,0,0,1,0,0
reinforced,0,0,0,1,0,0
endeavors,0,0,0,3,0,0
commissaries,0,0,0,1,0,0
triply,0,0,0,1,0,0
closets,0,0,0,1,0,0
sixteenth,0,0,0,1,1,1
villers,0,0,0,1,0,0
coterets,0,0,0,1,0,0
noyon,0,0,0,1,0,0
functionary,0,0,0,2,0,0
brigadiers,0,0,0,1,0,0
gendarmerie,0,0,0,1,0,0
needlessly,0,0,0,1,0,0
bedclothes,0,0,0,4,0,0
fuss,0,0,0,1,1,0
sneers,0,0,0,2,0,0
flandre,0,0,0,1,0,0
incarcerated,0,0,0,1,0,0
conciergerie,0,0,0,2,0,0
ridding,0,0,0,1,0,0
dissension,0,0,0,1,1,0
classed,0,0,0,1,0,0
fourths,0,0,0,1,1,0
repelling,0,0,0,1,0,0
grisettes,0,0,0,1,0,0
satire,0,0,0,1,4,0
disgraced,0,0,0,1,0,0
supplicate,0,0,0,1,0,0
lazaretto,0,0,0,1,0,0
gravestone,0,0,0,1,0,0
tradesman,0,0,0,1,0,0
magnify,0,0,0,1,1,0
underlings,0,0,0,1,0,0
impostor,0,0,0,3,1,0
extenuate,0,0,0,1,0,0
vindictively,0,0,0,1,0,0
forgery,0,0,0,2,0,0
siren,0,0,0,1,2,0
pardonable,0,0,0,1,0,0
robberies,0,0,0,1,0,0
arson,0,0,0,1,0,0
session,0,0,0,2,0,0
courts,0,0,0,1,10,0
somnolence,0,0,0,1,0,0
alabaster,0,0,0,1,0,0
maze,0,0,0,1,0,0
reviewing,0,0,0,2,0,0
storing,0,0,0,1,0,0
reproducing,0,0,0,1,0,0
apparitions,0,0,0,1,1,0
detach,0,0,0,2,0,0
transparency,0,0,0,1,0,0
dissolving,0,0,0,1,0,0
healthful,0,0,0,1,0,0
circulate,0,0,0,1,0,1
neutralized,0,0,0,2,0,0
beverages,0,0,0,2,0,0
fortifying,0,0,0,1,0,0
feign,0,0,0,1,0,0
slower,0,0,0,3,1,0
inefficacy,0,0,0,1,0,0
withdrawal,0,0,0,3,0,0
alcohol,0,0,0,1,0,0
unsuspicious,0,0,0,1,0,0
ripening,0,0,0,1,0,0
plots,0,0,0,1,1,0
pulsations,0,0,0,1,0,0
pastille,0,0,0,2,0,0
flickerings,0,0,0,2,0,0
hireling,0,0,0,1,1,0
lightening,0,0,0,1,0,0
nitric,0,0,0,1,0,0
unveiling,0,0,0,1,0,0
engrossing,0,0,0,1,1,0
supplying,0,0,0,1,2,0
epilepsy,0,0,0,1,0,0
pores,0,0,0,1,0,0
ministrations,0,0,0,1,0,0
commits,0,0,0,1,0,0
assassinates,0,0,0,1,0,0
distinctness,0,0,0,1,2,0
rave,0,0,0,2,0,0
interlocutor,0,0,0,2,0,0
inexpressibly,0,0,0,2,0,0
clashed,0,0,0,1,0,0
quill,0,0,0,1,0,0
thirsts,0,0,0,2,1,0
conjures,0,0,0,1,0,0
disengaging,0,0,0,1,1,0
mayoralty,0,0,0,1,0,0
unclosed,0,0,0,2,0,0
chloride,0,0,0,1,0,0
lime,0,0,0,2,0,0
undertakers,0,0,0,2,0,0
contradiction,0,0,0,1,16,1
stun,0,0,0,1,0,0
crape,0,0,0,1,0,0
puritanical,0,0,0,1,0,0
endurable,0,0,0,2,1,0
mitigates,0,0,0,1,0,0
efficacy,0,0,0,2,0,0
demolish,0,0,0,1,0,0
cr,0,0,0,1,0,0
sus,0,0,0,1,0,0
wrested,0,0,0,2,1,0
transacting,0,0,0,1,0,0
nervously,0,0,0,1,0,0
receiver,0,0,0,5,2,0
charities,0,0,0,3,0,0
widows,0,0,0,2,0,0
depute,0,0,0,1,0,0
checks,0,0,0,2,0,0
credits,0,0,0,1,0,0
hospitals,0,0,0,3,0,0
guiltily,0,0,0,1,0,0
retires,0,0,0,1,3,0
deficiency,0,0,0,1,3,0
notified,0,0,0,1,0,0
nun,0,0,0,1,0,0
macaire,0,0,0,2,0,0
rick,0,0,0,2,0,0
wended,0,0,0,1,0,0
chilliness,0,0,0,1,0,0
metropolis,0,0,0,1,0,0
chant,0,0,0,1,0,0
ab,0,0,0,1,0,0
lard,0,0,0,1,0,0
premature,0,0,0,1,0,0
quoting,0,0,0,1,1,0
stanzas,0,0,0,1,0,0
malherbe,0,0,0,1,0,0
rier,0,0,0,1,0,0
roquette,0,0,0,1,0,0
panelled,0,0,0,1,0,0
intruded,0,0,0,1,0,0
enact,0,0,0,1,1,0
maniacal,0,0,0,1,0,0
revulsion,0,0,0,1,0,0
relax,0,0,0,1,2,0
incense,0,0,0,1,2,0
dewdrops,0,0,0,1,0,0
wield,0,0,0,1,0,1
agencies,0,0,0,1,1,0
honeyed,0,0,0,1,1,0
curing,0,0,0,1,0,0
deadliest,0,0,0,3,0,0
pr,0,0,0,2,0,0
superintendence,0,0,0,1,1,1
concierges,0,0,0,1,0,0
fusion,0,0,0,1,1,0
overturned,0,0,0,1,0,0
acknowledgments,0,0,0,1,0,0
opulence,0,0,0,1,0,0
jointure,0,0,0,1,0,0
stilling,0,0,0,1,0,0
partnership,0,0,0,2,4,0
methodical,0,0,0,1,0,0
tearless,0,0,0,1,0,0
disdaining,0,0,0,1,0,0
priority,0,0,0,1,0,0
prominent,0,0,0,1,1,0
burdensome,0,0,0,1,0,0
earthen,0,0,0,2,0,0
pallet,0,0,0,2,0,0
economical,0,0,0,3,0,2
landlords,0,0,0,1,0,0
uncarpeted,0,0,0,1,0,0
indissoluble,0,0,0,1,0,0
economizing,0,0,0,1,0,0
extorting,0,0,0,1,0,0
synonymous,0,0,0,1,0,0
twine,0,0,0,1,0,0
stoves,0,0,0,1,0,0
exotics,0,0,0,1,0,0
steamboats,0,0,0,1,0,0
handsomely,0,0,0,1,0,0
frs,0,0,0,2,0,0
souvenir,0,0,0,1,0,0
lamorici,0,0,0,1,0,0
ney,0,0,0,1,0,0
changarnier,0,0,0,1,0,0
bedeau,0,0,0,1,0,0
essentially,0,0,0,1,2,0
recommendations,0,0,0,1,0,0
unimaginative,0,0,0,1,0,0
deniers,0,0,0,2,0,0
captives,0,0,0,1,4,0
thickness,0,0,0,1,2,0
gratings,0,0,0,2,0,0
herculean,0,0,0,1,1,0
obliquely,0,0,0,1,1,0
sharpening,0,0,0,1,1,0
wearer,0,0,0,1,0,0
pluming,0,0,0,1,0,0
grease,0,0,0,1,0,0
bug,0,0,0,1,0,0
larks,0,0,0,1,0,0
savate,0,0,0,3,0,0
cuffing,0,0,0,1,0,0
shoe,0,0,0,3,0,0
heeled,0,0,0,2,0,0
anguille,0,0,0,1,0,0
flail,0,0,0,1,0,0
horsewhip,0,0,0,1,0,0
smacked,0,0,0,1,0,0
substantial,0,0,0,1,3,0
showered,0,0,0,1,0,0
alliances,0,0,0,1,2,0
extricating,0,0,0,1,0,0
pincette,0,0,0,1,0,0
bailed,0,0,0,1,0,0
resides,0,0,0,1,5,0
racine,0,0,0,1,0,0
pix,0,0,0,2,0,0
pygmy,0,0,0,1,0,0
novices,0,0,0,1,0,0
jingled,0,0,0,1,0,0
vulnerable,0,0,0,1,0,0
seclude,0,0,0,1,0,0
applications,0,0,0,1,8,0
dissipating,0,0,0,1,0,0
tarquin,0,0,0,1,0,0
lopped,0,0,0,1,0,0
poppies,0,0,0,1,0,0
linden,0,0,0,1,0,0
divested,0,0,0,1,2,0
elastic,0,0,0,1,1,0
daisies,0,0,0,1,0,0
bonbons,0,0,0,1,0,0
unbuttoned,0,0,0,1,0,0
interrogatories,0,0,0,1,0,0
compiling,0,0,0,1,0,0
depositions,0,0,0,1,0,0
lark,0,0,0,1,0,0
chocolate,0,0,0,3,0,0
dented,0,0,0,1,0,0
shaved,0,0,0,1,0,0
ottoman,0,0,0,1,0,0
pamphlets,0,0,0,1,0,1
impudent,0,0,0,1,0,0
poisoners,0,0,0,1,0,0
nicety,0,0,0,1,0,0
diminishes,0,0,0,1,0,0
pronounces,0,0,0,1,1,0
unblemished,0,0,0,1,0,0
laudable,0,0,0,1,0,0
vociferated,0,0,0,1,0,0
frequenting,0,0,0,2,0,0
fallibility,0,0,0,1,1,0
malevolence,0,0,0,1,0,0
eying,0,0,0,1,0,0
monocle,0,0,0,1,0,0
millionnaire,0,0,0,1,0,0
genealogist,0,0,0,1,0,0
divina,0,0,0,1,0,0
comedia,0,0,0,1,0,0
phlegmatically,0,0,0,1,0,0
subtlety,0,0,0,1,0,0
phrenological,0,0,0,1,0,0
bloodhound,0,0,0,1,0,0
principality,0,0,0,3,0,0
distilling,0,0,0,1,0,0
cosmetics,0,0,0,1,0,0
multitudinously,0,0,0,3,0,0
wither,0,0,0,1,0,0
phenomenon,0,0,0,2,2,0
adept,0,0,0,1,0,0
rebuffed,0,0,0,1,0,0
precocious,0,0,0,1,0,0
hypothesis,0,0,0,1,3,0
blanches,0,0,0,1,0,0
disdained,0,0,0,1,0,0
forger,0,0,0,1,0,0
cynicism,0,0,0,1,0,0
classified,0,0,0,1,0,0
reprimand,0,0,0,1,0,0
morality,0,0,0,1,25,3
bravado,0,0,0,1,0,0
unconcerned,0,0,0,1,0,0
scum,0,0,0,1,0,1
citizens,0,0,0,1,129,0
instil,0,0,0,1,0,1
ordaining,0,0,0,1,0,0
blaspheme,0,0,0,2,0,0
clearest,0,0,0,1,1,1
indented,0,0,0,1,0,0
crushes,0,0,0,1,0,0
adjourned,0,0,0,1,0,0
density,0,0,0,1,0,0
contingency,0,0,0,1,0,0
typhus,0,0,0,1,0,0
flee,0,0,0,2,1,0
softening,0,0,0,1,2,0
stopper,0,0,0,1,0,0
threshhold,0,0,0,1,0,0
reawaken,0,0,0,1,0,0
violating,0,0,0,1,0,0
unto,0,0,0,1,3,0
lioness,0,0,0,1,0,0
contemplates,0,0,0,1,2,0
ajax,0,0,0,1,4,0
foams,0,0,0,1,0,0
griped,0,0,0,1,0,0
boiled,0,0,0,1,2,0
deluge,0,0,0,1,1,0
perrault,0,0,0,1,0,0
unbidden,0,0,0,1,0,0
mitigation,0,0,0,1,0,0
disciplined,0,0,0,1,2,0
signalized,0,0,0,1,0,0
starlight,0,0,0,1,0,0
villejuif,0,0,0,1,0,0
ingulfing,0,0,0,1,0,0
enthusiast,0,0,0,1,0,0
materialist,0,0,0,1,0,0
scoffer,0,0,0,1,0,0
miner,0,0,0,1,0,0
dreamer,0,0,0,1,2,0
unpromising,0,0,0,1,0,0
fervid,0,0,0,1,0,0
tyre,0,0,0,1,0,0
carthage,0,0,0,1,0,0
brick,0,0,0,1,0,0
spreads,0,0,0,1,0,0
yawned,0,0,0,1,0,0
garret,0,0,0,2,0,0
bricks,0,0,0,1,1,0
virginia,0,0,0,2,0,0
sear,0,0,0,1,0,0
embitter,0,0,0,1,0,0
blaming,0,0,0,1,1,0
yonder,0,0,0,1,0,0
rim,0,0,0,1,3,0
accessory,0,0,0,1,1,0
supine,0,0,0,1,0,0
perjurer,0,0,0,1,0,0
renegades,0,0,0,1,0,0
indissolubly,0,0,0,1,1,0
abandonment,0,0,0,1,0,0
forgiving,0,0,0,1,1,0
madden,0,0,0,1,0,0
regenerate,0,0,0,1,0,0
brightens,0,0,0,1,0,0
awning,0,0,0,1,0,0
autumnal,0,0,0,2,0,0
oozing,0,0,0,1,0,0
prevention,0,0,0,1,2,1
pensioned,0,0,0,1,0,0
breach,0,0,0,1,0,0
mirabeau,0,0,0,1,1,0
abodes,0,0,0,1,0,0
reopens,0,0,0,1,0,0
narrate,0,0,0,1,2,0
darkest,0,0,0,1,0,0
couldst,0,0,0,1,0,0
epigraph,0,0,0,1,0,0
shalt,0,0,0,2,0,0
saith,0,0,0,1,1,0
piously,0,0,0,1,0,0
slabs,0,0,0,1,0,0
infirmity,0,0,0,1,2,0
unhappiest,0,0,0,1,0,0
eurus,0,0,0,1,0,0
ganymede,0,0,0,1,0,0
allegory,0,0,0,1,11,0
steamer,0,0,0,3,0,0
surtout,0,0,0,1,0,0
decoration,0,0,0,1,0,0
goddam,0,0,0,1,0,0
figaro,0,0,0,1,0,0
linguistic,0,0,0,1,0,0
allegro,0,0,0,1,0,0
moderato,0,0,0,1,0,0
storta,0,0,0,1,0,0
espagne,0,0,0,1,0,0
banchi,0,0,0,2,0,0
marius,0,0,0,3,0,0
gracchi,0,0,0,3,1,0
barefooted,0,0,0,1,0,0
papal,0,0,0,2,0,0
diving,0,0,0,1,0,0
museums,0,0,0,1,0,0
privacy,0,0,0,1,0,0
mutter,0,0,0,1,0,0
reclosed,0,0,0,1,0,0
casa,0,0,0,1,0,0
morra,0,0,0,1,0,0
facchini,0,0,0,1,0,0
orvieto,0,0,0,2,0,0
caring,0,0,0,1,1,1
ancona,0,0,0,1,0,0
capisco,0,0,0,2,0,0
luxuriously,0,0,0,1,0,0
relay,0,0,0,1,0,0
jolt,0,0,0,1,0,0
aqueducts,0,0,0,2,0,1
rainy,0,0,0,1,0,0
unharnessed,0,0,0,1,0,0
caro,0,0,0,2,0,0
duets,0,0,0,1,0,0
dentro,0,0,0,3,0,0
testa,0,0,0,3,0,0
unoccupied,0,0,0,1,0,0
hazarded,0,0,0,1,0,0
scendi,0,0,0,1,0,0
avanti,0,0,0,1,0,0
rudely,0,0,0,1,1,0
polecats,0,0,0,1,0,0
positions,0,0,0,1,1,0
territories,0,0,0,1,0,0
rearguard,0,0,0,1,0,0
intersection,0,0,0,1,0,0
sepulchres,0,0,0,1,1,0
ecco,0,0,0,1,0,0
accommodation,0,0,0,2,1,0
ransomed,0,0,0,3,0,0
diffuses,0,0,0,1,0,0
quixote,0,0,0,1,0,0
breguet,0,0,0,1,0,0
repeaters,0,0,0,1,0,0
athletic,0,0,0,1,0,0
disprove,0,0,0,1,2,0
ogreish,0,0,0,1,0,0
voraciously,0,0,0,1,0,0
filth,0,0,0,1,0,0
sauces,0,0,0,1,4,0
deniseau,0,0,0,1,0,0
fricassee,0,0,0,1,0,0
cosa,0,0,0,1,0,0
gnawings,0,0,0,1,0,0
stewed,0,0,0,1,0,0
villetri,0,0,0,1,0,0
epicure,0,0,0,1,1,0
va,0,0,0,1,0,0
idioms,0,0,0,1,0,0
imprison,0,0,0,1,0,0
boxwood,0,0,0,1,0,0
skinned,0,0,0,1,0,0
poultry,0,0,0,1,0,0
prolongation,0,0,0,1,0,1
reclosing,0,0,0,1,0,0
noisily,0,0,0,1,0,0
holloa,0,0,0,1,0,0
provocative,0,0,0,1,0,0
clave,0,0,0,1,0,0
retail,0,0,0,1,10,0
harpagon,0,0,0,1,0,0
despoil,0,0,0,1,2,0
piecemeal,0,0,0,1,1,0
dart,0,0,0,1,0,0
usury,0,0,0,1,0,0
despairs,0,0,0,1,0,0
succeeds,0,0,0,1,2,0
privation,0,0,0,1,0,0
hopefulness,0,0,0,1,0,0
premonition,0,0,0,1,0,0
matting,0,0,0,1,0,0
prostituted,0,0,0,1,0,0
forgives,0,0,0,1,0,0
siesta,0,0,0,1,0,0
zephyr,0,0,0,1,0,0
mythology,0,0,0,2,19,0
ruffle,0,0,0,1,0,0
cone,0,0,0,1,0,0
splashing,0,0,0,1,0,0
grounded,0,0,0,1,0,0
calypso,0,0,0,1,0,0
telemachus,0,0,0,1,0,0
drags,0,0,0,2,0,0
deliciously,0,0,0,1,0,0
enervating,0,0,0,1,1,1
planet,0,0,0,1,0,0
disorders,0,0,0,1,7,0
unlocking,0,0,0,1,0,0
caryatides,0,0,0,1,0,0
aspiring,0,0,0,1,0,0
unctuous,0,0,0,1,0,0
permeated,0,0,0,1,1,0
kaleidoscope,0,0,0,1,0,0
enervated,0,0,0,1,1,0
existences,0,0,0,1,1,0
overshadow,0,0,0,1,0,0
expressionless,0,0,0,1,0,0
simulate,0,0,0,1,0,0
felucca,0,0,0,1,0,0
fac,0,0,0,1,0,0
spera,0,0,0,1,0,0
footnotes,0,0,0,1,0,0
drinkers,0,0,0,1,0,0
physiognomists,0,0,0,1,0,0
predestined,0,0,0,1,0,0
abbot,0,0,0,1,0,0
guillotin,0,0,0,1,0,0
ferruginea,0,0,0,1,0,0
sanctity,0,0,0,1,0,0
moiety,0,0,0,1,0,0
elisabeth,0,0,0,1,0,0
rossan,0,0,0,1,0,0
belle,0,0,0,1,0,0
castellane,0,0,0,1,0,0
ed,0,0,0,7,0,0
klissoura,0,0,0,1,0,0
militiamen,0,0,0,1,0,0
fruitfulness,0,0,0,1,0,0
dionysian,0,0,0,1,0,0
atreus,0,0,0,1,1,0
agamemnon,0,0,0,1,15,0
aeschylus,0,0,0,1,12,0
misanthrope,0,0,0,1,1,0
lema,0,0,0,1,0,0
melodramas,0,0,0,1,0,0
chien,0,0,0,2,0,0
montargis,0,0,0,1,0,0
aubry,0,0,0,1,0,0
cavalry,0,0,0,1,0,0
guilbert,0,0,0,1,0,0
carolina,0,0,0,1,0,0
gelsemium,0,0,0,1,0,0
sempervirens,0,0,0,1,0,0
wistaria,0,0,0,1,0,0
frutescens,0,0,0,1,0,0
avare,0,0,0,1,0,0
jowett,0,0,0,0,2,0
ebook,0,0,0,0,1,0
metaphysics,0,0,0,0,5,0
philebus,0,0,0,0,9,0
sophist,0,0,0,0,18,0
politicus,0,0,0,0,4,0
symposium,0,0,0,0,7,0
protagoras,0,0,0,0,9,0
imagery,0,0,0,0,2,0
interweave,0,0,0,0,1,0
dialogues,0,0,0,0,19,0
cp,0,0,0,0,18,0
thinkers,0,0,0,0,9,0
moderns,0,0,0,0,1,0
thinker,0,0,0,0,7,0
germs,0,0,0,0,2,0
analyses,0,0,0,0,1,0
definition,0,0,0,0,16,0
fallacy,0,0,0,0,1,0
concupiscent,0,0,0,0,6,0
irascible,0,0,0,0,3,0
rep,0,0,0,0,12,0
polit,0,0,0,0,2,0
cratyl,0,0,0,0,1,0
ff,0,0,0,0,2,0
formulae,0,0,0,0,4,0
syllogism,0,0,0,0,1,0
aristotle,0,0,0,0,55,0
soph,0,0,0,0,2,0
critias,0,0,0,0,7,0
troy,0,0,0,0,8,0
mythical,0,0,0,0,1,0
athenians,0,0,0,0,3,0
atlantis,0,0,0,0,4,0
logographers,0,0,0,0,2,0
tim,0,0,0,0,7,0
hellas,0,0,0,0,22,0
timaeus,0,0,0,0,27,0
incongruity,0,0,0,0,1,0
hellenic,0,0,0,0,26,0
hymn,0,0,0,0,5,0
marathon,0,0,0,0,1,0
salamis,0,0,0,0,1,0
herodotus,0,0,0,0,2,0
athenian,0,0,0,0,14,0
apollo,0,0,0,0,11,0
athene,0,0,0,0,6,0
introd,0,0,0,0,3,0
arhchegoz,0,0,0,0,1,0
cicero,0,0,0,0,9,0
republica,0,0,0,0,2,0
utopia,0,0,0,0,13,0
aristotelian,0,0,0,0,3,0
undetected,0,0,0,0,5,0
cambridge,0,0,0,0,1,0
platonists,0,0,0,0,6,0
renaissance,0,0,0,0,1,0
milton,0,0,0,0,4,0
locke,0,0,0,0,1,0
bunyan,0,0,0,0,1,0
theology,0,0,0,0,7,0
revival,0,0,0,0,2,0
symp,0,0,0,0,2,0
idealism,0,0,0,0,5,0
statesmen,0,0,0,0,9,0
hinted,0,0,0,0,1,0
cephalus,0,0,0,0,27,0
polemarchus,0,0,0,0,37,0
caricatured,0,0,0,0,1,0
thrasymachus,0,0,0,0,91,0
glaucon,0,0,0,0,132,0
adeimantus,0,0,0,0,74,0
rulers,0,0,0,0,107,0
manlier,0,0,0,0,1,0
degenerates,0,0,0,0,3,0
democracy,0,0,0,0,60,1
imitator,0,0,0,0,21,0
banishment,0,0,0,0,2,0
supplemented,0,0,0,0,2,0
lewis,0,0,0,0,1,0
classical,0,0,0,0,3,1
vol,0,0,0,0,1,0
introductory,0,0,0,0,1,0
sophistical,0,0,0,0,3,0
restatement,0,0,0,0,1,0
mainly,0,0,0,0,2,0
enquiry,0,0,0,0,36,0
communism,0,0,0,0,9,13
perversions,0,0,0,0,3,0
correspond,0,0,0,0,11,1
phaedrus,0,0,0,0,16,0
fades,0,0,0,0,1,0
reconcilement,0,0,0,0,2,0
iliad,0,0,0,0,4,0
odyssey,0,0,0,0,2,0
publication,0,0,0,0,1,0
altering,0,0,0,0,3,0
platonic,0,0,0,0,33,0
discrepancies,0,0,0,0,1,0
discordant,0,0,0,0,3,0
inconsistency,0,0,0,0,9,0
connexion,0,0,0,0,9,0
beginnings,0,0,0,0,2,0
inconsistencies,0,0,0,0,3,0
consistency,0,0,0,0,4,0
defective,0,0,0,0,3,0
uninterruptedly,0,0,0,0,1,0
references,0,0,0,0,1,0
morgenstern,0,0,0,0,3,0
blend,0,0,0,0,1,0
hegelian,0,0,0,0,3,0
developes,0,0,0,0,3,0
warp,0,0,0,0,1,0
woof,0,0,0,0,1,0
ethical,0,0,0,0,10,0
hypotheses,0,0,0,0,20,0
vaguest,0,0,0,0,1,0
stallbaum,0,0,0,0,2,0
plastic,0,0,0,0,3,0
jewish,0,0,0,0,2,0
ideals,0,0,0,0,15,0
reveals,0,0,0,0,3,0
sophists,0,0,0,0,16,0
pierces,0,0,0,0,2,0
myths,0,0,0,0,5,0
fashioning,0,0,0,0,5,0
practicability,0,0,0,0,2,0
attains,0,0,0,0,6,1
dialectic,0,0,0,0,37,0
organisation,0,0,0,0,1,4
boeckh,0,0,0,0,1,0
notoriously,0,0,0,0,1,0
chronology,0,0,0,0,1,0
historically,0,0,0,0,1,2
reconcilements,0,0,0,0,1,0
hermann,0,0,0,0,1,0
apol,0,0,0,0,4,0
intentionally,0,0,0,0,7,0
anachronisms,0,0,0,0,2,0
lysias,0,0,0,0,3,0
euthydemus,0,0,0,0,2,0
charmantides,0,0,0,0,2,0
cleitophon,0,0,0,0,7,0
interrupts,0,0,0,0,1,0
appropriately,0,0,0,0,1,0
lusts,0,0,0,0,6,0
garrulity,0,0,0,0,2,0
dishonesty,0,0,0,0,5,0
contrasts,0,0,0,0,3,0
senectute,0,0,0,0,1,0
fewest,0,0,0,0,1,0
ep,0,0,0,0,2,0
violation,0,0,0,0,6,0
lysimachus,0,0,0,0,1,0
laches,0,0,0,0,1,0
impetuousness,0,0,0,0,1,0
simonides,0,0,0,0,12,0
aristoph,0,0,0,0,1,0
refuting,0,0,0,0,3,0
socratic,0,0,0,0,13,0
dialectical,0,0,0,0,9,0
contra,0,0,0,0,1,0
eratosth,0,0,0,0,1,0
syracusan,0,0,0,0,2,0
migrated,0,0,0,0,1,0
thurii,0,0,0,0,1,0
chalcedonian,0,0,0,0,2,0
blustering,0,0,0,0,1,0
oration,0,0,0,0,2,0
framing,0,0,0,0,4,0
banter,0,0,0,0,1,0
doctrines,0,0,0,0,4,0
lays,0,0,0,0,1,1
cram,0,0,0,0,1,0
elicits,0,0,0,0,1,0
testifies,0,0,0,0,1,0
humorously,0,0,0,0,1,0
quintilian,0,0,0,0,2,0
rhetoric,0,0,0,0,7,1
herodicus,0,0,0,0,4,0
aris,0,0,0,0,1,0
rhet,0,0,0,0,1,0
wast,0,0,0,0,1,0
verisimilitude,0,0,0,0,3,0
respondents,0,0,0,0,1,0
phaedo,0,0,0,0,7,0
ariston,0,0,0,0,10,0
likeness,0,0,0,0,18,0
simmias,0,0,0,0,1,0
cebes,0,0,0,0,1,0
vanishes,0,0,0,0,1,3
fechting,0,0,0,0,1,0
xen,0,0,0,0,3,0
juvenis,0,0,0,0,1,0
qui,0,0,0,0,1,0
gaudet,0,0,0,0,1,0
canibus,0,0,0,0,1,0
platitudes,0,0,0,0,1,0
seamy,0,0,0,0,1,0
ludicrous,0,0,0,0,11,1
theatricals,0,0,0,0,1,0
megara,0,0,0,0,2,0
anno,0,0,0,0,1,0
graver,0,0,0,0,1,0
profounder,0,0,0,0,1,0
liveliness,0,0,0,0,1,0
maturer,0,0,0,0,2,0
respondent,0,0,0,0,4,0
resumes,0,0,0,0,2,0
hits,0,0,0,0,1,0
compares,0,0,0,0,8,0
contentious,0,0,0,0,4,0
superseded,0,0,0,0,3,1
saws,0,0,0,0,2,0
generalization,0,0,0,0,2,0
delineation,0,0,0,0,3,0
memorabilia,0,0,0,0,3,0
silenus,0,0,0,0,1,0
abates,0,0,0,0,1,0
corrupters,0,0,0,0,3,0
dogmatic,0,0,0,0,1,0
constructive,0,0,0,0,4,0
speculative,0,0,0,0,5,1
nominally,0,0,0,0,2,0
advances,0,0,0,0,3,0
interlocutors,0,0,0,0,2,0
daemonium,0,0,0,0,1,0
examples,0,0,0,0,14,0
parable,0,0,0,0,12,0
embodies,0,0,0,0,2,0
composite,0,0,0,0,5,0
portionless,0,0,0,0,2,0
quarrelled,0,0,0,0,1,0
nostrums,0,0,0,0,2,0
hydra,0,0,0,0,5,0
analyse,0,0,0,0,4,0
bendis,0,0,0,0,3,0
piraeus,0,0,0,0,6,0
equestrian,0,0,0,0,2,0
hermocrates,0,0,0,0,2,0
rhetorical,0,0,0,0,4,0
reciting,0,0,0,0,2,0
cushioned,0,0,0,0,2,0
discontents,0,0,0,0,1,0
tempers,0,0,0,0,7,0
themistocles,0,0,0,0,3,0
seriphian,0,0,0,0,3,0
ascribes,0,0,0,0,1,0
mythus,0,0,0,0,2,0
frontispiece,0,0,0,0,1,0
partnerships,0,0,0,0,3,0
opposites,0,0,0,0,6,0
autolycus,0,0,0,0,2,0
homeric,0,0,0,0,10,0
thieving,0,0,0,0,1,0
horsemanship,0,0,0,0,3,0
periander,0,0,0,0,2,0
perdiccas,0,0,0,0,2,0
ismenias,0,0,0,0,2,0
theban,0,0,0,0,2,0
aphoristic,0,0,0,0,1,0
mazes,0,0,0,0,1,0
precept,0,0,0,0,1,0
punishest,0,0,0,0,1,0
kheyam,0,0,0,0,1,0
casuistry,0,0,0,0,1,0
prior,0,0,0,0,5,0
posterior,0,0,0,0,1,0
fundamental,0,0,0,0,9,0
prohibits,0,0,0,0,1,0
definitions,0,0,0,0,2,0
polydamas,0,0,0,0,2,0
unmeaning,0,0,0,0,4,0
evasion,0,0,0,0,1,0
insinuates,0,0,0,0,1,0
affirms,0,0,0,0,4,0
neglects,0,0,0,0,2,0
drivelling,0,0,0,0,1,0
rogueries,0,0,0,0,3,0
swindlers,0,0,0,0,2,0
burglars,0,0,0,0,3,0
deluged,0,0,0,0,2,0
inexact,0,0,0,0,1,0
nolo,0,0,0,0,1,0
episcopari,0,0,0,0,1,0
incidental,0,0,0,0,2,0
gainful,0,0,0,0,4,0
admissions,0,0,0,0,5,0
assumes,0,0,0,0,6,1
weaving,0,0,0,0,5,0
unskilled,0,0,0,0,4,0
refuted,0,0,0,0,3,0
churlish,0,0,0,0,1,0
detract,0,0,0,0,1,0
flourishes,0,0,0,0,1,0
fabric,0,0,0,0,2,0
implement,0,0,0,0,2,0
stumble,0,0,0,0,2,0
undistinguished,0,0,0,0,2,0
enquirers,0,0,0,0,2,0
morals,0,0,0,0,4,0
perplexities,0,0,0,0,2,0
contemporaries,0,0,0,0,13,0
nic,0,0,0,0,3,0
eth,0,0,0,0,2,0
reductio,0,0,0,0,1,0
absurdum,0,0,0,0,1,0
dissatisfaction,0,0,0,0,1,0
inaccuracy,0,0,0,0,1,0
mythological,0,0,0,0,2,0
moralists,0,0,0,0,1,0
superlatives,0,0,0,0,1,0
covetousness,0,0,0,0,1,0
sc,0,0,0,0,2,0
epilogue,0,0,0,0,1,0
reassumes,0,0,0,0,1,0
enlarge,0,0,0,0,3,0
widen,0,0,0,0,1,1
rejects,0,0,0,0,1,0
charmer,0,0,0,0,1,0
doers,0,0,0,0,3,0
abstains,0,0,0,0,1,0
gorgias,0,0,0,0,6,0
nobleness,0,0,0,0,2,0
panegyrists,0,0,0,0,2,0
scourged,0,0,0,0,2,0
racked,0,0,0,0,3,0
impaled,0,0,0,0,2,0
fray,0,0,0,0,1,0
incentive,0,0,0,0,4,0
marriages,0,0,0,0,11,0
hesiod,0,0,0,0,20,0
fleeces,0,0,0,0,3,0
orphic,0,0,0,0,1,0
musaeus,0,0,0,0,4,0
eumolpus,0,0,0,0,1,0
garlands,0,0,0,0,6,0
sieve,0,0,0,0,2,0
righteous,0,0,0,0,6,0
mendicant,0,0,0,0,2,0
festive,0,0,0,0,1,0
games,0,0,0,0,4,0
invocations,0,0,0,0,1,0
orpheus,0,0,0,0,4,0
purgatory,0,0,0,0,1,0
archilochus,0,0,0,0,3,0
sinning,0,0,0,0,3,0
caitiff,0,0,0,0,2,0
temporal,0,0,0,0,2,0
dispensation,0,0,0,0,2,0
honours,0,0,0,0,29,0
govern,0,0,0,0,10,0
plausibility,0,0,0,0,2,0
oscillates,0,0,0,0,1,0
maintaining,0,0,0,0,6,0
questionable,0,0,0,0,2,0
accompaniment,0,0,0,0,2,0
perversion,0,0,0,0,1,0
counteracting,0,0,0,0,1,0
untruthful,0,0,0,0,1,0
cynic,0,0,0,0,1,0
truer,0,0,0,0,12,0
stoical,0,0,0,0,2,0
ennobling,0,0,0,0,1,0
approves,0,0,0,0,4,0
utilitarian,0,0,0,0,4,0
moralist,0,0,0,0,1,0
dramatize,0,0,0,0,1,0
developing,0,0,0,0,2,1
justifying,0,0,0,0,1,0
protag,0,0,0,0,4,0
harmonise,0,0,0,0,1,0
theses,0,0,0,0,1,0
inconsistent,0,0,0,0,8,0
comprehends,0,0,0,0,1,0
maintains,0,0,0,0,5,0
ethics,0,0,0,0,19,0
identification,0,0,0,0,2,0
pervades,0,0,0,0,6,0
legislation,0,0,0,0,11,1
elegiac,0,0,0,0,3,0
uninfluenced,0,0,0,0,1,0
deserting,0,0,0,0,2,1
weaver,0,0,0,0,4,0
cobbler,0,0,0,0,15,0
wholesale,0,0,0,0,2,0
workers,0,0,0,0,3,8
husbandmen,0,0,0,0,14,0
imports,0,0,0,0,3,0
exports,0,0,0,0,2,0
buyers,0,0,0,0,1,0
producers,0,0,0,0,2,0
interposing,0,0,0,0,5,0
sweets,0,0,0,0,2,0
barbers,0,0,0,0,2,0
swineherds,0,0,0,0,2,0
neatherds,0,0,0,0,2,0
suggests,0,0,0,0,3,0
watchdogs,0,0,0,0,3,0
gymnastics,0,0,0,0,21,0
bushel,0,0,0,0,1,0
impressible,0,0,0,0,2,0
unlearn,0,0,0,0,1,0
censorship,0,0,0,0,3,0
nursery,0,0,0,0,1,1
banishing,0,0,0,0,4,0
uranus,0,0,0,0,3,0
saturn,0,0,0,0,3,0
immoral,0,0,0,0,6,0
eleusinian,0,0,0,0,2,0
unprocurable,0,0,0,0,3,0
zeus,0,0,0,0,27,0
hephaestus,0,0,0,0,7,0
mystical,0,0,0,0,2,0
legislators,0,0,0,0,8,0
pandarus,0,0,0,0,3,0
niobe,0,0,0,0,2,0
pelops,0,0,0,0,2,0
suicidal,0,0,0,0,3,0
variableness,0,0,0,0,1,0
priestess,0,0,0,0,2,0
deities,0,0,0,0,6,0
blasphemous,0,0,0,0,1,0
thetis,0,0,0,0,4,0
retailers,0,0,0,0,1,0
constructs,0,0,0,0,1,0
indulges,0,0,0,0,5,0
literal,0,0,0,0,2,0
abstractions,0,0,0,0,17,0
treatises,0,0,0,0,2,0
adulteration,0,0,0,0,1,0
bequests,0,0,0,0,3,0
eryxias,0,0,0,0,1,0
economic,0,0,0,0,2,5
quaintly,0,0,0,0,1,0
taverns,0,0,0,0,1,0
afterthought,0,0,0,0,1,0
desirableness,0,0,0,0,1,0
impure,0,0,0,0,1,0
startles,0,0,0,0,1,0
affirming,0,0,0,0,4,0
develope,0,0,0,0,5,0
economies,0,0,0,0,2,0
accommodations,0,0,0,0,1,0
fictions,0,0,0,0,3,0
protestant,0,0,0,0,1,0
unimportant,0,0,0,0,2,0
misstatements,0,0,0,0,2,0
allegorical,0,0,0,0,3,0
theagenes,0,0,0,0,2,0
rhegium,0,0,0,0,2,0
aesculapius,0,0,0,0,1,0
heracles,0,0,0,0,1,0
transformations,0,0,0,0,2,0
stoics,0,0,0,0,2,0
neo,0,0,0,0,3,0
waning,0,0,0,0,4,0
deluding,0,0,0,0,1,0
gospels,0,0,0,0,1,0
luke,0,0,0,0,1,0
reserving,0,0,0,0,1,1
euphemistic,0,0,0,0,1,0
chronique,0,0,0,0,1,0
scandaleuse,0,0,0,0,1,0
discouraging,0,0,0,0,1,0
expunge,0,0,0,0,2,0
depressing,0,0,0,0,1,0
gibber,0,0,0,0,1,0
cocytus,0,0,0,0,2,0
styx,0,0,0,0,2,0
sapless,0,0,0,0,2,0
tartarean,0,0,0,0,1,0
nomenclature,0,0,0,0,1,0
priam,0,0,0,0,2,0
mire,0,0,0,0,5,0
attribution,0,0,0,0,1,0
travail,0,0,0,0,2,0
laments,0,0,0,0,2,1
hector,0,0,0,0,5,0
sarpedon,0,0,0,0,2,0
ridiculed,0,0,0,0,4,0
temperance,0,0,0,0,59,1
achaeans,0,0,0,0,5,0
rapturous,0,0,0,0,1,0
ares,0,0,0,0,2,0
aphrodite,0,0,0,0,2,0
nobler,0,0,0,0,9,0
bribes,0,0,0,0,3,0
phoenix,0,0,0,0,2,0
scamander,0,0,0,0,1,0
dedication,0,0,0,0,1,0
patroclus,0,0,0,0,6,0
spercheius,0,0,0,0,2,0
slaying,0,0,0,0,1,0
pyre,0,0,0,0,5,0
cheiron,0,0,0,0,2,0
amatory,0,0,0,0,1,0
peirithous,0,0,0,0,2,0
tellers,0,0,0,0,3,0
misrepresentations,0,0,0,0,1,0
oratio,0,0,0,0,1,0
obliqua,0,0,0,0,1,0
styles,0,0,0,0,5,0
imitators,0,0,0,0,11,0
rhapsodist,0,0,0,0,2,0
coined,0,0,0,0,2,0
quarrelling,0,0,0,0,7,0
blacksmiths,0,0,0,0,2,0
neighing,0,0,0,0,2,0
bellowing,0,0,0,0,2,0
compound,0,0,0,0,3,0
polyphonous,0,0,0,0,1,0
pantomimic,0,0,0,0,3,0
models,0,0,0,0,5,0
ode,0,0,0,0,2,0
rhythm,0,0,0,0,20,0
lamentation,0,0,0,0,6,1
lydian,0,0,0,0,7,0
harmonies,0,0,0,0,24,0
convivial,0,0,0,0,1,0
ionian,0,0,0,0,3,0
dorian,0,0,0,0,6,0
phrygian,0,0,0,0,3,0
stringed,0,0,0,0,3,0
flute,0,0,0,0,10,0
lyre,0,0,0,0,5,0
harp,0,0,0,0,5,0
purgation,0,0,0,0,8,0
metres,0,0,0,0,2,0
tetrachord,0,0,0,0,2,0
ratios,0,0,0,0,2,0
metre,0,0,0,0,8,0
rhythms,0,0,0,0,12,0
damon,0,0,0,0,7,0
dactylic,0,0,0,0,3,0
trochaic,0,0,0,0,3,0
iambic,0,0,0,0,5,0
arranges,0,0,0,0,1,0
equalize,0,0,0,0,1,0
syllables,0,0,0,0,1,0
creative,0,0,0,0,7,0
unseemliness,0,0,0,0,3,0
sculpture,0,0,0,0,2,0
violates,0,0,0,0,1,0
harmonious,0,0,0,0,16,0
imparts,0,0,0,0,4,0
abstain,0,0,0,0,3,0
palaestra,0,0,0,0,3,0
endanger,0,0,0,0,1,1
warrior,0,0,0,0,18,0
athletes,0,0,0,0,10,0
meats,0,0,0,0,7,0
pans,0,0,0,0,2,0
mentions,0,0,0,0,1,0
confections,0,0,0,0,1,0
corinthian,0,0,0,0,3,0
courtezans,0,0,0,0,2,0
melodies,0,0,0,0,2,0
gluttony,0,0,0,0,3,0
intemperance,0,0,0,0,11,0
pleaders,0,0,0,0,1,0
freemen,0,0,0,0,12,0
twists,0,0,0,0,1,0
epidemic,0,0,0,0,2,3
asclepius,0,0,0,0,17,0
eurypylus,0,0,0,0,3,0
posset,0,0,0,0,4,0
pramnian,0,0,0,0,3,0
heating,0,0,0,0,1,0
trainer,0,0,0,0,4,0
artisans,0,0,0,0,9,0
coddling,0,0,0,0,1,0
phocylides,0,0,0,0,5,0
inculcates,0,0,0,0,1,0
puny,0,0,0,0,2,0
sires,0,0,0,0,1,0
intemperate,0,0,0,0,4,0
controls,0,0,0,0,1,0
funnel,0,0,0,0,2,0
athlete,0,0,0,0,7,0
mingles,0,0,0,0,2,0
concord,0,0,0,0,2,0
elders,0,0,0,0,4,0
enchant,0,0,0,0,2,0
tests,0,0,0,0,4,0
refiner,0,0,0,0,3,0
auxiliaries,0,0,0,0,12,0
version,0,0,0,0,2,0
cadmus,0,0,0,0,1,0
unbelieving,0,0,0,0,1,0
propound,0,0,0,0,1,0
craftsmen,0,0,0,0,3,0
artisan,0,0,0,0,9,2
earthborn,0,0,0,0,4,0
insurrections,0,0,0,0,1,0
tents,0,0,0,0,1,0
shopkeepers,0,0,0,0,3,1
dwellings,0,0,0,0,3,0
householders,0,0,0,0,1,0
tradesmen,0,0,0,0,3,1
text,0,0,0,0,4,0
inaccurately,0,0,0,0,1,0
delighting,0,0,0,0,2,0
inferences,0,0,0,0,4,0
heracleitus,0,0,0,0,5,0
heracl,0,0,0,0,1,0
metrodorus,0,0,0,0,1,0
citations,0,0,0,0,1,0
scripture,0,0,0,0,4,0
adaptations,0,0,0,0,1,0
lucid,0,0,0,0,1,0
euripides,0,0,0,0,5,0
sophocles,0,0,0,0,8,0
choruses,0,0,0,0,2,0
lyric,0,0,0,0,5,0
unfrequently,0,0,0,0,2,0
puzzling,0,0,0,0,2,0
collocation,0,0,0,0,1,0
obscurities,0,0,0,0,1,0
shakespere,0,0,0,0,1,0
imperfections,0,0,0,0,1,0
transitional,0,0,0,0,2,0
pericles,0,0,0,0,4,0
phidias,0,0,0,0,1,0
parthenon,0,0,0,0,1,0
propylea,0,0,0,0,1,0
robust,0,0,0,0,3,0
directness,0,0,0,0,1,0
transposition,0,0,0,0,4,0
enfranchisement,0,0,0,0,1,0
helots,0,0,0,0,1,0
aristocracies,0,0,0,0,3,2
warriors,0,0,0,0,16,0
citizenship,0,0,0,0,5,0
ascribing,0,0,0,0,1,0
aspiration,0,0,0,0,7,0
accommodated,0,0,0,0,1,0
caste,0,0,0,0,3,0
resent,0,0,0,0,1,0
adapts,0,0,0,0,2,0
phoenician,0,0,0,0,2,0
verification,0,0,0,0,1,0
communistic,0,0,0,0,2,5
shafts,0,0,0,0,2,0
pol,0,0,0,0,8,0
pythagorean,0,0,0,0,20,0
numerical,0,0,0,0,5,0
connecting,0,0,0,0,3,0
potently,0,0,0,0,1,0
asunder,0,0,0,0,2,4
consciously,0,0,0,0,1,0
rightful,0,0,0,0,1,0
depreciates,0,0,0,0,2,0
invalidism,0,0,0,0,1,0
healer,0,0,0,0,3,0
tentative,0,0,0,0,3,0
litigation,0,0,0,0,1,0
valetudinarian,0,0,0,0,3,0
mercenaries,0,0,0,0,6,0
potters,0,0,0,0,5,0
cobblers,0,0,0,0,7,0
degenerate,0,0,0,0,2,0
lazy,0,0,0,0,2,0
mightiest,0,0,0,0,6,0
innovation,0,0,0,0,5,0
deportment,0,0,0,0,2,0
ordain,0,0,0,0,1,0
fawns,0,0,0,0,2,0
delphi,0,0,0,0,3,0
ancestral,0,0,0,0,3,0
navel,0,0,0,0,2,0
founding,0,0,0,0,5,1
corrective,0,0,0,0,1,0
ambiguities,0,0,0,0,2,0
founder,0,0,0,0,2,0
utilitarianism,0,0,0,0,1,0
definiteness,0,0,0,0,3,0
conveniences,0,0,0,0,2,0
expedient,0,0,0,0,2,0
expediency,0,0,0,0,3,0
watchwords,0,0,0,0,1,0
anaxagoras,0,0,0,0,2,0
excluding,0,0,0,0,1,0
deepen,0,0,0,0,1,0
requirement,0,0,0,0,1,0
boxer,0,0,0,0,2,0
upsetting,0,0,0,0,1,0
eliminate,0,0,0,0,1,0
worker,0,0,0,0,3,0
advises,0,0,0,0,5,0
ruling,0,0,0,0,28,14
dyers,0,0,0,0,2,0
dye,0,0,0,0,3,0
soap,0,0,0,0,2,0
lye,0,0,0,0,3,0
attuning,0,0,0,0,1,0
dulness,0,0,0,0,1,0
transforming,0,0,0,0,1,0
legislator,0,0,0,0,24,0
residues,0,0,0,0,1,0
verbally,0,0,0,0,1,0
charmides,0,0,0,0,1,0
provisional,0,0,0,0,2,0
monotony,0,0,0,0,1,0
arist,0,0,0,0,6,0
scythians,0,0,0,0,2,0
thracians,0,0,0,0,3,0
egyptians,0,0,0,0,3,0
phoenicians,0,0,0,0,2,0
axis,0,0,0,0,9,0
provisionally,0,0,0,0,1,0
avoidance,0,0,0,0,2,0
correlatives,0,0,0,0,3,0
leontius,0,0,0,0,2,0
undergoes,0,0,0,0,2,0
rebuked,0,0,0,0,4,0
harmonized,0,0,0,0,4,0
mansoul,0,0,0,0,1,0
subjection,0,0,0,0,4,2
adultery,0,0,0,0,2,0
harmoniously,0,0,0,0,2,0
insubordination,0,0,0,0,2,0
disobedience,0,0,0,0,1,0
inharmonious,0,0,0,0,5,0
criterion,0,0,0,0,9,0
reasoners,0,0,0,0,1,0
entanglements,0,0,0,0,1,0
extraneous,0,0,0,0,1,0
overlap,0,0,0,0,1,0
irrational,0,0,0,0,12,0
differs,0,0,0,0,7,0
affinity,0,0,0,0,6,0
indistinguishable,0,0,0,0,2,0
connotation,0,0,0,0,1,0
nicomachean,0,0,0,0,2,0
metaphysic,0,0,0,0,2,0
parmenides,0,0,0,0,1,0
ego,0,0,0,0,1,0
induction,0,0,0,0,2,0
metaphysicians,0,0,0,0,2,0
unrealized,0,0,0,0,2,0
surprized,0,0,0,0,1,0
scepticism,0,0,0,0,2,0
predication,0,0,0,0,1,0
predicated,0,0,0,0,1,0
combine,0,0,0,0,5,0
enumerate,0,0,0,0,2,0
slily,0,0,0,0,1,0
formula,0,0,0,0,7,0
ado,0,0,0,0,3,0
hes,0,0,0,0,2,0
shes,0,0,0,0,2,0
gender,0,0,0,0,1,0
puppies,0,0,0,0,2,0
verbal,0,0,0,0,4,0
nominal,0,0,0,0,1,0
hairy,0,0,0,0,4,0
male,0,0,0,0,12,0
beget,0,0,0,0,3,0
educations,0,0,0,0,1,0
stratagem,0,0,0,0,1,0
licentiousness,0,0,0,0,5,0
instituted,0,0,0,0,3,0
breeder,0,0,0,0,2,0
mating,0,0,0,0,1,0
unions,0,0,0,0,4,1
paired,0,0,0,0,2,0
hymeneal,0,0,0,0,7,0
ascribe,0,0,0,0,2,0
suckle,0,0,0,0,1,0
partakes,0,0,0,0,5,0
hymeneals,0,0,0,0,2,0
regulation,0,0,0,0,4,0
applies,0,0,0,0,5,0
espousals,0,0,0,0,1,0
polity,0,0,0,0,9,0
vibrates,0,0,0,0,1,0
saviours,0,0,0,0,7,0
nurturers,0,0,0,0,2,0
paymasters,0,0,0,0,1,0
lawsuits,0,0,0,0,1,0
retaliate,0,0,0,0,3,0
borrowing,0,0,0,0,2,0
victors,0,0,0,0,4,0
appropriating,0,0,0,0,1,3
steeds,0,0,0,0,1,0
deserters,0,0,0,0,1,0
honouring,0,0,0,0,3,0
chines,0,0,0,0,2,0
hellenes,0,0,0,0,20,0
barbarians,0,0,0,0,14,1
unpatriotic,0,0,0,0,1,0
prosecuted,0,0,0,0,1,0
reconciliation,0,0,0,0,2,0
phil,0,0,0,0,1,0
chasten,0,0,0,0,1,0
blessedness,0,0,0,0,2,0
unmerciful,0,0,0,0,1,0
champion,0,0,0,0,3,0
indiscriminate,0,0,0,0,1,0
attachments,0,0,0,0,2,0
blemishes,0,0,0,0,1,0
nosed,0,0,0,0,1,0
featureless,0,0,0,0,1,0
faultless,0,0,0,0,3,0
endearment,0,0,0,0,1,0
dionysiac,0,0,0,0,2,0
intermediate,0,0,0,0,26,1
denies,0,0,0,0,3,0
ambiguous,0,0,0,0,1,0
erring,0,0,0,0,2,0
grovels,0,0,0,0,1,0
incestuous,0,0,0,0,1,0
manipulated,0,0,0,0,1,0
legislature,0,0,0,0,1,0
illustrations,0,0,0,0,2,0
facetious,0,0,0,0,1,0
inductive,0,0,0,0,2,0
figment,0,0,0,0,1,0
parallels,0,0,0,0,2,0
conjugates,0,0,0,0,1,0
theaetetus,0,0,0,0,2,0
haters,0,0,0,0,1,0
unskilful,0,0,0,0,4,0
player,0,0,0,0,8,0
reconcileable,0,0,0,0,1,0
allegories,0,0,0,0,1,0
joins,0,0,0,0,1,1
prater,0,0,0,0,2,0
gazer,0,0,0,0,3,0
mutinous,0,0,0,0,2,0
politicians,0,0,0,0,8,0
dishonoured,0,0,0,0,3,0
unsuitable,0,0,0,0,3,0
applauses,0,0,0,0,1,0
hisses,0,0,0,0,1,0
grunts,0,0,0,0,1,0
alcibiades,0,0,0,0,3,0
lighten,0,0,0,0,2,0
mechanic,0,0,0,0,1,0
suitor,0,0,0,0,1,0
theages,0,0,0,0,5,0
oracular,0,0,0,0,1,0
undetermined,0,0,0,0,2,0
recurs,0,0,0,0,1,0
withstanding,0,0,0,0,1,0
juxtapositions,0,0,0,0,1,0
controversy,0,0,0,0,3,0
quips,0,0,0,0,1,0
revile,0,0,0,0,3,0
pretenders,0,0,0,0,2,0
moulds,0,0,0,0,1,0
tabula,0,0,0,0,1,0
rasa,0,0,0,0,1,0
evading,0,0,0,0,1,0
steadiness,0,0,0,0,1,0
stolid,0,0,0,0,1,0
aspirant,0,0,0,0,3,0
trifles,0,0,0,0,3,0
crookedness,0,0,0,0,1,0
audit,0,0,0,0,1,0
figuring,0,0,0,0,1,0
subdivide,0,0,0,0,1,0
segments,0,0,0,0,1,0
fastens,0,0,0,0,1,0
hypothetical,0,0,0,0,3,0
metaphorical,0,0,0,0,2,0
ratio,0,0,0,0,11,0
recapitulate,0,0,0,0,2,0
classifying,0,0,0,0,1,0
phaedr,0,0,0,0,2,0
parmen,0,0,0,0,1,0
analogies,0,0,0,0,5,0
inquires,0,0,0,0,1,0
extracts,0,0,0,0,1,0
inferred,0,0,0,0,5,0
universality,0,0,0,0,2,0
variation,0,0,0,0,4,0
divergence,0,0,0,0,1,0
impairs,0,0,0,0,3,0
implying,0,0,0,0,3,0
anomaly,0,0,0,0,1,0
inventive,0,0,0,0,1,1
censure,0,0,0,0,6,0
alien,0,0,0,0,5,0
patriotism,0,0,0,0,5,0
corruptio,0,0,0,0,1,0
optimi,0,0,0,0,1,0
pessima,0,0,0,0,1,0
corrupting,0,0,0,0,5,0
adverse,0,0,0,0,4,0
reforms,0,0,0,0,2,2
philanthrope,0,0,0,0,1,0
monastic,0,0,0,0,2,1
reformers,0,0,0,0,3,2
corporation,0,0,0,0,1,0
resists,0,0,0,0,1,0
circuitous,0,0,0,0,2,0
nd,0,0,0,0,1,0
conceives,0,0,0,0,3,1
posteriori,0,0,0,0,2,0
synthesis,0,0,0,0,2,0
separable,0,0,0,0,2,0
kant,0,0,0,0,1,0
hegel,0,0,0,0,4,0
divinations,0,0,0,0,1,0
uniformities,0,0,0,0,1,0
omission,0,0,0,0,7,0
synthetical,0,0,0,0,1,0
analytical,0,0,0,0,1,0
processes,0,0,0,0,2,0
permanent,0,0,0,0,4,1
cube,0,0,0,0,14,0
eleatic,0,0,0,0,1,0
metaph,0,0,0,0,3,0
figurative,0,0,0,0,1,0
subdivided,0,0,0,0,1,0
vagueness,0,0,0,0,1,0
evidencing,0,0,0,0,1,0
assumptions,0,0,0,0,1,0
vestiges,0,0,0,0,1,0
correlation,0,0,0,0,6,0
conditional,0,0,0,0,1,0
demonic,0,0,0,0,1,0
prohibitory,0,0,0,0,1,0
sleet,0,0,0,0,3,0
meagreness,0,0,0,0,2,0
negativeness,0,0,0,0,1,0
inverse,0,0,0,0,1,1
intelligences,0,0,0,0,3,0
personality,0,0,0,0,2,0
impersonal,0,0,0,0,2,0
neuter,0,0,0,0,1,0
paraphrase,0,0,0,0,2,0
extant,0,0,0,0,1,0
enlightenment,0,0,0,0,2,2
unenlightenment,0,0,0,0,1,0
marionette,0,0,0,0,2,0
puppets,0,0,0,0,2,0
measurement,0,0,0,0,4,0
beatific,0,0,0,0,2,0
assemblies,0,0,0,0,3,0
blink,0,0,0,0,1,0
discerns,0,0,0,0,1,0
primary,0,0,0,0,2,0
partakers,0,0,0,0,1,0
palamedes,0,0,0,0,3,0
acquiesces,0,0,0,0,1,0
smallness,0,0,0,0,2,0
quickens,0,0,0,0,1,0
intimations,0,0,0,0,3,0
stimulants,0,0,0,0,1,0
contradictions,0,0,0,0,1,1
plurality,0,0,0,0,3,0
flux,0,0,0,0,3,0
shopkeeper,0,0,0,0,2,2
arithmetician,0,0,0,0,5,0
unit,0,0,0,0,4,0
resolvable,0,0,0,0,1,0
fractions,0,0,0,0,8,1
compelling,0,0,0,0,5,0
geometer,0,0,0,0,1,0
squaring,0,0,0,0,3,0
subtending,0,0,0,0,1,0
apposing,0,0,0,0,1,0
tactics,0,0,0,0,7,0
astronomy,0,0,0,0,23,0
purification,0,0,0,0,1,0
dimension,0,0,0,0,2,0
solids,0,0,0,0,11,0
votaries,0,0,0,0,6,0
hastiness,0,0,0,0,1,0
daedalus,0,0,0,0,2,0
marring,0,0,0,0,1,0
pythagoreans,0,0,0,0,11,0
harmonical,0,0,0,0,1,0
harmonics,0,0,0,0,5,0
empirics,0,0,0,0,2,0
twisting,0,0,0,0,1,0
harmonists,0,0,0,0,2,0
consonances,0,0,0,0,2,0
dialectician,0,0,0,0,7,0
converting,0,0,0,0,2,0
defines,0,0,0,0,2,0
distinguishes,0,0,0,0,5,0
abstracts,0,0,0,0,1,0
valiant,0,0,0,0,7,0
retentive,0,0,0,0,1,0
conversely,0,0,0,0,5,0
maimed,0,0,0,0,4,0
wallowing,0,0,0,0,2,0
underfoot,0,0,0,0,1,0
combining,0,0,0,0,2,0
supposititious,0,0,0,0,3,0
disregarded,0,0,0,0,5,0
parental,0,0,0,0,2,0
querist,0,0,0,0,1,0
puppy,0,0,0,0,2,0
sobriety,0,0,0,0,1,0
uplifted,0,0,0,0,1,0
pythian,0,0,0,0,3,0
statuary,0,0,0,0,1,0
governesses,0,0,0,0,2,0
prescribes,0,0,0,0,4,0
universals,0,0,0,0,9,0
suggestive,0,0,0,0,3,0
evokes,0,0,0,0,1,0
proportional,0,0,0,0,1,0
comprehensiveness,0,0,0,0,1,0
irrespective,0,0,0,0,2,0
adaptation,0,0,0,0,2,0
vibrations,0,0,0,0,1,0
dynamics,0,0,0,0,1,0
astronomical,0,0,0,0,1,0
quantitative,0,0,0,0,1,0
assigns,0,0,0,0,2,0
subdivision,0,0,0,0,2,0
fixedness,0,0,0,0,1,0
accompanies,0,0,0,0,1,0
heraclitean,0,0,0,0,1,0
blurred,0,0,0,0,1,0
ludicrously,0,0,0,0,2,0
auscultation,0,0,0,0,1,0
derided,0,0,0,0,1,0
symbolized,0,0,0,0,1,0
burke,0,0,0,0,2,0
imperialism,0,0,0,0,1,0
commonwealth,0,0,0,0,9,0
sect,0,0,0,0,2,0
generals,0,0,0,0,1,0
schoolmasters,0,0,0,0,1,0
narrownesses,0,0,0,0,1,0
aufkl,0,0,0,0,1,0
transplanted,0,0,0,0,1,0
wayward,0,0,0,0,1,0
ingeniously,0,0,0,0,2,0
combines,0,0,0,0,1,0
digressed,0,0,0,0,3,0
constitutions,0,0,0,0,11,0
lacedaemonian,0,0,0,0,3,0
cretan,0,0,0,0,2,0
oligarchy,0,0,0,0,35,0
fourthly,0,0,0,0,2,0
oligarchical,0,0,0,0,26,0
democratical,0,0,0,0,12,0
timocracy,0,0,0,0,16,0
timocratical,0,0,0,0,6,0
muses,0,0,0,0,11,0
fertility,0,0,0,0,2,0
sterility,0,0,0,0,3,0
alloyed,0,0,0,0,2,0
cycle,0,0,0,0,7,0
declines,0,0,0,0,2,0
dissimilating,0,0,0,0,1,0
cubed,0,0,0,0,16,0
squares,0,0,0,0,4,0
subtracting,0,0,0,0,1,0
cubes,0,0,0,0,6,0
unpropitious,0,0,0,0,2,0
moneymaking,0,0,0,0,2,0
exercising,0,0,0,0,3,0
oligarchies,0,0,0,0,3,0
precedence,0,0,0,0,3,0
expatiates,0,0,0,0,1,0
unmanliness,0,0,0,0,2,0
busybody,0,0,0,0,3,0
illegal,0,0,0,0,2,0
outweigh,0,0,0,0,1,0
destitutes,0,0,0,0,1,0
spendthrifts,0,0,0,0,2,0
paupers,0,0,0,0,6,0
pauper,0,0,0,0,6,1
abundance,0,0,0,0,2,0
originates,0,0,0,0,2,0
informers,0,0,0,0,5,0
represses,0,0,0,0,1,0
pence,0,0,0,0,1,0
enthroned,0,0,0,0,2,0
instantaneous,0,0,0,0,1,0
slavish,0,0,0,0,3,1
knavish,0,0,0,0,1,0
trustee,0,0,0,0,1,0
defraud,0,0,0,0,4,0
democratic,0,0,0,0,12,2
estates,0,0,0,0,3,0
usurer,0,0,0,0,1,0
dronage,0,0,0,0,1,0
poorest,0,0,0,0,1,0
voyaging,0,0,0,0,1,0
puffing,0,0,0,0,2,0
exiling,0,0,0,0,1,0
democrats,0,0,0,0,1,1
plainness,0,0,0,0,1,0
developments,0,0,0,0,1,0
bazaar,0,0,0,0,2,0
unequals,0,0,0,0,3,0
antecedents,0,0,0,0,1,0
miserly,0,0,0,0,10,0
oligarch,0,0,0,0,11,0
hurtful,0,0,0,0,7,0
temptations,0,0,0,0,2,0
acropolis,0,0,0,0,1,0
falsehoods,0,0,0,0,2,0
lotophagi,0,0,0,0,1,0
crowning,0,0,0,0,1,0
anarchy,0,0,0,0,5,1
impudence,0,0,0,0,3,0
exiles,0,0,0,0,2,0
abstainer,0,0,0,0,1,0
practises,0,0,0,0,1,0
gymnasium,0,0,0,0,2,0
regardlessness,0,0,0,0,2,0
fraternity,0,0,0,0,1,0
jaunty,0,0,0,0,1,0
morose,0,0,0,0,2,0
unwritten,0,0,0,0,2,0
contraries,0,0,0,0,1,0
bile,0,0,0,0,2,0
keener,0,0,0,0,5,0
bema,0,0,0,0,2,0
thriving,0,0,0,0,1,0
demagogues,0,0,0,0,1,0
oligarchs,0,0,0,0,4,0
informations,0,0,0,0,1,0
convictions,0,0,0,0,1,0
lycaeus,0,0,0,0,1,0
slays,0,0,0,0,2,0
abolition,0,0,0,0,3,20
rivals,0,0,0,0,1,0
enquire,0,0,0,0,20,0
dominus,0,0,0,0,1,0
monopoly,0,0,0,0,1,1
depress,0,0,0,0,1,0
taxes,0,0,0,0,5,0
unpopularity,0,0,0,0,1,0
purges,0,0,0,0,2,0
flocking,0,0,0,0,1,0
exalt,0,0,0,0,1,0
commonwealths,0,0,0,0,3,0
tyrannies,0,0,0,0,6,0
democracies,0,0,0,0,5,0
asthmatic,0,0,0,0,1,0
demus,0,0,0,0,2,0
riotous,0,0,0,0,2,0
nurturing,0,0,0,0,2,0
expel,0,0,0,0,3,0
servitude,0,0,0,0,1,0
perverted,0,0,0,0,1,0
perfectibility,0,0,0,0,1,0
honester,0,0,0,0,1,0
livy,0,0,0,0,1,0
licinian,0,0,0,0,1,0
timocratic,0,0,0,0,4,0
fluctuation,0,0,0,0,1,0
euripus,0,0,0,0,1,0
inversion,0,0,0,0,1,0
peisistratus,0,0,0,0,1,0
cleisthenes,0,0,0,0,1,0
argos,0,0,0,0,3,0
corinth,0,0,0,0,2,0
sicyon,0,0,0,0,1,0
alternated,0,0,0,0,1,0
phalaris,0,0,0,0,1,0
mediaeval,0,0,0,0,3,2
mythic,0,0,0,0,1,0
negation,0,0,0,0,3,0
embellished,0,0,0,0,1,0
consorted,0,0,0,0,1,0
epistles,0,0,0,0,1,0
hyperbolical,0,0,0,0,1,0
serio,0,0,0,0,1,0
individualism,0,0,0,0,3,0
suspiciousness,0,0,0,0,1,0
extravagances,0,0,0,0,1,0
dissipation,0,0,0,0,1,0
abounds,0,0,0,0,1,0
recoverable,0,0,0,0,1,0
respectability,0,0,0,0,1,0
uncontrolled,0,0,0,0,2,0
licence,0,0,0,0,4,0
embassies,0,0,0,0,1,0
att,0,0,0,0,1,0
symbolical,0,0,0,0,1,0
cratylus,0,0,0,0,1,0
abiding,0,0,0,0,6,0
angled,0,0,0,0,1,0
hypotenuse,0,0,0,0,3,0
cyclical,0,0,0,0,4,0
divisors,0,0,0,0,5,0
cycles,0,0,0,0,2,0
converts,0,0,0,0,3,0
zeller,0,0,0,0,1,0
births,0,0,0,0,6,0
presides,0,0,0,0,3,0
herod,0,0,0,0,1,0
respectively,0,0,0,0,1,1
applicable,0,0,0,0,4,1
squared,0,0,0,0,12,0
donaldson,0,0,0,0,4,0
involution,0,0,0,0,2,0
factors,0,0,0,0,2,0
commensurable,0,0,0,0,2,0
expressible,0,0,0,0,1,0
diameters,0,0,0,0,6,0
proc,0,0,0,0,1,0
philol,0,0,0,0,1,0
product,0,0,0,0,2,3
tetractys,0,0,0,0,4,0
proportionals,0,0,0,0,1,0
sesqui,0,0,0,0,1,0
altera,0,0,0,0,1,0
multiply,0,0,0,0,5,0
cubing,0,0,0,0,1,0
pairs,0,0,0,0,1,0
digits,0,0,0,0,2,0
alpha,0,0,0,0,1,0
beta,0,0,0,0,1,0
incommensurable,0,0,0,0,1,0
irrationals,0,0,0,0,1,0
gamma,0,0,0,0,1,0
schleiermacher,0,0,0,0,1,0
coincides,0,0,0,0,1,0
permutations,0,0,0,0,1,0
unfamiliar,0,0,0,0,1,0
metempsychosis,0,0,0,0,1,0
bases,0,0,0,0,2,0
osir,0,0,0,0,1,0
proclus,0,0,0,0,1,0
prima,0,0,0,0,1,0
eucl,0,0,0,0,1,0
musica,0,0,0,0,1,0
incommensurables,0,0,0,0,1,0
arbitrarily,0,0,0,0,1,0
corrections,0,0,0,0,1,0
meton,0,0,0,0,1,0
callippus,0,0,0,0,1,0
quetelet,0,0,0,0,1,0
temperately,0,0,0,0,1,0
perturbing,0,0,0,0,1,0
iniquity,0,0,0,0,1,0
implant,0,0,0,0,7,0
mystify,0,0,0,0,1,0
lusting,0,0,0,0,1,0
revelries,0,0,0,0,1,0
harlotries,0,0,0,0,1,0
borrows,0,0,0,0,1,0
hatched,0,0,0,0,1,0
pickpocket,0,0,0,0,1,0
robs,0,0,0,0,1,0
overmasters,0,0,0,0,2,0
waxes,0,0,0,0,1,0
lawlessness,0,0,0,0,3,0
footpads,0,0,0,0,1,0
stealers,0,0,0,0,3,0
motherland,0,0,0,0,2,0
discard,0,0,0,0,1,0
monarchical,0,0,0,0,1,0
freeman,0,0,0,0,5,1
protects,0,0,0,0,1,0
unrighteous,0,0,0,0,5,0
proclamation,0,0,0,0,4,1
herald,0,0,0,0,2,0
justest,0,0,0,0,2,0
olympian,0,0,0,0,2,0
witchery,0,0,0,0,1,0
reactions,0,0,0,0,1,0
inanitions,0,0,0,0,3,0
sensuality,0,0,0,0,3,0
leaky,0,0,0,0,1,0
stesichorus,0,0,0,0,2,0
helen,0,0,0,0,2,0
attaining,0,0,0,0,6,0
illusive,0,0,0,0,2,0
spurious,0,0,0,0,3,0
inferiority,0,0,0,0,4,0
personify,0,0,0,0,1,0
multitudinous,0,0,0,0,3,0
maintainer,0,0,0,0,2,0
nourishing,0,0,0,0,3,0
godless,0,0,0,0,2,0
eriphyle,0,0,0,0,2,0
multiform,0,0,0,0,2,0
effeminacy,0,0,0,0,2,0
handicraft,0,0,0,0,1,0
educating,0,0,0,0,4,0
cynics,0,0,0,0,1,0
epicureans,0,0,0,0,1,0
antecedent,0,0,0,0,3,0
sawn,0,0,0,0,1,0
transience,0,0,0,0,1,0
confounding,0,0,0,0,1,0
unchangeableness,0,0,0,0,1,0
designates,0,0,0,0,2,0
proclaiming,0,0,0,0,1,1
invents,0,0,0,0,1,0
inappropriateness,0,0,0,0,1,0
metaphorically,0,0,0,0,1,0
valuing,0,0,0,0,2,0
homely,0,0,0,0,1,0
progression,0,0,0,0,1,0
aristocratical,0,0,0,0,3,0
heals,0,0,0,0,1,0
duller,0,0,0,0,2,0
imitates,0,0,0,0,5,0
tragedians,0,0,0,0,8,0
imitations,0,0,0,0,12,0
incidentally,0,0,0,0,3,0
charondas,0,0,0,0,2,0
thales,0,0,0,0,2,0
anacharsis,0,0,0,0,2,0
creophylus,0,0,0,0,2,0
educator,0,0,0,0,4,0
prodicus,0,0,0,0,2,0
cobbling,0,0,0,0,4,0
artificer,0,0,0,0,4,0
user,0,0,0,0,3,0
epic,0,0,0,0,7,0
juggler,0,0,0,0,1,0
uproar,0,0,0,0,2,0
enfeebles,0,0,0,0,1,0
injuriously,0,0,0,0,2,0
effeminate,0,0,0,0,2,0
ion,0,0,0,0,1,0
abominates,0,0,0,0,1,0
buffoonery,0,0,0,0,1,0
merriment,0,0,0,0,1,0
buffoon,0,0,0,0,2,0
encomiasts,0,0,0,0,1,0
tragedian,0,0,0,0,2,0
prohibit,0,0,0,0,2,0
hymns,0,0,0,0,4,0
expelling,0,0,0,0,1,0
discourtesy,0,0,0,0,1,0
circumvent,0,0,0,0,1,0
supporters,0,0,0,0,2,0
iniquities,0,0,0,0,1,0
badness,0,0,0,0,7,0
diverse,0,0,0,0,3,0
glaucus,0,0,0,0,2,0
hades,0,0,0,0,5,0
slinks,0,0,0,0,1,0
perseveres,0,0,0,0,2,0
armenius,0,0,0,0,3,0
twelfth,0,0,0,0,3,0
meadow,0,0,0,0,5,0
ardiaeus,0,0,0,0,8,0
reascend,0,0,0,0,2,0
sinners,0,0,0,0,2,0
lacerating,0,0,0,0,1,0
carding,0,0,0,0,2,0
binds,0,0,0,0,1,0
distaff,0,0,0,0,1,0
hook,0,0,0,0,6,0
spindle,0,0,0,0,17,0
adamant,0,0,0,0,3,0
whorl,0,0,0,0,10,0
outermost,0,0,0,0,3,0
broadest,0,0,0,0,2,0
whorls,0,0,0,0,3,0
rims,0,0,0,0,2,0
yellower,0,0,0,0,2,0
hymning,0,0,0,0,4,0
lachesis,0,0,0,0,13,0
clotho,0,0,0,0,8,0
atropos,0,0,0,0,8,0
thrones,0,0,0,0,1,0
responsive,0,0,0,0,1,0
sirens,0,0,0,0,2,0
undazzled,0,0,0,0,2,0
thamyras,0,0,0,0,2,0
atalanta,0,0,0,0,2,0
epeus,0,0,0,0,2,0
workwoman,0,0,0,0,1,0
thersites,0,0,0,0,2,0
odysseus,0,0,0,0,6,0
irreversible,0,0,0,0,3,0
thunderstorms,0,0,0,0,1,0
undefiled,0,0,0,0,2,0
millennial,0,0,0,0,1,0
assails,0,0,0,0,1,0
embodied,0,0,0,0,3,0
entwine,0,0,0,0,1,0
inseparably,0,0,0,0,1,0
impurities,0,0,0,0,1,0
debated,0,0,0,0,1,0
elicit,0,0,0,0,3,0
theatrocracy,0,0,0,0,1,0
apologist,0,0,0,0,1,0
aristophanes,0,0,0,0,2,0
comedies,0,0,0,0,1,0
prattlers,0,0,0,0,1,0
disagreeing,0,0,0,0,2,0
satirizing,0,0,0,0,1,0
satirized,0,0,0,0,1,0
eccleziazusae,0,0,0,0,1,0
rembrandt,0,0,0,0,1,0
pheidias,0,0,0,0,1,0
peacefulness,0,0,0,0,1,0
rejoices,0,0,0,0,2,0
critics,0,0,0,0,1,0
foreshadowed,0,0,0,0,1,0
subjectiveness,0,0,0,0,1,0
rhetoricians,0,0,0,0,2,0
enchanters,0,0,0,0,1,0
bask,0,0,0,0,1,0
despotism,0,0,0,0,1,1
pseudo,0,0,0,0,1,0
graced,0,0,0,0,1,0
archelaus,0,0,0,0,1,0
prostitution,0,0,0,0,1,2
eradicate,0,0,0,0,1,0
enlist,0,0,0,0,1,0
courtezan,0,0,0,0,1,0
idealize,0,0,0,0,1,0
intermediates,0,0,0,0,1,0
severer,0,0,0,0,2,0
handmaiden,0,0,0,0,1,0
humanizing,0,0,0,0,3,0
revolting,0,0,0,0,2,0
mahometans,0,0,0,0,2,0
sects,0,0,0,0,1,1
gentile,0,0,0,0,3,0
mosques,0,0,0,0,1,0
monasteries,0,0,0,0,1,0
accompaniments,0,0,0,0,2,0
waver,0,0,0,0,1,0
banishes,0,0,0,0,2,0
deify,0,0,0,0,1,0
reillumine,0,0,0,0,1,0
mahometan,0,0,0,0,1,0
renounces,0,0,0,0,1,0
worships,0,0,0,0,1,0
degeneracy,0,0,0,0,2,0
novelists,0,0,0,0,2,0
preachers,0,0,0,0,2,0
civilisation,0,0,0,0,2,5
unsung,0,0,0,0,1,0
longings,0,0,0,0,1,0
petrarch,0,0,0,0,1,0
types,0,0,0,0,1,0
womanly,0,0,0,0,1,0
tragedies,0,0,0,0,1,0
psalmists,0,0,0,0,1,0
ennobled,0,0,0,0,2,0
cultivates,0,0,0,0,2,0
rebel,0,0,0,0,2,0
mephistopheles,0,0,0,0,1,0
faust,0,0,0,0,1,0
intimates,0,0,0,0,5,0
deservedly,0,0,0,0,1,0
ridicules,0,0,0,0,2,0
defrauded,0,0,0,0,1,0
gorg,0,0,0,0,2,0
dualism,0,0,0,0,1,0
overgrown,0,0,0,0,2,0
incrustations,0,0,0,0,2,0
voluntariness,0,0,0,0,1,0
wavers,0,0,0,0,1,0
zoroaster,0,0,0,0,3,0
pilgrimages,0,0,0,0,1,0
zend,0,0,0,0,1,0
avesta,0,0,0,0,2,0
haug,0,0,0,0,1,0
pamphylian,0,0,0,0,2,0
symbolism,0,0,0,0,1,0
orbits,0,0,0,0,4,0
planets,0,0,0,0,4,0
fates,0,0,0,0,5,0
orrery,0,0,0,0,2,0
milky,0,0,0,0,1,0
undergirders,0,0,0,0,2,0
trireme,0,0,0,0,2,0
stationary,0,0,0,0,1,0
ecliptic,0,0,0,0,1,0
unproven,0,0,0,0,1,0
dishonours,0,0,0,0,2,0
diligently,0,0,0,0,3,0
journeyed,0,0,0,0,1,0
tennyson,0,0,0,0,1,0
defoe,0,0,0,0,1,0
credibility,0,0,0,0,2,0
janus,0,0,0,0,1,0
prohibition,0,0,0,0,4,0
incentives,0,0,0,0,1,0
immorality,0,0,0,0,1,0
suprema,0,0,0,0,1,0
lex,0,0,0,0,1,0
spartans,0,0,0,0,6,0
accessible,0,0,0,0,1,0
communists,0,0,0,0,1,26
unpoetical,0,0,0,0,2,0
tyrtaeus,0,0,0,0,2,0
hippias,0,0,0,0,1,0
gerousia,0,0,0,0,1,0
spoiling,0,0,0,0,3,0
reverts,0,0,0,0,1,0
timocrat,0,0,0,0,1,0
lacedaemon,0,0,0,0,2,0
lacedaemonians,0,0,0,0,2,0
roundheads,0,0,0,0,1,0
delphian,0,0,0,0,1,0
enunciated,0,0,0,0,2,0
federation,0,0,0,0,1,0
polis,0,0,0,0,1,0
interwoven,0,0,0,0,1,0
pythagoras,0,0,0,0,3,0
reviving,0,0,0,0,1,0
enlisting,0,0,0,0,1,0
archytas,0,0,0,0,1,0
tarentum,0,0,0,0,1,0
magna,0,0,0,0,1,0
graecia,0,0,0,0,1,0
pythagoreanism,0,0,0,0,1,0
transmigration,0,0,0,0,1,0
christendom,0,0,0,0,1,0
repeats,0,0,0,0,1,0
niebuhr,0,0,0,0,1,0
commonplaces,0,0,0,0,3,0
paradoxical,0,0,0,0,2,0
criticisms,0,0,0,0,2,1
contribution,0,0,0,0,2,0
censures,0,0,0,0,1,0
township,0,0,0,0,1,0
legislative,0,0,0,0,1,1
enthusiasts,0,0,0,0,1,0
wycliffe,0,0,0,0,1,0
republicanism,0,0,0,0,1,0
vesting,0,0,0,0,1,0
ecclesiastics,0,0,0,0,1,0
invasion,0,0,0,0,1,0
emancipation,0,0,0,0,1,5
serfs,0,0,0,0,1,2
untenable,0,0,0,0,1,1
propositions,0,0,0,0,2,0
ministering,0,0,0,0,1,0
utopias,0,0,0,0,1,1
disputes,0,0,0,0,2,0
socialism,0,0,0,0,1,30
attainable,0,0,0,0,2,0
persistency,0,0,0,0,1,0
machinery,0,0,0,0,1,9
sanitary,0,0,0,0,3,0
locomotion,0,0,0,0,1,0
workings,0,0,0,0,1,0
crises,0,0,0,0,3,8
prefaces,0,0,0,0,1,0
organic,0,0,0,0,1,0
contends,0,0,0,0,1,0
decency,0,0,0,0,2,0
emancipated,0,0,0,0,3,0
artemis,0,0,0,0,2,0
heroines,0,0,0,0,1,0
antigone,0,0,0,0,1,0
andromache,0,0,0,0,1,0
historian,0,0,0,0,1,0
antagonist,0,0,0,0,1,0
compensating,0,0,0,0,1,0
grote,0,0,0,0,1,0
licentious,0,0,0,0,4,0
exalting,0,0,0,0,1,0
abusing,0,0,0,0,4,0
sanctioning,0,0,0,0,1,0
fancier,0,0,0,0,1,0
desideratum,0,0,0,0,1,0
idealist,0,0,0,0,1,0
nourish,0,0,0,0,1,0
expansion,0,0,0,0,1,0
facon,0,0,0,0,1,0
circule,0,0,0,0,1,0
reappearing,0,0,0,0,1,0
credible,0,0,0,0,1,0
crudest,0,0,0,0,1,1
animalism,0,0,0,0,1,0
unsettling,0,0,0,0,3,0
polygamy,0,0,0,0,1,0
deteriorated,0,0,0,0,5,0
monogamists,0,0,0,0,1,0
brahmins,0,0,0,0,1,0
connexions,0,0,0,0,1,1
europeans,0,0,0,0,1,0
polygamist,0,0,0,0,1,0
dwindle,0,0,0,0,1,0
degenerated,0,0,0,0,1,0
mariages,0,0,0,0,1,0
convenance,0,0,0,0,1,0
enfeebling,0,0,0,0,1,0
lear,0,0,0,0,1,0
idiocy,0,0,0,0,1,1
prostitute,0,0,0,0,1,0
tribes,0,0,0,0,2,0
survival,0,0,0,0,1,0
anthropology,0,0,0,0,2,0
aborigines,0,0,0,0,1,0
fragmentary,0,0,0,0,2,0
assyria,0,0,0,0,1,0
nakedness,0,0,0,0,1,0
stricter,0,0,0,0,2,0
undermined,0,0,0,0,2,0
fluctuations,0,0,0,0,1,1
rife,0,0,0,0,1,0
queries,0,0,0,0,1,0
isolate,0,0,0,0,2,0
dissatisfactions,0,0,0,0,1,0
incompatibilities,0,0,0,0,1,0
meannesses,0,0,0,0,3,0
flatteries,0,0,0,0,2,0
sanctifying,0,0,0,0,1,0
progenitors,0,0,0,0,1,0
resemblances,0,0,0,0,4,0
sic,0,0,0,0,3,0
oculos,0,0,0,0,1,0
ille,0,0,0,0,1,0
ora,0,0,0,0,1,0
ferebat,0,0,0,0,1,0
lineage,0,0,0,0,1,0
bulldogs,0,0,0,0,1,0
aesop,0,0,0,0,1,0
regardless,0,0,0,0,1,0
commoner,0,0,0,0,3,0
skips,0,0,0,0,1,0
similarities,0,0,0,0,1,0
foundlings,0,0,0,0,1,0
creches,0,0,0,0,1,0
dublin,0,0,0,0,1,0
weaklier,0,0,0,0,1,0
emphatically,0,0,0,0,2,0
individuality,0,0,0,0,1,5
fostering,0,0,0,0,4,0
untameable,0,0,0,0,1,0
amelioration,0,0,0,0,1,0
improvidence,0,0,0,0,1,0
licensed,0,0,0,0,1,0
unavoidably,0,0,0,0,2,0
manufactures,0,0,0,0,1,1
ulcerous,0,0,0,0,1,0
rejoicings,0,0,0,0,2,0
sentimentalism,0,0,0,0,1,1
combe,0,0,0,0,1,0
biographer,0,0,0,0,1,0
naturalis,0,0,0,0,1,0
inimical,0,0,0,0,2,0
refining,0,0,0,0,1,0
manliness,0,0,0,0,1,0
admonitions,0,0,0,0,1,0
corrupts,0,0,0,0,2,0
exclusiveness,0,0,0,0,1,0
amenities,0,0,0,0,1,0
disarrange,0,0,0,0,1,0
sufficing,0,0,0,0,4,0
absorbs,0,0,0,0,1,0
novitiate,0,0,0,0,1,0
monasticism,0,0,0,0,1,0
estimating,0,0,0,0,2,0
enquirer,0,0,0,0,3,0
criticised,0,0,0,0,1,0
misapprehended,0,0,0,0,1,0
crude,0,0,0,0,1,0
axioms,0,0,0,0,1,0
inferring,0,0,0,0,1,0
israelite,0,0,0,0,1,0
rhetorician,0,0,0,0,2,0
corruptions,0,0,0,0,3,0
sicklied,0,0,0,0,1,0
pedants,0,0,0,0,1,0
sophisters,0,0,0,0,1,0
doctrinaires,0,0,0,0,1,0
visionaries,0,0,0,0,2,0
ecclesiastical,0,0,0,0,2,0
positiveness,0,0,0,0,1,0
reassertion,0,0,0,0,1,0
reactionary,0,0,0,0,1,11
labouring,0,0,0,0,3,0
assimilates,0,0,0,0,2,0
uniformity,0,0,0,0,1,1
surplus,0,0,0,0,1,1
pliancy,0,0,0,0,1,0
straitened,0,0,0,0,1,0
react,0,0,0,0,1,0
disentangle,0,0,0,0,1,0
prevalence,0,0,0,0,2,0
assimilated,0,0,0,0,1,0
paralleled,0,0,0,0,2,0
idealized,0,0,0,0,1,0
wellbeing,0,0,0,0,1,0
originate,0,0,0,0,4,0
curriculum,0,0,0,0,1,0
modify,0,0,0,0,1,0
involuntariness,0,0,0,0,1,0
supremacy,0,0,0,0,1,7
depreciated,0,0,0,0,1,0
asserts,0,0,0,0,2,0
xenophanes,0,0,0,0,1,0
treacheries,0,0,0,0,1,0
misbehaviour,0,0,0,0,1,0
vitiate,0,0,0,0,1,0
wafting,0,0,0,0,1,0
overdone,0,0,0,0,1,0
thuc,0,0,0,0,1,0
illustrates,0,0,0,0,1,0
complicated,0,0,0,0,1,1
feebler,0,0,0,0,1,0
counterbalanced,0,0,0,0,1,0
physic,0,0,0,0,2,0
laissez,0,0,0,0,1,0
faire,0,0,0,0,1,0
extirpation,0,0,0,0,1,0
organon,0,0,0,0,1,0
scholastic,0,0,0,0,1,0
gradations,0,0,0,0,2,1
reunites,0,0,0,0,1,0
essences,0,0,0,0,1,0
connects,0,0,0,0,1,0
objectively,0,0,0,0,1,0
impossibly,0,0,0,0,1,0
commentators,0,0,0,0,3,0
laputa,0,0,0,0,1,0
comelier,0,0,0,0,1,0
principals,0,0,0,0,1,0
misrepresented,0,0,0,0,1,0
didymus,0,0,0,0,1,0
eustathius,0,0,0,0,1,0
scotus,0,0,0,0,1,0
ramus,0,0,0,0,1,0
dunces,0,0,0,0,1,0
disappointing,0,0,0,0,1,0
advisers,0,0,0,0,2,0
riper,0,0,0,0,1,0
reprove,0,0,0,0,1,0
theaet,0,0,0,0,2,0
classics,0,0,0,0,2,0
latent,0,0,0,0,1,0
repented,0,0,0,0,1,0
crotchets,0,0,0,0,1,0
moralize,0,0,0,0,1,0
sulpicius,0,0,0,0,1,0
aristot,0,0,0,0,1,0
deluges,0,0,0,0,1,0
destructions,0,0,0,0,1,0
assyrian,0,0,0,0,1,0
awestricken,0,0,0,0,1,0
egypt,0,0,0,0,3,0
unaltered,0,0,0,0,1,1
intolerant,0,0,0,0,1,0
innovators,0,0,0,0,1,0
optimist,0,0,0,0,1,0
narrowness,0,0,0,0,1,0
oppositions,0,0,0,0,2,0
peremptorily,0,0,0,0,1,0
digressions,0,0,0,0,1,0
enquiries,0,0,0,0,3,0
recurring,0,0,0,0,2,0
resounds,0,0,0,0,1,0
philus,0,0,0,0,1,0
laelius,0,0,0,0,1,0
supports,0,0,0,0,1,0
denounces,0,0,0,0,1,0
somnium,0,0,0,0,2,0
scipionis,0,0,0,0,2,0
romanized,0,0,0,0,1,0
civitate,0,0,0,0,1,0
goths,0,0,0,0,1,0
paganism,0,0,0,0,1,0
wanders,0,0,0,0,1,0
scriptures,0,0,0,0,2,0
historians,0,0,0,0,1,0
uncritical,0,0,0,0,1,0
sybilline,0,0,0,0,1,0
oracles,0,0,0,0,1,0
polemical,0,0,0,0,1,0
controversial,0,0,0,0,1,0
repertory,0,0,0,0,1,0
antiquarian,0,0,0,0,1,0
genesis,0,0,0,0,1,0
moses,0,0,0,0,1,0
exod,0,0,0,0,1,0
monarchia,0,0,0,0,1,0
papacy,0,0,0,0,1,0
coextensive,0,0,0,0,1,0
thereof,0,0,0,0,1,0
caesar,0,0,0,0,1,0
misapplied,0,0,0,0,1,0
touchingly,0,0,0,0,1,0
preaches,0,0,0,0,1,0
ecclesiastic,0,0,0,0,1,0
layman,0,0,0,0,1,0
inextricably,0,0,0,0,1,0
clergy,0,0,0,0,1,0
gentry,0,0,0,0,2,0
commodities,0,0,0,0,2,2
howbeit,0,0,0,0,2,0
rightest,0,0,0,0,1,0
communities,0,0,0,0,1,0
founds,0,0,0,0,1,0
amerigo,0,0,0,0,1,0
vespucci,0,0,0,0,1,0
giles,0,0,0,0,5,0
hythloday,0,0,0,0,6,0
difficultly,0,0,0,0,1,0
croydon,0,0,0,0,1,0
surrey,0,0,0,0,1,0
missionary,0,0,0,0,1,0
yea,0,0,0,0,4,0
bishopric,0,0,0,0,1,0
counteth,0,0,0,0,1,0
godly,0,0,0,0,3,0
proceedeth,0,0,0,0,1,0
lucre,0,0,0,0,1,0
shipboard,0,0,0,0,1,0
lifelike,0,0,0,0,1,0
utopians,0,0,0,0,7,0
administration,0,0,0,0,4,0
baptised,0,0,0,0,1,0
damnation,0,0,0,0,1,0
despiser,0,0,0,0,1,0
seditious,0,0,0,0,1,0
raiser,0,0,0,0,1,0
rejecting,0,0,0,0,2,0
increasings,0,0,0,0,1,0
eaters,0,0,0,0,2,0
reformer,0,0,0,0,1,1
herein,0,0,0,0,3,0
assassinating,0,0,0,0,1,0
importunity,0,0,0,0,1,0
peacocks,0,0,0,0,1,0
gorgeousness,0,0,0,0,1,0
bondmen,0,0,0,0,1,0
restrictions,0,0,0,0,1,0
amplifications,0,0,0,0,1,0
wittily,0,0,0,0,1,0
logicals,0,0,0,0,1,0
furthermore,0,0,0,0,1,0
insomuch,0,0,0,0,1,0
overpast,0,0,0,0,1,0
dissident,0,0,0,0,1,0
wried,0,0,0,0,1,0
solomon,0,0,0,0,1,0
trappings,0,0,0,0,1,0
campanella,0,0,0,0,3,0
dominican,0,0,0,0,1,0
circuits,0,0,0,0,1,0
rector,0,0,0,0,1,0
metaphysicus,0,0,0,0,1,0
collectively,0,0,0,0,2,0
trinity,0,0,0,0,1,0
graven,0,0,0,0,1,0
idolatry,0,0,0,0,1,0
scholars,0,0,0,0,3,0
abolishes,0,0,0,0,1,2
oceana,0,0,0,0,1,0
harrington,0,0,0,0,1,0
archon,0,0,0,0,1,0
argenis,0,0,0,0,1,0
barclay,0,0,0,0,1,0
eliot,0,0,0,0,1,0
abnegation,0,0,0,0,1,0
transcending,0,0,0,0,1,0
similitudes,0,0,0,0,1,0
negatives,0,0,0,0,1,0
discourses,0,0,0,0,2,0
thracian,0,0,0,0,1,0
niceratus,0,0,0,0,1,0
nicias,0,0,0,0,1,0
paeanian,0,0,0,0,1,0
aristonymus,0,0,0,0,1,0
garland,0,0,0,0,2,0
semicircle,0,0,0,0,1,0
complainers,0,0,0,0,1,0
lysanias,0,0,0,0,1,0
transgressions,0,0,0,0,1,0
cherishes,0,0,0,0,1,0
departs,0,0,0,0,2,0
offerings,0,0,0,0,2,0
repayment,0,0,0,0,4,0
seasoning,0,0,0,0,1,0
shoemaking,0,0,0,0,2,0
shipwright,0,0,0,0,1,0
pruning,0,0,0,0,3,0
dresser,0,0,0,0,1,0
unmusical,0,0,0,0,1,0
injuring,0,0,0,0,4,0
pittacus,0,0,0,0,1,0
seer,0,0,0,0,1,0
xerxes,0,0,0,0,1,0
sillybillies,0,0,0,0,1,0
intentional,0,0,0,0,1,0
shuffle,0,0,0,0,1,0
retort,0,0,0,0,1,0
interdict,0,0,0,0,1,0
edification,0,0,0,0,1,0
pancratiast,0,0,0,0,1,0
damaging,0,0,0,0,1,0
transgresses,0,0,0,0,1,0
defining,0,0,0,0,2,0
informer,0,0,0,0,3,0
errs,0,0,0,0,3,0
grammarian,0,0,0,0,3,0
negatively,0,0,0,0,1,0
liability,0,0,0,0,1,1
supplementary,0,0,0,0,1,1
enjoins,0,0,0,0,2,0
snivel,0,0,0,0,1,0
wipes,0,0,0,0,1,0
neatherd,0,0,0,0,1,0
fattens,0,0,0,0,1,0
perpetrating,0,0,0,0,1,0
prithee,0,0,0,0,1,0
diner,0,0,0,0,1,0
banquetter,0,0,0,0,1,0
ensured,0,0,0,0,1,0
builds,0,0,0,0,1,0
benefiting,0,0,0,0,1,0
remuneration,0,0,0,0,1,0
hirelings,0,0,0,0,3,0
revenues,0,0,0,0,2,0
forwardness,0,0,0,0,2,0
conferring,0,0,0,0,2,0
rehearsing,0,0,0,0,2,0
recounting,0,0,0,0,1,0
cutpurses,0,0,0,0,1,0
misapprehend,0,0,0,0,2,0
unanswerable,0,0,0,0,1,0
adjusts,0,0,0,0,1,0
loosening,0,0,0,0,1,0
haranguing,0,0,0,0,1,0
hatreds,0,0,0,0,1,0
sedition,0,0,0,0,1,0
opposes,0,0,0,0,2,0
abler,0,0,0,0,1,0
bendidea,0,0,0,0,1,0
pugnacious,0,0,0,0,2,0
censured,0,0,0,0,3,0
censuring,0,0,0,0,2,0
covenants,0,0,0,0,1,0
croesus,0,0,0,0,2,0
lydia,0,0,0,0,1,0
reascended,0,0,0,0,1,0
collet,0,0,0,0,3,0
inwards,0,0,0,0,1,0
lookers,0,0,0,0,1,0
intuitively,0,0,0,0,1,0
uttermost,0,0,0,0,1,0
eulogists,0,0,0,0,3,0
antagonists,0,0,0,0,1,0
magnificently,0,0,0,0,1,0
tutors,0,0,0,0,3,0
accruing,0,0,0,0,1,0
grander,0,0,0,0,1,0
vouchsafe,0,0,0,0,1,0
everlastingly,0,0,0,0,1,0
apportion,0,0,0,0,1,0
feasts,0,0,0,0,4,0
uphill,0,0,0,0,1,0
citing,0,0,0,0,1,0
libations,0,0,0,0,1,0
transgressed,0,0,0,0,1,0
ritual,0,0,0,0,1,0
expiations,0,0,0,0,1,0
atonements,0,0,0,0,1,0
quickwitted,0,0,0,0,1,0
loftier,0,0,0,0,1,0
unmistakeable,0,0,0,0,1,0
tyrannizes,0,0,0,0,1,0
sages,0,0,0,0,2,0
brotherhoods,0,0,0,0,1,0
genealogies,0,0,0,0,1,0
propitiated,0,0,0,0,1,0
deceitful,0,0,0,0,1,0
peradventure,0,0,0,0,3,0
blames,0,0,0,0,1,0
memorial,0,0,0,0,1,0
harbouring,0,0,0,0,1,0
perverting,0,0,0,0,1,0
reputations,0,0,0,0,1,0
exhorting,0,0,0,0,1,0
injurious,0,0,0,0,1,0
magnifying,0,0,0,0,1,0
unconvinced,0,0,0,0,1,0
shoemaker,0,0,0,0,7,0
barest,0,0,0,0,1,0
diversities,0,0,0,0,1,0
spoilt,0,0,0,0,2,0
plough,0,0,0,0,2,0
smiths,0,0,0,0,4,0
sharers,0,0,0,0,1,0
herdsmen,0,0,0,0,1,0
curriers,0,0,0,0,1,0
weavers,0,0,0,0,1,0
wellnigh,0,0,0,0,1,0
importers,0,0,0,0,1,0
exporters,0,0,0,0,1,0
salesmen,0,0,0,0,1,0
retailer,0,0,0,0,1,0
intellectually,0,0,0,0,1,0
housed,0,0,0,0,1,0
barefoot,0,0,0,0,1,0
substantially,0,0,0,0,1,0
kneading,0,0,0,0,1,0
cakes,0,0,0,0,2,0
figs,0,0,0,0,1,0
embroiderer,0,0,0,0,1,0
callings,0,0,0,0,3,0
rhapsodists,0,0,0,0,3,0
contractors,0,0,0,0,1,0
tirewomen,0,0,0,0,1,0
confectioners,0,0,0,0,1,0
tillage,0,0,0,0,1,0
unconquerable,0,0,0,0,1,0
familiars,0,0,0,0,1,0
inconvenient,0,0,0,0,1,0
censors,0,0,0,0,1,0
authorised,0,0,0,0,1,0
blameable,0,0,0,0,1,0
cronus,0,0,0,0,2,0
retaliated,0,0,0,0,1,0
objectionable,0,0,0,0,1,0
chastises,0,0,0,0,1,0
fightings,0,0,0,0,1,0
beauteous,0,0,0,0,1,0
dispenser,0,0,0,0,1,0
themis,0,0,0,0,1,0
ruinous,0,0,0,0,2,0
reciters,0,0,0,0,1,0
magician,0,0,0,0,1,0
insidiously,0,0,0,0,1,0
immutably,0,0,0,0,1,0
healthiest,0,0,0,0,1,0
unsightly,0,0,0,0,1,0
proteus,0,0,0,0,1,0
inachus,0,0,0,0,1,0
witchcraft,0,0,0,0,1,0
preventive,0,0,0,0,1,0
magicians,0,0,0,0,2,0
nuptials,0,0,0,0,1,0
phoebus,0,0,0,0,1,0
worshippers,0,0,0,0,1,0
narrators,0,0,0,0,1,0
serf,0,0,0,0,1,2
pluto,0,0,0,0,1,0
immortals,0,0,0,0,1,0
tiresias,0,0,0,0,1,0
persephone,0,0,0,0,1,0
lamenting,0,0,0,0,3,0
shrilling,0,0,0,0,3,0
weepings,0,0,0,0,1,0
wailings,0,0,0,0,1,0
equanimity,0,0,0,0,2,0
baser,0,0,0,0,2,0
depict,0,0,0,0,2,0
sooty,0,0,0,0,1,0
misrepresent,0,0,0,0,1,0
menoetius,0,0,0,0,1,0
whining,0,0,0,0,1,0
disproved,0,0,0,0,1,0
heinous,0,0,0,0,1,0
illnesses,0,0,0,0,2,0
subversive,0,0,0,0,1,0
commanders,0,0,0,0,1,0
diomede,0,0,0,0,2,0
impertinences,0,0,0,0,1,0
receivers,0,0,0,0,1,0
darter,0,0,0,0,1,0
peleus,0,0,0,0,1,0
gentlest,0,0,0,0,1,0
untainted,0,0,0,0,1,0
poseidon,0,0,0,0,1,0
rape,0,0,0,0,1,0
wickednesses,0,0,0,0,1,0
ida,0,0,0,0,1,0
engender,0,0,0,0,2,0
laxity,0,0,0,0,1,0
demigods,0,0,0,0,3,0
chryses,0,0,0,0,5,0
ithaca,0,0,0,0,1,0
recites,0,0,0,0,1,0
revered,0,0,0,0,1,0
chaplets,0,0,0,0,2,0
expiate,0,0,0,0,1,0
dithyramb,0,0,0,0,1,0
mimetic,0,0,0,0,1,0
narrating,0,0,0,0,1,0
illiberality,0,0,0,0,3,0
vaunting,0,0,0,0,1,0
conceit,0,0,0,0,2,0
artificers,0,0,0,0,2,0
boatswains,0,0,0,0,1,0
personate,0,0,0,0,1,0
unscrupulous,0,0,0,0,1,0
pulleys,0,0,0,0,1,0
dicast,0,0,0,0,3,0
myrrh,0,0,0,0,1,0
teller,0,0,0,0,1,0
presuppose,0,0,0,0,1,0
admonition,0,0,0,0,2,0
acquiescing,0,0,0,0,1,0
panharmonic,0,0,0,0,3,0
lyres,0,0,0,0,1,0
harmonised,0,0,0,0,1,0
marsyas,0,0,0,0,1,0
purging,0,0,0,0,1,0
metrical,0,0,0,0,1,0
cretic,0,0,0,0,1,0
paeonic,0,0,0,0,1,0
anapaestic,0,0,0,0,1,0
euphemism,0,0,0,0,1,0
twin,0,0,0,0,2,0
indecency,0,0,0,0,1,0
noxious,0,0,0,0,3,0
browse,0,0,0,0,1,0
effluence,0,0,0,0,2,0
ungraceful,0,0,0,0,1,0
shrewdly,0,0,0,0,1,0
omissions,0,0,0,0,1,0
slighting,0,0,0,0,2,0
prolixity,0,0,0,0,1,0
regimen,0,0,0,0,4,0
campaigning,0,0,0,0,1,0
hellespont,0,0,0,0,1,0
proscribing,0,0,0,0,1,0
confectionary,0,0,0,0,1,0
halls,0,0,0,0,1,0
litigant,0,0,0,0,1,0
plaintiff,0,0,0,0,1,0
defendant,0,0,0,0,1,0
litigiousness,0,0,0,0,1,0
wriggle,0,0,0,0,1,0
withy,0,0,0,0,1,0
napping,0,0,0,0,1,0
flatulence,0,0,0,0,1,0
catarrh,0,0,0,0,1,0
newfangled,0,0,0,0,1,0
besprinkled,0,0,0,0,1,0
inflammatory,0,0,0,0,1,0
guild,0,0,0,0,1,3
doctoring,0,0,0,0,2,0
purge,0,0,0,0,1,0
cautery,0,0,0,0,2,0
dietetics,0,0,0,0,1,0
swathe,0,0,0,0,1,0
swaddle,0,0,0,0,1,0
obligatory,0,0,0,0,2,0
dieting,0,0,0,0,1,0
carpentering,0,0,0,0,2,0
incompatible,0,0,0,0,1,0
irreconcileable,0,0,0,0,1,0
ailment,0,0,0,0,1,0
evacuation,0,0,0,0,1,0
infusion,0,0,0,0,1,0
lengthen,0,0,0,0,1,0
begetting,0,0,0,0,2,1
menelaus,0,0,0,0,2,0
midas,0,0,0,0,1,0
behests,0,0,0,0,1,0
governs,0,0,0,0,1,0
contamination,0,0,0,0,1,0
unseasonable,0,0,0,0,1,0
tolls,0,0,0,0,1,0
hardness,0,0,0,0,3,0
boorish,0,0,0,0,1,0
brittle,0,0,0,0,1,0
sinews,0,0,0,0,2,0
feeder,0,0,0,0,1,0
purged,0,0,0,0,2,0
hater,0,0,0,0,2,0
tighter,0,0,0,0,1,0
attempers,0,0,0,0,1,0
harmonist,0,0,0,0,1,0
tuner,0,0,0,0,1,0
nurture,0,0,0,0,8,0
dances,0,0,0,0,1,0
coursing,0,0,0,0,1,0
steals,0,0,0,0,4,0
conflicts,0,0,0,0,1,0
enchantments,0,0,0,0,2,0
colts,0,0,0,0,1,0
rhythmical,0,0,0,0,2,0
mature,0,0,0,0,3,0
sepulture,0,0,0,0,2,0
memorials,0,0,0,0,3,0
womb,0,0,0,0,1,0
appurtenances,0,0,0,0,1,0
proclaims,0,0,0,0,3,1
rumour,0,0,0,0,1,0
refractory,0,0,0,0,1,0
encamp,0,0,0,0,1,0
civilize,0,0,0,0,1,0
humanize,0,0,0,0,1,0
impair,0,0,0,0,1,0
pollute,0,0,0,0,1,0
homes,0,0,0,0,1,0
housekeepers,0,0,0,0,1,0
hating,0,0,0,0,3,0
plotted,0,0,0,0,1,0
disproportionate,0,0,0,0,1,0
beautify,0,0,0,0,1,0
clothe,0,0,0,0,1,0
fireside,0,0,0,0,1,0
winecup,0,0,0,0,1,0
pottery,0,0,0,0,1,0
appointing,0,0,0,0,1,0
deterioration,0,0,0,0,1,0
deteriorates,0,0,0,0,1,0
apprentices,0,0,0,0,1,1
viciousness,0,0,0,0,1,0
boxers,0,0,0,0,1,0
spoils,0,0,0,0,2,0
procreation,0,0,0,0,2,0
suffrage,0,0,0,0,1,0
penetrates,0,0,0,0,1,0
invades,0,0,0,0,1,0
legislating,0,0,0,0,1,0
legislate,0,0,0,0,2,0
agora,0,0,0,0,1,0
agreements,0,0,0,0,2,0
juries,0,0,0,0,1,0
impositions,0,0,0,0,1,0
exactions,0,0,0,0,1,0
markets,0,0,0,0,1,4
mending,0,0,0,0,1,0
invalids,0,0,0,0,2,0
complicating,0,0,0,0,1,0
wenching,0,0,0,0,1,0
idling,0,0,0,0,2,0
amulet,0,0,0,0,1,0
regime,0,0,0,0,1,2
humours,0,0,0,0,1,0
cubits,0,0,0,0,1,0
frauds,0,0,0,0,1,0
rascalities,0,0,0,0,1,0
repositories,0,0,0,0,1,0
unwise,0,0,0,0,1,0
residue,0,0,0,0,1,0
agricultural,0,0,0,0,1,0
implants,0,0,0,0,2,0
dyeing,0,0,0,0,1,0
lyes,0,0,0,0,2,0
contriving,0,0,0,0,1,0
soda,0,0,0,0,1,0
solvents,0,0,0,0,1,0
disagree,0,0,0,0,2,0
uninstructed,0,0,0,0,1,0
ordains,0,0,0,0,2,0
symphony,0,0,0,0,1,0
unprincipled,0,0,0,0,1,0
designation,0,0,0,0,1,0
huntsmen,0,0,0,0,1,0
quarry,0,0,0,0,1,0
preservative,0,0,0,0,1,0
competition,0,0,0,0,1,11
entrust,0,0,0,0,3,0
auxiliary,0,0,0,0,3,0
objector,0,0,0,0,1,0
pegs,0,0,0,0,2,0
revolves,0,0,0,0,2,0
circumference,0,0,0,0,2,0
qualified,0,0,0,0,8,0
correlative,0,0,0,0,2,0
disparate,0,0,0,0,1,0
yearns,0,0,0,0,1,0
pulls,0,0,0,0,2,0
archer,0,0,0,0,1,0
pushes,0,0,0,0,1,1
hungers,0,0,0,0,1,0
flutterings,0,0,0,0,1,0
appetitive,0,0,0,0,3,0
satisfactions,0,0,0,0,3,0
aglaion,0,0,0,0,1,0
reviles,0,0,0,0,1,0
chafes,0,0,0,0,1,0
unreasoning,0,0,0,0,1,0
nerving,0,0,0,0,1,0
nurtured,0,0,0,0,1,0
counselling,0,0,0,0,1,0
dimmer,0,0,0,0,1,0
concernment,0,0,0,0,1,0
operates,0,0,0,0,1,0
meddlesomeness,0,0,0,0,1,0
vassal,0,0,0,0,1,0
unreformed,0,0,0,0,1,0
pampered,0,0,0,0,1,0
assailing,0,0,0,0,1,0
nemesis,0,0,0,0,1,0
homicide,0,0,0,0,2,0
males,0,0,0,0,2,0
suckling,0,0,0,0,2,0
gymnasia,0,0,0,0,1,0
cretans,0,0,0,0,2,0
directs,0,0,0,0,2,0
undefended,0,0,0,0,1,0
arion,0,0,0,0,1,0
dolphin,0,0,0,0,1,0
disputing,0,0,0,0,1,0
pugnaciously,0,0,0,0,1,0
sameness,0,0,0,0,1,0
civic,0,0,0,0,1,0
ungifted,0,0,0,0,1,0
pancakes,0,0,0,0,1,0
womankind,0,0,0,0,1,0
unwarlike,0,0,0,0,1,0
enactment,0,0,0,0,2,0
unripe,0,0,0,0,1,0
dreamers,0,0,0,0,2,0
feasting,0,0,0,0,1,0
effecting,0,0,0,0,2,0
detailing,0,0,0,0,1,0
constraining,0,0,0,0,2,0
pairing,0,0,0,0,1,0
deteriorate,0,0,0,0,1,0
corporate,0,0,0,0,1,2
rebellion,0,0,0,0,1,0
weddings,0,0,0,0,1,0
recognises,0,0,0,0,2,0
priestesses,0,0,0,0,1,0
uncertified,0,0,0,0,1,0
unconsecrated,0,0,0,0,1,0
dating,0,0,0,0,1,0
grandfathers,0,0,0,0,1,0
grandmothers,0,0,0,0,1,0
favours,0,0,0,0,1,0
disorganized,0,0,0,0,1,0
triumphing,0,0,0,0,1,0
sympathizes,0,0,0,0,1,0
alleviation,0,0,0,0,1,0
maintainers,0,0,0,0,2,0
violator,0,0,0,0,1,0
kinsfolk,0,0,0,0,1,0
chastising,0,0,0,0,1,0
succoured,0,0,0,0,1,0
repudiating,0,0,0,0,1,0
shoemakers,0,0,0,0,1,0
infatuated,0,0,0,0,1,0
valour,0,0,0,0,3,0
swiftest,0,0,0,0,2,0
choices,0,0,0,0,1,0
averters,0,0,0,0,1,0
hellene,0,0,0,0,1,0
despoiling,0,0,0,0,1,0
womanishness,0,0,0,0,1,0
hindering,0,0,0,0,1,0
kinsmen,0,0,0,0,3,0
correctors,0,0,0,0,1,0
devastate,0,0,0,0,2,0
rase,0,0,0,0,1,0
loiter,0,0,0,0,1,0
raid,0,0,0,0,1,0
approximation,0,0,0,0,2,0
enquiring,0,0,0,0,3,0
maladministration,0,0,0,0,1,0
liken,0,0,0,0,1,0
pared,0,0,0,0,1,0
unbelievers,0,0,0,0,1,0
diminutives,0,0,0,0,1,0
blooms,0,0,0,0,1,0
amateurs,0,0,0,0,2,0
likens,0,0,0,0,1,0
opines,0,0,0,0,1,0
opine,0,0,0,0,1,0
disproven,0,0,0,0,1,0
premised,0,0,0,0,1,0
doubles,0,0,0,0,2,0
halves,0,0,0,0,2,0
punning,0,0,0,0,1,0
eunuch,0,0,0,0,1,0
impropriety,0,0,0,0,1,0
excellences,0,0,0,0,2,0
truthfulness,0,0,0,0,1,0
sham,0,0,0,0,1,0
antagonistic,0,0,0,0,1,2
boaster,0,0,0,0,1,0
unsociable,0,0,0,0,1,0
unphilosophical,0,0,0,0,1,0
unseemly,0,0,0,0,1,0
enumerating,0,0,0,0,2,0
statements,0,0,0,0,1,0
littles,0,0,0,0,1,0
counters,0,0,0,0,1,0
stags,0,0,0,0,1,0
steerer,0,0,0,0,2,0
deeming,0,0,0,0,1,0
helmsmen,0,0,0,0,1,0
gazers,0,0,0,0,1,0
accuser,0,0,0,0,1,0
incorporate,0,0,0,0,1,0
reprobation,0,0,0,0,1,0
distracts,0,0,0,0,1,0
distracting,0,0,0,0,1,0
nutriment,0,0,0,0,1,0
attainder,0,0,0,0,1,0
confiscation,0,0,0,0,1,1
educators,0,0,0,0,1,0
motley,0,0,0,0,2,1
consorts,0,0,0,0,1,0
exhibits,0,0,0,0,1,0
slaving,0,0,0,0,1,0
circumstanced,0,0,0,0,1,0
reprovers,0,0,0,0,1,0
stocked,0,0,0,0,1,0
crafts,0,0,0,0,2,0
tinker,0,0,0,0,1,0
contemns,0,0,0,0,1,0
monitor,0,0,0,0,1,0
unrighteousness,0,0,0,0,2,0
estranged,0,0,0,0,1,0
denaturalized,0,0,0,0,1,0
inventors,0,0,0,0,1,1
heraclitus,0,0,0,0,1,0
relighted,0,0,0,0,1,0
artificially,0,0,0,0,1,0
subtleties,0,0,0,0,1,0
providentially,0,0,0,0,1,0
alternatives,0,0,0,0,1,0
ken,0,0,0,0,1,0
uninvited,0,0,0,0,1,0
detraction,0,0,0,0,1,0
erase,0,0,0,0,1,0
investigated,0,0,0,0,1,0
hazarding,0,0,0,0,1,0
torpid,0,0,0,0,1,0
exposition,0,0,0,0,2,0
elaborated,0,0,0,0,1,0
likest,0,0,0,0,1,0
visibility,0,0,0,0,2,0
begat,0,0,0,0,1,0
knower,0,0,0,0,1,0
esteeming,0,0,0,0,2,0
similitude,0,0,0,0,2,0
ourhanoz,0,0,0,0,1,0
orhatoz,0,0,0,0,1,0
subdivisions,0,0,0,0,2,0
sections,0,0,0,0,1,1
cognizable,0,0,0,0,1,0
cognate,0,0,0,0,1,0
unenlightened,0,0,0,0,1,0
disabused,0,0,0,0,1,0
felicitate,0,0,0,0,1,0
append,0,0,0,0,1,0
rationally,0,0,0,0,2,0
contemplations,0,0,0,0,1,0
misbehaving,0,0,0,0,1,0
bewilderments,0,0,0,0,1,0
greets,0,0,0,0,1,0
implanting,0,0,0,0,1,0
circumcision,0,0,0,0,1,0
hungering,0,0,0,0,1,0
broils,0,0,0,0,1,0
untrustworthy,0,0,0,0,1,0
thinness,0,0,0,0,1,0
notably,0,0,0,0,1,0
fitly,0,0,0,0,2,0
conduces,0,0,0,0,1,0
rebelling,0,0,0,0,1,0
integrate,0,0,0,0,1,0
units,0,0,0,0,1,0
indivisible,0,0,0,0,1,0
necessitating,0,0,0,0,1,0
geometrician,0,0,0,0,2,0
geometricians,0,0,0,0,1,0
insisting,0,0,0,0,2,0
purified,0,0,0,0,1,0
patronises,0,0,0,0,1,0
surfaces,0,0,0,0,1,0
percipient,0,0,0,0,1,0
gapes,0,0,0,0,1,0
blinks,0,0,0,0,1,0
floats,0,0,0,0,1,0
exquisiteness,0,0,0,0,1,0
astronomers,0,0,0,0,3,0
condensed,0,0,0,0,1,0
tease,0,0,0,0,1,0
plectrum,0,0,0,0,1,0
backwardness,0,0,0,0,1,0
constructions,0,0,0,0,1,0
unexamined,0,0,0,0,1,0
convention,0,0,0,0,1,0
handmaids,0,0,0,0,1,0
impart,0,0,0,0,1,0
gauntlet,0,0,0,0,1,0
apprehends,0,0,0,0,1,0
slumbering,0,0,0,0,1,0
quietus,0,0,0,0,1,0
faints,0,0,0,0,1,0
disrepute,0,0,0,0,1,0
votary,0,0,0,0,1,0
devotes,0,0,0,0,1,0
lameness,0,0,0,0,1,0
swinish,0,0,0,0,1,0
creditable,0,0,0,0,1,0
undeservedly,0,0,0,0,1,0
compulsory,0,0,0,0,1,0
hounds,0,0,0,0,1,0
inexcusable,0,0,0,0,1,0
flatters,0,0,0,0,2,0
excusable,0,0,0,0,1,0
conquests,0,0,0,0,1,0
defeats,0,0,0,0,1,0
eristic,0,0,0,0,1,0
lightens,0,0,0,0,1,0
despising,0,0,0,0,1,0
soonest,0,0,0,0,1,0
applauded,0,0,0,0,2,0
nondescripts,0,0,0,0,1,0
timarchy,0,0,0,0,1,0
circumferences,0,0,0,0,1,0
fecundity,0,0,0,0,1,0
rotations,0,0,0,0,1,0
increments,0,0,0,0,1,0
handicrafts,0,0,0,0,1,0
contrivances,0,0,0,0,1,0
treasuries,0,0,0,0,1,0
predominantly,0,0,0,0,1,0
characterises,0,0,0,0,1,0
feats,0,0,0,0,1,0
battling,0,0,0,0,1,0
wronging,0,0,0,0,1,0
simpletons,0,0,0,0,1,0
comparisons,0,0,0,0,1,0
contentiousness,0,0,0,0,1,0
valuation,0,0,0,0,1,0
intimidation,0,0,0,0,1,0
pilots,0,0,0,0,1,0
discreditable,0,0,0,0,2,0
hoplite,0,0,0,0,1,0
spendthrift,0,0,0,0,4,0
honeycomb,0,0,0,0,1,0
stingless,0,0,0,0,2,0
stingers,0,0,0,0,1,0
malefactors,0,0,0,0,1,0
elected,0,0,0,0,2,0
emulating,0,0,0,0,1,0
foundering,0,0,0,0,1,0
savings,0,0,0,0,1,0
penurious,0,0,0,0,1,0
satisfies,0,0,0,0,1,0
subdues,0,0,0,0,1,0
unprofitable,0,0,0,0,2,0
dronelike,0,0,0,0,1,0
dishonestly,0,0,0,0,1,0
coerces,0,0,0,0,1,0
competitor,0,0,0,0,1,0
curtail,0,0,0,0,1,0
beggary,0,0,0,0,2,0
forfeited,0,0,0,0,1,0
predicaments,0,0,0,0,1,0
abound,0,0,0,0,1,0
restricting,0,0,0,0,1,0
commotion,0,0,0,0,1,0
slaughtering,0,0,0,0,1,0
assortment,0,0,0,0,1,0
parades,0,0,0,0,1,0
condiments,0,0,0,0,3,0
surfeited,0,0,0,0,1,0
rebuking,0,0,0,0,1,0
boastful,0,0,0,0,1,0
conceits,0,0,0,0,2,0
fastness,0,0,0,0,1,0
fatherly,0,0,0,0,1,0
silliness,0,0,0,0,1,0
ignominiously,0,0,0,0,1,0
vulgarity,0,0,0,0,2,0
libertinism,0,0,0,0,1,0
heyday,0,0,0,0,1,0
balances,0,0,0,0,1,0
drinker,0,0,0,0,1,0
emulous,0,0,0,0,1,0
infecting,0,0,0,0,1,0
metic,0,0,0,0,2,0
loth,0,0,0,0,1,0
marching,0,0,0,0,1,0
chafe,0,0,0,0,1,0
plagues,0,0,0,0,1,0
disqualified,0,0,0,0,1,0
squeezable,0,0,0,0,1,0
breeds,0,0,0,0,1,0
impeachments,0,0,0,0,1,0
judgments,0,0,0,0,1,0
arcadian,0,0,0,0,1,0
lycaean,0,0,0,0,1,0
minced,0,0,0,0,1,0
hinting,0,0,0,0,1,0
pebbly,0,0,0,0,1,0
hermus,0,0,0,0,1,0
flees,0,0,0,0,1,0
larding,0,0,0,0,1,0
overthrower,0,0,0,0,1,0
liberating,0,0,0,0,1,0
unpopular,0,0,0,0,1,0
enrol,0,0,0,0,1,0
mobs,0,0,0,0,1,0
confiscate,0,0,0,0,1,0
attainted,0,0,0,0,1,0
aver,0,0,0,0,1,0
undesirable,0,0,0,0,2,0
harshest,0,0,0,0,1,0
unanswered,0,0,0,0,1,0
incest,0,0,0,0,1,0
discountenanced,0,0,0,0,1,0
corruptors,0,0,0,0,1,0
seducers,0,0,0,0,1,0
casts,0,0,0,0,1,0
lustful,0,0,0,0,2,0
carousals,0,0,0,0,1,0
revellings,0,0,0,0,1,0
tyrannizing,0,0,0,0,1,0
harlot,0,0,0,0,1,0
wayfarer,0,0,0,0,1,0
lawlessly,0,0,0,0,1,0
pads,0,0,0,0,1,0
retainers,0,0,0,0,2,0
wretchedest,0,0,0,0,1,0
beholder,0,0,0,0,1,0
maddest,0,0,0,0,1,0
gadfly,0,0,0,0,1,0
goads,0,0,0,0,1,0
cajole,0,0,0,0,1,0
combating,0,0,0,0,1,0
adulation,0,0,0,0,1,0
flatterer,0,0,0,0,1,0
distractions,0,0,0,0,1,0
cherisher,0,0,0,0,1,0
umpire,0,0,0,0,1,0
intelligibly,0,0,0,0,1,0
painless,0,0,0,0,1,0
extolled,0,0,0,0,1,1
imposition,0,0,0,0,1,0
satiety,0,0,0,0,1,0
participates,0,0,0,0,1,0
illusory,0,0,0,0,1,0
unsubstantial,0,0,0,0,1,0
incontinent,0,0,0,0,1,0
transgression,0,0,0,0,1,0
wedded,0,0,0,0,1,0
scylla,0,0,0,0,1,0
cerberus,0,0,0,0,1,0
generate,0,0,0,0,1,0
metamorphose,0,0,0,0,1,0
pliable,0,0,0,0,1,0
familiarize,0,0,0,0,1,0
harmonize,0,0,0,0,1,0
approver,0,0,0,0,2,0
disapprover,0,0,0,0,1,0
sells,0,0,0,0,1,0
disproportionately,0,0,0,0,1,0
habituates,0,0,0,0,1,0
manual,0,0,0,0,1,1
humanized,0,0,0,0,1,0
attemper,0,0,0,0,1,0
asclepiads,0,0,0,0,1,0
homerids,0,0,0,0,1,0
milesian,0,0,0,0,1,0
scythian,0,0,0,0,1,0
abdera,0,0,0,0,1,0
ceos,0,0,0,0,1,0
performer,0,0,0,0,1,0
concave,0,0,0,0,1,0
certifies,0,0,0,0,1,0
equable,0,0,0,0,1,1
promiscuous,0,0,0,0,1,0
fitful,0,0,0,0,1,0
nourishes,0,0,0,0,1,0
manufacturer,0,0,0,0,1,3
drawling,0,0,0,0,1,0
smiting,0,0,0,0,1,0
raptures,0,0,0,0,1,0
stirs,0,0,0,0,1,0
recitation,0,0,0,0,1,0
abominate,0,0,0,0,1,0
supercilious,0,0,0,0,1,0
risible,0,0,0,0,1,0
circumventing,0,0,0,0,1,0
lyrical,0,0,0,0,1,0
gainers,0,0,0,0,2,0
captivates,0,0,0,0,1,0
seductions,0,0,0,0,1,0
imperishable,0,0,0,0,1,0
ophthalmia,0,0,0,0,1,0
mildew,0,0,0,0,1,0
rot,0,0,0,0,1,0
dissolves,0,0,0,0,1,0
dissolve,0,0,0,0,1,0
perishes,0,0,0,0,1,0
wastes,0,0,0,0,1,0
reduces,0,0,0,0,1,1
annihilates,0,0,0,0,1,0
inhering,0,0,0,0,2,0
staleness,0,0,0,0,1,0
decomposition,0,0,0,0,1,0
communicates,0,0,0,0,1,0
unrefuted,0,0,0,0,1,0
compositions,0,0,0,0,1,0
demonstrated,0,0,0,0,1,0
damaged,0,0,0,0,1,0
slinking,0,0,0,0,1,0
draggling,0,0,0,0,1,0
endures,0,0,0,0,1,0
flouted,0,0,0,0,1,0
provides,0,0,0,0,1,0
alcinous,0,0,0,0,1,0
offences,0,0,0,0,1,0
retributions,0,0,0,0,2,0
pamphylia,0,0,0,0,1,0
flayed,0,0,0,0,1,0
thorns,0,0,0,0,1,0
tarried,0,0,0,0,1,0
girders,0,0,0,0,1,0
scooped,0,0,0,0,1,0
chooser,0,0,0,0,1,0
dullness,0,0,0,0,1,0
villainies,0,0,0,0,1,0
telamon,0,0,0,0,1,0
panopeus,0,0,0,0,1,0
jester,0,0,0,0,1,0
disenchanted,0,0,0,0,1,0
fulfiller,0,0,0,0,1,0
ratifying,0,0,0,0,1,0
unmindfulness,0,0,0,0,1,0
defiled,0,0,0,0,1,0
communist,0,0,0,0,0,12
manifesto,0,0,0,0,0,3
karl,0,0,0,0,0,1
marx,0,0,0,0,0,1
friedrich,0,0,0,0,0,2
engels,0,0,0,0,0,2
edited,0,0,0,0,0,1
proletarians,0,0,0,0,0,17
socialist,0,0,0,0,0,9
exorcise,0,0,0,0,0,1
czar,0,0,0,0,0,1
guizot,0,0,0,0,0,1
radicals,0,0,0,0,0,2
decried,0,0,0,0,0,1
branding,0,0,0,0,0,1
flemish,0,0,0,0,0,1
danish,0,0,0,0,0,1
journeyman,0,0,0,0,0,1
oppressor,0,0,0,0,0,1
epochs,0,0,0,0,0,3
patricians,0,0,0,0,0,1
plebeians,0,0,0,0,0,1
vassals,0,0,0,0,0,1
journeymen,0,0,0,0,0,1
antagonisms,0,0,0,0,0,13
bourgeoisie,0,0,0,0,0,91
simplified,0,0,0,0,0,1
splitting,0,0,0,0,0,1
camps,0,0,0,0,0,1
proletariat,0,0,0,0,0,63
chartered,0,0,0,0,0,2
burghers,0,0,0,0,0,2
burgesses,0,0,0,0,0,2
colonisation,0,0,0,0,0,1
monopolised,0,0,0,0,0,2
guilds,0,0,0,0,0,3
urban,0,0,0,0,0,2
taxable,0,0,0,0,0,1
counterpoise,0,0,0,0,0,1
executive,0,0,0,0,0,1
idyllic,0,0,0,0,0,1
nexus,0,0,0,0,0,1
philistine,0,0,0,0,0,3
indefeasible,0,0,0,0,0,1
freedoms,0,0,0,0,0,1
unconscionable,0,0,0,0,0,1
exploitation,0,0,0,0,0,12
shameless,0,0,0,0,0,1
reverent,0,0,0,0,0,1
reactionists,0,0,0,0,0,2
cathedrals,0,0,0,0,0,1
exoduses,0,0,0,0,0,1
revolutionising,0,0,0,0,0,3
conservation,0,0,0,0,0,1
ossify,0,0,0,0,0,1
profaned,0,0,0,0,0,1
chases,0,0,0,0,0,1
nestle,0,0,0,0,0,1
cosmopolitan,0,0,0,0,0,1
industries,0,0,0,0,0,6
indigenous,0,0,0,0,0,1
zones,0,0,0,0,0,1
sidedness,0,0,0,0,0,2
mindedness,0,0,0,0,0,1
literatures,0,0,0,0,0,1
batters,0,0,0,0,0,1
capitulate,0,0,0,0,0,1
agglomerated,0,0,0,0,0,1
centralisation,0,0,0,0,0,3
loosely,0,0,0,0,0,1
lumped,0,0,0,0,0,1
tariff,0,0,0,0,0,1
continents,0,0,0,0,0,1
canalisation,0,0,0,0,0,1
populations,0,0,0,0,0,1
compatible,0,0,0,0,0,2
sorcerer,0,0,0,0,0,1
decade,0,0,0,0,0,1
comprise,0,0,0,0,0,1
inforced,0,0,0,0,0,1
feudalism,0,0,0,0,0,1
forged,0,0,0,0,0,1
commodity,0,0,0,0,0,2
vicissitudes,0,0,0,0,0,1
appendage,0,0,0,0,0,1
knack,0,0,0,0,0,1
propagation,0,0,0,0,0,1
repulsiveness,0,0,0,0,0,1
decreases,0,0,0,0,0,1
factory,0,0,0,0,0,4
privates,0,0,0,0,0,1
hierarchy,0,0,0,0,0,1
sergeants,0,0,0,0,0,1
looker,0,0,0,0,0,1
embittering,0,0,0,0,0,1
labourer,0,0,0,0,0,6
pawnbroker,0,0,0,0,0,1
strata,0,0,0,0,0,2
tradespeople,0,0,0,0,0,1
handicraftsmen,0,0,0,0,0,1
diminutive,0,0,0,0,0,1
capitalists,0,0,0,0,0,1
specialized,0,0,0,0,0,1
operatives,0,0,0,0,0,1
wares,0,0,0,0,0,1
factories,0,0,0,0,0,2
status,0,0,0,0,0,4
landowners,0,0,0,0,0,1
equalised,0,0,0,0,0,1
obliterates,0,0,0,0,0,1
resulting,0,0,0,0,0,2
collisions,0,0,0,0,0,3
riots,0,0,0,0,0,1
centralise,0,0,0,0,0,2
highways,0,0,0,0,0,1
nears,0,0,0,0,0,1
ideologists,0,0,0,0,0,1
theoretically,0,0,0,0,0,2
standpoint,0,0,0,0,0,3
layers,0,0,0,0,0,1
proletarian,0,0,0,0,0,8
virtually,0,0,0,0,0,1
subjecting,0,0,0,0,0,1
appropriation,0,0,0,0,0,7
abolishing,0,0,0,0,0,2
insurances,0,0,0,0,0,1
minorities,0,0,0,0,0,2
stratum,0,0,0,0,0,1
superincumbent,0,0,0,0,0,1
depicting,0,0,0,0,0,1
oppressing,0,0,0,0,0,2
serfdom,0,0,0,0,0,1
membership,0,0,0,0,0,1
absolutism,0,0,0,0,0,2
pauperism,0,0,0,0,0,1
develops,0,0,0,0,0,4
incompetent,0,0,0,0,0,1
laborers,0,0,0,0,0,1
promoter,0,0,0,0,0,1
replaces,0,0,0,0,0,1
appropriates,0,0,0,0,0,2
sectarian,0,0,0,0,0,1
theoretical,0,0,0,0,0,2
abolish,0,0,0,0,0,3
minimum,0,0,0,0,0,1
quantum,0,0,0,0,0,1
reproduction,0,0,0,0,0,1
wherewith,0,0,0,0,0,1
dominates,0,0,0,0,0,2
subjugate,0,0,0,0,0,1
tautology,0,0,0,0,0,1
wrangle,0,0,0,0,0,1
outgrowth,0,0,0,0,0,1
misconception,0,0,0,0,0,2
radical,0,0,0,0,0,5
flare,0,0,0,0,0,1
hallowed,0,0,0,0,0,2
prostitutes,0,0,0,0,0,1
seducing,0,0,0,0,0,1
substitution,0,0,0,0,0,1
legalised,0,0,0,0,0,1
ideological,0,0,0,0,0,1
revolutionise,0,0,0,0,0,1
throes,0,0,0,0,0,1
rationalist,0,0,0,0,0,1
domain,0,0,0,0,0,3
juridical,0,0,0,0,0,1
constituting,0,0,0,0,0,1
economically,0,0,0,0,0,1
graduated,0,0,0,0,0,1
emigrants,0,0,0,0,0,1
rebels,0,0,0,0,0,1
organise,0,0,0,0,0,1
formulate,0,0,0,0,0,1
lampoons,0,0,0,0,0,1
prophecies,0,0,0,0,0,1
lampoon,0,0,0,0,0,1
incisive,0,0,0,0,0,1
hindquarters,0,0,0,0,0,1
irreverent,0,0,0,0,0,1
legitimists,0,0,0,0,0,1
feudalists,0,0,0,0,0,1
upbraid,0,0,0,0,0,1
coercive,0,0,0,0,0,1
falutin,0,0,0,0,0,1
barter,0,0,0,0,0,1
beetroot,0,0,0,0,0,1
potato,0,0,0,0,0,1
parson,0,0,0,0,0,1
clerical,0,0,0,0,0,1
asceticism,0,0,0,0,0,2
declaimed,0,0,0,0,0,1
preached,0,0,0,0,0,1
consecrates,0,0,0,0,0,1
burnings,0,0,0,0,0,1
pined,0,0,0,0,0,1
industrially,0,0,0,0,0,1
commercially,0,0,0,0,0,1
vegetate,0,0,0,0,0,1
overlookers,0,0,0,0,0,1
shopmen,0,0,0,0,0,1
cudgels,0,0,0,0,0,1
sismondi,0,0,0,0,0,1
dissected,0,0,0,0,0,1
economists,0,0,0,0,0,2
incontrovertibly,0,0,0,0,0,1
overproduction,0,0,0,0,0,1
extermination,0,0,0,0,0,1
cramping,0,0,0,0,0,1
stubborn,0,0,0,0,0,1
beaux,0,0,0,0,0,1
esprits,0,0,0,0,0,1
immigrated,0,0,0,0,0,2
literati,0,0,0,0,0,2
annexing,0,0,0,0,0,1
monks,0,0,0,0,0,1
heathendom,0,0,0,0,0,1
dethronement,0,0,0,0,0,1
dubbed,0,0,0,0,0,1
emasculated,0,0,0,0,0,1
fantasy,0,0,0,0,0,1
pedantic,0,0,0,0,0,1
prussian,0,0,0,0,0,1
confronting,0,0,0,0,0,1
anathemas,0,0,0,0,0,1
liberalism,0,0,0,0,0,1
preaching,0,0,0,0,0,1
presupposed,0,0,0,0,0,1
pending,0,0,0,0,0,1
squires,0,0,0,0,0,1
floggings,0,0,0,0,0,1
risings,0,0,0,0,0,1
philistines,0,0,0,0,0,1
relique,0,0,0,0,0,1
cropping,0,0,0,0,0,2
cobwebs,0,0,0,0,0,1
transcendental,0,0,0,0,0,1
bombastic,0,0,0,0,0,1
socialistic,0,0,0,0,0,2
publications,0,0,0,0,0,3
redressing,0,0,0,0,0,1
philanthropists,0,0,0,0,0,1
humanitarians,0,0,0,0,0,1
improvers,0,0,0,0,0,1
organisers,0,0,0,0,0,1
fanatics,0,0,0,0,0,1
proudhon,0,0,0,0,0,1
philosophie,0,0,0,0,0,1
mis,0,0,0,0,0,1
therefrom,0,0,0,0,0,1
minus,0,0,0,0,0,1
disintegrating,0,0,0,0,0,1
administrative,0,0,0,0,0,2
babeuf,0,0,0,0,0,1
inculcated,0,0,0,0,0,1
levelling,0,0,0,0,0,1
fourier,0,0,0,0,0,1
owen,0,0,0,0,0,1
decomposing,0,0,0,0,0,1
resolves,0,0,0,0,0,1
propaganda,0,0,0,0,0,1
habitually,0,0,0,0,0,1
pave,0,0,0,0,0,1
reconstruction,0,0,0,0,0,1
undefined,0,0,0,0,0,1
originators,0,0,0,0,0,1
phalansteres,0,0,0,0,0,1
icaria,0,0,0,0,0,1
duodecimo,0,0,0,0,0,1
editions,0,0,0,0,0,1
fanatical,0,0,0,0,0,1
owenites,0,0,0,0,0,1
fourierists,0,0,0,0,0,1
chartists,0,0,0,0,0,2
formistes,0,0,0,0,0,1
agrarian,0,0,0,0,0,2
traditionally,0,0,0,0,0,1
poland,0,0,0,0,0,1
fomented,0,0,0,0,0,1
cracow,0,0,0,0,0,1
squirearchy,0,0,0,0,0,1
straightaway,0,0,0,0,0,1
