,0
frankenstein,0.47712125471966244
modern,0.0
prometheus,0.47712125471966244
mary,0.30102999566398114
wollstonecraft,0.47712125471966244
godwin,0.47712125471966244
shelley,0.47712125471966244
contents,-0.06694678963061322
letter,0.0
chapter,0.0791812460476248
mrs,0.17609125905568124
saville,0.47712125471966244
england,-0.06694678963061322
st,0.0791812460476248
petersburgh,0.47712125471966244
dec,0.47712125471966244
th,-0.06694678963061322
will,-0.06694678963061322
rejoice,0.0
hear,0.0
disaster,0.0791812460476248
accompanied,0.0
commencement,0.17609125905568124
enterprise,0.17609125905568124
regarded,0.0791812460476248
evil,0.0
forebodings,0.17609125905568124
arrived,0.0
yesterday,0.0
first,-0.06694678963061322
task,-0.06694678963061322
assure,-0.06694678963061322
dear,0.0
sister,0.0791812460476248
welfare,0.30102999566398114
increasing,0.0791812460476248
confidence,0.0
success,0.0
undertaking,0.17609125905568124
already,-0.06694678963061322
far,-0.06694678963061322
north,0.0
london,0.0
walk,0.0
streets,0.0791812460476248
feel,0.0
cold,0.0
northern,0.0
breeze,0.0
play,0.0
upon,-0.06694678963061322
cheeks,0.0791812460476248
braces,0.47712125471966244
nerves,0.0791812460476248
fills,0.17609125905568124
delight,0.0
understand,-0.06694678963061322
feeling,0.0
travelled,0.17609125905568124
regions,0.17609125905568124
towards,0.0
advancing,0.0
gives,0.0
foretaste,0.17609125905568124
icy,0.0791812460476248
climes,0.17609125905568124
inspirited,0.47712125471966244
wind,0.0
promise,0.0
daydreams,0.47712125471966244
become,-0.06694678963061322
fervent,0.30102999566398114
vivid,0.0791812460476248
try,-0.06694678963061322
vain,0.0
persuaded,0.17609125905568124
pole,0.0
seat,0.0
frost,0.17609125905568124
desolation,0.17609125905568124
ever,-0.06694678963061322
presents,0.17609125905568124
imagination,0.0791812460476248
region,0.17609125905568124
beauty,0.0791812460476248
margaret,0.47712125471966244
sun,0.0
visible,0.0
broad,0.0791812460476248
disk,0.47712125471966244
just,-0.06694678963061322
skirting,0.47712125471966244
horizon,0.0
diffusing,0.47712125471966244
perpetual,0.0791812460476248
splendour,0.17609125905568124
leave,0.0
put,-0.06694678963061322
trust,0.0
preceding,0.0
navigators,0.30102999566398114
snow,0.0791812460476248
banished,0.0791812460476248
sailing,0.0
calm,0.0
sea,0.0
may,-0.06694678963061322
wafted,0.30102999566398114
land,-0.06694678963061322
surpassing,0.17609125905568124
wonders,0.0791812460476248
every,-0.06694678963061322
hitherto,-0.06694678963061322
discovered,-0.06694678963061322
habitable,0.17609125905568124
globe,0.0
productions,0.0791812460476248
features,0.0
without,-0.06694678963061322
example,-0.06694678963061322
phenomena,0.17609125905568124
heavenly,0.0791812460476248
bodies,-0.06694678963061322
undoubtedly,0.0
undiscovered,0.30102999566398114
solitudes,0.47712125471966244
expected,0.0
country,-0.06694678963061322
eternal,-0.06694678963061322
light,0.0
discover,0.0791812460476248
wondrous,0.17609125905568124
power,-0.06694678963061322
attracts,0.17609125905568124
needle,0.30102999566398114
regulate,0.0791812460476248
thousand,0.0
celestial,0.30102999566398114
observations,0.30102999566398114
require,-0.06694678963061322
voyage,0.0
render,0.0791812460476248
seeming,0.0791812460476248
eccentricities,0.17609125905568124
consistent,0.17609125905568124
shall,-0.06694678963061322
satiate,0.30102999566398114
ardent,0.30102999566398114
curiosity,0.0
sight,-0.06694678963061322
part,-0.06694678963061322
world,-0.06694678963061322
never,-0.06694678963061322
visited,0.17609125905568124
tread,0.17609125905568124
imprinted,0.30102999566398114
foot,0.0
man,-0.06694678963061322
enticements,0.47712125471966244
sufficient,0.0
conquer,0.17609125905568124
fear,0.0
danger,0.0
death,-0.06694678963061322
induce,0.17609125905568124
commence,0.0791812460476248
laborious,0.0791812460476248
joy,0.0
child,-0.06694678963061322
feels,0.0
embarks,0.47712125471966244
little,-0.06694678963061322
boat,0.0791812460476248
holiday,0.0791812460476248
mates,0.17609125905568124
expedition,0.0791812460476248
discovery,0.0
native,0.0
river,0.0
supposing,0.0791812460476248
conjectures,0.30102999566398114
false,0.0791812460476248
contest,0.0791812460476248
inestimable,0.47712125471966244
benefit,0.0
confer,0.0791812460476248
mankind,0.0791812460476248
last,-0.06694678963061322
generation,0.17609125905568124
discovering,0.0791812460476248
passage,0.0
near,0.0
countries,-0.06694678963061322
reach,0.0
present,-0.06694678963061322
many,-0.06694678963061322
months,0.0
requisite,0.17609125905568124
ascertaining,0.0791812460476248
secret,0.0
magnet,0.47712125471966244
possible,-0.06694678963061322
can,-0.06694678963061322
effected,0.0
mine,0.0
reflections,0.17609125905568124
dispelled,0.0791812460476248
agitation,0.0791812460476248
began,0.0
heart,-0.06694678963061322
glow,0.0791812460476248
enthusiasm,0.0
elevates,0.30102999566398114
heaven,0.0
nothing,-0.06694678963061322
contributes,0.30102999566398114
much,-0.06694678963061322
tranquillise,0.47712125471966244
mind,0.0
steady,0.0
purpose,0.0
point,-0.06694678963061322
soul,0.0
fix,0.0791812460476248
intellectual,0.0
eye,0.0
favourite,0.0791812460476248
dream,-0.06694678963061322
early,-0.06694678963061322
years,-0.06694678963061322
read,0.0
ardour,0.30102999566398114
accounts,0.0791812460476248
various,-0.06694678963061322
voyages,0.0791812460476248
made,-0.06694678963061322
prospect,0.0791812460476248
arriving,0.0791812460476248
pacific,0.47712125471966244
ocean,0.0
seas,0.0791812460476248
surround,0.0791812460476248
remember,0.0
history,0.0
purposes,0.0
composed,0.0791812460476248
whole,-0.06694678963061322
good,0.0
uncle,0.17609125905568124
thomas,0.0791812460476248
library,0.0791812460476248
education,0.0791812460476248
neglected,0.0791812460476248
yet,-0.06694678963061322
passionately,0.30102999566398114
fond,0.0
reading,0.0
volumes,0.17609125905568124
study,0.0
day,0.0
night,0.0
familiarity,0.17609125905568124
increased,0.0
regret,0.0
felt,-0.06694678963061322
learning,0.0791812460476248
father,0.0
s,-0.06694678963061322
dying,0.0
injunction,0.30102999566398114
forbidden,0.0
allow,0.0
embark,0.17609125905568124
seafaring,0.30102999566398114
life,-0.06694678963061322
visions,0.17609125905568124
faded,0.17609125905568124
perused,0.30102999566398114
time,-0.06694678963061322
poets,0.30102999566398114
whose,-0.06694678963061322
effusions,0.47712125471966244
entranced,0.47712125471966244
lifted,0.0
also,-0.06694678963061322
became,-0.06694678963061322
poet,0.0791812460476248
one,-0.06694678963061322
year,0.0
lived,0.0
paradise,0.17609125905568124
creation,0.0791812460476248
imagined,0.0
might,-0.06694678963061322
obtain,0.0791812460476248
niche,0.30102999566398114
temple,0.0791812460476248
names,0.0
homer,0.17609125905568124
shakespeare,0.0791812460476248
consecrated,0.17609125905568124
well,-0.06694678963061322
acquainted,0.0791812460476248
failure,0.0
heavily,0.0791812460476248
bore,0.0
disappointment,0.0
inherited,0.17609125905568124
fortune,0.0
cousin,0.17609125905568124
thoughts,0.0
turned,-0.06694678963061322
channel,0.0791812460476248
earlier,-0.06694678963061322
bent,0.0
six,0.0
passed,0.0
since,-0.06694678963061322
resolved,-0.06694678963061322
even,-0.06694678963061322
now,-0.06694678963061322
hour,-0.06694678963061322
dedicated,0.17609125905568124
great,-0.06694678963061322
commenced,0.17609125905568124
inuring,0.47712125471966244
body,0.0
hardship,0.30102999566398114
whale,0.17609125905568124
fishers,0.47712125471966244
several,0.0
expeditions,0.17609125905568124
voluntarily,0.0791812460476248
endured,0.0791812460476248
famine,0.0791812460476248
thirst,0.0
want,-0.06694678963061322
sleep,0.0
often,-0.06694678963061322
worked,-0.06694678963061322
harder,0.0
common,-0.06694678963061322
sailors,0.0
devoted,0.0791812460476248
nights,0.0
mathematics,0.17609125905568124
theory,0.0
medicine,0.0
branches,0.0
physical,0.0791812460476248
science,0.0
naval,0.30102999566398114
adventurer,0.30102999566398114
derive,0.17609125905568124
greatest,0.0
practical,0.0
advantage,-0.06694678963061322
twice,0.0
actually,0.0
hired,0.0791812460476248
mate,0.0
greenland,0.30102999566398114
whaler,0.47712125471966244
acquitted,0.17609125905568124
admiration,0.0791812460476248
must,-0.06694678963061322
proud,0.0
captain,0.0
offered,-0.06694678963061322
second,-0.06694678963061322
dignity,0.0
vessel,0.0
entreated,0.17609125905568124
remain,-0.06694678963061322
earnestness,0.0791812460476248
valuable,0.0
consider,-0.06694678963061322
services,0.0791812460476248
deserve,0.0
accomplish,0.0791812460476248
ease,0.0
luxury,0.17609125905568124
preferred,0.0791812460476248
glory,0.0
enticement,0.47712125471966244
wealth,-0.06694678963061322
placed,-0.06694678963061322
path,0.0791812460476248
oh,0.0
encouraging,0.17609125905568124
voice,-0.06694678963061322
answer,0.0
affirmative,0.30102999566398114
courage,0.0
resolution,0.0791812460476248
firm,0.0
hopes,0.0
fluctuate,0.47712125471966244
spirits,-0.06694678963061322
depressed,0.17609125905568124
proceed,0.0791812460476248
long,-0.06694678963061322
difficult,0.0
emergencies,0.30102999566398114
demand,0.0
fortitude,0.17609125905568124
required,-0.06694678963061322
raise,-0.06694678963061322
others,-0.06694678963061322
sometimes,0.0
sustain,0.30102999566398114
failing,0.17609125905568124
favourable,0.0791812460476248
period,0.0
travelling,0.17609125905568124
russia,0.17609125905568124
fly,0.0
quickly,0.0
sledges,0.47712125471966244
motion,-0.06694678963061322
pleasant,0.0
opinion,0.0
agreeable,0.0791812460476248
english,-0.06694678963061322
stagecoach,0.30102999566398114
excessive,0.0791812460476248
wrapped,0.0
furs,0.30102999566398114
dress,0.0
adopted,0.0
difference,0.0791812460476248
walking,0.0
deck,0.0791812460476248
remaining,-0.06694678963061322
seated,0.0
motionless,0.0791812460476248
hours,-0.06694678963061322
exercise,0.0791812460476248
prevents,0.17609125905568124
blood,0.0
freezing,0.30102999566398114
veins,0.0791812460476248
ambition,0.17609125905568124
lose,-0.06694678963061322
post,0.0791812460476248
road,0.0
archangel,0.47712125471966244
depart,0.0791812460476248
latter,0.0
town,-0.06694678963061322
fortnight,0.30102999566398114
three,0.0
weeks,0.0791812460476248
intention,0.0
hire,0.17609125905568124
ship,0.0
easily,-0.06694678963061322
done,-0.06694678963061322
paying,0.0
insurance,0.30102999566398114
owner,-0.06694678963061322
engage,0.0
think,0.0
necessary,-0.06694678963061322
among,-0.06694678963061322
accustomed,0.0
fishing,0.0791812460476248
intend,0.0
sail,0.0791812460476248
month,0.0
june,0.0791812460476248
return,-0.06694678963061322
ah,0.0791812460476248
question,-0.06694678963061322
succeed,0.0791812460476248
perhaps,0.0
pass,-0.06694678963061322
meet,-0.06694678963061322
fail,-0.06694678963061322
see,-0.06694678963061322
soon,-0.06694678963061322
farewell,0.17609125905568124
excellent,0.0
shower,0.17609125905568124
blessings,0.0791812460476248
save,-0.06694678963061322
testify,0.47712125471966244
gratitude,0.0
love,-0.06694678963061322
kindness,0.0
affectionate,0.0
brother,0.0791812460476248
r,0.0
walton,0.47712125471966244
march,-0.06694678963061322
slowly,0.0
passes,0.0791812460476248
encompassed,0.30102999566398114
step,-0.06694678963061322
taken,-0.06694678963061322
occupied,0.0791812460476248
collecting,0.0791812460476248
engaged,0.0
appear,-0.06694678963061322
men,-0.06694678963061322
depend,0.0791812460476248
certainly,0.0
possessed,0.0
dauntless,0.47712125471966244
able,-0.06694678963061322
satisfy,0.0791812460476248
absence,-0.06694678963061322
object,0.0
severe,0.0791812460476248
friend,0.0
glowing,0.17609125905568124
none,0.0
participate,0.17609125905568124
assailed,0.30102999566398114
endeavour,0.0791812460476248
dejection,0.30102999566398114
commit,0.0791812460476248
paper,0.0791812460476248
true,-0.06694678963061322
poor,-0.06694678963061322
medium,0.0791812460476248
communication,0.0
desire,-0.06694678963061322
company,0.0
sympathise,0.17609125905568124
eyes,-0.06694678963061322
reply,0.0
deem,0.0791812460476248
romantic,0.17609125905568124
bitterly,0.0791812460476248
gentle,0.0
courageous,0.17609125905568124
cultivated,0.17609125905568124
capacious,0.30102999566398114
tastes,0.0791812460476248
like,-0.06694678963061322
approve,0.0791812460476248
amend,0.47712125471966244
plans,-0.06694678963061322
repair,0.0791812460476248
faults,0.0791812460476248
execution,0.0791812460476248
impatient,0.0791812460476248
difficulties,0.0791812460476248
still,-0.06694678963061322
greater,0.0
self,-0.06694678963061322
educated,0.0791812460476248
fourteen,0.0791812460476248
ran,0.0
wild,0.0
books,0.0
age,-0.06694678963061322
celebrated,0.17609125905568124
ceased,-0.06694678963061322
important,0.0
benefits,0.17609125905568124
conviction,0.0791812460476248
perceived,0.0791812460476248
necessity,0.0791812460476248
becoming,0.0791812460476248
languages,0.0791812460476248
twenty,0.0
eight,0.0
reality,0.0
illiterate,0.47712125471966244
schoolboys,0.47712125471966244
fifteen,0.0
thought,0.0
extended,0.0791812460476248
magnificent,0.0
painters,0.17609125905568124
call,0.0
keeping,0.0
greatly,-0.06694678963061322
need,-0.06694678963061322
sense,-0.06694678963061322
enough,-0.06694678963061322
despise,0.0791812460476248
affection,0.0791812460476248
useless,0.0
complaints,0.17609125905568124
find,-0.06694678963061322
wide,0.0
merchants,0.17609125905568124
seamen,0.0791812460476248
feelings,-0.06694678963061322
unallied,0.47712125471966244
dross,0.30102999566398114
human,-0.06694678963061322
nature,-0.06694678963061322
beat,0.0
rugged,0.0791812460476248
bosoms,0.30102999566398114
lieutenant,0.17609125905568124
instance,-0.06694678963061322
wonderful,0.0
madly,0.17609125905568124
desirous,0.0
rather,-0.06694678963061322
word,-0.06694678963061322
phrase,-0.06694678963061322
characteristically,0.30102999566398114
advancement,0.17609125905568124
profession,0.0791812460476248
englishman,0.0791812460476248
midst,-0.06694678963061322
national,0.0
professional,0.0
prejudices,0.0791812460476248
unsoftened,0.47712125471966244
cultivation,0.0791812460476248
retains,0.17609125905568124
noblest,0.0791812460476248
endowments,0.30102999566398114
humanity,0.0
board,0.0791812460476248
finding,0.0
unemployed,0.47712125471966244
city,0.0
assist,0.0791812460476248
master,-0.06694678963061322
person,-0.06694678963061322
disposition,0.0
remarkable,0.0
gentleness,0.0791812460476248
mildness,0.30102999566398114
discipline,0.0791812460476248
circumstance,0.0
added,0.0
known,-0.06694678963061322
integrity,0.30102999566398114
youth,0.0
solitude,0.0791812460476248
best,-0.06694678963061322
spent,0.0
feminine,0.17609125905568124
fosterage,0.47712125471966244
refined,0.17609125905568124
groundwork,0.17609125905568124
character,-0.06694678963061322
overcome,0.0
intense,0.17609125905568124
distaste,0.47712125471966244
usual,0.0
brutality,0.17609125905568124
exercised,0.0791812460476248
believed,0.0
heard,0.0
mariner,0.0791812460476248
equally,-0.06694678963061322
noted,0.0
kindliness,0.47712125471966244
respect,-0.06694678963061322
obedience,0.0791812460476248
paid,-0.06694678963061322
crew,0.0
peculiarly,0.0
fortunate,0.0791812460476248
secure,0.0
manner,0.0
lady,0.0791812460476248
owes,0.0
happiness,0.0791812460476248
briefly,0.0
story,0.0
ago,-0.06694678963061322
loved,0.0791812460476248
young,-0.06694678963061322
russian,0.17609125905568124
moderate,0.17609125905568124
amassed,0.30102999566398114
considerable,-0.06694678963061322
sum,0.0
prize,0.0791812460476248
money,-0.06694678963061322
girl,0.0
consented,0.0791812460476248
match,0.0
saw,-0.06694678963061322
mistress,0.0791812460476248
destined,-0.06694678963061322
ceremony,0.0791812460476248
bathed,0.17609125905568124
tears,0.0
throwing,0.0
feet,-0.06694678963061322
spare,0.0
confessing,0.30102999566398114
another,-0.06694678963061322
consent,0.0
union,-0.06694678963061322
generous,0.17609125905568124
reassured,0.0791812460476248
suppliant,0.47712125471966244
informed,0.0791812460476248
name,0.0
lover,0.0791812460476248
instantly,0.0
abandoned,0.0
pursuit,0.0
bought,0.0
farm,0.30102999566398114
designed,0.0791812460476248
remainder,0.0
bestowed,0.0791812460476248
rival,0.0791812460476248
together,-0.06694678963061322
remains,0.0
purchase,0.0791812460476248
stock,-0.06694678963061322
solicited,0.30102999566398114
woman,0.0
marriage,0.0
old,-0.06694678963061322
decidedly,0.30102999566398114
refused,0.0
thinking,0.0
bound,-0.06694678963061322
honour,0.0
found,-0.06694678963061322
inexorable,0.30102999566398114
quitted,0.30102999566398114
returned,0.0
former,-0.06694678963061322
married,0.0
according,-0.06694678963061322
inclinations,0.47712125471966244
noble,0.0
fellow,0.0
exclaim,0.30102999566398114
wholly,0.17609125905568124
uneducated,0.17609125905568124
silent,0.0
turk,0.30102999566398114
kind,-0.06694678963061322
ignorant,0.0
carelessness,0.17609125905568124
attends,0.17609125905568124
renders,0.17609125905568124
conduct,0.0
astonishing,0.17609125905568124
detracts,0.47712125471966244
interest,-0.06694678963061322
sympathy,-0.06694678963061322
otherwise,0.0
command,-0.06694678963061322
suppose,0.0
complain,0.17609125905568124
conceive,0.0791812460476248
consolation,0.0791812460476248
toils,0.17609125905568124
know,0.0
wavering,0.17609125905568124
resolutions,0.30102999566398114
fixed,-0.06694678963061322
fate,0.0
delayed,0.0
weather,0.0791812460476248
permit,0.0791812460476248
embarkation,0.47712125471966244
winter,0.0
dreadfully,0.0791812460476248
spring,-0.06694678963061322
promises,0.0791812460476248
considered,0.0
remarkably,0.0791812460476248
season,0.17609125905568124
sooner,-0.06694678963061322
rashly,0.30102999566398114
sufficiently,0.17609125905568124
confide,0.17609125905568124
prudence,0.17609125905568124
considerateness,0.47712125471966244
whenever,-0.06694678963061322
safety,0.0
committed,0.0791812460476248
care,-0.06694678963061322
describe,0.0
sensations,0.17609125905568124
impossible,-0.06694678963061322
communicate,0.0791812460476248
conception,0.0791812460476248
trembling,0.0
sensation,0.0791812460476248
half,-0.06694678963061322
pleasurable,0.47712125471966244
fearful,0.0
preparing,0.0791812460476248
going,-0.06694678963061322
unexplored,0.30102999566398114
mist,0.0
kill,-0.06694678963061322
albatross,0.47712125471966244
therefore,-0.06694678963061322
alarmed,0.0791812460476248
come,-0.06694678963061322
back,-0.06694678963061322
worn,0.0
woeful,0.30102999566398114
ancient,-0.06694678963061322
smile,0.0791812460476248
allusion,0.0791812460476248
disclose,0.17609125905568124
attributed,0.0791812460476248
attachment,0.17609125905568124
passionate,0.0791812460476248
dangerous,-0.06694678963061322
mysteries,0.0791812460476248
production,0.0791812460476248
imaginative,0.17609125905568124
something,0.0
work,-0.06694678963061322
practically,0.0
industrious,0.17609125905568124
painstaking,0.47712125471966244
workman,0.0
execute,0.17609125905568124
perseverance,0.30102999566398114
labour,0.0
besides,-0.06694678963061322
marvellous,0.0791812460476248
belief,-0.06694678963061322
intertwined,0.30102999566398114
projects,0.30102999566398114
hurries,0.30102999566398114
pathways,0.47712125471966244
unvisited,0.47712125471966244
explore,0.30102999566398114
dearer,0.17609125905568124
considerations,0.0791812460476248
traversed,0.30102999566398114
immense,-0.06694678963061322
southern,0.0791812460476248
cape,0.0
africa,0.17609125905568124
america,-0.06694678963061322
dare,0.0
expect,0.0
bear,0.0
look,0.0
reverse,0.0
picture,0.0
continue,0.0
write,-0.06694678963061322
opportunity,-0.06694678963061322
receive,0.0791812460476248
letters,0.0791812460476248
occasions,0.0791812460476248
support,-0.06694678963061322
tenderly,0.17609125905568124
robert,0.17609125905568124
july,0.0791812460476248
lines,0.0
haste,0.0791812460476248
say,-0.06694678963061322
safe,0.0
advanced,-0.06694678963061322
merchantman,0.47712125471966244
homeward,0.17609125905568124
however,-0.06694678963061322
bold,0.0
apparently,-0.06694678963061322
floating,0.0
sheets,0.0791812460476248
ice,0.0791812460476248
continually,0.0
us,-0.06694678963061322
indicating,0.0791812460476248
dangers,-0.06694678963061322
dismay,0.17609125905568124
reached,0.0
high,-0.06694678963061322
latitude,0.0791812460476248
height,0.0
summer,0.0791812460476248
although,-0.06694678963061322
warm,0.0
gales,0.30102999566398114
blow,0.0
speedily,0.0791812460476248
shores,0.0791812460476248
ardently,0.30102999566398114
attain,0.0791812460476248
breathe,0.0
degree,0.0
renovating,0.47712125471966244
warmth,0.0791812460476248
incidents,0.0791812460476248
befallen,0.17609125905568124
make,-0.06694678963061322
figure,-0.06694678963061322
two,-0.06694678963061322
stiff,0.0791812460476248
springing,0.0
leak,0.17609125905568124
accidents,0.0
experienced,0.0
scarcely,0.0
record,0.0
content,-0.06694678963061322
worse,0.0
happen,0.0
adieu,0.30102999566398114
assured,-0.06694678963061322
sake,0.0
encounter,0.17609125905568124
cool,0.0791812460476248
persevering,0.47712125471966244
prudent,0.17609125905568124
crown,0.0
endeavours,0.30102999566398114
wherefore,0.0791812460476248
thus,-0.06694678963061322
gone,-0.06694678963061322
tracing,0.17609125905568124
way,-0.06694678963061322
pathless,0.47712125471966244
stars,0.0
witnesses,0.17609125905568124
testimonies,0.47712125471966244
triumph,0.0
untamed,0.47712125471966244
obedient,0.0791812460476248
element,0.0
stop,-0.06694678963061322
determined,-0.06694678963061322
swelling,0.0791812460476248
involuntarily,0.0791812460476248
pours,0.0791812460476248
finish,-0.06694678963061322
bless,0.0791812460476248
beloved,0.0791812460476248
w,0.17609125905568124
august,0.0791812460476248
strange,0.0
accident,0.0
happened,0.0
forbear,0.17609125905568124
recording,0.17609125905568124
probable,0.0
papers,0.0791812460476248
possession,0.0
monday,0.30102999566398114
nearly,-0.06694678963061322
surrounded,0.0
closed,-0.06694678963061322
sides,-0.06694678963061322
leaving,0.0
room,0.0
floated,0.17609125905568124
situation,-0.06694678963061322
somewhat,0.0
especially,-0.06694678963061322
compassed,0.47712125471966244
round,0.0
thick,0.0
fog,0.0791812460476248
accordingly,0.0
lay,0.0
hoping,0.0791812460476248
change,-0.06694678963061322
take,-0.06694678963061322
place,-0.06694678963061322
atmosphere,-0.06694678963061322
o,0.0
clock,0.0791812460476248
cleared,0.0
away,-0.06694678963061322
beheld,0.0791812460476248
stretched,0.0791812460476248
direction,-0.06694678963061322
vast,0.0
irregular,0.17609125905568124
plains,0.30102999566398114
seemed,-0.06694678963061322
end,-0.06694678963061322
comrades,0.0791812460476248
groaned,0.0791812460476248
grow,0.0
watchful,0.30102999566398114
anxious,0.0
suddenly,-0.06694678963061322
attracted,0.0
attention,-0.06694678963061322
diverted,0.17609125905568124
solicitude,0.17609125905568124
low,-0.06694678963061322
carriage,0.17609125905568124
sledge,0.0791812460476248
drawn,-0.06694678963061322
dogs,-0.06694678963061322
distance,0.0
mile,0.0791812460476248
shape,-0.06694678963061322
gigantic,0.0791812460476248
stature,0.0791812460476248
sat,0.0
guided,0.0
watched,0.0
rapid,-0.06694678963061322
progress,-0.06694678963061322
traveller,0.0
telescopes,0.47712125471966244
lost,-0.06694678963061322
distant,-0.06694678963061322
inequalities,0.0791812460476248
appearance,0.0
excited,0.0
unqualified,0.47712125471966244
wonder,-0.06694678963061322
hundred,-0.06694678963061322
miles,0.0
apparition,0.0791812460476248
denote,0.30102999566398114
supposed,0.0
shut,0.0
follow,0.0
track,0.0
observed,0.0791812460476248
occurrence,0.0791812460476248
ground,-0.06694678963061322
broke,0.0
freed,0.17609125905568124
morning,0.0
fearing,0.0791812460476248
dark,0.0
large,-0.06694678963061322
loose,0.0
masses,-0.06694678963061322
float,0.0791812460476248
breaking,0.0
profited,0.17609125905568124
rest,-0.06694678963061322
went,-0.06694678963061322
busy,0.0
side,-0.06694678963061322
talking,0.0
someone,0.0791812460476248
fact,-0.06694678963061322
seen,-0.06694678963061322
drifted,0.30102999566398114
fragment,0.17609125905568124
dog,0.0
remained,-0.06694678963061322
alive,0.0
within,-0.06694678963061322
persuading,0.17609125905568124
enter,0.0
savage,0.0791812460476248
inhabitant,0.17609125905568124
island,0.0791812460476248
european,0.0
appeared,-0.06694678963061322
said,-0.06694678963061322
perish,0.0
open,-0.06694678963061322
perceiving,0.17609125905568124
stranger,0.0
addressed,0.0
foreign,-0.06694678963061322
accent,0.0791812460476248
inform,0.0791812460476248
whither,0.0
astonishment,0.0
hearing,0.0
brink,0.17609125905568124
destruction,0.0
resource,0.17609125905568124
exchanged,0.0
precious,0.0
earth,0.0791812460476248
afford,0.0
replied,0.0
satisfied,0.0
god,0.0
capitulated,0.47712125471966244
surprise,0.0
boundless,0.17609125905568124
limbs,0.0
frozen,0.0791812460476248
emaciated,0.0791812460476248
fatigue,0.17609125905568124
suffering,0.0
wretched,0.0
condition,-0.06694678963061322
attempted,0.0791812460476248
carry,-0.06694678963061322
cabin,0.0791812460476248
fresh,-0.06694678963061322
air,-0.06694678963061322
fainted,0.17609125905568124
brought,0.0
restored,0.0
animation,0.0791812460476248
rubbing,0.0791812460476248
brandy,0.0791812460476248
forcing,0.0791812460476248
swallow,0.0791812460476248
small,-0.06694678963061322
quantity,0.0791812460476248
showed,0.0
signs,0.0
blankets,0.47712125471966244
chimney,0.0791812460476248
kitchen,0.0791812460476248
stove,0.17609125905568124
slow,0.0
degrees,-0.06694678963061322
recovered,0.0
ate,0.0
soup,0.17609125905568124
wonderfully,-0.06694678963061322
days,0.0
speak,-0.06694678963061322
feared,0.0
sufferings,0.0791812460476248
deprived,0.17609125905568124
understanding,0.0
measure,0.0791812460476248
removed,0.0
attended,0.0791812460476248
duty,0.0
interesting,0.0
creature,0.0
generally,-0.06694678963061322
expression,-0.06694678963061322
wildness,0.30102999566398114
madness,0.0791812460476248
moments,0.0
anyone,0.0
performs,0.17609125905568124
act,-0.06694678963061322
trifling,0.0791812460476248
service,0.0
countenance,0.0791812460476248
lighted,0.0
beam,0.0791812460476248
benevolence,0.17609125905568124
sweetness,0.0791812460476248
equalled,0.0791812460476248
melancholy,0.0
despairing,0.17609125905568124
gnashes,0.47712125471966244
teeth,0.0
weight,0.0
woes,0.17609125905568124
oppresses,0.17609125905568124
guest,0.0791812460476248
trouble,0.0
keep,-0.06694678963061322
wished,-0.06694678963061322
ask,-0.06694678963061322
questions,0.0
tormented,0.17609125905568124
idle,0.0
state,-0.06694678963061322
restoration,0.17609125905568124
evidently,0.0
depended,0.0
entire,-0.06694678963061322
repose,0.0791812460476248
asked,0.0
vehicle,0.0791812460476248
assumed,0.0
aspect,0.0
deepest,0.17609125905568124
gloom,0.17609125905568124
seek,-0.06694678963061322
fled,0.0
pursued,0.0
travel,0.0791812460476248
fashion,-0.06694678963061322
yes,0.0
fancy,0.0
picked,0.0791812460476248
drawing,0.0
across,0.0
aroused,0.0
multitude,0.0
concerning,0.0
route,0.17609125905568124
d,0.0
mon,0.17609125905568124
called,-0.06694678963061322
alone,-0.06694678963061322
doubtless,0.0791812460476248
people,-0.06694678963061322
considerate,0.0791812460476248
inquiries,0.17609125905568124
indeed,-0.06694678963061322
impertinent,0.30102999566398114
inhuman,0.30102999566398114
inquisitiveness,0.47712125471966244
rescued,0.17609125905568124
perilous,0.0791812460476248
benevolently,0.47712125471966244
inquired,0.17609125905568124
destroyed,-0.06694678963061322
certainty,0.0
broken,-0.06694678963061322
midnight,0.17609125905568124
judge,0.0
new,-0.06694678963061322
spirit,0.0
animated,0.17609125905568124
decaying,0.47712125471966244
frame,0.0
manifested,0.0791812460476248
eagerness,0.0
watch,0.0
weak,0.0
rawness,0.47712125471966244
promised,0.0
give,-0.06694678963061322
instant,-0.06694678963061322
notice,0.0
journal,0.17609125905568124
relates,0.17609125905568124
gradually,-0.06694678963061322
improved,0.0
health,0.0
appears,-0.06694678963061322
uneasy,0.0791812460476248
except,-0.06694678963061322
enters,0.17609125905568124
manners,0.0
conciliating,0.30102999566398114
interested,0.0
begin,-0.06694678963061322
constant,-0.06694678963061322
deep,-0.06694678963061322
grief,0.0791812460476248
compassion,0.30102999566398114
better,0.0
wreck,0.0791812460476248
attractive,0.0791812460476248
amiable,0.30102999566398114
misery,0.0
happy,0.0
intervals,0.0791812460476248
increases,0.0791812460476248
excites,0.17609125905568124
pity,0.0
poignant,0.30102999566398114
wise,0.0
speaks,0.0791812460476248
words,-0.06694678963061322
culled,0.47712125471966244
choicest,0.17609125905568124
art,0.0
flow,0.0791812460476248
rapidity,0.0
unparalleled,0.30102999566398114
eloquence,0.30102999566398114
illness,0.0791812460476248
watching,0.0
preceded,0.0
unhappy,0.0
utterly,0.0
interests,-0.06694678963061322
deeply,0.0
frequently,0.0791812460476248
conversed,0.17609125905568124
communicated,0.0791812460476248
disguise,0.0791812460476248
entered,-0.06694678963061322
attentively,0.17609125905568124
arguments,0.0791812460476248
favour,0.0
eventual,0.47712125471966244
minute,0.0
detail,0.0
measures,0.0791812460476248
led,0.0
evinced,0.30102999566398114
use,-0.06694678963061322
language,-0.06694678963061322
utterance,0.0
burning,0.0
fervour,0.0791812460476248
warmed,0.0791812460476248
gladly,0.0
sacrifice,0.0791812460476248
existence,0.0
hope,0.0
furtherance,0.30102999566398114
price,-0.06694678963061322
pay,0.0
acquirement,0.30102999566398114
knowledge,-0.06694678963061322
sought,0.0
dominion,0.30102999566398114
acquire,0.0
transmit,0.30102999566398114
elemental,0.30102999566398114
foes,0.0791812460476248
race,0.0
spoke,0.0
spread,-0.06694678963061322
listener,0.17609125905568124
tried,0.0
suppress,0.17609125905568124
emotion,0.0791812460476248
hands,-0.06694678963061322
quivered,0.0791812460476248
failed,-0.06694678963061322
trickle,0.47712125471966244
fast,-0.06694678963061322
fingers,0.0
groan,0.0791812460476248
burst,-0.06694678963061322
heaving,0.0791812460476248
breast,0.0
paused,0.0791812460476248
length,-0.06694678963061322
accents,0.30102999566398114
share,-0.06694678963061322
drunk,0.0
intoxicating,0.17609125905568124
draught,0.0
let,-0.06694678963061322
reveal,0.0791812460476248
tale,-0.06694678963061322
dash,0.0
cup,0.0791812460476248
lips,0.0
imagine,0.0
strongly,0.0
paroxysm,0.17609125905568124
seized,-0.06694678963061322
overcame,0.17609125905568124
weakened,0.0
powers,-0.06694678963061322
tranquil,0.17609125905568124
conversation,0.0
restore,0.0
composure,0.17609125905568124
conquered,0.0
violence,0.0
slave,-0.06694678963061322
passion,0.0
quelling,0.30102999566398114
tyranny,0.30102999566398114
despair,0.0
converse,0.17609125905568124
personally,0.0791812460476248
told,0.0
awakened,0.0
trains,0.30102999566398114
reflection,0.0
intimate,0.17609125905568124
fallen,0.0
lot,-0.06694678963061322
expressed,0.0
boast,0.0
enjoy,0.0
blessing,0.0791812460476248
agree,0.0791812460476248
unfashioned,0.47712125471966244
creatures,0.0791812460476248
wiser,0.0
lend,0.0791812460476248
aid,0.0
perfectionate,0.47712125471966244
faulty,0.30102999566398114
natures,0.0
entitled,0.30102999566398114
respecting,0.17609125905568124
friendship,0.0791812460476248
cause,-0.06694678963061322
everything,-0.06694678963061322
anew,0.17609125905568124
expressive,0.0791812460476248
settled,0.0
touched,0.0
presently,0.0
retired,-0.06694678963061322
beauties,0.0791812460476248
starry,0.30102999566398114
sky,0.0
afforded,0.0791812460476248
seem,-0.06694678963061322
elevating,0.17609125905568124
double,0.0
suffer,0.0791812460476248
overwhelmed,0.0791812460476248
disappointments,0.30102999566398114
halo,0.30102999566398114
around,0.0
circle,0.0791812460476248
folly,0.0
ventures,0.30102999566398114
express,-0.06694678963061322
divine,0.17609125905568124
wanderer,0.47712125471966244
tutored,0.47712125471966244
retirement,0.17609125905568124
fastidious,0.17609125905568124
fit,-0.06694678963061322
appreciate,0.0791812460476248
extraordinary,0.0
merits,0.0791812460476248
endeavoured,0.47712125471966244
quality,0.0791812460476248
possesses,0.0791812460476248
immeasurably,0.30102999566398114
knew,0.0
believe,0.0
intuitive,0.30102999566398114
discernment,0.30102999566398114
quick,0.0
judgment,0.0791812460476248
penetration,0.17609125905568124
causes,0.0
things,-0.06694678963061322
unequalled,0.17609125905568124
clearness,0.17609125905568124
precision,0.0791812460476248
add,0.0
facility,0.0791812460476248
varied,0.0791812460476248
intonations,0.47712125471966244
subduing,0.17609125905568124
music,0.0
perceive,0.0791812460476248
suffered,0.0
misfortunes,0.17609125905568124
memory,0.0
evils,0.0791812460476248
die,0.0
won,-0.06694678963061322
alter,0.0
determination,0.0791812460476248
wisdom,0.0791812460476248
gratification,0.17609125905568124
wishes,0.0
serpent,0.17609125905568124
sting,0.17609125905568124
relation,0.0791812460476248
disasters,0.30102999566398114
useful,0.0
reflect,0.0791812460476248
pursuing,0.0
course,-0.06694678963061322
exposing,0.30102999566398114
rendered,0.0
deduce,0.47712125471966244
apt,0.0791812460476248
moral,0.0
direct,-0.06694678963061322
console,0.30102999566398114
case,-0.06694678963061322
prepare,0.0
occurrences,0.30102999566398114
usually,0.0
deemed,0.0791812460476248
tamer,0.47712125471966244
scenes,0.17609125905568124
unbelief,0.30102999566398114
ridicule,0.17609125905568124
mysterious,0.0
provoke,0.17609125905568124
laughter,-0.06694678963061322
unacquainted,0.30102999566398114
doubt,0.0
conveys,0.30102999566398114
series,-0.06694678963061322
internal,0.0791812460476248
evidence,0.0
truth,-0.06694678963061322
events,0.0
gratified,0.17609125905568124
endure,0.0791812460476248
renew,0.17609125905568124
recital,0.30102999566398114
narrative,0.0
partly,-0.06694678963061322
strong,0.0
ameliorate,0.47712125471966244
thank,0.0
fulfilled,0.0
wait,0.0
event,0.17609125905568124
peace,0.0
continued,-0.06694678963061322
interrupt,0.0
mistaken,0.0
destiny,0.0791812460476248
listen,0.0
irrevocably,0.17609125905568124
next,0.0
leisure,0.0791812460476248
drew,0.0
warmest,0.30102999566398114
thanks,0.0
imperatively,0.30102999566398114
duties,0.0
related,0.0791812460476248
least,-0.06694678963061322
notes,0.0
manuscript,0.17609125905568124
pleasure,-0.06694678963061322
future,0.0
full,-0.06694678963061322
toned,0.30102999566398114
swells,0.47712125471966244
ears,-0.06694678963061322
lustrous,0.30102999566398114
dwell,0.0791812460476248
thin,0.0
hand,-0.06694678963061322
raised,-0.06694678963061322
lineaments,0.30102999566398114
face,-0.06694678963061322
irradiated,0.47712125471966244
harrowing,0.30102999566398114
frightful,0.17609125905568124
storm,0.0
embraced,0.17609125905568124
gallant,0.17609125905568124
wrecked,0.0791812460476248
birth,0.0
genevese,0.47712125471966244
family,-0.06694678963061322
distinguished,0.0791812460476248
republic,0.0791812460476248
ancestors,0.17609125905568124
counsellors,0.30102999566398114
syndics,0.47712125471966244
filled,0.0
public,-0.06694678963061322
situations,0.17609125905568124
reputation,0.0791812460476248
respected,0.17609125905568124
indefatigable,0.30102999566398114
business,0.0
younger,0.0
perpetually,0.0791812460476248
affairs,-0.06694678963061322
variety,0.0
circumstances,-0.06694678963061322
prevented,0.0791812460476248
marrying,0.17609125905568124
decline,0.0791812460476248
husband,0.0
illustrate,0.0791812460476248
refrain,0.0791812460476248
relating,0.0791812460476248
friends,0.0
merchant,0.17609125905568124
flourishing,0.30102999566398114
fell,0.0
numerous,-0.06694678963061322
mischances,0.30102999566398114
poverty,0.0791812460476248
beaufort,0.30102999566398114
unbending,0.47712125471966244
live,-0.06694678963061322
oblivion,0.17609125905568124
formerly,0.0791812460476248
rank,-0.06694678963061322
magnificence,0.17609125905568124
debts,0.0791812460476248
honourable,0.17609125905568124
retreated,0.17609125905568124
daughter,0.0791812460476248
lucerne,0.47712125471966244
unknown,0.0
wretchedness,0.17609125905568124
truest,0.17609125905568124
grieved,0.0791812460476248
retreat,0.17609125905568124
unfortunate,0.17609125905568124
deplored,0.17609125905568124
pride,0.0
worthy,0.0791812460476248
united,0.0
endeavouring,0.30102999566398114
credit,0.0
assistance,0.0791812460476248
effectual,0.30102999566398114
conceal,-0.06694678963061322
ten,-0.06694678963061322
abode,0.17609125905568124
overjoyed,0.17609125905568124
hastened,0.0791812460476248
house,0.0
situated,0.0791812460476248
mean,-0.06694678963061322
street,0.0791812460476248
reuss,0.47712125471966244
welcomed,0.17609125905568124
saved,0.0
fortunes,0.17609125905568124
provide,0.0791812460476248
sustenance,0.17609125905568124
meantime,0.0
hoped,0.0
procure,0.17609125905568124
respectable,0.0791812460476248
employment,0.0
interval,0.0
consequently,0.0
inaction,0.30102999566398114
rankling,0.47712125471966244
took,-0.06694678963061322
hold,-0.06694678963061322
bed,0.0
sickness,0.0
incapable,0.17609125905568124
exertion,0.0
tenderness,0.17609125905568124
fund,0.30102999566398114
rapidly,0.0
decreasing,0.30102999566398114
caroline,0.47712125471966244
uncommon,0.0791812460476248
mould,0.0
rose,0.0791812460476248
adversity,0.30102999566398114
procured,0.0791812460476248
plain,0.0
plaited,0.47712125471966244
straw,0.0791812460476248
means,-0.06694678963061322
contrived,0.0
earn,0.17609125905568124
pittance,0.30102999566398114
grew,0.0791812460476248
entirely,-0.06694678963061322
attending,0.0791812460476248
subsistence,0.17609125905568124
decreased,0.17609125905568124
tenth,0.0791812460476248
died,0.0
arms,-0.06694678963061322
orphan,0.17609125905568124
beggar,0.0791812460476248
knelt,0.17609125905568124
coffin,0.17609125905568124
weeping,0.0791812460476248
chamber,0.17609125905568124
came,-0.06694678963061322
protecting,0.17609125905568124
interment,0.30102999566398114
conducted,0.0791812460476248
geneva,0.30102999566398114
protection,0.0
wife,-0.06694678963061322
ages,0.0
parents,0.0
unite,0.0791812460476248
closer,0.0791812460476248
bonds,0.0
justice,-0.06694678963061322
upright,0.17609125905568124
highly,0.17609125905568124
late,0.0
unworthiness,0.30102999566398114
disposed,0.0791812460476248
set,-0.06694678963061322
value,-0.06694678963061322
worth,-0.06694678963061322
show,-0.06694678963061322
worship,0.0791812460476248
mother,-0.06694678963061322
differing,0.17609125905568124
doting,0.47712125471966244
fondness,0.17609125905568124
inspired,0.0
reverence,0.0791812460476248
virtues,0.0791812460476248
recompensing,0.47712125471966244
sorrows,0.0791812460476248
gave,-0.06694678963061322
inexpressible,0.0791812460476248
grace,0.0
behaviour,0.17609125905568124
yield,0.0
convenience,0.17609125905568124
strove,0.30102999566398114
shelter,0.0
fair,0.0
exotic,0.30102999566398114
sheltered,0.0791812460476248
gardener,0.0791812460476248
rougher,0.30102999566398114
tend,0.0
excite,0.0791812460476248
soft,0.0
benevolent,0.30102999566398114
tranquillity,0.30102999566398114
shaken,0.0
elapsed,0.0791812460476248
previous,-0.06694678963061322
relinquished,0.30102999566398114
functions,0.17609125905568124
immediately,-0.06694678963061322
climate,0.0791812460476248
italy,0.0
scene,0.0
attendant,0.0791812460476248
tour,0.17609125905568124
restorative,0.17609125905568124
germany,0.0791812460476248
france,0.0791812460476248
eldest,0.30102999566398114
born,0.0
naples,0.30102999566398114
infant,0.17609125905568124
rambles,0.47712125471966244
attached,0.0791812460476248
draw,0.0
inexhaustible,0.30102999566398114
stores,0.0
bestow,0.0791812460476248
tender,0.0791812460476248
caresses,0.17609125905568124
regarding,0.0791812460476248
recollections,0.30102999566398114
plaything,0.47712125471966244
idol,0.47712125471966244
innocent,0.0791812460476248
helpless,0.0
bring,-0.06694678963061322
consciousness,-0.06694678963061322
owed,0.17609125905568124
given,-0.06694678963061322
active,-0.06694678963061322
received,0.0
lesson,0.0
patience,0.0
charity,0.0791812460476248
control,0.0
silken,0.30102999566398114
cord,0.0791812460476248
train,-0.06694678963061322
enjoyment,0.0
desired,0.0
single,-0.06694678963061322
offspring,0.0791812460476248
five,0.0
making,0.0
excursion,0.30102999566398114
beyond,0.0
frontiers,0.17609125905568124
week,0.0791812460476248
lake,0.17609125905568124
como,0.47712125471966244
cottages,0.30102999566398114
remembering,0.0791812460476248
relieved,0.0791812460476248
turn,-0.06694678963061322
guardian,0.0791812460476248
angel,0.17609125905568124
afflicted,0.0791812460476248
walks,0.0791812460476248
cot,0.47712125471966244
foldings,0.47712125471966244
vale,0.47712125471966244
singularly,0.30102999566398114
disconsolate,0.47712125471966244
number,-0.06694678963061322
clothed,0.0791812460476248
children,-0.06694678963061322
gathered,0.0
penury,0.47712125471966244
worst,0.0
milan,0.30102999566398114
peasant,0.0791812460476248
hard,-0.06694678963061322
working,-0.06694678963061322
distributing,0.17609125905568124
scanty,0.30102999566398114
meal,-0.06694678963061322
hungry,0.0
babes,0.47712125471966244
different,-0.06694678963061322
four,0.0
eyed,0.0
hardy,0.17609125905568124
vagrants,0.47712125471966244
hair,0.0
brightest,0.0791812460476248
living,-0.06694678963061322
gold,0.0
despite,0.0791812460476248
clothing,0.0
distinction,0.0
head,-0.06694678963061322
brow,0.0791812460476248
clear,-0.06694678963061322
ample,0.17609125905568124
blue,0.0791812460476248
cloudless,0.30102999566398114
moulding,0.47712125471966244
sensibility,0.17609125905568124
behold,0.0
looking,0.0
distinct,0.0
species,0.0
sent,0.0
bearing,0.0
stamp,0.0791812460476248
lovely,0.17609125905568124
eagerly,0.0
milanese,0.47712125471966244
nobleman,0.17609125905568124
german,0.0
giving,0.0
nurse,0.0791812460476248
charge,-0.06694678963061322
italians,0.30102999566398114
nursed,0.30102999566398114
antique,0.0791812460476248
schiavi,0.47712125471966244
ognor,0.47712125471966244
frementi,0.47712125471966244
exerted,0.0791812460476248
liberty,-0.06694678963061322
victim,0.0
weakness,0.0
whether,-0.06694678963061322
lingered,0.17609125905568124
dungeons,0.30102999566398114
austria,0.30102999566398114
property,0.0
confiscated,0.47712125471966244
foster,0.17609125905568124
bloomed,0.30102999566398114
rude,0.0
fairer,0.17609125905568124
garden,0.17609125905568124
leaved,0.47712125471966244
brambles,0.30102999566398114
playing,0.0
hall,0.0791812460476248
villa,0.30102999566398114
pictured,0.17609125905568124
cherub,0.47712125471966244
shed,0.0
radiance,0.30102999566398114
looks,0.0
form,0.0
motions,0.0791812460476248
lighter,0.0
chamois,0.30102999566398114
hills,0.0
explained,0.0791812460476248
permission,0.0
prevailed,0.0791812460476248
rustic,0.17609125905568124
guardians,0.17609125905568124
sweet,-0.06694678963061322
presence,0.0
unfair,0.30102999566398114
providence,0.0
powerful,-0.06694678963061322
consulted,0.17609125905568124
village,0.0791812460476248
priest,0.0791812460476248
result,-0.06694678963061322
elizabeth,0.47712125471966244
lavenza,0.47712125471966244
inmate,0.17609125905568124
beautiful,0.0
adored,0.30102999566398114
companion,0.0
occupations,0.17609125905568124
pleasures,0.17609125905568124
everyone,0.0791812460476248
almost,-0.06694678963061322
reverential,0.17609125905568124
shared,0.0791812460476248
evening,0.0
home,-0.06694678963061322
playfully,0.17609125905568124
pretty,-0.06694678963061322
victor,0.17609125905568124
tomorrow,0.17609125905568124
morrow,0.0791812460476248
presented,0.0791812460476248
gift,0.0791812460476248
childish,0.0
seriousness,0.17609125905568124
interpreted,0.0791812460476248
literally,0.0
looked,-0.06694678963061322
protect,0.0791812460476248
cherish,0.17609125905568124
praises,0.17609125905568124
familiarly,0.17609125905568124
forth,-0.06694678963061322
stood,-0.06694678963061322
till,0.0
quite,-0.06694678963061322
strangers,0.0
disunion,0.47712125471966244
dispute,0.17609125905568124
harmony,0.0
companionship,0.0791812460476248
diversity,0.17609125905568124
contrast,-0.06694678963061322
subsisted,0.30102999566398114
characters,0.0791812460476248
nearer,0.0
calmer,0.0791812460476248
concentrated,0.0
capable,0.0
application,0.0
smitten,0.17609125905568124
busied,0.47712125471966244
following,-0.06694678963061322
aerial,0.47712125471966244
creations,0.0791812460476248
majestic,0.30102999566398114
swiss,0.47712125471966244
sublime,0.0791812460476248
shapes,0.0791812460476248
mountains,0.17609125905568124
changes,-0.06694678963061322
seasons,0.17609125905568124
tempest,0.17609125905568124
silence,0.0
turbulence,0.47712125471966244
alpine,0.30102999566398114
summers,0.30102999566398114
scope,0.17609125905568124
contemplated,0.17609125905568124
serious,-0.06694678963061322
appearances,0.0791812460476248
delighted,0.0
investigating,0.30102999566398114
earnest,-0.06694678963061322
research,0.47712125471966244
learn,0.0
hidden,-0.06694678963061322
laws,0.0
gladness,0.0791812460476248
akin,0.0791812460476248
rapture,0.17609125905568124
unfolded,0.30102999566398114
earliest,0.0
son,0.0
junior,0.30102999566398114
seven,0.0
wandering,0.0
campagne,0.47712125471966244
belrive,0.47712125471966244
eastern,0.0
shore,0.0
league,0.17609125905568124
resided,0.30102999566398114
principally,0.30102999566398114
lives,-0.06694678963061322
seclusion,0.17609125905568124
temper,0.0
avoid,0.0
crowd,0.0
attach,0.0791812460476248
fervently,0.30102999566398114
indifferent,0.0791812460476248
school,0.0
fellows,0.0
general,-0.06694678963061322
closest,0.30102999566398114
henry,0.17609125905568124
clerval,0.47712125471966244
boy,0.0
singular,0.17609125905568124
talent,0.0791812460476248
chivalry,0.47712125471966244
romance,0.0
heroic,0.0791812460476248
songs,0.0791812460476248
enchantment,0.0791812460476248
knightly,0.47712125471966244
adventure,0.0791812460476248
plays,0.0791812460476248
masquerades,0.47712125471966244
heroes,0.17609125905568124
roncesvalles,0.47712125471966244
table,0.0
king,0.0
arthur,0.17609125905568124
chivalrous,0.17609125905568124
redeem,0.0791812460476248
holy,0.0
sepulchre,0.30102999566398114
infidels,0.30102999566398114
happier,0.0
childhood,0.17609125905568124
indulgence,0.0791812460476248
tyrants,0.17609125905568124
rule,-0.06694678963061322
caprice,0.30102999566398114
agents,0.0791812460476248
creators,0.47712125471966244
delights,0.17609125905568124
enjoyed,0.0791812460476248
mingled,0.0
families,0.17609125905568124
distinctly,0.0791812460476248
discerned,0.17609125905568124
assisted,0.0791812460476248
development,0.0
filial,0.17609125905568124
violent,-0.06694678963061322
passions,0.17609125905568124
vehement,0.17609125905568124
law,-0.06694678963061322
temperature,0.30102999566398114
pursuits,0.17609125905568124
eager,0.0791812460476248
indiscriminately,0.30102999566398114
confess,-0.06694678963061322
neither,0.0
structure,0.0791812460476248
code,0.17609125905568124
governments,0.0791812460476248
politics,0.0791812460476248
states,0.0
attractions,0.17609125905568124
secrets,0.0791812460476248
outward,0.0
substance,0.0
inner,0.0791812460476248
directed,0.0791812460476248
metaphysical,0.30102999566398114
highest,0.0
meanwhile,0.0
relations,0.0
stage,-0.06694678963061322
actions,0.0791812460476248
theme,0.0791812460476248
recorded,0.0791812460476248
adventurous,0.17609125905568124
benefactors,0.17609125905568124
saintly,0.47712125471966244
shone,0.0
shrine,0.17609125905568124
lamp,0.0791812460476248
peaceful,-0.06694678963061322
glance,0.0
animate,0.0791812460476248
soften,0.17609125905568124
attract,0.0791812460476248
sullen,0.0791812460476248
rough,0.0
subdue,0.17609125905568124
semblance,0.0791812460476248
aught,0.0791812460476248
ill,0.0
entrench,0.47712125471966244
perfectly,0.0
humane,0.0791812460476248
thoughtful,0.0791812460476248
generosity,0.30102999566398114
amidst,0.17609125905568124
exploit,0.30102999566398114
real,-0.06694678963061322
loveliness,0.17609125905568124
beneficence,0.30102999566398114
aim,0.0
soaring,0.47712125471966244
exquisite,0.0791812460476248
dwelling,0.17609125905568124
misfortune,0.17609125905568124
tainted,0.17609125905568124
changed,-0.06694678963061322
bright,0.0
extensive,0.0791812460476248
usefulness,0.30102999566398114
gloomy,0.0791812460476248
narrow,-0.06694678963061322
insensible,0.17609125905568124
steps,0.0
account,-0.06694678963061322
afterwards,-0.06694678963061322
ruled,0.17609125905568124
arise,0.0791812460476248
mountain,0.0791812460476248
ignoble,0.17609125905568124
forgotten,0.0
sources,0.17609125905568124
proceeded,0.0
torrent,0.0791812460476248
swept,-0.06694678963061322
joys,0.17609125905568124
natural,-0.06694678963061322
philosophy,0.0
genius,0.17609125905568124
regulated,0.17609125905568124
narration,0.17609125905568124
facts,0.0
predilection,0.47712125471966244
thirteen,0.17609125905568124
party,-0.06694678963061322
baths,0.17609125905568124
thonon,0.47712125471966244
inclemency,0.47712125471966244
obliged,-0.06694678963061322
confined,0.0791812460476248
inn,0.0791812460476248
chanced,0.17609125905568124
volume,0.17609125905568124
works,0.0
cornelius,0.30102999566398114
agrippa,0.47712125471966244
opened,-0.06694678963061322
apathy,0.17609125905568124
attempts,-0.06694678963061322
demonstrate,0.30102999566398114
dawn,0.0
bounding,0.17609125905568124
carelessly,0.0791812460476248
title,0.0
page,0.0791812460476248
book,0.0
waste,-0.06694678963061322
sad,0.0
trash,0.47712125471966244
instead,-0.06694678963061322
remark,0.0
pains,0.0
explain,0.0
principles,0.0
exploded,0.30102999566398114
system,-0.06694678963061322
introduced,0.0
chimerical,0.30102999566398114
thrown,-0.06694678963061322
aside,0.0
contented,0.0791812460476248
returning,0.0
studies,0.0791812460476248
ideas,0.0
fatal,0.0
impulse,-0.06694678963061322
ruin,-0.06694678963061322
cursory,0.30102999566398114
avidity,0.30102999566398114
author,0.0
paracelsus,0.47712125471966244
albertus,0.47712125471966244
magnus,0.47712125471966244
studied,0.0
fancies,0.0
writers,0.0
treasures,0.17609125905568124
described,-0.06694678963061322
always,-0.06694678963061322
imbued,0.30102999566398114
longing,0.0
penetrate,0.0791812460476248
spite,0.0791812460476248
discoveries,0.0791812460476248
philosophers,0.0791812460476248
discontented,0.17609125905568124
unsatisfied,0.47712125471966244
sir,0.0
isaac,0.47712125471966244
newton,0.17609125905568124
avowed,0.17609125905568124
picking,0.17609125905568124
shells,0.0791812460476248
beside,0.0
successors,0.17609125905568124
branch,-0.06694678963061322
apprehensions,0.17609125905568124
tyros,0.47712125471966244
untaught,0.47712125471966244
elements,0.0
uses,0.0791812460476248
learned,0.0
philosopher,0.0791812460476248
partially,0.0791812460476248
unveiled,0.47712125471966244
immortal,0.0
mystery,0.0
dissect,0.30102999566398114
anatomise,0.47712125471966244
final,0.0
secondary,0.17609125905568124
tertiary,0.47712125471966244
grades,0.30102999566398114
gazed,0.0791812460476248
fortifications,0.47712125471966244
impediments,0.17609125905568124
beings,0.0791812460476248
entering,0.0791812460476248
citadel,0.17609125905568124
ignorantly,0.47712125471966244
repined,0.47712125471966244
penetrated,0.17609125905568124
deeper,0.0
averred,0.47712125471966244
disciple,0.17609125905568124
eighteenth,0.30102999566398114
century,0.0
followed,0.0
routine,0.0791812460476248
schools,0.17609125905568124
taught,0.0791812460476248
regard,-0.06694678963061322
scientific,0.17609125905568124
left,-0.06694678963061322
struggle,-0.06694678963061322
blindness,0.0791812460476248
student,0.0791812460476248
guidance,0.0791812460476248
preceptors,0.47712125471966244
diligence,0.17609125905568124
search,-0.06694678963061322
stone,-0.06694678963061322
elixir,0.30102999566398114
obtained,0.0
undivided,0.17609125905568124
inferior,0.17609125905568124
attend,0.0
banish,0.30102999566398114
disease,0.0791812460476248
invulnerable,0.30102999566398114
raising,0.0
ghosts,0.0791812460476248
devils,0.17609125905568124
liberally,0.47712125471966244
accorded,0.30102999566398114
authors,0.17609125905568124
fulfilment,0.0791812460476248
incantations,0.30102999566398114
unsuccessful,0.30102999566398114
inexperience,0.30102999566398114
mistake,0.0
skill,-0.06694678963061322
fidelity,0.30102999566398114
instructors,0.30102999566398114
systems,0.0791812460476248
mingling,0.17609125905568124
unadept,0.47712125471966244
contradictory,0.17609125905568124
theories,0.0791812460476248
floundering,0.47712125471966244
desperately,0.17609125905568124
slough,0.17609125905568124
multifarious,0.30102999566398114
reasoning,0.0791812460476248
current,0.0
witnessed,0.17609125905568124
terrible,0.0
thunderstorm,0.30102999566398114
behind,-0.06694678963061322
jura,0.47712125471966244
thunder,0.0
loudness,0.47712125471966244
quarters,0.0
heavens,0.0791812460476248
lasted,0.0
door,0.0
sudden,0.0
stream,0.0
fire,0.0
issue,0.0791812460476248
oak,0.0
yards,0.0791812460476248
dazzling,0.30102999566398114
vanished,-0.06694678963061322
disappeared,-0.06694678963061322
blasted,0.47712125471966244
stump,0.30102999566398114
tree,-0.06694678963061322
shattered,0.17609125905568124
splintered,0.17609125905568124
shock,0.0791812460476248
reduced,-0.06694678963061322
ribbons,0.30102999566398114
wood,0.0
anything,-0.06694678963061322
obvious,0.17609125905568124
electricity,0.17609125905568124
occasion,0.0791812460476248
catastrophe,0.0791812460476248
explanation,0.0
formed,0.0
subject,0.0
galvanism,0.47712125471966244
threw,0.0
shade,-0.06694678963061322
lords,0.0791812460476248
fatality,0.30102999566398114
overthrow,0.17609125905568124
disinclined,0.30102999566398114
pursue,0.0
despicable,0.17609125905568124
caprices,0.30102999566398114
progeny,0.17609125905568124
deformed,0.17609125905568124
abortive,0.47712125471966244
entertained,0.17609125905568124
disdain,0.0
threshold,0.0
mood,0.0791812460476248
betook,0.47712125471966244
appertaining,0.47712125471966244
built,-0.06694678963061322
foundations,0.17609125905568124
consideration,0.17609125905568124
strangely,0.0
souls,0.0
constructed,0.17609125905568124
slight,0.0
ligaments,0.47712125471966244
prosperity,0.0791812460476248
seems,0.0
miraculous,0.0791812460476248
inclination,0.0
immediate,-0.06694678963061322
suggestion,0.0791812460476248
effort,0.0
preservation,0.0791812460476248
avert,0.17609125905568124
hanging,0.0791812460476248
ready,0.0
envelop,0.47712125471966244
victory,-0.06694678963061322
announced,0.0
unusual,0.0
relinquishing,0.17609125905568124
latterly,0.47712125471966244
tormenting,0.30102999566398114
associate,0.17609125905568124
prosecution,0.30102999566398114
disregard,0.17609125905568124
ineffectual,0.30102999566398114
potent,0.0791812460476248
immutable,0.30102999566398114
decreed,0.30102999566398114
utter,0.0
attained,0.0791812460476248
seventeen,0.0791812460476248
university,0.17609125905568124
ingolstadt,0.47712125471966244
completion,0.0791812460476248
customs,0.0
departure,0.0
date,0.0
arrive,0.0
occurred,0.0
omen,0.30102999566398114
caught,0.0
scarlet,0.17609125905568124
fever,0.0
urged,0.0
persuade,0.0791812460476248
yielded,0.17609125905568124
entreaties,0.17609125905568124
menaced,0.47712125471966244
longer,-0.06694678963061322
anxiety,0.0
sickbed,0.47712125471966244
attentions,0.30102999566398114
triumphed,0.30102999566398114
malignity,0.17609125905568124
distemper,0.47712125471966244
consequences,0.0791812460476248
imprudence,0.30102999566398114
preserver,0.30102999566398114
third,-0.06694678963061322
sickened,0.30102999566398114
alarming,0.0791812460476248
symptoms,0.17609125905568124
medical,0.0
attendants,0.0791812460476248
prognosticated,0.47712125471966244
deathbed,0.30102999566398114
benignity,0.30102999566398114
women,0.0
desert,-0.06694678963061322
joined,-0.06694678963061322
firmest,0.47712125471966244
expectation,0.0791812460476248
supply,-0.06694678963061322
alas,0.0791812460476248
quit,0.0791812460476248
befitting,0.30102999566398114
resign,0.17609125905568124
cheerfully,0.17609125905568124
indulge,0.17609125905568124
meeting,0.0791812460476248
calmly,0.0791812460476248
dearest,0.0791812460476248
ties,0.0791812460476248
rent,0.0791812460476248
irreparable,0.30102999566398114
void,0.0791812460476248
exhibited,0.0791812460476248
departed,0.0
brightness,0.0791812460476248
extinguished,0.17609125905568124
sound,0.0
familiar,0.0
ear,0.0
hushed,0.47712125471966244
lapse,0.17609125905568124
proves,0.0791812460476248
actual,-0.06694678963061322
bitterness,0.17609125905568124
commences,0.30102999566398114
connection,0.0791812460476248
sorrow,0.0
arrives,0.0791812460476248
sacrilege,0.17609125905568124
dead,0.0
perform,0.0791812460476248
whilst,0.0791812460476248
spoiler,0.47712125471966244
deferred,0.17609125905568124
respite,0.30102999566398114
mourning,0.0
rush,0.0
less,-0.06694678963061322
alarm,0.0791812460476248
unwilling,0.0791812460476248
consoled,0.17609125905568124
veiled,0.0791812460476248
comforter,0.17609125905568124
steadily,0.0
zeal,0.0791812460476248
cousins,0.47712125471966244
enchanting,0.30102999566398114
recalled,0.0791812460476248
sunshine,0.0
smiles,0.0791812460476248
forgot,-0.06694678963061322
forget,-0.06694678963061322
accompany,0.17609125905568124
minded,0.0
trader,0.17609125905568124
idleness,0.0
aspirations,0.30102999566398114
debarred,0.47712125471966244
liberal,0.0
kindling,0.30102999566398114
restrained,0.0
resolve,0.0791812460476248
chained,0.0791812460476248
miserable,-0.06694678963061322
details,0.0
commerce,0.0791812460476248
tear,0.0791812460476248
pretence,0.0791812460476248
seeking,0.0
fancying,0.17609125905568124
deceived,0.0
descended,0.0
convey,0.0791812460476248
press,0.0791812460476248
playmate,0.47712125471966244
chaise,0.30102999566398114
indulged,0.17609125905568124
companions,0.0
mutual,0.0791812460476248
protector,0.17609125905568124
secluded,0.30102999566398114
domestic,0.17609125905568124
invincible,0.17609125905568124
repugnance,0.0791812460476248
countenances,0.30102999566398114
brothers,0.17609125905568124
faces,0.0
totally,0.30102999566398114
unfitted,0.30102999566398114
journey,0.0
acquisition,0.17609125905568124
cooped,0.47712125471966244
longed,0.30102999566398114
station,0.0
desires,0.0
complied,0.30102999566398114
repent,0.17609125905568124
fatiguing,0.47712125471966244
white,0.0
steeple,0.47712125471966244
met,0.0
alighted,0.0791812460476248
solitary,0.17609125905568124
apartment,0.30102999566398114
spend,0.0791812460476248
pleased,0.0
delivered,0.0791812460476248
introduction,0.0
visit,0.0
principal,0.0791812460476248
professors,0.17609125905568124
chance,-0.06694678963061322
influence,-0.06694678963061322
asserted,0.0791812460476248
omnipotent,0.17609125905568124
sway,0.0
moment,-0.06694678963061322
reluctant,0.30102999566398114
m,0.0791812460476248
krempe,0.47712125471966244
professor,0.17609125905568124
uncouth,0.30102999566398114
contempt,0.0
mentioned,0.0
alchemists,0.47712125471966244
stared,0.0791812460476248
really,-0.06694678963061322
studying,0.0791812460476248
nonsense,0.0
wasted,0.0
burdened,0.17609125905568124
greedily,0.17609125905568124
imbibed,0.47712125471966244
musty,0.30102999566398114
enlightened,0.0791812460476248
saying,0.0
stepped,0.0
wrote,0.0
list,0.0791812460476248
treating,0.30102999566398114
dismissed,0.0791812460476248
mentioning,0.17609125905568124
beginning,-0.06694678963061322
intended,-0.06694678963061322
lectures,0.17609125905568124
waldman,0.47712125471966244
lecture,0.17609125905568124
chemistry,0.0791812460476248
alternate,0.47712125471966244
omitted,0.17609125905568124
disappointed,0.0791812460476248
reprobated,0.47712125471966244
inclined,0.0
recur,0.47712125471966244
squat,0.30102999566398114
gruff,0.47712125471966244
repulsive,0.30102999566398114
teacher,0.0791812460476248
prepossess,0.47712125471966244
philosophical,0.0791812460476248
connected,0.0
strain,0.0
conclusions,0.0791812460476248
results,0.0
confusion,0.0
accounted,0.17609125905568124
extreme,-0.06694678963061322
guide,0.0
matters,-0.06694678963061322
retrod,0.47712125471966244
along,-0.06694678963061322
paths,0.0791812460476248
recent,0.0
inquirers,0.47712125471966244
dreams,0.0
masters,0.0791812460476248
immortality,0.0791812460476248
views,-0.06694678963061322
futile,0.30102999566398114
grand,0.0
inquirer,0.47712125471966244
limit,0.0791812460476248
annihilation,0.17609125905568124
chiefly,0.0
founded,0.17609125905568124
exchange,0.0
chimeras,0.47712125471966244
grandeur,0.17609125905568124
realities,0.0791812460476248
residence,0.0791812460476248
localities,0.30102999566398114
residents,0.47712125471966244
ensuing,0.47712125471966244
information,0.0
go,0.0
conceited,0.17609125905568124
deliver,0.17609125905568124
sentences,0.17609125905568124
pulpit,0.30102999566398114
recollected,0.30102999566398114
lecturing,0.47712125471966244
shortly,0.0
unlike,0.0
colleague,0.30102999566398114
fifty,0.0
grey,0.0791812460476248
hairs,0.30102999566398114
covered,0.0
temples,0.0791812460476248
black,0.0
short,-0.06694678963061322
erect,0.17609125905568124
sweetest,0.30102999566398114
recapitulation,0.30102999566398114
improvements,0.17609125905568124
pronouncing,0.30102999566398114
discoverers,0.47712125471966244
view,-0.06694678963061322
elementary,0.17609125905568124
terms,-0.06694678963061322
preparatory,0.17609125905568124
experiments,0.0791812460476248
concluded,0.0791812460476248
panegyric,0.47712125471966244
teachers,0.30102999566398114
impossibilities,0.17609125905568124
performed,0.0791812460476248
metals,0.30102999566398114
transmuted,0.47712125471966244
chimera,0.30102999566398114
dabble,0.47712125471966244
dirt,0.17609125905568124
pore,0.30102999566398114
microscope,0.30102999566398114
crucible,0.47712125471966244
miracles,0.17609125905568124
recesses,0.17609125905568124
hiding,0.0791812460476248
places,0.0
ascend,0.0
circulates,0.47712125471966244
acquired,0.0
unlimited,0.17609125905568124
thunders,0.30102999566398114
mimic,0.30102999566398114
earthquake,0.17609125905568124
mock,0.17609125905568124
invisible,0.0791812460476248
shadows,0.0791812460476248
enounced,0.47712125471966244
destroy,-0.06694678963061322
grappling,0.47712125471966244
palpable,0.17609125905568124
enemy,0.0
keys,0.17609125905568124
mechanism,0.30102999566398114
chord,0.17609125905568124
sounded,0.0791812460476248
exclaimed,0.17609125905568124
achieve,0.0791812460476248
treading,0.30102999566398114
marked,0.0
pioneer,0.30102999566398114
unfold,0.30102999566398114
insurrection,0.0791812460476248
turmoil,0.30102999566398114
order,-0.06694678963061322
thence,0.0
produce,0.0
awoke,0.0791812460476248
yesternight,0.47712125471966244
devote,0.17609125905568124
possess,0.17609125905568124
private,0.0
mild,0.0791812460476248
certain,-0.06694678963061322
mien,0.47712125471966244
replaced,0.0
affability,0.30102999566398114
smiled,0.17609125905568124
indebted,0.17609125905568124
easier,-0.06694678963061322
arrange,0.0
classifications,0.47712125471966244
instruments,0.0
bringing,-0.06694678963061322
labours,0.17609125905568124
erroneously,0.30102999566398114
ultimately,0.0
turning,0.0
solid,-0.06694678963061322
listened,0.0791812460476248
statement,0.0
presumption,0.30102999566398114
affectation,0.17609125905568124
chemists,0.30102999566398114
measured,0.30102999566398114
modesty,0.0791812460476248
deference,0.17609125905568124
due,-0.06694678963061322
instructor,0.17609125905568124
letting,-0.06694678963061322
escape,0.0
ashamed,0.0
stimulated,0.30102999566398114
requested,0.17609125905568124
advice,0.0
gained,0.0
equals,0.0791812460476248
ability,0.0791812460476248
peculiar,0.0
sorry,-0.06694678963061322
chemist,0.30102999566398114
department,0.0791812460476248
wish,-0.06694678963061322
merely,-0.06694678963061322
petty,0.0791812460476248
experimentalist,0.47712125471966244
advise,0.0791812460476248
apply,0.0
including,0.0
laboratory,0.30102999566398114
machines,0.30102999566398114
instructing,0.47712125471966244
promising,0.0791812460476248
derange,0.47712125471966244
ended,-0.06694678963061322
memorable,0.30102999566398114
decided,0.0
particularly,0.0
comprehensive,0.17609125905568124
term,0.0791812460476248
sole,0.17609125905568124
occupation,0.0
discrimination,0.47712125471966244
written,-0.06694678963061322
subjects,0.0791812460476248
acquaintance,0.0791812460476248
deal,0.0
combined,0.0791812460476248
physiognomy,0.17609125905568124
tinged,0.17609125905568124
dogmatism,0.47712125471966244
instructions,0.0791812460476248
frankness,0.17609125905568124
idea,0.0
pedantry,0.17609125905568124
ways,0.0
smoothed,0.47712125471966244
abstruse,0.47712125471966244
facile,0.47712125471966244
apprehension,0.0
fluctuating,0.17609125905568124
uncertain,0.0791812460476248
strength,-0.06694678963061322
applied,0.0
closely,0.0
conceived,0.17609125905568124
students,0.17609125905568124
proficiency,0.47712125471966244
sly,0.30102999566398114
heartfelt,0.30102999566398114
exultation,0.30102999566398114
continual,0.17609125905568124
food,0.0
capacity,0.17609125905568124
pursues,0.17609125905568124
infallibly,0.0
attainment,0.17609125905568124
solely,0.0
improvement,0.0791812460476248
chemical,0.0791812460476248
esteem,0.0791812460476248
practice,-0.06694678963061322
lessons,0.0791812460476248
conducive,0.30102999566398114
incident,0.17609125905568124
protracted,0.17609125905568124
stay,0.0
animal,0.0791812460476248
endued,0.47712125471966244
whence,0.0
principle,0.0
cowardice,0.0791812460476248
restrain,0.17609125905568124
revolved,0.30102999566398114
thenceforth,0.30102999566398114
relate,0.0791812460476248
physiology,0.17609125905568124
unless,0.0
supernatural,0.17609125905568124
irksome,0.17609125905568124
intolerable,0.0
examine,0.0
recourse,0.17609125905568124
anatomy,0.30102999566398114
observe,0.0
decay,0.0
corruption,0.0
precautions,0.0
impressed,0.0
horrors,0.0
trembled,0.0791812460476248
superstition,0.0791812460476248
darkness,0.0
effect,-0.06694678963061322
churchyard,0.17609125905568124
receptacle,0.17609125905568124
worm,0.30102999566398114
forced,0.0
vaults,0.30102999566398114
charnel,0.47712125471966244
houses,0.0
insupportable,0.47712125471966244
delicacy,0.0791812460476248
fine,0.0
degraded,0.30102999566398114
blooming,0.17609125905568124
cheek,0.0
brain,0.0791812460476248
examining,0.0
analysing,0.47712125471966244
minutiae,0.47712125471966244
causation,0.47712125471966244
exemplified,0.47712125471966244
brilliant,0.0791812460476248
simple,0.0
dizzy,0.17609125905568124
immensity,0.17609125905568124
illustrated,0.30102999566398114
surprised,0.0
reserved,0.0791812460476248
vision,0.17609125905568124
madman,0.0
shine,0.0
affirm,0.17609125905568124
miracle,0.0791812460476248
produced,0.0
stages,-0.06694678963061322
incredible,0.0791812460476248
succeeded,0.0
nay,-0.06694678963061322
bestowing,0.30102999566398114
lifeless,0.30102999566398114
matter,-0.06694678963061322
painful,0.0791812460476248
summit,0.0
gratifying,0.17609125905568124
consummation,0.17609125905568124
overwhelming,0.0791812460476248
progressively,0.30102999566398114
obliterated,0.30102999566398114
wisest,0.0791812460476248
grasp,0.0
magic,0.17609125905568124
exhibit,0.0791812460476248
accomplished,0.0
arabian,0.17609125905568124
buried,0.0
aided,0.0791812460476248
glimmering,0.30102999566398114
seemingly,0.0791812460476248
patiently,0.0791812460476248
lead,0.0
unguarded,0.30102999566398114
infallible,0.17609125905568124
precepts,0.30102999566398114
believes,0.0791812460476248
aspires,0.17609125905568124
hesitated,0.0
employ,0.17609125905568124
reception,0.17609125905568124
intricacies,0.47712125471966244
fibres,0.17609125905568124
muscles,0.0791812460476248
inconceivable,0.17609125905568124
difficulty,0.0
doubted,0.0
attempt,0.0
simpler,0.30102999566398114
organization,0.17609125905568124
exalted,0.0791812460476248
complex,0.17609125905568124
materials,0.0
hardly,0.0
adequate,0.0791812460476248
arduous,0.47712125471966244
prepared,0.0
reverses,0.30102999566398114
operations,0.0791812460476248
incessantly,0.30102999566398114
baffled,0.17609125905568124
imperfect,0.0791812460476248
takes,-0.06694678963061322
mechanics,0.47712125471966244
encouraged,0.0
magnitude,0.17609125905568124
complexity,0.30102999566398114
plan,-0.06694678963061322
argument,0.0
impracticability,0.30102999566398114
minuteness,0.30102999566398114
parts,0.0
hindrance,0.0791812460476248
speed,-0.06694678963061322
contrary,-0.06694678963061322
proportionably,0.47712125471966244
successfully,0.0791812460476248
arranging,0.0
onwards,0.17609125905568124
hurricane,0.30102999566398114
ideal,0.17609125905568124
bounds,0.0
break,0.0
pour,0.17609125905568124
creator,0.30102999566398114
source,0.0
owe,0.0
claim,0.0
completely,-0.06694678963061322
process,-0.06694678963061322
supported,0.0791812460476248
unremitting,0.30102999566398114
grown,0.0
pale,0.0
confinement,0.30102999566398114
clung,0.0791812460476248
realise,0.17609125905568124
moon,0.0
unrelaxed,0.47712125471966244
breathless,0.17609125905568124
toil,0.0
dabbled,0.47712125471966244
unhallowed,0.17609125905568124
damps,0.30102999566398114
grave,-0.06694678963061322
tortured,0.0
clay,0.0791812460476248
tremble,0.0791812460476248
swim,0.17609125905568124
remembrance,0.0791812460476248
resistless,0.30102999566398114
frantic,0.17609125905568124
forward,-0.06694678963061322
passing,0.0
trance,0.30102999566398114
renewed,0.17609125905568124
acuteness,0.17609125905568124
unnatural,0.0
stimulus,0.17609125905568124
ceasing,0.0791812460476248
operate,0.17609125905568124
habits,0.17609125905568124
collected,0.17609125905568124
bones,0.0
disturbed,0.0791812460476248
profane,0.17609125905568124
tremendous,0.0791812460476248
cell,0.17609125905568124
top,0.0
separated,0.0
apartments,0.30102999566398114
gallery,0.17609125905568124
staircase,0.30102999566398114
kept,-0.06694678963061322
workshop,0.17609125905568124
filthy,0.0791812460476248
eyeballs,0.30102999566398114
starting,0.0
sockets,0.30102999566398114
dissecting,0.47712125471966244
slaughter,0.17609125905568124
furnished,0.0791812460476248
loathing,0.30102999566398114
conclusion,-0.06694678963061322
fields,0.0791812460476248
plentiful,0.17609125905568124
harvest,0.17609125905568124
vines,0.47712125471966244
luxuriant,0.30102999566398114
vintage,0.47712125471966244
charms,0.17609125905568124
neglect,0.0
caused,0.0791812460476248
absent,0.0791812460476248
disquieted,0.30102999566398114
remembered,0.0
regularly,0.17609125905568124
pardon,0.0
interruption,0.17609125905568124
correspondence,0.17609125905568124
proof,0.0791812460476248
loathsome,0.17609125905568124
irresistible,0.0791812460476248
procrastinate,0.47712125471966244
swallowed,0.0
habit,0.0
completed,0.0
unjust,0.17609125905568124
ascribed,0.30102999566398114
vice,0.0791812460476248
faultiness,0.47712125471966244
convinced,0.0
justified,0.0
conceiving,0.30102999566398114
altogether,-0.06694678963061322
free,-0.06694678963061322
blame,0.0
perfection,0.0791812460476248
preserve,-0.06694678963061322
transitory,0.30102999566398114
disturb,0.0
exception,0.0
tendency,0.0791812460476248
weaken,0.17609125905568124
affections,0.17609125905568124
taste,0.0
alloy,0.17609125905568124
possibly,-0.06694678963061322
mix,0.30102999566398114
unlawful,0.30102999566398114
allowed,-0.06694678963061322
whatsoever,0.17609125905568124
interfere,0.0791812460476248
greece,0.0791812460476248
enslaved,0.17609125905568124
c,0.0
sar,0.30102999566398114
spared,0.0791812460476248
empires,0.30102999566398114
mexico,0.47712125471966244
peru,0.30102999566398114
moralizing,0.30102999566398114
remind,0.0
reproach,0.0
inquiring,0.17609125905568124
blossom,0.30102999566398114
expanding,0.30102999566398114
leaves,-0.06694678963061322
sights,0.0791812460476248
supreme,0.0791812460476248
engrossed,0.17609125905568124
withered,0.0791812460476248
close,0.0
plainly,0.0
checked,0.17609125905568124
doomed,0.0
slavery,0.0791812460476248
mines,0.30102999566398114
unwholesome,0.47712125471966244
trade,-0.06694678963061322
artist,0.17609125905568124
oppressed,0.0791812460476248
nervous,0.0
fall,-0.06694678963061322
leaf,0.17609125905568124
startled,0.0791812460476248
shunned,0.47712125471966244
guilty,0.0
crime,-0.06694678963061322
energy,0.0791812460476248
sustained,0.17609125905568124
amusement,0.17609125905568124
drive,0.0791812460476248
incipient,0.47712125471966244
complete,-0.06694678963061322
dreary,0.17609125905568124
november,0.17609125905568124
accomplishment,0.17609125905568124
amounted,0.30102999566398114
agony,0.0
infuse,0.47712125471966244
spark,0.17609125905568124
thing,0.0
rain,0.0
pattered,0.30102999566398114
dismally,0.47712125471966244
panes,0.17609125905568124
candle,0.0
burnt,0.0
glimmer,0.0791812460476248
dull,0.0
yellow,0.0791812460476248
breathed,0.0791812460476248
convulsive,0.30102999566398114
agitated,0.0791812460476248
emotions,0.0791812460476248
delineate,0.30102999566398114
wretch,0.17609125905568124
infinite,0.0
proportion,-0.06694678963061322
selected,0.0791812460476248
skin,-0.06694678963061322
arteries,0.47712125471966244
beneath,-0.06694678963061322
flowing,0.0791812460476248
pearly,0.30102999566398114
whiteness,0.0791812460476248
luxuriances,0.47712125471966244
horrid,0.0
watery,0.47712125471966244
colour,0.0791812460476248
dun,0.30102999566398114
shrivelled,0.47712125471966244
complexion,0.0791812460476248
straight,0.0
changeable,0.30102999566398114
infusing,0.30102999566398114
inanimate,0.17609125905568124
exceeded,0.17609125905568124
moderation,0.17609125905568124
finished,0.0
horror,0.0
disgust,0.0791812460476248
unable,0.0791812460476248
created,0.0
rushed,0.0791812460476248
traversing,0.30102999566398114
compose,0.17609125905568124
lassitude,0.47712125471966244
tumult,0.0791812460476248
clothes,0.0
forgetfulness,0.0791812460476248
slept,0.0791812460476248
wildest,0.17609125905568124
bloom,0.0791812460476248
kiss,0.0
livid,0.0791812460476248
hue,0.0791812460476248
held,0.0
corpse,0.0
shroud,0.30102999566398114
enveloped,0.0791812460476248
worms,0.47712125471966244
crawling,0.30102999566398114
folds,0.0791812460476248
flannel,0.47712125471966244
started,0.0
dew,0.17609125905568124
forehead,0.17609125905568124
chattered,0.17609125905568124
limb,0.17609125905568124
convulsed,0.17609125905568124
dim,0.17609125905568124
window,0.0791812460476248
shutters,0.17609125905568124
monster,0.0
curtain,0.30102999566398114
jaws,0.0791812460476248
muttered,0.17609125905568124
inarticulate,0.17609125905568124
sounds,0.0
grin,0.0791812460476248
wrinkled,0.0791812460476248
spoken,0.0
detain,0.0791812460476248
escaped,0.0
downstairs,0.0791812460476248
refuge,0.0791812460476248
courtyard,0.17609125905568124
belonging,0.0791812460476248
inhabited,0.17609125905568124
listening,0.0
catching,0.0791812460476248
announce,0.0791812460476248
approach,0.0
demoniacal,0.47712125471966244
miserably,0.0791812460476248
mortal,0.0
mummy,0.47712125471966244
hideous,0.17609125905568124
unfinished,0.17609125905568124
ugly,0.0
joints,0.47712125471966244
dante,0.17609125905568124
wretchedly,0.30102999566398114
pulse,0.0
palpitation,0.47712125471966244
artery,0.47712125471966244
sank,0.0791812460476248
languor,0.30102999566398114
space,0.0
hell,0.0791812460476248
dismal,0.30102999566398114
wet,0.0
dawned,0.0791812460476248
sleepless,0.17609125905568124
aching,0.17609125905568124
church,-0.06694678963061322
indicated,0.0791812460476248
sixth,0.0791812460476248
porter,0.17609125905568124
gates,0.0
court,0.0
asylum,0.0791812460476248
issued,0.17609125905568124
pacing,0.17609125905568124
impelled,0.17609125905568124
hurry,0.0
drenched,0.0791812460476248
poured,0.0
comfortless,0.47712125471966244
bodily,0.0791812460476248
load,0.0791812460476248
weighed,0.0
palpitated,0.30102999566398114
hurried,0.0
daring,0.0
lonely,0.0791812460476248
doth,0.30102999566398114
dread,0.0791812460476248
turns,0.0
knows,0.0
fiend,0.0791812460476248
coleridge,0.30102999566398114
continuing,0.17609125905568124
opposite,0.0
diligences,0.30102999566398114
carriages,0.0791812460476248
stopped,0.0
minutes,0.0
coach,0.0791812460476248
coming,-0.06694678963061322
standing,-0.06694678963061322
seeing,0.0
sprung,0.0
glad,0.0
alighting,0.30102999566398114
equal,-0.06694678963061322
recollection,0.0
grasped,0.0791812460476248
serene,0.30102999566398114
cordial,0.0791812460476248
walked,0.0
college,0.17609125905568124
permitted,0.0
comprised,0.47712125471966244
incredulous,0.17609125905568124
unwearied,0.30102999566398114
dutch,0.30102999566398114
schoolmaster,0.17609125905568124
vicar,0.30102999566398114
wakefield,0.47712125471966244
florins,0.30102999566398114
greek,0.0791812460476248
eat,0.0
heartily,0.0
dislike,0.17609125905568124
undertake,0.0791812460476248
tell,0.0
seldom,0.0791812460476248
stopping,0.0791812460476248
gazing,0.0791812460476248
guessed,0.0
right,-0.06694678963061322
lately,0.0
sincerely,0.17609125905568124
employments,0.30102999566398114
excessively,0.30102999566398114
allude,0.17609125905568124
pace,-0.06694678963061322
reflected,0.0791812460476248
shiver,0.0791812460476248
dreaded,0.0791812460476248
entreating,0.30102999566398114
bottom,0.0
stairs,0.0791812460476248
darted,0.30102999566398114
lock,0.0791812460476248
shivering,0.0791812460476248
forcibly,0.0791812460476248
spectre,0.17609125905568124
stand,-0.06694678963061322
waiting,0.0
fearfully,0.17609125905568124
empty,0.0
bedroom,0.17609125905568124
clapped,0.17609125905568124
ascended,0.0791812460476248
servant,0.0
breakfast,0.0791812460476248
contain,-0.06694678963061322
flesh,-0.06694678963061322
tingle,0.30102999566398114
excess,0.0791812460476248
sensitiveness,0.47712125471966244
jumped,0.0
chairs,0.0791812460476248
laughed,0.0
aloud,0.0
arrival,0.0
loud,-0.06694678963061322
unrestrained,0.30102999566398114
heartless,0.17609125905568124
frightened,0.0
astonished,0.0791812460476248
cried,0.0791812460476248
laugh,0.0
putting,0.0
glide,0.30102999566398114
struggled,0.0
furiously,0.0791812460476248
anticipated,0.17609125905568124
witness,0.0
recover,0.0
senses,-0.06694678963061322
knowing,0.0
unfitness,0.30102999566398114
concealing,0.17609125905568124
extent,-0.06694678963061322
disorder,0.0
attentive,0.30102999566398114
recovery,0.0791812460476248
harm,0.0
kindest,0.17609125905568124
action,-0.06694678963061322
surely,0.0
unbounded,0.30102999566398114
raved,0.30102999566398114
wanderings,0.30102999566398114
pertinacity,0.30102999566398114
recurred,0.30102999566398114
origin,0.0791812460476248
frequent,0.0
relapses,0.30102999566398114
observing,0.0
objects,0.17609125905568124
buds,0.47712125471966244
shooting,0.0791812460476248
trees,0.0
shaded,0.30102999566398114
contributed,0.0791812460476248
convalescence,0.47712125471966244
sentiments,0.0791812460476248
revive,0.0791812460476248
bosom,0.0
cheerful,0.0791812460476248
attacked,0.0
consumed,0.0791812460476248
sick,0.0
repay,0.17609125905568124
remorse,0.0791812460476248
forgive,0.0
discompose,0.47712125471966244
get,-0.06694678963061322
dared,0.0791812460476248
mention,-0.06694678963061322
agitates,0.47712125471966244
handwriting,0.30102999566398114
deserving,0.0791812460476248
lying,0.0
reassure,0.30102999566398114
pen,0.0
line,-0.06694678963061322
persuasions,0.47712125471966244
encountering,0.30102999566398114
inconveniences,0.47712125471966244
regretted,0.17609125905568124
devolved,0.47712125471966244
mercenary,0.17609125905568124
guess,0.0
minister,0.0791812460476248
writes,0.0791812460476248
getting,0.0
confirm,0.30102999566398114
intelligence,0.0
dearly,0.17609125905568124
vigorous,0.17609125905568124
asks,0.0791812460476248
cloud,0.0791812460476248
ernest,0.47712125471966244
sixteen,0.30102999566398114
activity,0.17609125905568124
elder,0.17609125905568124
returns,0.0791812460476248
military,0.17609125905568124
career,0.0791812460476248
odious,0.17609125905568124
fetter,0.47712125471966244
climbing,0.0791812460476248
rowing,0.0791812460476248
idler,0.47712125471966244
alteration,0.17609125905568124
growth,0.0
clad,0.17609125905568124
placid,0.30102999566398114
hearts,0.0
amuse,0.17609125905568124
rewarded,0.17609125905568124
exertions,0.17609125905568124
household,0.0791812460476248
justine,0.47712125471966244
moritz,0.47712125471966244
probably,0.0
madame,0.17609125905568124
widow,0.17609125905568124
perversity,0.30102999566398114
treated,0.0
aunt,0.30102999566398114
twelve,0.0
republican,0.30102999566398114
institutions,0.17609125905568124
prevail,0.17609125905568124
monarchies,0.30102999566398114
hence,-0.06694678963061322
classes,0.0
inhabitants,0.17609125905568124
lower,-0.06694678963061322
orders,-0.06694678963061322
despised,0.0791812460476248
include,0.17609125905568124
ignorance,0.0791812460476248
recollect,0.0791812460476248
remarked,0.0
humour,0.0791812460476248
dissipate,0.30102999566398114
reason,-0.06694678963061322
ariosto,0.30102999566398114
angelica,0.30102999566398114
frank,0.17609125905568124
hearted,0.0791812460476248
induced,0.17609125905568124
superior,0.0
fully,0.0
repaid,0.17609125905568124
grateful,0.0
professions,0.17609125905568124
protectress,0.47712125471966244
gay,0.0791812460476248
respects,-0.06694678963061322
inconsiderate,0.30102999566398114
gesture,0.0791812460476248
model,0.0791812460476248
excellence,0.17609125905568124
imitate,0.0791812460476248
phraseology,0.17609125905568124
reminds,0.17609125905568124
trials,0.0791812460476248
childless,0.47712125471966244
conscience,-0.06694678963061322
troubled,0.0
deaths,0.17609125905568124
favourites,0.17609125905568124
judgement,0.30102999566398114
chastise,0.30102999566398114
partiality,0.47712125471966244
roman,0.0
catholic,0.17609125905568124
confessor,0.30102999566398114
confirmed,0.0791812460476248
repentant,0.47712125471966244
wept,0.0791812460476248
altered,0.17609125905568124
softness,0.17609125905568124
winning,0.0791812460476248
vivacity,0.17609125905568124
gaiety,0.17609125905568124
vacillating,0.30102999566398114
repentance,0.30102999566398114
begged,0.0791812460476248
unkindness,0.47712125471966244
oftener,0.17609125905568124
accused,0.0
fretting,0.30102999566398114
irritability,0.17609125905568124
clever,0.0
extremely,0.0
darling,0.17609125905568124
william,0.30102999566398114
tall,0.0
laughing,0.0
eyelashes,0.17609125905568124
curling,0.47712125471966244
dimples,0.47712125471966244
rosy,0.17609125905568124
wives,0.0
louisa,0.47712125471966244
biron,0.47712125471966244
gossip,0.30102999566398114
miss,0.0
mansfield,0.47712125471966244
congratulatory,0.47712125471966244
visits,0.0791812460476248
approaching,-0.06694678963061322
john,0.0
melbourne,0.47712125471966244
esq,0.47712125471966244
manon,0.47712125471966244
duvillard,0.47712125471966244
rich,0.0
banker,0.17609125905568124
autumn,0.0791812460476248
schoolfellow,0.30102999566398114
louis,0.17609125905568124
manoir,0.47712125471966244
reported,0.0791812460476248
lively,0.0
frenchwoman,0.47712125471966244
tavernier,0.47712125471966244
older,0.0791812460476248
admired,0.17609125905568124
everybody,0.0
conclude,0.17609125905568124
entreat,0.0791812460476248
relieve,0.0791812460476248
fatigued,0.30102999566398114
introduce,0.0791812460476248
underwent,0.0791812460476248
usage,0.30102999566398114
wounds,0.0
antipathy,0.30102999566398114
instrument,0.0
apparatus,0.30102999566398114
previously,0.0
cares,0.0791812460476248
avail,0.0791812460476248
inflicted,0.17609125905568124
torture,0.0
praised,0.0791812460476248
sciences,0.17609125905568124
disliked,0.17609125905568124
guessing,0.17609125905568124
meant,-0.06694678963061322
please,0.0
carefully,0.0
used,0.0
cruel,0.0
writhed,0.17609125905568124
pain,-0.06694678963061322
discerning,0.17609125905568124
declined,0.17609125905568124
alleging,0.30102999566398114
excuse,0.0
total,0.0791812460476248
thanked,0.0791812460476248
mixture,0.0791812460476248
impress,0.0791812460476248
docile,0.30102999566398114
harsh,0.0791812460476248
blunt,0.0791812460476248
encomiums,0.30102999566398114
approbation,0.30102999566398114
n,0.0791812460476248
outstript,0.47712125471966244
ay,0.17609125905568124
stare,0.0791812460476248
nevertheless,0.0
youngster,0.47712125471966244
firmly,0.0791812460476248
gospel,0.0791812460476248
pulled,0.0791812460476248
modest,0.0791812460476248
diffident,0.47712125471966244
wears,0.17609125905568124
eulogy,0.47712125471966244
happily,0.0791812460476248
annoying,0.17609125905568124
sympathised,0.47712125471966244
literary,0.0791812460476248
differed,0.30102999566398114
design,0.0
oriental,0.0
field,0.0791812460476248
inglorious,0.47712125471966244
toward,0.17609125905568124
east,-0.06694678963061322
affording,0.0791812460476248
persian,0.30102999566398114
arabic,0.30102999566398114
sanskrit,0.47712125471966244
hated,0.0
relief,0.0791812460476248
pupil,0.0791812460476248
instruction,0.0
orientalists,0.30102999566398114
critical,0.0791812460476248
dialects,0.47712125471966244
contemplate,0.0791812460476248
temporary,0.17609125905568124
meaning,-0.06694678963061322
soothing,0.17609125905568124
writings,0.17609125905568124
consist,0.30102999566398114
roses,0.0791812460476248
frowns,0.30102999566398114
consumes,0.47712125471966244
manly,0.0791812460476248
heroical,0.47712125471966244
poetry,0.17609125905568124
rome,0.0
roads,0.17609125905568124
impassable,0.30102999566398114
retarded,0.30102999566398114
delay,0.0791812460476248
unwillingness,0.17609125905568124
uncommonly,0.17609125905568124
compensated,0.47712125471966244
dilatoriness,0.47712125471966244
daily,-0.06694678963061322
proposed,0.0
pedestrian,0.30102999566398114
environs,0.30102999566398114
bid,0.0
personal,0.0
acceded,0.30102999566398114
proposition,0.17609125905568124
ramble,0.30102999566398114
perambulations,0.47712125471966244
additional,0.0791812460476248
salubrious,0.47712125471966244
intercourse,0.0791812460476248
unsocial,0.47712125471966244
elevate,0.17609125905568124
level,-0.06694678963061322
selfish,0.0791812460476248
cramped,0.30102999566398114
narrowed,0.47712125471966244
delightful,0.0
verdant,0.30102999566398114
ecstasy,0.0791812460476248
flowers,0.0
hedges,0.17609125905568124
bud,0.47712125471966244
undisturbed,0.30102999566398114
pressed,0.17609125905568124
notwithstanding,0.0791812460476248
throw,0.0
burden,0.0
rejoiced,0.0791812460476248
resources,0.17609125905568124
truly,0.0
imitation,0.0
invented,0.0
tales,0.0
times,-0.06694678963061322
repeated,0.0
poems,0.17609125905568124
ingenuity,0.30102999566398114
sunday,0.0791812460476248
afternoon,0.0791812460476248
peasants,0.0
dancing,0.17609125905568124
bounded,0.0791812460476248
unbridled,0.47712125471966244
hilarity,0.30102999566398114
waited,0.0791812460476248
impatiently,0.0
tempted,0.0791812460476248
welcome,-0.06694678963061322
callous,0.0791812460476248
griefs,0.30102999566398114
inflict,0.0791812460476248
news,0.0
skims,0.47712125471966244
horrible,0.0
tidings,0.17609125905568124
murdered,0.0791812460476248
simply,0.0
transaction,0.0791812460476248
thursday,0.17609125905568124
niece,0.30102999566398114
plainpalais,0.47712125471966244
prolonged,0.0
farther,0.0
dusk,0.17609125905568124
rested,0.0791812460476248
enquired,0.47712125471966244
run,0.0
hide,0.0791812460476248
vainly,0.17609125905568124
conjectured,0.47712125471966244
torches,0.17609125905568124
exposed,-0.06694678963061322
dews,0.30102999566398114
anguish,0.17609125905568124
grass,0.0791812460476248
print,0.17609125905568124
murder,0.0
finger,0.0
neck,0.0
conveyed,0.0791812460476248
betrayed,0.0
prevent,0.0
persisted,0.30102999566398114
hastily,0.17609125905568124
examined,0.0791812460476248
clasping,0.30102999566398114
weep,0.0791812460476248
sigh,0.0791812460476248
teased,0.47712125471966244
wear,0.0
miniature,0.30102999566398114
temptation,0.0791812460476248
murderer,0.0791812460476248
deed,0.0
trace,-0.06694678963061322
unremitted,0.47712125471966244
weeps,0.17609125905568124
accuses,0.47712125471966244
unjustly,0.17609125905568124
pierce,0.17609125905568124
motive,0.0791812460476248
youngest,0.0791812460476248
brooding,0.17609125905568124
vengeance,0.0
assassin,0.30102999566398114
heal,0.17609125905568124
festering,0.30102999566398114
minds,0.0
hatred,0.0791812460476248
enemies,-0.06694678963061322
alphonse,0.47712125471966244
receiving,0.0791812460476248
motioned,0.0791812460476248
extremest,0.30102999566398114
gushed,0.17609125905568124
offer,-0.06694678963061322
horses,0.0
sleeps,0.17609125905568124
joyous,0.30102999566398114
untimely,0.47712125471966244
loss,0.0
radiant,0.0
innocence,0.0
mourn,0.17609125905568124
pang,0.0
sod,0.47712125471966244
covers,0.17609125905568124
reserve,0.0791812460476248
survivors,0.17609125905568124
cabriolet,0.30102999566398114
bade,0.0
sorrowing,0.17609125905568124
slackened,0.47712125471966244
crowded,0.0
desolating,0.47712125471966244
alterations,0.30102999566398114
tranquilly,0.30102999566398114
decisive,0.0791812460476248
advance,-0.06694678963061322
dreading,0.30102999566398114
nameless,0.30102999566398114
define,0.30102999566398114
lausanne,0.47712125471966244
waters,0.0
snowy,0.30102999566398114
palaces,0.30102999566398114
narrower,0.0791812460476248
approached,0.0791812460476248
mont,0.30102999566398114
blanc,0.30102999566398114
summits,0.30102999566398114
prognosticate,0.47712125471966244
unhappiness,0.17609125905568124
tedious,0.17609125905568124
preliminary,0.0791812460476248
comparative,0.0791812460476248
beholding,0.17609125905568124
thy,0.17609125905568124
streams,0.17609125905568124
gloomily,0.47712125471966244
foresaw,0.17609125905568124
obscurely,0.30102999566398114
prophesied,0.30102999566398114
hundredth,0.30102999566398114
secheron,0.47712125471966244
spot,0.0
cross,0.0
lightning,0.0791812460476248
figures,0.0791812460476248
landing,0.0791812460476248
hill,0.0
clouded,0.17609125905568124
drops,0.0791812460476248
terrific,0.17609125905568124
crash,0.17609125905568124
echoed,0.0
sal,0.47712125471966244
ve,0.0791812460476248
juras,0.47712125471966244
alps,0.30102999566398114
savoy,0.47712125471966244
flashes,0.17609125905568124
dazzled,0.17609125905568124
illuminating,0.47712125471966244
sheet,0.0791812460476248
pitchy,0.47712125471966244
flash,0.0791812460476248
switzerland,0.0791812460476248
hung,0.0
exactly,0.0
lies,-0.06694678963061322
promontory,0.17609125905568124
cop,0.47712125471966244
t,-0.06694678963061322
faint,0.0
darkened,0.0791812460476248
disclosed,0.0791812460476248
le,0.17609125905568124
peaked,0.30102999566398114
wandered,0.17609125905568124
hasty,0.0791812460476248
war,-0.06694678963061322
elevated,0.17609125905568124
clasped,0.0791812460476248
funeral,0.0
dirge,0.47712125471966244
stole,0.0791812460476248
clump,0.0791812460476248
intently,0.17609125905568124
illuminated,0.30102999566398114
deformity,0.17609125905568124
belongs,0.0
shuddered,0.17609125905568124
lean,0.0791812460476248
mere,-0.06694678963061322
devil,0.0791812460476248
rocks,0.0
perpendicular,0.30102999566398114
ascent,0.0791812460476248
south,0.0791812460476248
impenetrable,0.30102999566398114
bedside,0.17609125905568124
depraved,0.17609125905568124
carnage,0.47712125471966244
inconvenience,0.30102999566398114
cast,-0.06694678963061322
endowed,0.30102999566398114
vampire,0.17609125905568124
precipices,0.17609125905568124
inaccessible,0.17609125905568124
dated,0.17609125905568124
delirium,0.17609125905568124
improbable,0.30102999566398114
ravings,0.30102999566398114
insanity,0.0791812460476248
elude,0.17609125905568124
credited,0.30102999566398114
relatives,0.0791812460476248
arrest,0.17609125905568124
scaling,0.30102999566398114
overhanging,0.17609125905568124
servants,0.0
rising,-0.06694678963061322
indelible,0.17609125905568124
venerable,0.17609125905568124
parent,0.0791812460476248
mantel,0.47712125471966244
piece,-0.06694678963061322
historical,0.0
painted,-0.06694678963061322
represented,0.0791812460476248
kneeling,0.0791812460476248
garb,0.17609125905568124
sentiment,0.0791812460476248
flowed,0.17609125905568124
alleviate,0.30102999566398114
sinking,0.17609125905568124
cease,-0.06694678963061322
accusations,0.17609125905568124
crept,0.0
desolated,0.47712125471966244
minutely,0.0791812460476248
named,0.0
requires,0.0791812460476248
overtake,0.0791812460476248
winds,0.0
confine,0.0791812460476248
completes,0.30102999566398114
appalling,0.0791812460476248
wrongfully,0.47712125471966244
confused,0.0791812460476248
today,0.0
happening,0.0791812460476248
apparel,0.17609125905568124
pocket,0.0791812460476248
judged,0.0791812460476248
magistrate,0.17609125905568124
deposition,0.30102999566398114
apprehended,0.17609125905568124
charged,0.0791812460476248
suspicion,-0.06694678963061322
shake,0.0791812460476248
faith,0.0
earnestly,0.0
mournful,0.17609125905568124
greeting,0.17609125905568124
topic,0.17609125905568124
papa,0.47712125471966244
says,0.0
unfortunately,0.17609125905568124
depravity,0.47712125471966244
ungratitude,0.47712125471966244
valued,0.17609125905568124
forbid,0.0791812460476248
speech,-0.06694678963061322
calmed,0.17609125905568124
guiltless,0.47712125471966244
circumstantial,0.30102999566398114
convict,0.17609125905568124
publicly,0.30102999566398114
astounding,0.30102999566398114
vulgar,0.0791812460476248
exist,0.0
monument,0.17609125905568124
rash,0.30102999566398114
candour,0.47712125471966244
allied,0.0791812460476248
intellect,0.0791812460476248
justify,0.30102999566398114
convicted,0.30102999566398114
rely,0.0791812460476248
doubly,0.0791812460476248
torn,0.0
condemned,0.17609125905568124
sure,0.0
proved,-0.06694678963061322
cheered,0.0
assurance,0.0
acquittal,0.47712125471966244
else,-0.06694678963061322
guilt,0.0791812460476248
prejudiced,0.0791812460476248
deadly,0.0791812460476248
hopeless,0.0
dry,0.0
slightest,0.0791812460476248
shadow,0.0
eleven,0.17609125905568124
trial,-0.06694678963061322
mockery,0.0791812460476248
lawless,0.30102999566398114
devices,0.17609125905568124
smiling,0.0
babe,0.30102999566398114
aggravation,0.47712125471966244
infamy,0.0791812460476248
merit,0.17609125905568124
qualities,0.0
ignominious,0.30102999566398114
confessed,0.0791812460476248
declaration,0.17609125905568124
exculpated,0.47712125471966244
dressed,0.0791812460476248
engaging,0.30102999566398114
solemnity,0.0791812460476248
exquisitely,0.17609125905568124
confident,0.0791812460476248
execrated,0.30102999566398114
thousands,0.0
spectators,0.17609125905568124
enormity,0.30102999566398114
constrained,0.0791812460476248
adduced,0.30102999566398114
sorrowful,0.0791812460476248
attest,0.47712125471966244
guiltlessness,0.47712125471966244
advocate,0.17609125905568124
stated,0.17609125905568124
staggered,0.0791812460476248
market,0.0
unintelligible,0.0791812460476248
demanded,0.17609125905568124
shown,0.0
hysterics,0.17609125905568124
faltering,0.17609125905568124
missed,0.0
murmur,0.0
indignation,-0.06694678963061322
defence,0.0791812460476248
plead,0.0791812460476248
audible,0.17609125905568124
variable,0.17609125905568124
pretend,0.0
protestations,0.17609125905568124
acquit,0.30102999566398114
borne,0.0791812460476248
incline,0.0
judges,0.17609125905568124
interpretation,0.0791812460476248
doubtful,0.0
suspicious,0.0
ch,0.17609125905568124
ne,0.30102999566398114
nine,-0.06694678963061322
barn,0.30102999566398114
cottage,0.17609125905568124
bewildered,0.0
questioned,0.0791812460476248
surprising,0.0791812460476248
fatally,0.30102999566398114
weighs,0.17609125905568124
explaining,0.0
conjecture,0.0791812460476248
probabilities,0.17609125905568124
wicked,0.0
wantonly,0.47712125471966244
stolen,0.0791812460476248
jewel,0.30102999566398114
beg,0.0791812460476248
testimony,0.17609125905568124
overweigh,0.47712125471966244
pledge,0.0791812460476248
salvation,0.0791812460476248
timorous,0.30102999566398114
dispositions,0.30102999566398114
irreproachable,0.30102999566398114
violently,0.0
address,0.0791812460476248
indecent,0.47712125471966244
pretended,0.0
warmly,0.0791812460476248
acted,0.0
hesitate,0.0
perfect,-0.06694678963061322
bauble,0.30102999566398114
chief,-0.06694678963061322
rests,0.0
willingly,0.0
appeal,-0.06694678963061322
interference,0.0
charging,0.30102999566398114
blackest,0.30102999566398114
ingratitude,0.30102999566398114
hellish,0.30102999566398114
sport,0.0791812460476248
ignominy,0.47712125471966244
popular,0.0791812460476248
tortures,0.17609125905568124
fangs,0.47712125471966244
tore,0.0791812460476248
forgo,0.47712125471966244
unmingled,0.30102999566398114
throat,0.0
parched,0.17609125905568124
officer,0.0791812460476248
ballots,0.47712125471966244
expressions,0.0
sickening,0.17609125905568124
glaring,0.17609125905568124
condemn,0.0791812460476248
criminal,0.0791812460476248
unexpected,0.17609125905568124
mad,0.0
suspicions,0.0
dire,0.0791812460476248
relied,0.30102999566398114
firmness,0.17609125905568124
goodness,0.0
esteemed,0.17609125905568124
betray,0.0791812460476248
severity,0.17609125905568124
guile,0.47712125471966244
decide,0.0
refuse,0.0
prison,-0.06694678963061322
sitting,0.0
manacled,0.17609125905568124
knees,0.0
rob,0.0791812460476248
join,-0.06694678963061322
crush,0.17609125905568124
suffocated,0.30102999566398114
sobs,0.17609125905568124
rise,-0.06694678963061322
kneel,0.30102999566398114
declared,0.0
report,0.0
confession,0.0791812460476248
lie,0.0
absolution,0.30102999566398114
falsehood,0.17609125905568124
heavier,0.0791812460476248
sins,0.17609125905568124
besieged,0.47712125471966244
threatened,-0.06694678963061322
excommunication,0.47712125471966244
obdurate,0.47712125471966244
perdition,0.30102999566398114
subscribed,0.47712125471966244
blessed,0.0
honoured,0.0791812460476248
perpetrated,0.17609125905568124
consoles,0.47712125471966244
distrusted,0.30102999566398114
proclaim,0.17609125905568124
prove,-0.06694678963061322
melt,0.0791812460476248
stony,0.17609125905568124
prayers,0.0
playfellow,0.47712125471966244
scaffold,0.30102999566398114
survive,0.0791812460476248
shook,0.0791812460476248
mournfully,0.30102999566398114
past,-0.06694678963061322
raises,0.30102999566398114
bitter,-0.06694678963061322
resigned,0.30102999566398114
awaiting,0.17609125905568124
submit,0.0
corner,-0.06694678963061322
talk,-0.06694678963061322
awful,0.0
boundary,0.30102999566398114
gnashed,0.47712125471966244
uttering,0.17609125905568124
inmost,0.17609125905568124
sincerest,0.47712125471966244
removes,0.47712125471966244
acknowledged,0.0791812460476248
sufferer,0.0791812460476248
comfort,0.0
resignation,0.0791812460476248
hides,0.30102999566398114
tarnish,0.30102999566398114
core,0.0791812460476248
extinguish,0.17609125905568124
stayed,0.0791812460476248
cheerfulness,0.17609125905568124
repressed,0.17609125905568124
suppressed,0.0791812460476248
bounty,0.47712125471966244
rending,0.47712125471966244
move,0.0
criminality,0.47712125471966244
indignant,0.17609125905568124
appeals,0.30102999566398114
answers,0.0
unfeeling,0.30102999566398114
purposed,0.47712125471966244
avowal,0.30102999566398114
revoke,0.30102999566398114
sentence,0.0
perished,0.0
murderess,0.47712125471966244
voiceless,0.30102999566398114
woe,0.0791812460476248
thrice,0.17609125905568124
accursed,0.0
ye,0.0
ones,-0.06694678963061322
wail,0.30102999566398114
lamentations,0.17609125905568124
kinsman,0.17609125905568124
vital,0.0791812460476248
drop,0.0
sakes,0.30102999566398114
mirrored,0.47712125471966244
fill,0.0
serving,0.0
bids,0.17609125905568124
countless,0.0
pause,0.0
torments,0.30102999566398114
prophetic,0.17609125905568124
graves,0.0791812460476248
hapless,0.30102999566398114
victims,0.0
arts,0.17609125905568124
succession,0.17609125905568124
calmness,0.17609125905568124
follows,0.0791812460476248
deprives,0.0791812460476248
freely,0.0791812460476248
remove,0.0791812460476248
deeds,0.0
mischief,0.0
description,0.0
overflowed,0.30102999566398114
virtue,0.0
begun,-0.06694678963061322
intentions,0.0791812460476248
thirsted,0.47712125471966244
serenity,0.30102999566398114
satisfaction,0.0
gather,0.0
preyed,0.30102999566398114
complacency,0.30102999566398114
deathlike,0.30102999566398114
perceptible,0.17609125905568124
deduced,0.47712125471966244
inspire,0.17609125905568124
awaken,0.17609125905568124
dispel,0.30102999566398114
brooded,0.30102999566398114
augmenting,0.47712125471966244
immoderate,0.47712125471966244
discharge,0.17609125905568124
society,0.0
inapplicable,0.47712125471966244
terror,0.0
shutting,0.17609125905568124
impossibility,0.0791812460476248
walls,-0.06694678963061322
water,-0.06694678963061322
sails,0.0
carried,-0.06694678963061322
middle,-0.06694678963061322
unquiet,0.47712125471966244
restless,0.0791812460476248
bat,0.17609125905568124
frogs,0.17609125905568124
interrupted,0.0
croaking,0.30102999566398114
plunge,0.0791812460476248
calamities,0.30102999566398114
surviving,0.17609125905568124
base,0.0791812460476248
desertion,0.17609125905568124
unprotected,0.17609125905568124
malice,0.0791812460476248
revisit,0.30102999566398114
unalterable,0.17609125905568124
lest,0.0
perpetrate,0.30102999566398114
wickedness,0.0
obscure,0.0
signal,0.0791812460476248
efface,0.30102999566398114
abhorrence,0.30102999566398114
inflamed,0.30102999566398114
thoughtlessly,0.47712125471966244
crimes,0.0791812460476248
revenge,0.0
pilgrimage,0.17609125905568124
peak,0.0
andes,0.47712125471966244
precipitated,0.17609125905568124
wreak,0.47712125471966244
utmost,0.0791812460476248
avenge,0.30102999566398114
desponding,0.47712125471966244
ordinary,-0.06694678963061322
tribute,0.17609125905568124
banks,0.0791812460476248
talked,0.0
prospects,0.17609125905568124
wean,0.47712125471966244
dimming,0.47712125471966244
quenched,0.47712125471966244
injustice,0.30102999566398114
imaginary,0.30102999566398114
remote,0.0791812460476248
monsters,0.0
thirsting,0.30102999566398114
assuredly,0.17609125905568124
jewels,0.17609125905568124
benefactor,0.17609125905568124
unfit,0.17609125905568124
confirms,0.17609125905568124
edge,0.0
precipice,0.17609125905568124
crowding,0.0791812460476248
abyss,0.17609125905568124
assassinated,0.30102999566398114
escapes,0.30102999566398114
discourse,0.0791812460476248
kindly,0.0
taking,-0.06694678963061322
affected,0.0
makes,-0.06694678963061322
centre,0.0
rendering,0.17609125905568124
reap,0.17609125905568124
fondly,0.0791812460476248
prized,0.47712125471966244
suffice,-0.06694678963061322
chase,0.0
lurked,0.30102999566398114
destroyer,0.47712125471966244
beneficial,0.0791812460476248
wounded,0.0
deer,0.17609125905568124
dragging,0.17609125905568124
fainting,0.0791812460476248
untrodden,0.30102999566398114
brake,0.47712125471966244
gaze,0.17609125905568124
arrow,0.0791812460476248
pierced,0.0
type,0.0791812460476248
cope,0.17609125905568124
whirlwind,0.30102999566398114
drove,0.0791812460476248
access,0.17609125905568124
bending,0.0
valleys,0.17609125905568124
eternity,0.0
ephemeral,0.47712125471966244
valley,0.0791812460476248
chamounix,0.47712125471966244
boyhood,0.47712125471966244
nought,0.17609125905568124
enduring,0.0791812460476248
horseback,0.17609125905568124
mule,0.30102999566398114
footed,0.47712125471966244
liable,0.0791812460476248
injury,0.0791812460476248
epoch,0.0791812460476248
sensibly,0.30102999566398114
lightened,0.30102999566398114
plunged,0.0
ravine,0.47712125471966244
arve,0.47712125471966244
overhung,0.17609125905568124
raging,0.0
dashing,0.17609125905568124
waterfalls,0.47712125471966244
mighty,0.0
omnipotence,0.47712125471966244
bend,0.17609125905568124
almighty,0.17609125905568124
displayed,0.0791812460476248
guise,0.30102999566398114
higher,-0.06694678963061322
ruined,-0.06694678963061322
castles,0.0
piny,0.47712125471966244
impetuous,0.17609125905568124
peeping,0.47712125471966244
augmented,0.30102999566398114
shining,0.0
pyramids,0.17609125905568124
domes,0.47712125471966244
towered,0.17609125905568124
habitations,0.17609125905568124
bridge,0.0791812460476248
p,0.0
lissier,0.47712125471966244
forms,-0.06694678963061322
overhangs,0.30102999566398114
picturesque,0.17609125905568124
servox,0.47712125471966244
boundaries,0.30102999566398114
fertile,0.17609125905568124
glaciers,0.47712125471966244
rumbling,0.30102999566398114
falling,0.0
avalanche,0.30102999566398114
smoke,0.0
surrounding,0.17609125905568124
aiguilles,0.47712125471966244
overlooked,0.0791812460476248
tingling,0.30102999566398114
recognised,0.0791812460476248
reminded,0.0791812460476248
associated,0.17609125905568124
lighthearted,0.47712125471966244
whispered,0.0791812460476248
maternal,0.17609125905568124
fettered,0.30102999566398114
indulging,0.17609125905568124
spurred,0.30102999566398114
striving,0.0791812460476248
fears,0.0
desperate,0.0791812460476248
exhaustion,0.0791812460476248
pallid,0.17609125905568124
lightnings,0.47712125471966244
played,-0.06694678963061322
rushing,0.0791812460476248
noisy,0.0791812460476248
lulling,0.47712125471966244
lullaby,0.47712125471966244
keen,0.0791812460476248
pillow,0.0791812460476248
giver,0.30102999566398114
roaming,0.30102999566398114
arveiron,0.47712125471966244
glacier,0.47712125471966244
barricade,0.30102999566398114
abrupt,0.47712125471966244
wall,0.0
pines,0.17609125905568124
scattered,-0.06694678963061322
solemn,0.0
glorious,0.0791812460476248
imperial,0.30102999566398114
brawling,0.47712125471966244
waves,0.0
cracking,0.17609125905568124
reverberated,0.47712125471966244
accumulated,0.17609125905568124
anon,0.30102999566398114
littleness,0.47712125471966244
subdued,0.0791812460476248
tranquillised,0.47712125471966244
slumbers,0.47712125471966244
ministered,0.47712125471966244
assemblance,0.47712125471966244
congregated,0.30102999566398114
unstained,0.30102999566398114
glittering,0.17609125905568124
pinnacle,0.30102999566398114
pine,0.0791812460476248
woods,0.0791812460476248
ragged,0.0791812460476248
bare,-0.06694678963061322
eagle,0.0791812460476248
clouds,0.0
inspiriting,0.47712125471966244
pouring,0.0791812460476248
torrents,0.17609125905568124
mists,0.17609125905568124
hid,0.0791812460476248
misty,0.0791812460476248
veil,-0.06694678963061322
cloudy,0.17609125905568124
retreats,0.47712125471966244
montanvert,0.47712125471966244
moving,0.0
wings,0.0
soar,0.30102999566398114
solemnising,0.47712125471966244
causing,0.30102999566398114
precipitous,0.47712125471966244
cut,-0.06694678963061322
windings,0.30102999566398114
enable,0.17609125905568124
surmount,0.30102999566398114
perpendicularity,0.47712125471966244
terrifically,0.47712125471966244
desolate,0.0
spots,0.47712125471966244
traces,0.0791812460476248
strewed,0.30102999566398114
leaning,0.0
jutting,0.30102999566398114
transversely,0.47712125471966244
intersected,0.47712125471966244
ravines,0.47712125471966244
stones,0.0
roll,-0.06694678963061322
speaking,0.0
produces,0.0
concussion,0.30102999566398114
speaker,0.0791812460476248
sombre,0.30102999566398114
rivers,-0.06694678963061322
wreaths,0.17609125905568124
uniform,0.0791812460476248
impression,0.0791812460476248
sensibilities,0.30102999566398114
apparent,0.0791812460476248
brute,0.0791812460476248
impulses,0.17609125905568124
hunger,0.0791812460476248
moved,0.0
blows,0.0
poison,0.0
wand,0.47712125471966244
ring,0.0
pollutes,0.47712125471966244
embrace,0.0791812460476248
er,0.30102999566398114
mutability,0.30102999566398114
noon,0.0791812460476248
rock,0.0
overlooks,0.30102999566398114
dissipated,0.17609125905568124
surface,-0.06694678963061322
uneven,0.47712125471966244
descending,0.0791812460476248
interspersed,0.17609125905568124
rifts,0.30102999566398114
sink,-0.06694678963061322
width,0.30102999566398114
crossing,0.0791812460476248
majesty,0.17609125905568124
recess,0.30102999566398114
stupendous,0.17609125905568124
wound,0.0
dependent,0.0
peaks,0.0791812460476248
sunlight,0.0791812460476248
swelled,0.17609125905568124
wander,0.0791812460476248
beds,0.0
superhuman,0.17609125905568124
crevices,0.17609125905568124
caution,0.0
exceed,0.17609125905568124
faintness,0.17609125905568124
seize,0.0
gale,0.17609125905568124
abhorred,0.30102999566398114
rage,0.0
resolving,0.30102999566398114
combat,0.30102999566398114
bespoke,0.30102999566398114
unearthly,0.17609125905568124
ugliness,0.30102999566398114
overwhelm,0.17609125905568124
furious,0.0
detestation,0.30102999566398114
fierce,0.0
arm,0.0
wreaked,0.30102999566398114
begone,0.0791812460476248
vile,0.0791812460476248
insect,0.30102999566398114
trample,0.17609125905568124
dust,0.0
extinction,0.17609125905568124
diabolically,0.30102999566398114
hate,0.0791812460476248
detest,0.17609125905568124
spurn,0.47712125471966244
thou,0.17609125905568124
dissoluble,0.47712125471966244
comply,0.30102999566398114
conditions,0.0
glut,0.47712125471966244
maw,0.30102999566398114
satiated,0.47712125471966244
negligently,0.30102999566398114
sprang,0.0
eluded,0.30102999566398114
vent,0.17609125905568124
increase,-0.06694678963061322
accumulation,0.17609125905568124
defend,0.0
hast,0.17609125905568124
thyself,0.30102999566398114
thine,0.17609125905568124
supple,0.30102999566398114
opposition,0.0791812460476248
thee,0.17609125905568124
lord,-0.06694678963061322
wilt,0.30102999566398114
owest,0.47712125471966244
equitable,0.30102999566398114
clemency,0.30102999566398114
adam,0.47712125471966244
drivest,0.47712125471966244
misdeed,0.47712125471966244
everywhere,-0.06694678963061322
bliss,0.17609125905568124
excluded,0.17609125905568124
virtuous,0.0791812460476248
community,0.0791812460476248
fight,-0.06694678963061322
implores,0.47712125471966244
glowed,0.17609125905568124
abhor,0.30102999566398114
caves,0.17609125905568124
grudge,0.17609125905568124
bleak,0.47712125471966244
skies,0.30102999566398114
hail,0.0
kinder,0.30102999566398114
recompense,0.30102999566398114
whirlwinds,0.47712125471966244
abandon,0.0791812460476248
commiserate,0.47712125471966244
bloody,0.0791812460476248
accuse,0.17609125905568124
praise,0.0
rejoined,0.0791812460476248
shudder,0.0
cursed,0.0
curse,0.0
detested,0.30102999566398114
flung,0.0791812460476248
canst,0.30102999566398114
grant,0.0
fitting,-0.06694678963061322
hut,0.17609125905568124
descends,0.17609125905568124
illuminate,0.47712125471966244
neighbourhood,0.17609125905568124
harmless,0.0
scourge,0.30102999566398114
speedy,0.17609125905568124
confirmation,0.0791812460476248
denial,0.17609125905568124
complained,0.0791812460476248
motives,0.0791812460476248
crossed,0.0791812460476248
descend,0.0
heavy,-0.06694678963061322
seating,0.30102999566398114
original,0.0
era,0.47712125471966244
indistinct,0.0791812460476248
multiplicity,0.17609125905568124
smelt,0.0791812460476248
distinguish,-0.06694678963061322
stronger,-0.06694678963061322
opening,0.0
opaque,0.30102999566398114
impervious,0.30102999566398114
touch,0.0
obstacles,0.30102999566398114
either,-0.06694678963061322
oppressive,0.30102999566398114
heat,0.0
wearying,0.30102999566398114
forest,0.0791812460476248
brook,0.30102999566398114
resting,0.0
roused,0.17609125905568124
dormant,0.17609125905568124
berries,0.17609125905568124
slaked,0.47712125471966244
instinctively,0.0791812460476248
insufficient,0.17609125905568124
invade,0.30102999566398114
huge,0.0
cloak,0.0
innumerable,0.0791812460476248
rang,0.0791812460476248
scents,0.17609125905568124
saluted,0.0
orb,0.30102999566398114
lessened,0.17609125905568124
supplied,0.0
drink,0.0
foliage,0.0791812460476248
throats,0.0
winged,0.17609125905568124
animals,-0.06694678963061322
intercepted,0.17609125905568124
accuracy,0.0
roof,0.0
canopied,0.47712125471966244
birds,-0.06694678963061322
mode,0.0791812460476248
herb,0.0791812460476248
sparrow,0.17609125905568124
uttered,0.0791812460476248
blackbird,0.47712125471966244
thrush,0.47712125471966244
enticing,0.47712125471966244
beggars,0.17609125905568124
thrust,0.0
embers,0.17609125905568124
cry,0.0
effects,0.0
burn,0.0
pained,0.0
operation,0.0791812460476248
dried,0.0
touching,0.0
spreading,0.0791812460476248
uncovered,0.0791812460476248
fanned,0.47712125471966244
flame,0.17609125905568124
fan,0.17609125905568124
offals,0.47712125471966244
travellers,0.0791812460476248
roasted,0.17609125905568124
tasted,0.0
savoury,0.47712125471966244
placing,0.0791812460476248
spoiled,0.0791812460476248
nuts,0.0791812460476248
roots,0.0791812460476248
scarce,0.0
searching,0.0791812460476248
acorns,0.30102999566398114
assuage,0.47712125471966244
pangs,0.17609125905568124
wants,-0.06694678963061322
emigration,0.17609125905568124
exceedingly,0.17609125905568124
lamented,0.30102999566398114
reproduce,0.17609125905568124
relinquish,0.30102999566398114
wrapping,0.17609125905568124
struck,0.0
setting,-0.06694678963061322
chilled,0.0791812460476248
damp,0.0791812460476248
shepherd,0.17609125905568124
noise,0.0
shrieked,0.17609125905568124
loudly,0.0
quitting,0.30102999566398114
debilitated,0.30102999566398114
flight,0.17609125905568124
enchanted,0.17609125905568124
pand,0.47712125471966244
monium,0.47712125471966244
mons,0.47712125471966244
devoured,0.30102999566398114
remnants,0.30102999566398114
consisted,0.0791812460476248
bread,0.0
cheese,0.0
milk,0.0791812460476248
wine,0.0
asleep,0.0
allured,0.47712125471966244
brightly,0.30102999566398114
recommence,0.17609125905568124
travels,0.0791812460476248
depositing,0.30102999566398114
wallet,0.30102999566398114
sunset,0.30102999566398114
huts,0.47712125471966244
neater,0.47712125471966244
stately,0.0791812460476248
vegetables,0.0791812460476248
gardens,0.0791812460476248
windows,0.0791812460476248
appetite,0.0
grievously,0.30102999566398114
bruised,0.0791812460476248
kinds,0.0791812460476248
missile,0.30102999566398114
weapons,-0.06694678963061322
hovel,0.30102999566398114
neat,0.17609125905568124
experience,-0.06694678963061322
sit,0.0
floor,0.0791812460476248
chinks,0.17609125905568124
barbarity,0.47712125471966244
kennel,0.47712125471966244
adjacent,0.17609125905568124
habitation,0.0791812460476248
pig,0.0791812460476248
sty,0.47712125471966244
pool,0.0
crevice,0.30102999566398114
arranged,0.0791812460476248
carpeted,0.30102999566398114
clean,0.0
treatment,0.0791812460476248
provided,0.0791812460476248
loaf,0.30102999566398114
coarse,0.0791812460476248
purloined,0.47712125471966244
conveniently,0.17609125905568124
pure,-0.06694678963061322
vicinity,0.30102999566398114
tolerably,0.0791812460476248
reside,0.17609125905568124
occur,0.0791812460476248
compared,0.0
dropping,0.0
dank,0.30102999566398114
plank,0.0791812460476248
chink,0.17609125905568124
pail,0.30102999566398114
demeanour,0.30102999566398114
cottagers,0.47712125471966244
farmhouse,0.30102999566398114
meanly,0.47712125471966244
petticoat,0.47712125471966244
linen,0.0791812460476248
jacket,0.17609125905568124
adorned,0.30102999566398114
patient,0.0
quarter,-0.06694678963061322
incommoded,0.30102999566398114
despondence,0.47712125471966244
tools,0.0
yard,0.0791812460476248
imperceptible,0.17609125905568124
whitewashed,0.30102999566398114
furniture,0.0
attitude,0.0
drawer,0.17609125905568124
employed,0.0791812460476248
sweeter,0.17609125905568124
nightingale,0.0791812460476248
silver,0.0
aged,0.0791812460476248
cottager,0.47712125471966244
enticed,0.47712125471966244
sobbed,0.17609125905568124
audibly,0.30102999566398114
pronounced,0.17609125905568124
overpowering,0.0791812460476248
withdrew,0.17609125905568124
shoulders,0.0
helped,-0.06694678963061322
fuel,0.30102999566398114
apart,-0.06694678963061322
nook,0.30102999566398114
plants,0.0791812460476248
busily,0.30102999566398114
digging,0.17609125905568124
pulling,0.0
pensive,0.30102999566398114
dispatched,0.30102999566398114
beaming,0.17609125905568124
graceful,0.0791812460476248
moulded,0.17609125905568124
finest,0.17609125905568124
symmetry,0.30102999566398114
sadness,0.17609125905568124
despondency,0.30102999566398114
prolonging,0.17609125905568124
tapers,0.30102999566398114
neighbours,0.0791812460476248
monotonous,0.17609125905568124
resembling,0.17609125905568124
lights,0.0
barbarous,0.17609125905568124
villagers,0.47712125471966244
whatever,-0.06694678963061322
hereafter,0.0791812460476248
quietly,0.0
influenced,0.17609125905568124
arose,-0.06694678963061322
constantly,0.0
doors,0.0
blind,-0.06694678963061322
contemplation,0.17609125905568124
office,0.0791812460476248
chill,0.0791812460476248
delicious,0.17609125905568124
viands,0.30102999566398114
interchanging,0.47712125471966244
imply,0.0791812460476248
solve,0.0791812460476248
enigmatic,0.47712125471966244
uneasiness,0.17609125905568124
distressing,0.17609125905568124
nourishment,0.0791812460476248
cow,0.30102999566398114
poignantly,0.47712125471966244
trait,0.30102999566398114
steal,0.0791812460476248
store,0.0791812460476248
consumption,0.17609125905568124
abstained,0.30102999566398114
neighbouring,0.30102999566398114
enabled,0.0791812460476248
firing,0.0791812460476248
pile,0.0
outside,0.0
repairing,0.30102999566398114
cultivating,0.30102999566398114
method,0.0
communicating,0.30102999566398114
articulate,0.30102999566398114
hearers,0.30102999566398114
godlike,0.30102999566398114
pronunciation,0.47712125471966244
clue,0.0
unravel,0.47712125471966244
reference,0.0791812460476248
revolutions,0.0791812460476248
agatha,0.30102999566398114
felix,0.47712125471966244
appropriated,0.17609125905568124
pronounce,0.17609125905568124
endeared,0.30102999566398114
gait,0.47712125471966244
enhanced,0.47712125471966244
accomplishments,0.30102999566398114
encourage,0.0
wipe,0.17609125905568124
unperceived,0.17609125905568124
tone,0.0
exhortations,0.30102999566398114
saddest,0.17609125905568124
group,0.0791812460476248
unpractised,0.30102999566398114
instances,0.17609125905568124
flower,0.0
peeped,0.17609125905568124
risen,0.0791812460476248
obstructed,0.47712125471966244
outhouse,0.47712125471966244
replenished,0.30102999566398114
farmer,0.30102999566398114
dinner,0.0791812460476248
frosty,0.30102999566398114
puzzled,0.0
understood,0.0
comprehend,-0.06694678963061322
overlook,0.17609125905568124
delicate,0.0
complexions,0.47712125471966244
terrified,0.0791812460476248
viewed,0.17609125905568124
transparent,0.0791812460476248
mirror,0.0
bitterest,0.17609125905568124
mortification,0.17609125905568124
warmer,0.47712125471966244
indications,0.17609125905568124
impending,0.0
wholesome,0.0791812460476248
sufficiency,0.30102999566398114
dispersed,0.0791812460476248
star,0.0
offices,0.0791812460476248
signification,0.47712125471966244
inquisitive,0.17609125905568124
foolish,0.0
flitted,0.17609125905568124
arbiters,0.47712125471966244
pictures,-0.06694678963061322
presenting,0.30102999566398114
disgusted,0.17609125905568124
win,0.0
exhilarated,0.47712125471966244
acquiring,0.0791812460476248
organs,0.17609125905568124
tones,0.0
tolerable,0.17609125905568124
ass,0.30102999566398114
lap,0.0
deserved,0.17609125905568124
execration,0.47712125471966244
showers,0.47712125471966244
genial,0.17609125905568124
sang,0.0
gods,0.17609125905568124
blotted,0.30102999566398114
gilded,0.30102999566398114
rays,0.0791812460476248
anticipations,0.0791812460476248
hasten,0.17609125905568124
verdure,0.17609125905568124
refreshed,0.17609125905568124
periodically,0.30102999566398114
guitar,0.30102999566398114
sighed,0.17609125905568124
recommencing,0.47712125471966244
tapped,0.0791812460476248
suit,0.0
musical,0.17609125905568124
angelic,0.17609125905568124
raven,0.30102999566398114
curiously,0.0791812460476248
braided,0.47712125471966244
regular,0.0791812460476248
wondrously,0.47712125471966244
pink,0.17609125905568124
ravished,0.30102999566398114
ecstatic,0.30102999566398114
sparkled,0.17609125905568124
flushed,0.0791812460476248
wiping,0.0791812460476248
kissed,0.0
rapturously,0.47712125471966244
dismount,0.17609125905568124
dismissing,0.30102999566398114
affectionately,0.30102999566398114
diffused,0.17609125905568124
dispelling,0.30102999566398114
dissipates,0.47712125471966244
pointing,-0.06694678963061322
recurrence,0.17609125905568124
safie,0.47712125471966244
conversing,0.17609125905568124
repetition,0.0791812460476248
faculty,0.0791812460476248
airs,0.0
entrancingly,0.47712125471966244
cadence,0.47712125471966244
enraptured,0.30102999566398114
peaceably,0.30102999566398114
protectors,0.17609125905568124
herbage,0.30102999566398114
green,0.0791812460476248
scent,0.17609125905568124
moonlight,0.0791812460476248
balmy,0.30102999566398114
nocturnal,0.0791812460476248
considerably,0.0791812460476248
shortened,0.17609125905568124
ventured,0.0791812460476248
abroad,0.0
daylight,0.0
comprehended,0.17609125905568124
instructed,0.0791812460476248
volney,0.47712125471966244
ruins,0.0
purport,0.30102999566398114
explanations,0.17609125905568124
chosen,0.0
declamatory,0.47712125471966244
style,0.0
framed,0.17609125905568124
existing,0.0
insight,0.30102999566398114
religions,0.17609125905568124
nations,-0.06694678963061322
slothful,0.30102999566398114
asiatics,0.47712125471966244
mental,0.0791812460476248
grecians,0.47712125471966244
wars,0.0791812460476248
romans,0.17609125905568124
subsequent,0.30102999566398114
degenerating,0.47712125471966244
empire,0.0791812460476248
christianity,0.0791812460476248
kings,0.0791812460476248
american,0.0
hemisphere,0.47712125471966244
narrations,0.47712125471966244
vicious,0.0791812460476248
scion,0.47712125471966244
befall,0.0
sensitive,0.0791812460476248
lowest,0.0
degradation,0.17609125905568124
abject,0.17609125905568124
mole,0.30102999566398114
bloodshed,0.47712125471966244
division,0.0
squalid,0.30102999566398114
descent,0.0791812460476248
possessions,0.17609125905568124
unsullied,0.47712125471966244
riches,0.0791812460476248
advantages,0.0791812460476248
rare,0.0791812460476248
vagabond,0.30102999566398114
profits,0.17609125905568124
absolutely,0.0
hideously,0.47712125471966244
agile,0.17609125905568124
subsist,0.30102999566398114
coarser,0.30102999566398114
diet,0.0
extremes,0.17609125905568124
blot,0.0791812460476248
disowned,0.47712125471966244
clings,0.17609125905568124
lichen,0.30102999566398114
stealth,0.30102999566398114
unseen,0.0791812460476248
charming,0.0
sexes,0.30102999566398114
doted,0.47712125471966244
sallies,0.47712125471966244
expanded,0.30102999566398114
relationships,0.30102999566398114
bind,0.0791812460476248
vacancy,0.17609125905568124
claimed,0.0791812460476248
answered,0.0
groans,0.17609125905568124
tended,0.0791812460476248
terminated,0.30102999566398114
deceit,0.17609125905568124
unfolding,0.47712125471966244
inexperienced,0.17609125905568124
de,0.0
lacey,0.47712125471966244
affluence,0.47712125471966244
superiors,0.0791812460476248
bred,0.0791812460476248
ranked,0.17609125905568124
ladies,0.17609125905568124
luxurious,0.17609125905568124
paris,0.0791812460476248
refinement,0.17609125905568124
turkish,0.17609125905568124
obnoxious,0.17609125905568124
government,0.0
constantinople,0.30102999566398114
flagrant,0.47712125471966244
religion,0.0
alleged,0.17609125905568124
condemnation,0.17609125905568124
accidentally,0.30102999566398114
uncontrollable,0.30102999566398114
decision,0.0791812460476248
vow,0.17609125905568124
fruitless,0.17609125905568124
gain,-0.06694678963061322
admittance,0.30102999566398114
grated,0.0791812460476248
building,0.0
dungeon,0.30102999566398114
muhammadan,0.47712125471966244
loaded,0.17609125905568124
chains,-0.06694678963061322
grate,0.17609125905568124
prisoner,0.0
amazed,0.0791812460476248
kindle,0.47712125471966244
deliverer,0.30102999566398114
reward,0.0
rejected,0.17609125905568124
offers,0.0791812460476248
gestures,0.30102999566398114
help,-0.06694678963061322
owning,0.30102999566398114
captive,0.17609125905568124
treasure,0.0791812460476248
hazard,0.17609125905568124
accept,0.0791812460476248
probability,0.0791812460476248
preparations,0.17609125905568124
french,-0.06694678963061322
gently,0.0
copies,0.0791812460476248
implements,0.17609125905568124
writing,0.0
repeat,0.0791812460476248
christian,-0.06694678963061322
arab,0.30102999566398114
turks,0.17609125905568124
recommended,0.17609125905568124
enthusiastic,0.17609125905568124
freedom,-0.06694678963061322
spurned,0.30102999566398114
bondage,0.30102999566398114
tenets,0.47712125471966244
aspire,0.17609125905568124
independence,0.0791812460476248
female,0.17609125905568124
followers,0.0
muhammad,0.47712125471966244
indelibly,0.30102999566398114
asia,0.0791812460476248
immured,0.47712125471966244
harem,0.30102999566398114
occupy,0.0
infantile,0.47712125471966244
amusements,0.17609125905568124
suited,0.0791812460476248
emulation,0.47712125471966244
leagues,0.17609125905568124
passports,0.47712125471966244
concealed,-0.06694678963061322
fugitives,0.30102999566398114
lyons,0.30102999566398114
cenis,0.47712125471966244
leghorn,0.30102999566398114
dominions,0.30102999566398114
simplest,0.0791812460476248
tenderest,0.30102999566398114
interpreter,0.17609125905568124
intimacy,0.30102999566398114
youthful,0.0791812460476248
lovers,0.17609125905568124
loathed,0.47712125471966244
resentment,0.17609125905568124
lukewarm,0.47712125471966244
choose,0.0
italian,0.17609125905568124
prolong,0.0791812460476248
secretly,0.17609125905568124
facilitated,0.30102999566398114
enraged,0.30102999566398114
detect,0.0791812460476248
punish,0.0791812460476248
plot,0.0791812460476248
noisome,0.47712125471966244
boarder,0.30102999566398114
convent,0.17609125905568124
proceeding,0.0791812460476248
exile,0.17609125905568124
treacherous,0.0791812460476248
unheard,0.0791812460476248
oppression,0.0
traitor,0.17609125905568124
insultingly,0.17609125905568124
sending,0.0791812460476248
maintenance,0.17609125905568124
distress,0.0
meed,0.30102999566398114
gloried,0.47712125471966244
infused,0.17609125905568124
commanded,0.0
outraged,0.30102999566398114
expostulate,0.30102999566398114
angrily,0.0791812460476248
reiterating,0.30102999566398114
tyrannical,0.17609125905568124
mandate,0.30102999566398114
divulged,0.30102999566398114
confidential,0.0791812460476248
emergency,0.30102999566398114
turkey,0.17609125905568124
abhorrent,0.47712125471966244
alike,0.0
averse,0.17609125905568124
learnt,0.0791812460476248
belonged,0.17609125905568124
dangerously,0.17609125905568124
social,0.0
developed,-0.06694678963061322
admire,-0.06694678963061322
deprecate,0.47712125471966244
vices,0.17609125905568124
inciting,0.30102999566398114
actor,0.17609125905568124
admirable,0.0
omit,0.17609125905568124
leathern,0.30102999566398114
portmanteau,0.17609125905568124
containing,0.0791812460476248
articles,0.0
fortunately,0.17609125905568124
plutarch,0.17609125905568124
werter,0.47712125471966244
histories,0.30102999566398114
infinity,0.30102999566398114
images,0.17609125905568124
sunk,0.0
affecting,0.17609125905568124
opinions,0.0791812460476248
canvassed,0.30102999566398114
ending,0.0791812460476248
speculation,0.17609125905568124
lofty,0.0
contained,0.0
pretension,0.17609125905568124
disquisitions,0.47712125471966244
suicide,0.17609125905568124
calculated,0.17609125905568124
hero,0.0
precisely,0.0
similar,0.0
unformed,0.47712125471966244
lament,0.0791812460476248
destination,0.0
founders,0.0791812460476248
republics,0.30102999566398114
imaginations,0.30102999566398114
sphere,0.17609125905568124
surpassed,0.17609125905568124
kingdoms,0.17609125905568124
extents,0.47712125471966244
towns,0.0
assemblages,0.30102999566398114
mightier,0.17609125905568124
concerned,0.0791812460476248
governing,0.17609125905568124
massacring,0.47712125471966244
relative,0.17609125905568124
peaceable,0.47712125471966244
lawgivers,0.47712125471966244
numa,0.47712125471966244
solon,0.30102999566398114
lycurgus,0.30102999566398114
preference,0.0
romulus,0.30102999566398114
theseus,0.30102999566398114
patriarchal,0.17609125905568124
impressions,0.17609125905568124
soldier,0.0
awe,0.0
warring,0.30102999566398114
exciting,0.0
referred,0.17609125905568124
similarity,0.0791812460476248
link,0.0
prosperous,0.17609125905568124
guarded,0.17609125905568124
especial,0.17609125905568124
satan,0.17609125905568124
fitter,0.30102999566398114
emblem,0.30102999566398114
gall,0.17609125905568124
envy,0.0791812460476248
strengthened,0.17609125905568124
decipher,0.30102999566398114
bears,0.0791812460476248
disgusting,0.17609125905568124
minutest,0.17609125905568124
hateful,0.0
alluring,0.30102999566398114
image,0.0
resemblance,0.0791812460476248
compassionate,0.30102999566398114
monstrous,0.0
interview,0.17609125905568124
postponed,0.30102999566398114
importance,0.0
sagacity,0.17609125905568124
plenty,0.0
reigned,0.30102999566398114
tumultuous,0.17609125905568124
clearly,-0.06694678963061322
outcast,0.17609125905568124
cherished,0.17609125905568124
moonshine,0.17609125905568124
frail,0.30102999566398114
inconstant,0.30102999566398114
fortify,0.0791812460476248
undergo,0.30102999566398114
unchecked,0.30102999566398114
sympathising,0.30102999566398114
cheering,0.17609125905568124
eve,0.0791812460476248
soothed,0.0791812460476248
supplication,0.17609125905568124
assume,0.0791812460476248
barren,0.0791812460476248
heed,0.0
bleakness,0.47712125471966244
fitted,0.0
conformation,0.47712125471966244
endurance,0.0791812460476248
deserted,-0.06694678963061322
depending,0.30102999566398114
casualties,0.30102999566398114
yearned,0.30102999566398114
driven,0.0
unworthy,0.0791812460476248
revolution,0.0791812460476248
introducing,0.0791812460476248
finally,-0.06694678963061322
hideousness,0.47712125471966244
mediation,0.47712125471966244
tolerated,0.17609125905568124
red,0.0
denied,0.0
thoughtfulness,0.47712125471966244
laying,0.0
absorbed,0.0791812460476248
exerting,0.47712125471966244
planks,0.17609125905568124
revived,0.0791812460476248
knocked,0.0791812460476248
intrusion,0.30102999566398114
oblige,0.0
afraid,0.0
host,0.0791812460476248
ensued,0.17609125905568124
irresolute,0.17609125905568124
countryman,0.30102999566398114
germans,0.17609125905568124
friendless,0.30102999566398114
unprejudiced,0.47712125471966244
brotherly,0.30102999566398114
prejudice,0.0791812460476248
detestable,0.0791812460476248
blameless,0.30102999566398114
undeceive,0.30102999566398114
terrors,0.0791812460476248
injure,0.0791812460476248
unreservedly,0.30102999566398114
particulars,0.0
undeceiving,0.47712125471966244
persuades,0.47712125471966244
sincere,0.30102999566398114
serviceable,0.0791812460476248
desperation,0.30102999566398114
instigate,0.47712125471966244
assures,0.17609125905568124
chair,0.0
seizing,0.0791812460476248
consternation,0.17609125905568124
force,-0.06694678963061322
transport,0.17609125905568124
fury,0.0
dashed,0.0791812460476248
stick,0.0791812460476248
lion,0.0
rends,0.47712125471966244
antelope,0.47712125471966244
refrained,0.30102999566398114
repeating,0.0
glutted,0.47712125471966244
shrieks,0.30102999566398114
howlings,0.47712125471966244
beast,0.0791812460476248
destroying,0.0
ranging,0.30102999566398114
stag,0.17609125905568124
swiftness,0.0791812460476248
waved,0.0
bird,0.0
universal,0.0
stillness,0.17609125905568124
arch,0.17609125905568124
unsympathised,0.47712125471966244
havoc,0.30102999566398114
impotence,0.47712125471966244
myriads,0.0791812460476248
existed,0.0
everlasting,0.0
voices,0.0
underwood,0.30102999566398114
determining,0.17609125905568124
believing,0.17609125905568124
imprudently,0.30102999566398114
behalf,0.0791812460476248
fool,0.0
familiarised,0.47712125471966244
errors,0.0791812460476248
irretrievable,0.47712125471966244
representations,0.30102999566398114
profound,0.0791812460476248
acting,0.0791812460476248
females,0.17609125905568124
flying,0.0
tearing,0.0
exhausted,0.0
appeased,0.0791812460476248
mounted,0.0
apprehending,0.17609125905568124
dreadful,0.0
inside,0.0
suspense,0.17609125905568124
countrymen,0.17609125905568124
pausing,0.0791812460476248
using,0.0
gesticulations,0.47712125471966244
anxiously,0.0
inhabit,0.30102999566398114
owing,-0.06694678963061322
tenement,0.47712125471966244
stupid,0.0
strive,0.0791812460476248
allowing,0.0791812460476248
gush,0.30102999566398114
anger,0.0
combustibles,0.47712125471966244
vestige,0.30102999566398114
impatience,0.0791812460476248
loitered,0.47712125471966244
blast,0.17609125905568124
danced,0.0791812460476248
western,0.0
brand,0.17609125905568124
scream,0.0791812460476248
fired,0.0791812460476248
heath,0.0791812460476248
bushes,0.17609125905568124
flames,0.0791812460476248
licked,0.30102999566398114
forked,0.17609125905568124
tongues,0.17609125905568124
fitness,0.30102999566398114
geography,0.30102999566398114
southwesterly,0.47712125471966244
succour,0.47712125471966244
perceptions,0.17609125905568124
scorn,0.0791812460476248
redress,0.17609125905568124
wore,0.0791812460476248
district,0.0791812460476248
visage,0.17609125905568124
decayed,0.47712125471966244
heatless,0.47712125471966244
imprecate,0.47712125471966244
curses,0.0791812460476248
enkindled,0.47712125471966244
hardened,0.0791812460476248
map,0.0
extract,0.17609125905568124
confines,0.17609125905568124
secured,0.0791812460476248
balminess,0.47712125471966244
novelty,0.17609125905568124
forgetting,0.0
bedewed,0.30102999566398114
humid,0.30102999566398114
thankfulness,0.17609125905568124
skirted,0.17609125905568124
budding,0.30102999566398114
cypress,0.17609125905568124
running,0.0
slipped,0.0791812460476248
dragged,0.0
senseless,0.0791812460476248
aimed,0.0791812460476248
gun,0.0791812460476248
injurer,0.47712125471966244
bone,0.0791812460476248
gnashing,0.30102999566398114
vowed,0.30102999566398114
pulses,0.30102999566398114
cure,0.0
ball,0.17609125905568124
shoulder,0.0
rate,-0.06694678963061322
extracting,0.17609125905568124
infliction,0.30102999566398114
vows,0.30102999566398114
compensate,0.30102999566398114
outrages,0.30102999566398114
healed,0.17609125905568124
alleviated,0.30102999566398114
breezes,0.47712125471966244
insulted,0.17609125905568124
painfully,0.0
meditate,0.30102999566398114
sportiveness,0.47712125471966244
infancy,0.0791812460476248
educate,0.0791812460476248
peopled,0.30102999566398114
shrill,0.0791812460476248
hurt,0.0
pieces,-0.06694678963061322
ogre,0.30102999566398114
syndic,0.47712125471966244
belong,0.0
sworn,0.17609125905568124
epithets,0.47712125471966244
clapping,0.17609125905568124
create,0.0
miseries,0.0791812460476248
torment,0.17609125905568124
portrait,0.17609125905568124
softened,0.0791812460476248
fringed,0.17609125905568124
lashes,0.17609125905568124
affright,0.30102999566398114
transported,0.30102999566398114
venting,0.30102999566398114
exclamations,0.30102999566398114
sleeping,0.0
imparting,0.30102999566398114
awake,0.0
fairest,0.30102999566398114
sleeper,0.17609125905568124
stirred,0.0
thrill,0.17609125905568124
denounce,0.30102999566398114
robbed,0.17609125905568124
atone,0.17609125905568124
punishment,0.0
sanguinary,0.30102999566398114
securely,0.0
haunted,0.0791812460476248
wishing,0.0791812460476248
ranged,0.0791812460476248
gratify,0.17609125905568124
requisition,0.47712125471966244
deny,0.0
defects,0.17609125905568124
perplexed,0.17609125905568124
interchange,0.17609125905568124
sympathies,0.17609125905568124
concede,0.17609125905568124
kindled,0.30102999566398114
narrated,0.17609125905568124
burned,0.0
extort,0.47712125471966244
joint,0.0791812460476248
wrong,0.0
threatening,0.0
malicious,0.30102999566398114
pities,0.30102999566398114
precipitate,0.30102999566398114
condemns,0.30102999566398114
acceptance,0.0791812460476248
insurmountable,0.30102999566398114
barriers,0.30102999566398114
submission,0.17609125905568124
injuries,0.0791812460476248
swear,0.0791812460476248
inextinguishable,0.30102999566398114
fiendish,0.30102999566398114
contortions,0.0791812460476248
detrimental,0.47712125471966244
hundredfold,0.47712125471966244
realised,0.17609125905568124
reasonable,0.0791812460476248
sex,0.0
request,0.0
maker,0.0791812460476248
portion,-0.06694678963061322
wilds,0.47712125471966244
lamb,0.30102999566398114
kid,0.17609125905568124
fare,0.17609125905568124
ripen,0.30102999566398114
wantonness,0.17609125905568124
cruelty,-0.06694678963061322
pitiless,0.30102999566398114
propose,0.0
beasts,0.0791812460476248
persevere,0.17609125905568124
argue,0.17609125905568124
harden,0.47712125471966244
compassionated,0.47712125471966244
mass,-0.06694678963061322
stifle,0.17609125905568124
withhold,0.30102999566398114
reasonably,0.17609125905568124
distrust,0.17609125905568124
feint,0.47712125471966244
wider,0.0791812460476248
trifled,0.47712125471966244
necessarily,-0.06694678963061322
communion,0.30102999566398114
linked,0.0791812460476248
chain,0.0791812460476248
blight,0.47712125471966244
threats,0.17609125905568124
calculations,0.17609125905568124
ridges,0.17609125905568124
possessing,0.17609125905568124
faculties,0.0791812460476248
oath,0.0
europe,-0.06694678963061322
burns,0.30102999566398114
prayer,0.0
unutterable,0.17609125905568124
undulations,0.47712125471966244
verge,0.0791812460476248
winding,0.0791812460476248
fixing,0.30102999566398114
halfway,0.30102999566398114
fountain,0.17609125905568124
twinkling,0.17609125905568124
siroc,0.47712125471966244
consume,0.0791812460476248
haggard,0.0791812460476248
ban,0.47712125471966244
adoration,0.30102999566398114
dedicate,0.30102999566398114
collect,0.30102999566398114
enjoined,0.30102999566398114
devoting,0.30102999566398114
disquisition,0.47712125471966244
material,-0.06694678963061322
obtaining,0.17609125905568124
shrank,0.0791812460476248
absolute,-0.06694678963061322
eradicating,0.47712125471966244
fits,0.0
devouring,0.17609125905568124
blackness,0.0791812460476248
overcast,0.17609125905568124
rippling,0.30102999566398114
listless,0.47712125471966244
salutations,0.30102999566398114
readier,0.47712125471966244
calling,-0.06694678963061322
resumed,0.0
conjure,0.17609125905568124
avow,0.30102999566398114
treble,0.47712125471966244
exordium,0.17609125905568124
tie,0.0
declining,0.17609125905568124
assistants,0.30102999566398114
considering,0.0791812460476248
solemnisation,0.47712125471966244
everyday,0.47712125471966244
infirmities,0.30102999566398114
competent,0.17609125905568124
utility,0.30102999566398114
dictate,0.17609125905568124
interpret,0.30102999566398114
sincerity,0.17609125905568124
offering,0.0791812460476248
manifold,0.0791812460476248
impend,0.47712125471966244
festival,0.17609125905568124
bowing,0.30102999566398114
engagement,0.30102999566398114
imposed,0.17609125905568124
journeying,0.17609125905568124
indispensable,0.17609125905568124
dilatory,0.47712125471966244
unsatisfactory,0.30102999566398114
aversion,0.17609125905568124
aware,0.0
achieved,0.0791812460476248
imaged,0.47712125471966244
dictated,0.30102999566398114
reasons,0.0
absorbing,0.17609125905568124
resembled,0.17609125905568124
intensity,0.17609125905568124
duration,0.17609125905568124
choice,0.0
paternal,0.30102999566398114
precaution,0.0791812460476248
ensure,0.17609125905568124
concert,0.30102999566398114
strasburgh,0.47712125471966244
interfered,0.0791812460476248
coveted,0.30102999566398114
impediment,0.30102999566398114
maddening,0.17609125905568124
foe,0.17609125905568124
enfranchised,0.47712125471966244
arrangements,0.0
unconscious,0.0791812460476248
attacks,0.0791812460476248
exasperated,0.30102999566398114
wherever,-0.06694678963061322
inasmuch,0.0791812460476248
agonised,0.30102999566398114
possibility,0.0791812460476248
governed,0.17609125905568124
intimated,0.17609125905568124
exempt,0.30102999566398114
machinations,0.47712125471966244
september,0.17609125905568124
acquiesced,0.17609125905568124
disquiet,0.30102999566398114
inroads,0.30102999566398114
sedulous,0.47712125471966244
conflicting,0.17609125905568124
mute,0.0791812460476248
tearful,0.30102999566398114
careless,0.0
packed,0.17609125905568124
unobserving,0.47712125471966244
bourne,0.47712125471966244
indolence,0.0791812460476248
joyful,0.30102999566398114
pointed,-0.06694678963061322
shifting,0.17609125905568124
colours,0.0791812460476248
landscape,0.0791812460476248
golden,-0.06694678963061322
sunrise,0.17609125905568124
rhine,0.30102999566398114
amused,0.0791812460476248
scenery,0.47712125471966244
avenue,0.0791812460476248
agreed,0.0
rotterdam,0.47712125471966244
shipping,0.17609125905568124
willowy,0.47712125471966244
islands,0.0
mannheim,0.47712125471966244
fifth,0.0791812460476248
mainz,0.47712125471966244
becomes,0.0
steep,0.0791812460476248
edges,0.0
variegated,0.30102999566398114
overlooking,0.30102999566398114
vineyards,0.47712125471966244
sloping,0.17609125905568124
meandering,0.47712125471966244
populous,0.47712125471966244
song,0.0
labourers,0.17609125905568124
glided,0.30102999566398114
fairy,0.30102999566398114
lakes,0.47712125471966244
uri,0.47712125471966244
perpendicularly,0.47712125471966244
casting,0.0
shades,0.17609125905568124
spout,0.30102999566398114
amid,0.0791812460476248
pauses,0.17609125905568124
nightly,0.0791812460476248
la,0.0791812460476248
valais,0.47712125471966244
pays,0.0791812460476248
vaud,0.47712125471966244
pleases,0.0791812460476248
charm,0.0
castle,0.0
yon,0.47712125471966244
amongst,-0.06694678963061322
inhabits,0.30102999566398114
guards,0.0791812460476248
retire,0.0791812460476248
eminently,0.0791812460476248
chastened,0.17609125905568124
worldly,0.30102999566398114
teach,0.0
external,0.0
sounding,0.0
cataract,0.47712125471966244
remoter,0.30102999566398114
unborrow,0.47712125471966244
wordsworth,0.30102999566398114
tintern,0.47712125471966244
abbey,0.30102999566398114
replete,0.47712125471966244
fanciful,0.17609125905568124
divinely,0.30102999566398114
wrought,0.0
unexampled,0.30102999566398114
soothe,0.0791812460476248
overflowing,0.30102999566398114
creates,0.17609125905568124
cologne,0.30102999566398114
holland,0.17609125905568124
arising,0.17609125905568124
december,0.30102999566398114
cliffs,0.17609125905568124
britain,0.30102999566398114
thames,0.30102999566398114
flat,0.0
tilbury,0.30102999566398114
fort,0.17609125905568124
spanish,0.0791812460476248
armada,0.47712125471966244
gravesend,0.47712125471966244
woolwich,0.47712125471966244
greenwich,0.47712125471966244
steeples,0.47712125471966244
paul,0.17609125905568124
towering,0.17609125905568124
tower,0.0791812460476248
famed,0.47712125471966244
flourished,0.17609125905568124
availed,0.30102999566398114
terribly,0.0791812460476248
cheat,0.30102999566398114
uninteresting,0.30102999566398114
barrier,0.30102999566398114
sealed,0.0791812460476248
india,0.0791812460476248
materially,0.30102999566398114
assisting,0.17609125905568124
colonization,0.47712125471966244
check,0.17609125905568124
enjoyments,0.17609125905568124
dejected,0.30102999566398114
debar,0.47712125471966244
quiver,0.17609125905568124
palpitate,0.47712125471966244
scotland,0.30102999566398114
visitor,0.30102999566398114
allurements,0.30102999566398114
perth,0.47712125471966244
invitation,0.17609125905568124
adorns,0.47712125471966244
october,0.17609125905568124
february,0.30102999566398114
expiration,0.30102999566398114
edinburgh,0.47712125471966244
windsor,0.47712125471966244
oxford,0.47712125471966244
matlock,0.47712125471966244
cumberland,0.30102999566398114
highlands,0.47712125471966244
rambling,0.47712125471966244
mountaineers,0.30102999566398114
oaks,0.0791812460476248
game,0.0
herds,0.47712125471966244
novelties,0.47712125471966244
transacted,0.30102999566398114
charles,0.30102999566398114
forces,0.0
faithful,0.0
nation,0.0
forsaken,0.17609125905568124
standard,0.0791812460476248
parliament,0.0791812460476248
falkland,0.47712125471966244
insolent,0.17609125905568124
goring,0.47712125471966244
queen,0.17609125905568124
footsteps,0.0
colleges,0.30102999566398114
isis,0.30102999566398114
flows,0.17609125905568124
meadows,0.47712125471966244
expanse,0.0791812460476248
reflects,0.17609125905568124
assemblage,0.0791812460476248
towers,0.47712125471966244
spires,0.30102999566398114
embosomed,0.47712125471966244
embittered,0.47712125471966244
anticipation,0.0791812460476248
discontent,0.0
ennui,0.30102999566398114
elasticity,0.17609125905568124
bolt,0.0791812460476248
spectacle,0.0791812460476248
pitiable,0.0791812460476248
identify,0.17609125905568124
animating,0.47712125471966244
successive,0.17609125905568124
tomb,0.0791812460476248
illustrious,0.17609125905568124
hampden,0.47712125471966244
patriot,0.47712125471966244
debasing,0.47712125471966244
monuments,0.17609125905568124
remembrancers,0.47712125471966244
iron,0.0
eaten,0.0
scale,-0.06694678963061322
cave,0.0791812460476248
cabinets,0.30102999566398114
curiosities,0.30102999566398114
collections,0.30102999566398114
derby,0.30102999566398114
northwards,0.30102999566398114
westmorland,0.47712125471966244
patches,0.0791812460476248
rocky,0.0791812460476248
acquaintances,0.17609125905568124
capacities,0.30102999566398114
inferiors,0.30102999566398114
includes,0.30102999566398114
stretch,0.0791812460476248
begins,0.0
finds,0.0791812460476248
engages,0.30102999566398114
forsakes,0.30102999566398114
appointment,0.17609125905568124
scotch,0.47712125471966244
snatched,0.0791812460476248
feverish,0.0791812460476248
superscription,0.47712125471966244
ascertain,0.0
expedite,0.30102999566398114
remissness,0.30102999566398114
murdering,0.17609125905568124
fancied,0.0
languid,0.17609125905568124
antiquity,0.17609125905568124
pleasing,0.0
regularity,0.0791812460476248
bernard,0.30102999566398114
pentland,0.47712125471966244
termination,0.30102999566398114
coupar,0.47712125471966244
andrew,0.30102999566398114
tay,0.47712125471966244
rendezvous,0.30102999566398114
congenial,0.17609125905568124
dissuade,0.30102999566398114
remonstrate,0.30102999566398114
parted,0.0791812460476248
remotest,0.17609125905568124
orkneys,0.47712125471966244
beaten,0.0
soil,-0.06694678963061322
pasture,0.30102999566398114
cows,0.30102999566398114
oatmeal,0.47712125471966244
persons,0.0791812460476248
gaunt,0.30102999566398114
scraggy,0.47712125471966244
tokens,0.30102999566398114
luxuries,0.17609125905568124
mainland,0.30102999566398114
vacant,0.17609125905568124
rooms,0.0
squalidness,0.47712125471966244
thatch,0.30102999566398114
unplastered,0.47712125471966244
hinges,0.17609125905568124
ordered,0.0
repaired,0.0791812460476248
occasioned,0.30102999566398114
benumbed,0.47712125471966244
ungazed,0.47712125471966244
unmolested,0.47712125471966244
coarsest,0.30102999566398114
beach,0.0791812460476248
roared,0.0
changing,0.0
thickly,0.0791812460476248
roarings,0.47712125471966244
giant,-0.06694678963061322
distributed,0.17609125905568124
toiled,0.17609125905568124
experiment,0.0
frenzy,0.0791812460476248
blinded,0.17609125905568124
proceedings,0.17609125905568124
immersed,0.17609125905568124
unequal,0.17609125905568124
persecutor,0.30102999566398114
tremulous,0.0791812460476248
intermixed,0.47712125471966244
sicken,0.47712125471966244
malignant,0.30102999566398114
deserts,0.17609125905568124
compact,-0.06694678963061322
provocation,0.17609125905568124
propagated,0.47712125471966244
precarious,0.0791812460476248
generations,0.0
sophisms,0.30102999566398114
pest,0.47712125471966244
selfishness,0.0791812460476248
buy,0.0
casement,0.30102999566398114
ghastly,0.0791812460476248
fulfilling,0.17609125905568124
allotted,0.17609125905568124
forests,0.17609125905568124
heaths,0.47712125471966244
mark,0.0
treachery,0.0791812460476248
creating,0.30102999566398114
howl,0.17609125905568124
devilish,0.17609125905568124
locking,0.17609125905568124
resume,0.17609125905568124
reveries,0.30102999566398114
reposed,0.30102999566398114
quiet,0.0
vessels,0.17609125905568124
specked,0.47712125471966244
fishermen,0.17609125905568124
conscious,-0.06694678963061322
profundity,0.30102999566398114
arrested,0.17609125905568124
paddling,0.30102999566398114
oars,0.0791812460476248
landed,0.0
creaking,0.0
softly,0.0791812460476248
presentiment,0.0791812460476248
rouse,0.30102999566398114
dwelt,0.17609125905568124
helplessness,0.0791812460476248
rooted,0.0791812460476248
smothered,0.0791812460476248
willow,0.30102999566398114
incalculable,0.30102999566398114
reasoned,0.0791812460476248
condescension,0.30102999566398114
obey,0.0
irresolution,0.47712125471966244
exasperate,0.30102999566398114
requited,0.47712125471966244
beware,0.0791812460476248
ravish,0.30102999566398114
grovel,0.47712125471966244
henceforth,0.17609125905568124
tyrant,0.17609125905568124
tormentor,0.30102999566398114
gazes,0.47712125471966244
fearless,0.17609125905568124
wiliness,0.47712125471966244
snake,0.0
venom,0.47712125471966244
coward,0.0
wedding,0.17609125905568124
villain,0.0791812460476248
sign,0.0
warrant,0.17609125905568124
precipitation,0.30102999566398114
shot,0.0
arrowy,0.47712125471966244
perturbed,0.30102999566398114
conjured,0.30102999566398114
strife,0.17609125905568124
sacrificed,0.0791812460476248
insatiate,0.30102999566398114
endless,0.0
barbarously,0.47712125471966244
streamed,0.17609125905568124
sinks,0.17609125905568124
depths,0.17609125905568124
contention,0.30102999566398114
insuperable,0.47712125471966244
wearily,0.30102999566398114
uninterrupted,0.30102999566398114
isle,0.17609125905568124
separation,0.17609125905568124
overpowered,0.0791812460476248
knell,0.17609125905568124
satisfying,0.30102999566398114
ravenous,0.30102999566398114
oaten,0.47712125471966244
cake,0.30102999566398114
packet,0.0791812460476248
wearing,0.0
fruitlessly,0.30102999566398114
negotiation,0.30102999566398114
indian,0.0
besought,0.30102999566398114
southwards,0.47712125471966244
pack,0.0791812460476248
handle,0.0
utensils,0.47712125471966244
daybreak,0.17609125905568124
summoned,0.17609125905568124
unlocked,0.30102999566398114
mangled,0.30102999566398114
relics,0.30102999566398114
basket,0.0791812460476248
cleaning,0.30102999566398114
film,0.17609125905568124
renewing,0.0791812460476248
threat,0.17609125905568124
voluntary,0.17609125905568124
basest,0.30102999566398114
atrocious,0.17609125905568124
aboard,0.0791812460476248
skiff,0.17609125905568124
sailed,0.0791812460476248
boats,0.0791812460476248
commission,0.30102999566398114
avoided,0.0
shuddering,0.30102999566398114
overspread,0.17609125905568124
gurgling,0.30102999566398114
northeast,0.47712125471966244
rudder,0.0791812460476248
position,-0.06694678963061322
keel,0.17609125905568124
lulled,0.30102999566398114
soundly,0.17609125905568124
coast,0.0791812460476248
embarked,0.17609125905568124
compass,0.0
slenderly,0.30102999566398114
atlantic,0.47712125471966244
starvation,0.0791812460476248
immeasurable,0.0791812460476248
buffeted,0.47712125471966244
prelude,0.0
flew,0.0
merciless,0.30102999566398114
reverie,0.30102999566398114
closing,0.0791812460476248
breakers,0.30102999566398114
swell,0.0
flood,0.0
mutable,0.47712125471966244
clinging,0.0791812460476248
steered,0.0791812460476248
civilised,0.30102999566398114
traced,0.0
hailed,0.0791812460476248
issuing,0.0791812460476248
debility,0.47712125471966244
directly,-0.06694678963061322
harbour,0.0791812460476248
hoarse,0.0791812460476248
maybe,0.17609125905568124
disconcerted,0.30102999566398114
frowning,0.17609125905568124
angry,0.0
roughly,0.0791812460476248
custom,0.0
englishmen,0.30102999566398114
inhospitably,0.47712125471966244
irish,0.47712125471966244
villains,0.0791812460476248
dialogue,0.17609125905568124
annoyed,0.0791812460476248
murmuring,0.17609125905568124
mr,0.0
kirwin,0.47712125471966244
honest,0.0
folks,0.17609125905568124
gentleman,0.0
conductor,0.0791812460476248
politic,0.0791812460476248
construed,0.30102999566398114
calamity,0.17609125905568124
recall,0.0
proper,-0.06694678963061322
conductors,0.30102999566398114
dozen,0.0791812460476248
deposed,0.17609125905568124
daniel,0.47712125471966244
nugent,0.47712125471966244
northerly,0.47712125471966244
port,0.0791812460476248
creek,0.30102999566398114
carrying,-0.06694678963061322
tackle,0.47712125471966244
sands,0.17609125905568124
lantern,0.0791812460476248
supposition,0.0791812460476248
drowned,0.0
examination,-0.06694678963061322
handsome,0.0
strangled,0.30102999566398114
unfavourable,0.30102999566398114
augury,0.30102999566398114
swore,0.0791812460476248
positively,0.0
push,0.0
rubbed,0.0791812460476248
apothecary,0.47712125471966244
arisen,0.0791812460476248
likely,0.0
deposited,0.0791812460476248
suggested,0.0
coincidences,0.30102999566398114
eventful,0.47712125471966244
affair,0.0
gasped,0.0791812460476248
breath,0.0
murderous,0.17609125905568124
await,0.0
agonies,0.30102999566398114
convulsions,0.17609125905568124
grasping,0.0791812460476248
screamed,0.17609125905568124
cries,-0.06694678963061322
snatches,0.0791812460476248
brides,0.30102999566398114
prey,0.0791812460476248
resist,0.0791812460476248
shocks,0.30102999566398114
wheel,0.0
awaking,0.0791812460476248
gaolers,0.47712125471966244
turnkeys,0.30102999566398114
bolts,0.17609125905568124
barred,0.17609125905568124
flashed,0.0791812460476248
bad,0.0
characterise,0.47712125471966244
class,-0.06694678963061322
indifference,0.17609125905568124
feeble,0.0
physician,-0.06694678963061322
prescribed,0.0791812460476248
medicines,0.0
hangman,0.47712125471966244
fee,0.30102999566398114
recovering,0.30102999566398114
declare,0.0
penalty,0.17609125905568124
shocking,0.17609125905568124
comfortable,0.0
concern,0.0
mortals,0.17609125905568124
persecuted,0.17609125905568124
agonising,0.30102999566398114
chances,0.0
renowned,0.17609125905568124
hospitality,0.0791812460476248
unaccountable,0.30102999566398114
retrospect,0.47712125471966244
send,0.0
taunt,0.47712125471966244
incitement,0.47712125471966244
exclamation,0.17609125905568124
inspiring,0.17609125905568124
feature,0.0
muscle,0.30102999566398114
relaxed,0.0
momentary,0.0791812460476248
assurances,0.30102999566398114
hangs,0.17609125905568124
fulfil,0.17609125905568124
insisted,0.0791812460476248
relapse,0.17609125905568124
throbbings,0.30102999566398114
executing,0.17609125905568124
award,0.47712125471966244
speechless,0.17609125905568124
bury,0.0791812460476248
assizes,0.17609125905568124
disgrace,0.0791812460476248
appearing,0.17609125905568124
decides,0.17609125905568124
jury,0.30102999566398114
bill,0.0
orkney,0.47712125471966244
removal,0.17609125905568124
liberated,0.0791812460476248
vexations,0.47712125471966244
palace,0.17609125905568124
poisoned,0.30102999566398114
dense,0.0791812460476248
glared,0.0791812460476248
languishing,0.30102999566398114
orbs,0.30102999566398114
lids,0.17609125905568124
maladie,0.47712125471966244
du,0.30102999566398114
rhone,0.47712125471966244
torpor,0.30102999566398114
divinest,0.47712125471966244
paroxysms,0.17609125905568124
unceasing,0.0791812460476248
attendance,0.30102999566398114
vigilance,0.30102999566398114
committing,0.17609125905568124
concealment,0.0791812460476248
unfailing,0.47712125471966244
fatigues,0.17609125905568124
skeleton,0.0791812460476248
ireland,0.30102999566398114
inquietude,0.17609125905568124
havre,0.30102999566398114
blew,0.0791812460476248
repassed,0.30102999566398114
residing,0.30102999566398114
laudanum,0.30102999566398114
drug,0.0791812460476248
profoundly,0.0791812460476248
scared,0.17609125905568124
nightmare,0.17609125905568124
restlessness,0.17609125905568124
security,0.17609125905568124
truce,0.30102999566398114
established,0.0
disastrous,0.0791812460476248
imparted,0.17609125905568124
susceptible,0.30102999566398114
overtaxed,0.47712125471966244
erroneous,0.17609125905568124
methods,0.0791812460476248
remedy,0.17609125905568124
incurable,0.17609125905568124
brethren,0.0791812460476248
unchained,0.47712125471966244
revel,0.47712125471966244
hunt,0.0
acts,0.0
futility,0.47712125471966244
imprisonment,0.30102999566398114
assertion,0.0791812460476248
preserved,0.17609125905568124
maintained,0.17609125905568124
persuasion,0.17609125905568124
tongue,0.0
hearer,0.17609125905568124
inmates,0.0791812460476248
confided,0.17609125905568124
uncontrollably,0.47712125471966244
infatuation,0.17609125905568124
energetically,0.0791812460476248
deranged,0.17609125905568124
obliterate,0.30102999566398114
alluded,0.17609125905568124
incoherent,0.0791812460476248
curbed,0.47712125471966244
imperious,0.17609125905568124
formidable,0.0791812460476248
weigh,0.17609125905568124
doubts,0.0791812460476248
postpone,0.47712125471966244
playfellows,0.47712125471966244
entertain,0.17609125905568124
desiring,0.0791812460476248
opposed,0.0791812460476248
airy,0.0791812460476248
futurity,0.30102999566398114
eternally,0.30102999566398114
cruellest,0.47712125471966244
disinterested,0.17609125905568124
tenfold,0.0791812460476248
obstacle,0.17609125905568124
glimpse,0.0791812460476248
consummate,0.17609125905568124
victorious,0.0
vanquished,0.17609125905568124
enjoys,0.17609125905568124
massacred,0.47712125471966244
lands,-0.06694678963061322
laid,-0.06694678963061322
adrift,0.0791812460476248
homeless,0.30102999566398114
penniless,0.30102999566398114
balanced,0.0
reread,0.47712125471966244
whisper,0.0
paradisiacal,0.47712125471966244
apple,0.17609125905568124
bared,0.30102999566398114
executed,0.0791812460476248
inevitable,0.0791812460476248
torturer,0.47712125471966244
suspect,0.0
menaces,0.30102999566398114
binding,0.0791812460476248
enunciation,0.47712125471966244
conduce,0.17609125905568124
adversary,0.0791812460476248
designs,0.0791812460476248
retard,0.30102999566398114
centred,0.17609125905568124
consecrate,0.30102999566398114
contentment,0.30102999566398114
revealed,0.0791812460476248
thinner,0.47712125471966244
charmed,0.17609125905568124
despondent,0.47712125471966244
cling,0.0
transfer,0.0791812460476248
replace,0.0791812460476248
cruelly,0.0791812460476248
unavoidable,0.0791812460476248
seal,0.0
nicer,0.47712125471966244
tangible,0.17609125905568124
serve,0.0
decorations,0.30102999566398114
tragedy,0.0
inheritance,0.0791812460476248
austrian,0.17609125905568124
openly,-0.06694678963061322
attack,-0.06694678963061322
pistols,0.17609125905568124
dagger,0.0791812460476248
artifice,0.30102999566398114
delusion,0.17609125905568124
pervaded,0.17609125905568124
bustle,0.17609125905568124
preparation,0.0791812460476248
diffidence,0.47712125471966244
bride,0.0791812460476248
assembled,0.0
evian,0.47712125471966244
nuptial,0.30102999566398114
hot,0.0
canopy,0.30102999566398114
montal,0.47712125471966244
gre,0.47712125471966244
surmounting,0.17609125905568124
emulate,0.47712125471966244
coasting,0.30102999566398114
opposing,0.0791812460476248
invader,0.30102999566398114
enslave,0.30102999566398114
permits,0.30102999566398114
whispers,0.0791812460476248
sinister,0.17609125905568124
dome,0.30102999566398114
fish,0.0
swimming,0.17609125905568124
pebble,0.47712125471966244
divert,0.0791812460476248
instants,0.30102999566398114
distraction,0.0791812460476248
drance,0.47712125471966244
chasms,0.17609125905568124
glens,0.47712125471966244
amphitheatre,0.17609125905568124
spire,0.47712125471966244
range,-0.06694678963061322
amazing,0.17609125905568124
ruffled,0.30102999566398114
hay,0.17609125905568124
clasp,0.0791812460476248
enjoying,0.0791812460476248
obscured,0.17609125905568124
displaying,0.30102999566398114
outlines,0.30102999566398114
west,-0.06694678963061322
swifter,0.30102999566398114
vulture,0.30102999566398114
dimmed,0.17609125905568124
busier,0.47712125471966244
pistol,0.0791812460476248
sell,-0.06694678963061322
shrink,0.0791812460476248
conflict,0.17609125905568124
timid,0.17609125905568124
momentarily,0.17609125905568124
passages,0.0791812460476248
inspecting,0.30102999566398114
intervened,0.47712125471966244
dropped,-0.06694678963061322
fibre,0.47712125471966244
suspended,0.17609125905568124
trickling,0.30102999566398114
extremities,0.30102999566398114
expire,0.30102999566398114
purest,0.17609125905568124
distorted,0.0791812460476248
bloodless,0.30102999566398114
bridal,0.30102999566398114
bier,0.17609125905568124
obstinate,0.0791812460476248
posture,0.0791812460476248
handkerchief,0.0791812460476248
coldness,0.30102999566398114
panic,0.0791812460476248
jeer,0.47712125471966244
leaped,0.0791812460476248
nets,0.30102999566398114
parties,-0.06694678963061322
directions,0.0
whirled,0.0791812460476248
drunken,0.0791812460476248
instinct,0.0
crawled,0.17609125905568124
rambled,0.47712125471966244
reflecting,0.17609125905568124
confusedly,0.47712125471966244
lastly,0.17609125905568124
writhing,0.17609125905568124
row,0.0791812460476248
oar,0.17609125905568124
acme,0.47712125471966244
springs,0.0
dreamt,0.17609125905568124
flowery,0.30102999566398114
vales,0.47712125471966244
released,0.0
prayed,0.0
securing,0.30102999566398114
release,0.0791812460476248
accusation,0.0791812460476248
exert,0.17609125905568124
authority,0.0791812460476248
impressive,0.30102999566398114
quieted,0.0791812460476248
reconciled,0.0791812460476248
marking,0.30102999566398114
dates,0.0791812460476248
deviating,0.30102999566398114
invective,0.47712125471966244
disbelief,0.17609125905568124
seizure,0.47712125471966244
revolt,0.17609125905568124
auditor,0.30102999566398114
officially,0.0791812460476248
consequence,-0.06694678963061322
tide,0.0
incredulity,0.30102999566398114
mildly,0.30102999566398114
defiance,0.30102999566398114
traverse,0.30102999566398114
dens,0.47712125471966244
venture,0.0791812460476248
intrude,0.17609125905568124
hovers,0.47712125471966244
hunted,0.0791812460476248
intimidated,0.47712125471966244
proportionate,0.30102999566398114
properties,0.0791812460476248
impracticable,0.30102999566398114
unspeakable,0.0791812460476248
exists,0.0
haughty,0.17609125905568124
fierceness,0.17609125905568124
martyrs,0.30102999566398114
genevan,0.47712125471966244
devotion,0.0791812460476248
heroism,0.30102999566398114
elevation,0.17609125905568124
reverted,0.17609125905568124
calculating,0.17609125905568124
periods,0.0791812460476248
hardships,0.30102999566398114
wont,0.0791812460476248
sandy,0.0791812460476248
unsettled,0.17609125905568124
entrance,0.0
cemetery,0.17609125905568124
uninterested,0.30102999566398114
observer,0.30102999566398114
flit,0.17609125905568124
mourner,0.30102999566398114
drag,-0.06694678963061322
weary,0.0
quivering,0.17609125905568124
sacred,0.0791812460476248
preside,0.17609125905568124
vanish,0.0
ministers,0.0791812460476248
adjuration,0.47712125471966244
approved,0.0791812460476248
furies,0.47712125471966244
choked,0.0791812460476248
re,-0.06694678963061322
mediterranean,0.30102999566398114
tartary,0.47712125471966244
evaded,0.30102999566398114
snows,0.30102999566398114
murmured,0.0791812460476248
extricate,0.17609125905568124
repast,0.17609125905568124
invoked,0.0791812460476248
bedim,0.47712125471966244
courses,0.30102999566398114
population,0.0
killed,0.0791812460476248
cooking,0.17609125905568124
retain,0.0791812460476248
wearied,0.0791812460476248
toilsome,0.30102999566398114
dreaming,0.0791812460476248
waking,0.0791812460476248
mechanical,0.0791812460476248
marks,0.0
barks,0.30102999566398114
instigated,0.30102999566398114
reign,0.0791812460476248
legible,0.30102999566398114
inscriptions,0.47712125471966244
ices,0.30102999566398114
impassive,0.30102999566398114
tardily,0.47712125471966244
hare,0.30102999566398114
wrestle,0.30102999566398114
scoffing,0.47712125471966244
northward,0.17609125905568124
thickened,0.30102999566398114
hovels,0.47712125471966244
article,0.0
inscription,0.30102999566398114
wrap,0.17609125905568124
invigorated,0.30102999566398114
unabated,0.30102999566398114
ruggedness,0.47712125471966244
greeks,0.0791812460476248
guiding,0.0791812460476248
conducting,0.17609125905568124
gibe,0.47712125471966244
grapple,0.0791812460476248
intercept,0.30102999566398114
hamlet,0.0791812460476248
seashore,0.30102999566398114
accurate,0.0
armed,-0.06694678963061322
trained,0.0
harnessed,0.17609125905568124
frosts,0.30102999566398114
destructive,0.0791812460476248
mountainous,0.47712125471966244
sunny,0.17609125905568124
triumphant,0.17609125905568124
hovered,0.17609125905568124
fashioned,0.0791812460476248
purchasing,0.30102999566398114
provisions,0.0
retribution,0.17609125905568124
provision,0.0
protraction,0.47712125471966244
wrung,0.17609125905568124
speck,0.17609125905568124
dusky,0.30102999566398114
strained,0.0791812460476248
proportions,0.0791812460476248
wiped,0.17609125905568124
disencumbered,0.47712125471966244
intervening,0.17609125905568124
crags,0.0791812460476248
perceptibly,0.30102999566398114
rolled,0.0791812460476248
ominous,0.17609125905568124
split,0.17609125905568124
cracked,0.0791812460476248
drifting,0.30102999566398114
lessening,0.30102999566398114
riding,-0.06694678963061322
anchor,0.0791812460476248
holding,0.0
astounded,0.30102999566398114
construct,0.30102999566398114
raft,0.47712125471966244
mercy,0.0
vigour,0.0
multiplied,0.17609125905568124
unfulfilled,0.47712125471966244
undergone,0.17609125905568124
eloquent,0.0791812460476248
persuasive,0.17609125905568124
sword,0.0791812460476248
hover,0.30102999566398114
steel,0.0
aright,0.0791812460476248
continuation,0.17609125905568124
congeal,0.47712125471966244
curdles,0.47712125471966244
piercing,0.0791812460476248
downcast,0.17609125905568124
suppressing,0.30102999566398114
volcano,0.30102999566398114
bursting,0.17609125905568124
imprecations,0.17609125905568124
asseverations,0.47712125471966244
formation,0.0791812460476248
corrected,0.30102999566398114
conversations,0.17609125905568124
mutilated,0.17609125905568124
posterity,0.30102999566398114
strangest,0.0791812460476248
counsel,0.0791812460476248
infinitely,0.0791812460476248
destitute,0.17609125905568124
composes,0.47712125471966244
holds,0.0
derives,0.30102999566398114
excitements,0.47712125471966244
imposing,0.30102999566398114
literature,0.0791812460476248
displays,0.17609125905568124
forcible,0.30102999566398114
pathetic,0.17609125905568124
greatness,0.30102999566398114
coolness,0.0791812460476248
achievements,0.30102999566398114
talents,0.30102999566398114
rational,0.0791812460476248
herd,0.30102999566398114
projectors,0.47712125471966244
serves,0.17609125905568124
speculations,0.17609125905568124
aspired,0.47712125471966244
analysis,0.0791812460476248
incomplete,0.17609125905568124
trod,0.0791812460476248
exulting,0.47712125471966244
recognise,0.17609125905568124
rarely,0.17609125905568124
reconcile,0.17609125905568124
repulses,0.47712125471966244
later,-0.06694678963061322
infantine,0.47712125471966244
modified,0.17609125905568124
eradicated,0.30102999566398114
fraud,0.30102999566398114
dealing,0.0791812460476248
association,0.0791812460476248
fraught,0.30102999566398114
peril,0.0
admit,0.0
threaten,0.0791812460476248
brave,-0.06694678963061322
endangered,0.30102999566398114
schemes,0.17609125905568124
visitings,0.47712125471966244
expectations,0.17609125905568124
regards,0.17609125905568124
talks,0.0
auguries,0.47712125471966244
rouses,0.30102999566398114
energies,0.17609125905568124
mutiny,0.17609125905568124
imminent,0.30102999566398114
crushed,0.0
glimmers,0.47712125471966244
lifelessness,0.47712125471966244
wan,0.30102999566398114
listlessly,0.30102999566398114
admission,0.0791812460476248
leader,0.0791812460476248
deputation,0.47712125471966244
surmounted,0.30102999566398114
despaired,0.47712125471966244
smooth,0.0
encountered,0.0791812460476248
handed,-0.06694678963061322
chilly,0.47712125471966244
firesides,0.47712125471966244
shame,0.0
defeat,0.0791812460476248
cowards,0.0
stuff,0.0
withstand,0.47712125471966244
stigma,0.30102999566398114
brows,0.0791812460476248
fought,-0.06694678963061322
backs,0.0
modulated,0.17609125905568124
strenuously,0.17609125905568124
terminate,0.30102999566398114
shamefully,0.30102999566398114
unsupported,0.47712125471966244
indecision,0.30102999566398114
despond,0.47712125471966244
passive,0.17609125905568124
shout,0.0791812460476248
dozing,0.30102999566398114
demands,0.0791812460476248
unwillingly,0.17609125905568124
assigned,0.0791812460476248
endow,0.30102999566398114
extinct,0.17609125905568124
surgeon,0.0791812460476248
composing,0.47712125471966244
grieve,0.17609125905568124
bidding,0.0
blamable,0.47712125471966244
paramount,0.17609125905568124
claims,0.0791812460476248
included,0.0
refusing,0.17609125905568124
actuated,0.17609125905568124
renounce,0.17609125905568124
points,0.0
balancing,0.17609125905568124
misled,0.17609125905568124
disturbs,0.30102999566398114
distinguishing,0.0791812460476248
fainter,0.0791812460476248
feebly,0.0791812460476248
irradiation,0.47712125471966244
comment,0.17609125905568124
depth,0.0791812460476248
inadequate,0.17609125905568124
overshadowed,0.30102999566398114
portend,0.47712125471966244
fairly,0.0
stir,0.0
hoarser,0.47712125471966244
comes,0.0
fated,0.17609125905568124
locks,0.17609125905568124
texture,0.17609125905568124
consummated,0.30102999566398114
irretrievably,0.47712125471966244
lovedst,0.47712125471966244
obeying,0.0791812460476248
scaring,0.17609125905568124
reproaches,0.17609125905568124
superfluous,0.17609125905568124
heeded,0.30102999566398114
stings,0.17609125905568124
diabolical,0.0791812460476248
extremity,0.17609125905568124
thousandth,0.30102999566398114
lingering,0.0791812460476248
wrenched,0.17609125905568124
pitied,0.0791812460476248
impotent,0.17609125905568124
insatiable,0.30102999566398114
disobey,0.17609125905568124
riot,0.30102999566398114
adapt,0.17609125905568124
rekindled,0.30102999566398114
whine,0.47712125471966244
torch,0.0791812460476248
buildings,0.17609125905568124
hypocritical,0.17609125905568124
withdrawn,0.0791812460476248
participated,0.30102999566398114
opprobrium,0.47712125471966244
fame,0.17609125905568124
falsely,0.30102999566398114
pardoning,0.47712125471966244
nourished,0.30102999566398114
meanest,0.30102999566398114
comparable,0.30102999566398114
catalogue,0.17609125905568124
transcendent,0.47712125471966244
associates,0.17609125905568124
wasting,0.0791812460476248
craving,0.30102999566398114
fellowship,0.17609125905568124
humankind,0.47712125471966244
sinned,0.17609125905568124
contumely,0.47712125471966244
execrate,0.30102999566398114
saviour,0.17609125905568124
immaculate,0.47712125471966244
abortion,0.47712125471966244
kicked,0.17609125905568124
trampled,0.0791812460476248
boils,0.17609125905568124
injured,0.0
select,0.17609125905568124
specimen,0.17609125905568124
irremediable,0.17609125905568124
haunt,0.47712125471966244
needed,-0.06694678963061322
thither,0.0
ashes,0.0
curious,0.0
unquenched,0.47712125471966244
affords,0.17609125905568124
rustling,0.17609125905568124
warbling,0.17609125905568124
polluted,0.30102999566398114
wert,0.47712125471966244
didst,0.30102999566398114
hadst,0.47712125471966244
wouldst,0.30102999566398114
rankle,0.47712125471966244
triumphantly,0.17609125905568124
exult,0.47712125471966244
torturing,0.0791812460476248
conflagration,0.30102999566398114
fade,0.0791812460476248
thinks,0.0
dracula,0.47712125471966244
bram,0.47712125471966244
stoker,0.47712125471966244
illustration,0.30102999566398114
colophon,0.47712125471966244
york,0.47712125471966244
grosset,0.47712125471966244
dunlap,0.47712125471966244
publishers,0.47712125471966244
copyright,0.47712125471966244
congress,0.47712125471966244
rights,0.0
printed,0.17609125905568124
y,0.17609125905568124
hommy,0.47712125471966244
jonathan,0.47712125471966244
harker,0.47712125471966244
ii,0.0
iii,0.0
iv,0.0
v,0.0791812460476248
lucy,0.47712125471966244
mina,0.47712125471966244
vi,0.0791812460476248
murray,0.47712125471966244
vii,0.0791812460476248
cutting,0.17609125905568124
dailygraph,0.47712125471966244
viii,0.17609125905568124
ix,0.0791812460476248
x,0.0791812460476248
xi,0.30102999566398114
westenra,0.47712125471966244
diary,0.47712125471966244
xii,0.0791812460476248
dr,0.0791812460476248
seward,0.47712125471966244
xiii,0.17609125905568124
xiv,0.17609125905568124
xv,0.17609125905568124
xvi,0.17609125905568124
xvii,0.30102999566398114
xviii,0.17609125905568124
xix,0.30102999566398114
xx,0.30102999566398114
xxi,0.30102999566398114
xxii,0.17609125905568124
xxiii,0.30102999566398114
xxiv,0.30102999566398114
phonograph,0.47712125471966244
van,0.30102999566398114
helsing,0.47712125471966244
xxv,0.30102999566398114
xxvi,0.30102999566398114
xxvii,0.30102999566398114
sequence,0.17609125905568124
manifest,0.17609125905568124
needless,0.30102999566398114
eliminated,0.30102999566398114
variance,0.17609125905568124
possibilities,0.17609125905568124
throughout,0.0791812460476248
wherein,0.17609125905568124
err,0.17609125905568124
records,0.30102999566398114
contemporary,0.17609125905568124
standpoints,0.47712125471966244
shorthand,0.47712125471966244
bistritz,0.47712125471966244
munich,0.47712125471966244
vienna,0.30102999566398114
buda,0.47712125471966244
pesth,0.47712125471966244
got,0.0
start,0.0791812460476248
correct,0.17609125905568124
splendid,0.17609125905568124
bridges,0.47712125471966244
danube,0.47712125471966244
traditions,0.17609125905568124
nightfall,0.17609125905568124
klausenburgh,0.47712125471966244
hotel,0.30102999566398114
royale,0.30102999566398114
supper,0.0791812460476248
chicken,0.30102999566398114
pepper,0.47712125471966244
thirsty,0.17609125905568124
mem,0.30102999566398114
recipe,0.30102999566398114
waiter,0.30102999566398114
paprika,0.47712125471966244
hendl,0.47712125471966244
dish,0.17609125905568124
anywhere,0.0791812460476248
carpathians,0.47712125471966244
smattering,0.30102999566398114
don,0.0
disposal,0.0791812460476248
british,0.17609125905568124
museum,0.17609125905568124
maps,0.47712125471966244
transylvania,0.47712125471966244
foreknowledge,0.47712125471966244
borders,0.0791812460476248
moldavia,0.47712125471966244
bukovina,0.47712125471966244
carpathian,0.47712125471966244
portions,0.0791812460476248
exact,0.0
locality,0.30102999566398114
compare,0.30102999566398114
ordnance,0.47712125471966244
survey,0.17609125905568124
count,0.0791812460476248
refresh,0.30102999566398114
nationalities,0.30102999566398114
saxons,0.47712125471966244
mixed,0.0791812460476248
wallachs,0.47712125471966244
descendants,0.17609125905568124
dacians,0.47712125471966244
magyars,0.47712125471966244
szekelys,0.47712125471966244
attila,0.30102999566398114
huns,0.47712125471966244
eleventh,0.30102999566398114
horseshoe,0.30102999566398114
sort,0.0791812460476248
whirlpool,0.30102999566398114
though,0.0
sorts,0.0791812460476248
queer,0.30102999566398114
howling,0.30102999566398114
carafe,0.30102999566398114
wakened,0.30102999566398114
continuous,0.17609125905568124
knocking,0.17609125905568124
porridge,0.30102999566398114
maize,0.47712125471966244
flour,0.17609125905568124
mamaliga,0.47712125471966244
egg,0.30102999566398114
plant,0.17609125905568124
stuffed,0.30102999566398114
forcemeat,0.47712125471966244
impletata,0.47712125471966244
unpunctual,0.47712125471966244
china,0.17609125905568124
dawdle,0.47712125471966244
missals,0.47712125471966244
margin,0.17609125905568124
floods,0.30102999566398114
sweep,0.30102999566398114
groups,0.30102999566398114
crowds,0.47712125471966244
attire,0.17609125905568124
jackets,0.30102999566398114
hats,0.30102999566398114
trousers,0.30102999566398114
clumsy,0.0791812460476248
waist,0.17609125905568124
sleeves,0.30102999566398114
big,0.17609125905568124
belts,0.30102999566398114
strips,0.30102999566398114
fluttering,0.17609125905568124
dresses,0.17609125905568124
ballet,0.30102999566398114
petticoats,0.47712125471966244
slovaks,0.47712125471966244
barbarian,0.30102999566398114
baggy,0.47712125471966244
dirty,0.17609125905568124
shirts,0.17609125905568124
enormous,0.0791812460476248
leather,0.0791812460476248
studded,0.30102999566398114
brass,0.17609125905568124
nails,0.17609125905568124
boots,0.17609125905568124
tucked,0.47712125471966244
moustaches,0.30102999566398114
prepossessing,0.30102999566398114
band,0.17609125905568124
brigands,0.30102999566398114
wanting,0.0
twilight,0.17609125905568124
frontier,0.17609125905568124
borgo,0.30102999566398114
leads,0.0791812460476248
stormy,0.17609125905568124
shows,0.17609125905568124
fires,0.17609125905568124
separate,0.0
seventeenth,0.17609125905568124
siege,0.17609125905568124
krone,0.47712125471966244
thoroughly,0.0791812460476248
wanted,0.0791812460476248
faced,0.17609125905568124
cheery,0.47712125471966244
elderly,0.17609125905568124
undergarment,0.47712125471966244
apron,0.30102999566398114
front,0.0
coloured,0.17609125905568124
tight,0.17609125905568124
bowed,0.17609125905568124
herr,0.47712125471966244
message,0.0791812460476248
shirt,0.17609125905568124
expecting,0.0791812460476248
landlord,0.0791812460476248
directing,0.30102999566398114
reticent,0.30102999566398114
mumbled,0.47712125471966244
comforting,0.47712125471966244
hysterical,0.30102999566398114
grip,0.30102999566398114
asking,0.0791812460476248
fourth,0.0791812460476248
george,0.17609125905568124
strikes,0.0791812460476248
evident,0.0791812460476248
implored,0.30102999566398114
ridiculous,0.0791812460476248
gravely,0.17609125905568124
imperative,0.30102999566398114
crucifix,0.17609125905568124
churchman,0.30102999566398114
idolatrous,0.47712125471966244
ungracious,0.47712125471966244
rosary,0.30102999566398114
ghostly,0.30102999566398114
easy,0.0791812460476248
bye,0.0791812460476248
jagged,0.47712125471966244
sleepy,0.0791812460476248
naturally,0.0
odd,0.0791812460476248
reads,0.30102999566398114
dined,0.30102999566398114
robber,0.30102999566398114
steak,0.47712125471966244
bits,0.17609125905568124
bacon,0.0791812460476248
onion,0.47712125471966244
beef,0.30102999566398114
seasoned,0.47712125471966244
strung,0.47712125471966244
sticks,0.0791812460476248
cat,0.17609125905568124
meat,0.0791812460476248
mediasch,0.47712125471966244
disagreeable,0.17609125905568124
couple,0.17609125905568124
glasses,0.17609125905568124
driver,0.30102999566398114
landlady,0.47712125471966244
bench,0.17609125905568124
bearer,0.0791812460476248
pityingly,0.47712125471966244
polyglot,0.47712125471966244
dictionary,0.30102999566398114
bag,0.0791812460476248
ordog,0.47712125471966244
pokol,0.47712125471966244
stregoica,0.47712125471966244
witch,0.47712125471966244
vrolok,0.47712125471966244
vlkoslak,0.47712125471966244
slovak,0.47712125471966244
servian,0.47712125471966244
wolf,0.0791812460476248
superstitions,0.17609125905568124
size,0.0791812460476248
passenger,0.17609125905568124
guard,0.0791812460476248
sympathetic,0.17609125905568124
archway,0.30102999566398114
background,0.0791812460476248
oleander,0.47712125471966244
orange,0.30102999566398114
tubs,0.47712125471966244
clustered,0.47712125471966244
drawers,0.30102999566398114
box,0.0791812460476248
gotza,0.47712125471966244
whip,0.17609125905568124
abreast,0.30102999566398114
passengers,0.17609125905568124
crowned,0.17609125905568124
clumps,0.17609125905568124
farmhouses,0.47712125471966244
blank,0.0791812460476248
gable,0.47712125471966244
bewildering,0.47712125471966244
fruit,0.0791812460476248
plum,0.30102999566398114
pear,0.47712125471966244
cherry,0.30102999566398114
spangled,0.30102999566398114
petals,0.47712125471966244
mittel,0.47712125471966244
losing,0.0791812460476248
grassy,0.47712125471966244
curve,0.30102999566398114
straggling,0.30102999566398114
ends,0.0
hillsides,0.47712125471966244
reaching,0.0791812460476248
prund,0.47712125471966244
summertime,0.47712125471966244
tradition,0.17609125905568124
hospadars,0.47712125471966244
troops,0.17609125905568124
loading,0.17609125905568124
slopes,0.30102999566398114
steeps,0.47712125471966244
purple,0.17609125905568124
brown,0.17609125905568124
perspective,0.47712125471966244
grandly,0.17609125905568124
gleam,0.17609125905568124
serpentine,0.47712125471966244
isten,0.47712125471966244
szek,0.47712125471966244
reverently,0.0791812460476248
creep,0.17609125905568124
emphasised,0.47712125471966244
cszeks,0.47712125471966244
noticed,0.17609125905568124
goitre,0.47712125471966244
prevalent,0.17609125905568124
roadside,0.30102999566398114
crosses,0.17609125905568124
surrender,0.0791812460476248
outer,0.17609125905568124
ricks,0.47712125471966244
birch,0.47712125471966244
stems,0.47712125471966244
leiter,0.47712125471966244
wagon,0.30102999566398114
cart,0.30102999566398114
vertebra,0.30102999566398114
sheepskins,0.47712125471966244
lance,0.30102999566398114
staves,0.47712125471966244
axe,0.30102999566398114
growing,0.0
merge,0.47712125471966244
mistiness,0.47712125471966244
beech,0.47712125471966244
spurs,0.17609125905568124
firs,0.47712125471966244
greyness,0.47712125471966244
bestrewed,0.47712125471966244
weird,0.47712125471966244
grim,0.0791812460476248
engendered,0.30102999566398114
ghost,0.0791812460476248
ceaselessly,0.47712125471966244
pleasantry,0.17609125905568124
catch,0.0791812460476248
approving,0.30102999566398114
lamps,0.30102999566398114
excitement,0.0
urging,0.17609125905568124
lashed,0.30102999566398114
unmercifully,0.30102999566398114
encouragement,0.0791812460476248
patch,0.0791812460476248
ahead,0.17609125905568124
cleft,0.17609125905568124
crazy,0.17609125905568124
rocked,0.30102999566398114
swayed,0.47712125471966244
tossed,0.17609125905568124
frown,0.17609125905568124
gifts,0.0791812460476248
movements,0.0
leaned,0.17609125905568124
craning,0.30102999566398114
peered,0.30102999566398114
rolling,0.0791812460476248
overhead,0.17609125905568124
atmospheres,0.47712125471966244
thunderous,0.47712125471966244
conveyance,0.30102999566398114
glare,0.0791812460476248
flickering,0.17609125905568124
steam,0.17609125905568124
neigh,0.47712125471966244
snort,0.30102999566398114
wildly,0.17609125905568124
chorus,0.0
screams,0.17609125905568124
cal,0.47712125471966244
che,0.30102999566398114
overtook,0.30102999566398114
coal,0.30102999566398114
beard,0.30102999566398114
hat,0.17609125905568124
pair,0.0791812460476248
lamplight,0.30102999566398114
stammered,0.30102999566398114
deceive,0.17609125905568124
swift,0.0791812460476248
mouth,0.0791812460476248
sharp,0.0791812460476248
ivory,0.17609125905568124
burger,0.47712125471966244
lenore,0.47712125471966244
denn,0.47712125471966244
todten,0.47712125471966244
reiten,0.47712125471966244
schnell,0.47712125471966244
gleaming,0.17609125905568124
luggage,0.30102999566398114
exceeding,0.17609125905568124
alacrity,0.30102999566398114
bags,0.17609125905568124
alongside,0.0791812460476248
helping,0.0791812460476248
prodigious,0.17609125905568124
reins,0.17609125905568124
projected,0.30102999566398114
rug,0.47712125471966244
mein,0.47712125471966244
flask,0.30102999566398114
slivovitz,0.47712125471966244
underneath,0.17609125905568124
alternative,0.17609125905568124
prosecuting,0.47712125471966244
note,0.0791812460476248
salient,0.47712125471966244
liked,0.0791812460476248
protest,0.17609125905568124
experiences,0.17609125905568124
somewhere,0.0791812460476248
wailing,0.30102999566398114
rear,0.0791812460476248
soothingly,0.47712125471966244
shivered,0.30102999566398114
sweated,0.47712125471966244
runaway,0.30102999566398114
fright,0.30102999566398114
louder,0.17609125905568124
sharper,0.47712125471966244
wolves,0.17609125905568124
jump,0.17609125905568124
reared,0.17609125905568124
bolting,0.30102999566398114
petted,0.47712125471966244
horse,0.0791812460476248
tamers,0.47712125471966244
manageable,0.47712125471966244
shaking,0.0791812460476248
roadway,0.47712125471966244
sharply,0.0791812460476248
hemmed,0.30102999566398114
arched,0.30102999566398114
tunnel,0.30102999566398114
boldly,0.17609125905568124
moaned,0.30102999566398114
whistled,0.17609125905568124
crashed,0.47712125471966244
colder,0.30102999566398114
powdery,0.47712125471966244
blanket,0.30102999566398114
baying,0.47712125471966244
jumping,0.17609125905568124
wondered,0.17609125905568124
endlessly,0.47712125471966244
illumine,0.47712125471966244
gathering,0.0791812460476248
device,0.17609125905568124
optical,0.47712125471966244
obstruct,0.30102999566398114
flicker,0.47712125471966244
straining,0.0791812460476248
sped,0.30102999566398114
afield,0.47712125471966244
crest,0.17609125905568124
beetling,0.30102999566398114
lolling,0.47712125471966244
sinewy,0.30102999566398114
shaggy,0.17609125905568124
howled,0.30102999566398114
paralysis,0.30102999566398114
import,0.17609125905568124
helplessly,0.47712125471966244
perforce,0.30102999566398114
coachman,0.30102999566398114
shouted,0.17609125905568124
scare,0.47712125471966244
trap,0.0791812460476248
brushing,0.30102999566398114
impalpable,0.30102999566398114
uncanny,0.47712125471966244
interminable,0.17609125905568124
ascending,0.17609125905568124
occasional,0.0
main,0.0791812460476248
ray,0.17609125905568124
battlements,0.47712125471966244
moonlit,0.17609125905568124
arches,0.47712125471966244
bigger,0.17609125905568124
alight,0.30102999566398114
traps,0.30102999566398114
projecting,0.17609125905568124
doorway,0.17609125905568124
massive,0.17609125905568124
massively,0.47712125471966244
carved,0.30102999566398114
carving,0.47712125471966244
openings,0.17609125905568124
bell,0.17609125905568124
knocker,0.47712125471966244
customary,0.17609125905568124
solicitor,0.30102999566398114
clerk,0.30102999566398114
estate,0.0791812460476248
foreigner,0.17609125905568124
successful,0.17609125905568124
blown,0.0791812460476248
rub,0.30102999566398114
pinch,0.30102999566398114
struggling,0.0791812460476248
overwork,0.47712125471966244
pinching,0.30102999566398114
test,0.17609125905568124
rattling,0.17609125905568124
clanking,0.30102999566398114
key,0.0791812460476248
grating,0.30102999566398114
disuse,0.17609125905568124
swung,0.17609125905568124
shaven,0.30102999566398114
moustache,0.30102999566398114
flickered,0.17609125905568124
courtly,0.30102999566398114
intonation,0.30102999566398114
stepping,0.30102999566398114
statue,0.0791812460476248
impulsively,0.47712125471966244
wince,0.47712125471966244
safely,0.0791812460476248
handshake,0.47712125471966244
interrogatively,0.47712125471966244
bracket,0.30102999566398114
forestall,0.30102999566398114
protested,0.30102999566398114
available,0.30102999566398114
stair,0.30102999566398114
lit,0.17609125905568124
hearth,0.17609125905568124
logs,0.30102999566398114
freshly,0.30102999566398114
flamed,0.47712125471966244
flared,0.47712125471966244
halted,0.17609125905568124
octagonal,0.30102999566398114
log,0.17609125905568124
hollow,0.0791812460476248
roar,0.0791812460476248
toilet,0.30102999566398114
courteous,0.17609125905568124
normal,0.47712125471966244
famished,0.30102999566398114
fireplace,0.30102999566398114
stonework,0.47712125471966244
wave,0.0791812460476248
pray,0.17609125905568124
sup,0.17609125905568124
hawkins,0.30102999566398114
entrusted,0.17609125905568124
gout,0.47712125471966244
malady,0.17609125905568124
forbids,0.30102999566398114
substitute,0.17609125905568124
discreet,0.30102999566398114
manhood,0.17609125905568124
cover,0.0791812460476248
roast,0.0791812460476248
salad,0.30102999566398114
bottle,0.17609125905568124
tokay,0.47712125471966244
eating,0.0791812460476248
cigar,0.30102999566398114
excusing,0.30102999566398114
aquiline,0.47712125471966244
nose,0.0791812460476248
nostrils,0.17609125905568124
domed,0.47712125471966244
scantily,0.47712125471966244
profusely,0.30102999566398114
elsewhere,0.17609125905568124
eyebrows,0.17609125905568124
bushy,0.47712125471966244
curl,0.30102999566398114
profusion,0.30102999566398114
protruded,0.47712125471966244
ruddiness,0.47712125471966244
vitality,0.47712125471966244
tops,0.17609125905568124
chin,0.17609125905568124
pallor,0.30102999566398114
firelight,0.17609125905568124
palm,0.0791812460476248
repress,0.17609125905568124
nausea,0.47712125471966244
noticing,0.17609125905568124
protuberant,0.47712125471966244
streak,0.30102999566398114
gleamed,0.30102999566398114
dwellers,0.17609125905568124
hunter,0.17609125905568124
tired,0.17609125905568124
bow,0.0791812460476248
accord,0.17609125905568124
supped,0.0791812460476248
coffee,0.30102999566398114
pot,0.30102999566398114
card,0.17609125905568124
hearty,0.17609125905568124
deficiencies,0.30102999566398114
evidences,0.30102999566398114
beautifully,0.30102999566398114
curtains,0.17609125905568124
upholstery,0.47712125471966244
sofas,0.17609125905568124
hangings,0.30102999566398114
costliest,0.47712125471966244
fabrics,0.30102999566398114
fabulous,0.17609125905568124
centuries,0.0791812460476248
hampton,0.47712125471966244
frayed,0.30102999566398114
moth,0.47712125471966244
glass,0.17609125905568124
shaving,0.30102999566398114
shave,0.0791812460476248
brush,0.17609125905568124
newspaper,0.30102999566398114
locked,0.17609125905568124
shelves,0.30102999566398114
magazines,0.30102999566398114
newspapers,0.30102999566398114
littered,0.47712125471966244
political,0.0791812460476248
economy,0.17609125905568124
botany,0.30102999566398114
geology,0.47712125471966244
directory,0.30102999566398114
whitaker,0.47712125471966244
almanac,0.47712125471966244
army,0.0791812460476248
navy,0.30102999566398114
lists,0.30102999566398114
somehow,0.17609125905568124
gladdened,0.47712125471966244
whirl,0.30102999566398114
flattering,0.17609125905568124
estimate,0.17609125905568124
grammar,0.30102999566398114
excellently,0.17609125905568124
boyar,0.47712125471966244
stops,0.30102999566398114
ha,0.30102999566398114
agent,0.17609125905568124
peter,0.17609125905568124
exeter,0.47712125471966244
awhile,0.0791812460476248
error,0.0791812460476248
smallest,0.17609125905568124
willing,0.0791812460476248
chose,0.0791812460476248
sheered,0.47712125471966244
pretending,0.17609125905568124
frankly,0.17609125905568124
bolder,0.17609125905568124
commonly,0.17609125905568124
wallachian,0.47712125471966244
saxon,0.47712125471966244
enriched,0.30102999566398114
patriots,0.47712125471966244
invaders,0.30102999566398114
stirring,0.0791812460476248
hungarian,0.30102999566398114
hordes,0.47712125471966244
artificial,0.0791812460476248
avalanches,0.47712125471966244
friendly,0.0791812460476248
index,0.47712125471966244
gums,0.47712125471966244
canine,0.47712125471966244
apology,0.0791812460476248
sofa,0.30102999566398114
bradshaw,0.47712125471966244
myriad,0.47712125471966244
surroundings,0.0791812460476248
beforehand,0.0791812460476248
needful,0.17609125905568124
patronymic,0.47712125471966244
purfleet,0.47712125471966244
signature,0.30102999566398114
suitable,0.0791812460476248
inscribe,0.17609125905568124
dilapidated,0.30102999566398114
sale,0.0791812460476248
rust,0.17609125905568124
carfax,0.47712125471966244
quatre,0.47712125471966244
sided,0.0791812460476248
agreeing,0.30102999566398114
cardinal,0.17609125905568124
contains,0.17609125905568124
acres,0.30102999566398114
pond,0.17609125905568124
fed,0.0
sized,0.30102999566398114
medi,0.47712125471966244
val,0.30102999566398114
immensely,0.0791812460476248
chapel,0.17609125905568124
leading,0.0
kodak,0.47712125471966244
amount,0.0791812460476248
recently,0.0791812460476248
lunatic,0.17609125905568124
grounds,0.17609125905568124
transylvanian,0.47712125471966244
nobles,0.47712125471966244
mirth,0.17609125905568124
voluptuousness,0.30102999566398114
sparkling,0.30102999566398114
attuned,0.30102999566398114
moreover,0.0791812460476248
breathes,0.47712125471966244
casements,0.47712125471966244
saturnine,0.47712125471966244
atlas,0.30102999566398114
rings,0.0791812460476248
manifestly,0.17609125905568124
whitby,0.47712125471966244
yorkshire,0.47712125471966244
aha,0.30102999566398114
excused,0.0791812460476248
chatted,0.47712125471966244
smoked,0.17609125905568124
chatting,0.17609125905568124
conceivable,0.30102999566398114
obligation,0.17609125905568124
fortified,0.30102999566398114
experiencing,0.17609125905568124
tied,0.17609125905568124
crow,0.0791812460476248
cock,0.0791812460476248
preternatural,0.47712125471966244
shrillness,0.47712125471966244
remiss,0.30102999566398114
flies,0.0791812460476248
quickening,0.30102999566398114
diffuse,0.47712125471966244
telling,0.0791812460476248
prosaic,0.17609125905568124
slightly,0.0791812460476248
salutation,0.30102999566398114
startling,0.17609125905568124
vague,0.17609125905568124
bled,0.17609125905568124
razor,0.30102999566398114
sticking,0.17609125905568124
plaster,0.17609125905568124
blazed,0.17609125905568124
demoniac,0.30102999566398114
grab,0.47712125471966244
string,0.0791812460476248
beads,0.30102999566398114
foul,0.0
vanity,0.17609125905568124
wrench,0.30102999566398114
metal,0.17609125905568124
dining,0.17609125905568124
breakfasted,0.17609125905568124
exploring,0.17609125905568124
occasionally,0.17609125905568124
rift,0.47712125471966244
chasm,0.17609125905568124
threads,0.0791812460476248
gorges,0.30102999566398114
explored,0.17609125905568124
bolted,0.17609125905568124
exit,0.30102999566398114
veritable,0.30102999566398114
trying,0.0791812460476248
peering,0.17609125905568124
behaved,0.17609125905568124
rat,0.47712125471966244
definite,0.0791812460476248
imprisoned,0.30102999566398114
trusted,0.0791812460476248
baby,0.30102999566398114
straits,0.17609125905568124
brains,0.17609125905568124
cautiously,0.30102999566398114
menial,0.47712125471966244
garlic,0.30102999566398114
ash,0.30102999566398114
disfavour,0.47712125471966244
loneliness,0.47712125471966244
essence,0.17609125905568124
conveying,0.30102999566398114
memories,0.17609125905568124
careful,0.0791812460476248
battles,0.0791812460476248
plural,0.30102999566398114
fascinating,0.30102999566398114
tells,0.0791812460476248
races,0.17609125905568124
fights,0.17609125905568124
lordship,0.47712125471966244
ugric,0.47712125471966244
tribe,0.30102999566398114
iceland,0.47712125471966244
fighting,0.0
thor,0.47712125471966244
wodin,0.47712125471966244
berserkers,0.47712125471966244
intent,0.30102999566398114
seaboards,0.47712125471966244
peoples,0.17609125905568124
warlike,0.17609125905568124
witches,0.47712125471966244
expelled,0.17609125905568124
scythia,0.47712125471966244
mated,0.47712125471966244
fools,0.0791812460476248
conquering,0.30102999566398114
magyar,0.47712125471966244
lombard,0.47712125471966244
avar,0.47712125471966244
bulgar,0.47712125471966244
arpad,0.47712125471966244
legions,0.47712125471966244
fatherland,0.30102999566398114
honfoglalas,0.47712125471966244
eastward,0.30102999566398114
kindred,0.30102999566398114
guarding,0.0791812460476248
flocked,0.30102999566398114
quicker,0.17609125905568124
redeemed,0.47712125471966244
cassova,0.47712125471966244
flags,0.30102999566398114
wallach,0.47712125471966244
crescent,0.30102999566398114
voivode,0.47712125471966244
sold,0.0791812460476248
slaughtered,0.30102999566398114
bah,0.30102999566398114
battle,0.0
moh,0.47712125471966244
cs,0.47712125471966244
yoke,0.17609125905568124
leaders,0.0791812460476248
swords,0.30102999566398114
mushroom,0.30102999566398114
growths,0.47712125471966244
hapsburgs,0.47712125471966244
romanoffs,0.47712125471966244
dishonourable,0.30102999566398114
glories,0.30102999566398114
horribly,0.0791812460476248
cockcrow,0.47712125471966244
meagre,0.17609125905568124
verified,0.30102999566398114
confuse,0.30102999566398114
observation,0.0791812460476248
legal,0.30102999566398114
lincoln,0.47712125471966244
solicitors,0.30102999566398114
militate,0.47712125471966244
banking,0.30102999566398114
local,0.17609125905568124
mislead,0.30102999566398114
cathedral,0.47712125471966244
buys,0.47712125471966244
resident,0.47712125471966244
served,0.0
goods,0.0791812460476248
newcastle,0.47712125471966244
durham,0.47712125471966244
harwich,0.47712125471966244
dover,0.47712125471966244
consigning,0.47712125471966244
ports,0.17609125905568124
agency,0.47712125471966244
locally,0.47712125471966244
client,0.30102999566398114
consignments,0.47712125471966244
forethought,0.47712125471966244
foresee,0.17609125905568124
acumen,0.47712125471966244
anybody,0.0791812460476248
refusal,0.17609125905568124
employer,0.17609125905568124
needs,0.17609125905568124
stinted,0.47712125471966244
mastery,0.30102999566398114
envelopes,0.30102999566398114
thinnest,0.47712125471966244
underlip,0.47712125471966244
formal,0.30102999566398114
puzzle,0.17609125905568124
referring,0.17609125905568124
compunction,0.30102999566398114
samuel,0.47712125471966244
f,0.0791812460476248
billington,0.47712125471966244
leutner,0.47712125471966244
varna,0.47712125471966244
coutts,0.47712125471966244
co,0.17609125905568124
herren,0.47712125471966244
klopstock,0.47712125471966244
billreuth,0.47712125471966244
bankers,0.30102999566398114
unsealed,0.30102999566398114
stamped,0.17609125905568124
warn,0.17609125905568124
unwisely,0.47712125471966244
warned,0.0791812460476248
gruesome,0.47712125471966244
washing,0.0791812460476248
net,0.17609125905568124
endorse,0.47712125471966244
freer,0.47712125471966244
nerve,0.0791812460476248
imaginings,0.30102999566398114
melted,0.0791812460476248
velvety,0.30102999566398114
cheer,0.17609125905568124
storey,0.47712125471966244
mullioned,0.47712125471966244
weatherworn,0.47712125471966244
movement,0.0
opportunities,0.0791812460476248
repulsion,0.30102999566398114
emerge,0.30102999566398114
crawl,0.30102999566398114
trick,0.0791812460476248
toes,0.17609125905568124
corners,0.0791812460476248
mortar,0.47712125471966244
stress,0.30102999566398114
projection,0.30102999566398114
inequality,0.30102999566398114
downwards,0.0791812460476248
lizard,0.30102999566398114
moves,0.0791812460476248
sidelong,0.47712125471966244
hole,0.0
angle,0.17609125905568124
comparatively,0.17609125905568124
originally,0.0791812460476248
pull,0.0791812460476248
unhook,0.30102999566398114
thorough,0.17609125905568124
dusty,0.17609125905568124
stairway,0.30102999566398114
pressure,0.0791812460476248
resistance,0.17609125905568124
efforts,0.0791812460476248
wing,0.17609125905568124
suite,0.30102999566398114
impregnable,0.17609125905568124
sling,0.47712125471966244
culverin,0.47712125471966244
fastnesses,0.47712125471966244
sheer,0.0
thorn,0.30102999566398114
cracks,0.30102999566398114
crannies,0.47712125471966244
bygone,0.47712125471966244
curtainless,0.47712125471966244
flooding,0.47712125471966244
diamond,0.30102999566398114
disguised,0.17609125905568124
ravages,0.47712125471966244
quietude,0.30102999566398114
blushes,0.30102999566398114
spelt,0.47712125471966244
nineteenth,0.30102999566398114
modernity,0.47712125471966244
sanity,0.30102999566398114
sane,0.30102999566398114
lurk,0.30102999566398114
merciful,0.17609125905568124
tablets,0.30102999566398114
tis,0.0791812460476248
etc,0.0791812460476248
unhinged,0.47712125471966244
undoing,0.47712125471966244
accurately,0.30102999566398114
warning,0.17609125905568124
frightens,0.30102999566398114
disobeying,0.30102999566398114
obstinacy,0.30102999566398114
brings,0.0791812460476248
outrider,0.47712125471966244
sung,0.17609125905568124
breasts,0.30102999566398114
menfolk,0.47712125471966244
remorseless,0.30102999566398114
couch,0.30102999566398114
unthinking,0.47712125471966244
uncaring,0.47712125471966244
startlingly,0.47712125471966244
unchanged,0.30102999566398114
noses,0.30102999566398114
contrasted,0.0791812460476248
wavy,0.47712125471966244
sapphires,0.30102999566398114
dreamy,0.47712125471966244
pearls,0.17609125905568124
ruby,0.30102999566398114
voluptuous,0.17609125905568124
silvery,0.17609125905568124
cunning,0.0791812460476248
coquettishly,0.30102999566398114
kisses,0.30102999566398114
honey,0.30102999566398114
underlying,0.47712125471966244
offensiveness,0.47712125471966244
smells,0.30102999566398114
eyelids,0.17609125905568124
gloating,0.47712125471966244
deliberate,0.30102999566398114
thrilling,0.30102999566398114
moisture,0.17609125905568124
lapped,0.30102999566398114
fasten,0.17609125905568124
churning,0.47712125471966244
tickle,0.47712125471966244
approaches,0.17609125905568124
super,0.30102999566398114
dents,0.47712125471966244
languorous,0.47712125471966244
beating,0.0791812460476248
slender,0.17609125905568124
transformed,0.0791812460476248
champing,0.47712125471966244
blazing,0.17609125905568124
wrath,0.0791812460476248
demons,0.17609125905568124
pit,0.17609125905568124
lurid,0.47712125471966244
deathly,0.30102999566398114
wires,0.47712125471966244
bar,0.17609125905568124
hurled,0.30102999566398114
meddle,0.0791812460476248
ll,0.17609125905568124
ribald,0.47712125471966244
coquetry,0.30102999566398114
mirthless,0.47712125471966244
soulless,0.47712125471966244
fiends,0.17609125905568124
nodded,0.17609125905568124
gasp,0.30102999566398114
aghast,0.30102999566398114
shadowy,0.30102999566398114
unquestionable,0.30102999566398114
folded,0.17609125905568124
unwound,0.47712125471966244
rigorously,0.30102999566398114
upset,0.0791812460476248
undressed,0.30102999566398114
pockets,0.17609125905568124
intact,0.30102999566398114
brooked,0.47712125471966244
sanctuary,0.17609125905568124
suck,0.30102999566398114
jamb,0.47712125471966244
woodwork,0.47712125471966244
fastened,0.17609125905568124
surmise,0.47712125471966244
suavest,0.47712125471966244
fain,0.17609125905568124
rebelled,0.30102999566398114
quarrel,0.0791812460476248
arouse,0.0791812460476248
posts,0.17609125905568124
impressiveness,0.47712125471966244
countermand,0.47712125471966244
oppose,0.0791812460476248
span,0.30102999566398114
szgany,0.47712125471966244
encamped,0.17609125905568124
gipsies,0.30102999566398114
hungary,0.30102999566398114
varieties,0.30102999566398114
romany,0.47712125471966244
posted,0.30102999566398114
acquaintanceship,0.47712125471966244
obeisance,0.30102999566398114
frighten,0.17609125905568124
expose,0.0791812460476248
bars,0.17609125905568124
cap,0.17609125905568124
smoothest,0.47712125471966244
symbols,0.17609125905568124
envelope,0.47712125471966244
wickedly,0.47712125471966244
outrage,0.30102999566398114
signed,0.30102999566398114
unknowingly,0.47712125471966244
redirect,0.47712125471966244
surest,0.17609125905568124
calms,0.47712125471966244
woke,0.17609125905568124
scrap,0.30102999566398114
memoranda,0.30102999566398114
railways,0.17609125905568124
pondered,0.30102999566398114
wardrobe,0.47712125471966244
overcoat,0.47712125471966244
scheme,0.0791812460476248
villainy,0.47712125471966244
cudgelling,0.47712125471966244
whips,0.47712125471966244
pounding,0.30102999566398114
scraping,0.30102999566398114
wagons,0.47712125471966244
sturdy,0.17609125905568124
nail,0.17609125905568124
belt,0.0791812460476248
sheepskin,0.47712125471966244
intending,0.0791812460476248
stupidly,0.30102999566398114
hetman,0.47712125471966244
piteous,0.30102999566398114
entreaty,0.17609125905568124
resolutely,0.17609125905568124
square,0.0791812460476248
boxes,0.17609125905568124
handles,0.30102999566398114
rope,0.0791812460476248
handled,0.17609125905568124
resonance,0.47712125471966244
unloaded,0.47712125471966244
heap,0.0791812460476248
spitting,0.30102999566398114
luck,0.0791812460476248
lazily,0.47712125471966244
quartered,0.30102999566398114
muffled,0.30102999566398114
mattock,0.30102999566398114
spade,0.17609125905568124
ruthless,0.30102999566398114
slung,0.30102999566398114
quest,0.17609125905568124
villages,0.30102999566398114
posting,0.30102999566398114
doggedly,0.17609125905568124
quaint,0.17609125905568124
specks,0.30102999566398114
tiniest,0.47712125471966244
grains,0.17609125905568124
clusters,0.30102999566398114
nebulous,0.47712125471966244
embrasure,0.47712125471966244
rial,0.47712125471966244
gambolling,0.47712125471966244
motes,0.47712125471966244
instincts,0.17609125905568124
hypnotised,0.47712125471966244
moonbeams,0.17609125905568124
phantom,0.17609125905568124
screaming,0.17609125905568124
materialised,0.47712125471966244
safer,0.17609125905568124
dishevelled,0.30102999566398114
distressed,0.17609125905568124
gateway,0.30102999566398114
laden,0.17609125905568124
menace,0.17609125905568124
violences,0.47712125471966244
extravagant,0.17609125905568124
naked,0.0
metallic,0.30102999566398114
pent,0.17609125905568124
dam,0.47712125471966244
singly,0.17609125905568124
licking,0.47712125471966244
dove,0.47712125471966244
ark,0.47712125471966244
vaporous,0.47712125471966244
garment,0.30102999566398114
dissolved,0.17609125905568124
molested,0.47712125471966244
wake,0.17609125905568124
dares,0.17609125905568124
risk,0.0791812460476248
calf,0.30102999566398114
ledge,0.30102999566398114
runs,0.0791812460476248
washed,0.0791812460476248
ridiculously,0.30102999566398114
sill,0.30102999566398114
sash,0.30102999566398114
slid,0.30102999566398114
foremost,0.17609125905568124
barely,0.30102999566398114
lain,0.17609125905568124
ornaments,0.17609125905568124
jewelled,0.47712125471966244
stained,0.0791812460476248
circular,0.30102999566398114
steeply,0.47712125471966244
minding,0.30102999566398114
loopholes,0.30102999566398114
masonry,0.30102999566398114
sickly,0.0791812460476248
odour,0.30102999566398114
newly,0.0791812460476248
smell,0.0791812460476248
ajar,0.30102999566398114
graveyard,0.47712125471966244
dug,0.17609125905568124
wooden,0.0791812460476248
nobody,0.0791812460476248
outlet,0.30102999566398114
inch,0.30102999566398114
fragments,0.17609125905568124
coffins,0.30102999566398114
piles,0.17609125905568124
glassiness,0.47712125471966244
earthy,0.47712125471966244
holes,0.0791812460476248
regaining,0.30102999566398114
panting,0.0791812460476248
genuine,0.17609125905568124
lethal,0.47712125471966244
weapon,0.0
sisters,0.17609125905568124
grimly,0.47712125471966244
despatched,0.30102999566398114
suspected,0.17609125905568124
profanation,0.30102999566398114
mission,0.0
smoothness,0.30102999566398114
baggage,0.30102999566398114
courtesy,0.30102999566398114
rules,0.0791812460476248
boyars,0.47712125471966244
parting,0.17609125905568124
gravity,0.17609125905568124
hark,0.17609125905568124
orchestra,0.30102999566398114
leap,0.0791812460476248
b,0.0
ton,0.47712125471966244
ponderous,0.30102999566398114
unhooked,0.47712125471966244
suspiciously,0.30102999566398114
angrier,0.47712125471966244
clawed,0.17609125905568124
allies,0.0791812460476248
gap,0.30102999566398114
doom,0.30102999566398114
instigation,0.30102999566398114
clanged,0.47712125471966244
kissing,0.30102999566398114
judas,0.47712125471966244
whispering,0.0
ripple,0.30102999566398114
subtle,0.17609125905568124
rattled,0.17609125905568124
scrambled,0.30102999566398114
lid,0.17609125905568124
hammered,0.47712125471966244
fuller,0.30102999566398114
redder,0.47712125471966244
gouts,0.47712125471966244
trickled,0.30102999566398114
swollen,0.17609125905568124
pouches,0.30102999566398114
bloated,0.47712125471966244
gorged,0.30102999566398114
leech,0.47712125471966244
repletion,0.47712125471966244
revolted,0.0791812460476248
contact,0.17609125905568124
banquet,0.17609125905568124
mocking,0.30102999566398114
teeming,0.47712125471966244
millions,0.30102999566398114
lust,0.30102999566398114
widening,0.30102999566398114
semi,0.17609125905568124
batten,0.30102999566398114
rid,0.0791812460476248
shovel,0.47712125471966244
workmen,0.0
cases,0.0791812460476248
lifting,0.17609125905568124
downward,0.30102999566398114
blaze,0.17609125905568124
basilisk,0.47712125471966244
paralyse,0.47712125471966244
glanced,0.17609125905568124
gash,0.30102999566398114
flange,0.47712125471966244
blade,0.17609125905568124
nethermost,0.47712125471966244
gipsy,0.47712125471966244
merry,0.17609125905568124
wheels,0.17609125905568124
grinding,0.17609125905568124
entry,0.17609125905568124
tramping,0.30102999566398114
clanging,0.47712125471966244
echo,0.0
vault,0.30102999566398114
puff,0.17609125905568124
lintels,0.47712125471966244
hopelessly,0.47712125471966244
weights,0.30102999566398114
freight,0.30102999566398114
hammering,0.47712125471966244
nailed,0.47712125471966244
rattle,0.17609125905568124
withdraw,0.0791812460476248
opens,0.17609125905568124
shuts,0.30102999566398114
crack,0.17609125905568124
faugh,0.30102999566398114
quickest,0.30102999566398114
nearest,0.0791812460476248
earthly,0.30102999566398114
assistant,0.30102999566398114
schoolmistress,0.47712125471966244
build,0.0791812460476248
practising,0.30102999566398114
assiduously,0.30102999566398114
stenograph,0.30102999566398114
typewriter,0.47712125471966244
stenographic,0.47712125471966244
pages,0.17609125905568124
squeezed,0.17609125905568124
diaries,0.47712125471966244
sharing,0.17609125905568124
journalists,0.30102999566398114
interviewing,0.47712125471966244
descriptions,0.17609125905568124
goes,0.0
hears,0.0791812460476248
nice,0.0791812460476248
ringing,0.17609125905568124
loving,0.17609125905568124
rumours,0.47712125471966244
curly,0.30102999566398114
haired,0.30102999566398114
chatham,0.47712125471966244
wednesday,0.30102999566398114
tax,0.0791812460476248
unfairly,0.47712125471966244
correspondent,0.30102999566398114
galleries,0.30102999566398114
rides,0.30102999566398114
park,0.30102999566398114
pop,0.47712125471966244
holmwood,0.47712125471966244
mamma,0.30102999566398114
parti,0.30102999566398114
doctor,0.0791812460476248
resolute,0.17609125905568124
imperturbable,0.30102999566398114
patients,0.0791812460476248
tries,0.17609125905568124
flatter,0.17609125905568124
tough,0.17609125905568124
nut,0.17609125905568124
psychological,0.30102999566398114
humbly,0.0791812460476248
fashions,0.17609125905568124
slang,0.30102999566398114
couldn,0.30102999566398114
blushing,0.17609125905568124
loves,0.0791812460476248
undressing,0.47712125471966244
l,0.17609125905568124
rains,0.30102999566398114
proverbs,0.30102999566398114
proposal,0.0
proposals,0.0791812460476248
isn,0.17609125905568124
girls,0.30102999566398114
imagining,0.17609125905568124
slighted,0.47712125471966244
settle,0.0
soberly,0.47712125471966244
lunch,0.47712125471966244
jaw,0.17609125905568124
outwardly,0.30102999566398114
schooling,0.30102999566398114
managed,0.0
silk,0.17609125905568124
lancet,0.30102999566398114
straightforwardly,0.47712125471966244
hesitation,0.0791812460476248
cared,0.30102999566398114
nicely,0.17609125905568124
wring,0.17609125905568124
crying,0.0
honestly,0.17609125905568124
texas,0.47712125471966244
adventures,0.17609125905568124
desdemona,0.30102999566398114
marry,0.17609125905568124
morris,0.47712125471966244
stories,0.0791812460476248
quincey,0.47712125471966244
doesn,0.30102999566398114
shocked,0.17609125905568124
funny,0.30102999566398114
invent,0.17609125905568124
likes,0.0791812460476248
jolly,0.30102999566398114
sweetly,0.0791812460476248
ain,0.30102999566398114
fixin,0.47712125471966244
shoes,0.0791812460476248
hitch,0.30102999566398114
driving,0.17609125905568124
harness,0.30102999566398114
humoured,0.30102999566398114
didn,0.17609125905568124
lightly,0.0791812460476248
hitching,0.47712125471966244
wasn,0.17609125905568124
momentous,0.30102999566398114
bit,0.0
flirt,0.47712125471966244
playful,0.30102999566398114
grit,0.47712125471966244
breadth,0.47712125471966244
fun,0.30102999566398114
sloppy,0.47712125471966244
badly,0.0791812460476248
heresy,0.47712125471966244
honesty,0.0791812460476248
pluck,0.17609125905568124
rarer,0.47712125471966244
unselfish,0.47712125471966244
anyhow,0.17609125905568124
kingdom,0.17609125905568124
hasn,0.30102999566398114
leant,0.30102999566398114
lots,0.0791812460476248
needn,0.30102999566398114
ungrateful,0.0791812460476248
ebb,0.17609125905568124
rebuff,0.30102999566398114
hallucination,0.30102999566398114
omnia,0.47712125471966244
rom,0.47712125471966244
venalia,0.47712125471966244
sunt,0.47712125471966244
verb,0.47712125471966244
sap,0.30102999566398114
renfield,0.47712125471966244
tat,0.30102999566398114
sanguine,0.17609125905568124
temperament,0.17609125905568124
morbidly,0.47712125471966244
excitable,0.17609125905568124
presume,0.17609125905568124
disturbing,0.30102999566398114
mentally,0.30102999566398114
armour,0.30102999566398114
centripetal,0.47712125471966244
centrifugal,0.47712125471966244
balance,0.0791812460476248
hon,0.47712125471966244
yarns,0.47712125471966244
camp,0.0791812460476248
prairies,0.47712125471966244
marquesas,0.47712125471966244
healths,0.47712125471966244
titicaca,0.47712125471966244
pal,0.47712125471966244
korea,0.47712125471966244
jack,0.17609125905568124
mingle,0.17609125905568124
happiest,0.17609125905568124
telegram,0.30102999566398114
messages,0.30102999566398114
lovelier,0.47712125471966244
esk,0.47712125471966244
broadens,0.47712125471966244
viaduct,0.47712125471966244
piers,0.47712125471966244
roofed,0.47712125471966244
piled,0.17609125905568124
nuremberg,0.47712125471966244
sacked,0.47712125471966244
danes,0.47712125471966244
marmion,0.47712125471966244
legend,0.17609125905568124
parish,0.47712125471966244
tombstones,0.47712125471966244
nicest,0.47712125471966244
bay,0.17609125905568124
headland,0.47712125471966244
kettleness,0.47712125471966244
stretches,0.30102999566398114
bank,0.0791812460476248
pathway,0.30102999566398114
seats,0.17609125905568124
knee,0.17609125905568124
granite,0.30102999566398114
stretching,0.0791812460476248
outwards,0.30102999566398114
lighthouse,0.30102999566398114
elbow,0.17609125905568124
crooked,0.0791812460476248
inversely,0.47712125471966244
widens,0.47712125471966244
shoals,0.47712125471966244
sand,0.17609125905568124
rises,0.0791812460476248
reef,0.0791812460476248
buoy,0.30102999566398114
swings,0.47712125471966244
sends,0.0791812460476248
bells,0.17609125905568124
awfully,0.30102999566398114
gnarled,0.47712125471966244
twisted,0.17609125905568124
bark,0.0791812460476248
sailor,0.0791812460476248
fleet,0.17609125905568124
waterloo,0.30102999566398114
sceptical,0.30102999566398114
brusquely,0.47712125471966244
wouldn,0.17609125905568124
fash,0.47712125471966244
masel,0.47712125471966244
comers,0.30102999566398114
trippers,0.47712125471966244
leeds,0.47712125471966244
eatin,0.47712125471966244
cured,0.0791812460476248
herrin,0.47712125471966244
drinkin,0.47712125471966244
tea,0.30102999566398114
lookin,0.47712125471966244
cheap,0.17609125905568124
jet,0.30102999566398114
creed,0.17609125905568124
bothered,0.47712125471966244
tellin,0.47712125471966244
settling,0.0791812460476248
whereupon,0.0791812460476248
laboured,0.47712125471966244
gang,0.30102999566398114
ageeanwards,0.47712125471966244
waitin,0.47712125471966244
crammle,0.47712125471966244
aboon,0.47712125471966244
grees,0.47712125471966244
em,0.30102999566398114
lack,0.30102999566398114
belly,0.30102999566398114
timber,0.0791812460476248
sairly,0.47712125471966244
hobbled,0.30102999566398114
hurrying,0.17609125905568124
hundreds,0.0791812460476248
slope,0.17609125905568124
visiting,0.30102999566398114
calls,0.0
oracle,0.30102999566398114
dictatorial,0.30102999566398114
downfaces,0.47712125471966244
bullies,0.30102999566398114
agreement,0.0791812460476248
lawn,0.30102999566398114
frock,0.30102999566398114
succumbed,0.17609125905568124
contradict,0.17609125905568124
legends,0.17609125905568124
sermon,0.30102999566398114
barrel,0.17609125905568124
nowt,0.47712125471966244
bans,0.47712125471966244
wafts,0.47712125471966244
boh,0.47712125471966244
barguests,0.47712125471966244
bogles,0.47712125471966244
anent,0.47712125471966244
bairns,0.47712125471966244
belderin,0.47712125471966244
blebs,0.47712125471966244
grims,0.47712125471966244
warnin,0.47712125471966244
parsons,0.30102999566398114
illsome,0.47712125471966244
beuk,0.47712125471966244
railway,0.30102999566398114
touters,0.47712125471966244
skeer,0.47712125471966244
scunner,0.47712125471966244
hafflin,0.47712125471966244
somethin,0.47712125471966244
ireful,0.47712125471966244
printin,0.47712125471966244
preachin,0.47712125471966244
pulpits,0.47712125471966244
cuttin,0.47712125471966244
airt,0.47712125471966244
steans,0.47712125471966244
holdin,0.47712125471966244
heads,0.0791812460476248
acant,0.47712125471966244
tumblin,0.47712125471966244
nigh,0.17609125905568124
bean,0.47712125471966244
snuff,0.17609125905568124
nothin,0.30102999566398114
gog,0.47712125471966244
quare,0.47712125471966244
scowderment,0.47712125471966244
sarks,0.47712125471966244
jouped,0.47712125471966244
tryin,0.47712125471966244
tombsteans,0.47712125471966244
trimmlin,0.47712125471966244
ditherin,0.47712125471966244
dozzened,0.47712125471966244
slippy,0.47712125471966244
lyin,0.47712125471966244
grup,0.47712125471966244
approval,0.0791812460476248
cronies,0.47712125471966244
showing,0.0
swales,0.47712125471966244
yabblins,0.47712125471966244
poorish,0.47712125471966244
savin,0.47712125471966244
folk,0.0791812460476248
balm,0.17609125905568124
bowl,0.30102999566398114
kirk,0.47712125471966244
garth,0.47712125471966244
assent,0.17609125905568124
dialect,0.30102999566398114
consate,0.47712125471966244
happed,0.47712125471966244
snod,0.47712125471966244
snog,0.47712125471966244
assented,0.17609125905568124
scores,0.30102999566398114
toom,0.47712125471966244
bacca,0.47712125471966244
friday,0.30102999566398114
nudged,0.47712125471966244
aftest,0.47712125471966244
abaft,0.47712125471966244
edward,0.30102999566398114
spencelagh,0.47712125471966244
pirates,0.17609125905568124
andres,0.47712125471966244
april,0.30102999566398114
hap,0.47712125471966244
consated,0.47712125471966244
currents,0.47712125471966244
braithwaite,0.47712125471966244
lowrey,0.47712125471966244
woodhouse,0.47712125471966244
paxton,0.47712125471966244
rawlings,0.47712125471966244
grandfather,0.17609125905568124
gulf,0.17609125905568124
finland,0.47712125471966244
trumpet,0.30102999566398114
antherums,0.47712125471966244
aboot,0.47712125471966244
jommlin,0.47712125471966244
jostlin,0.47712125471966244
ud,0.47712125471966244
cuts,0.17609125905568124
aurora,0.30102999566398114
borealis,0.47712125471966244
cackled,0.47712125471966244
gusto,0.47712125471966244
assumption,0.30102999566398114
slab,0.30102999566398114
cliff,0.47712125471966244
thruff,0.47712125471966244
stean,0.47712125471966244
upside,0.17609125905568124
canon,0.30102999566398114
resurrection,0.30102999566398114
erected,0.30102999566398114
severely,0.17609125905568124
gawm,0.47712125471966244
sorrowin,0.47712125471966244
acrewk,0.47712125471966244
lamiter,0.47712125471966244
mightn,0.30102999566398114
musket,0.17609125905568124
scarin,0.47712125471966244
crows,0.47712125471966244
twarn,0.47712125471966244
clegs,0.47712125471966244
dowps,0.47712125471966244
pious,0.0791812460476248
addle,0.47712125471966244
gabriel,0.47712125471966244
keckle,0.47712125471966244
geordie,0.47712125471966244
pantin,0.47712125471966244
tombstean,0.47712125471966244
hump,0.47712125471966244
gladsome,0.47712125471966244
trim,0.17609125905568124
lass,0.47712125471966244
sittin,0.47712125471966244
scart,0.47712125471966244
stubble,0.47712125471966244
haven,0.17609125905568124
rows,0.30102999566398114
sheep,0.0791812460476248
lambs,0.17609125905568124
bleating,0.47712125471966244
clatter,0.30102999566398114
donkey,0.47712125471966244
hoofs,0.0791812460476248
paved,0.17609125905568124
pier,0.30102999566398114
waltz,0.30102999566398114
quay,0.30102999566398114
bands,0.30102999566398114
grows,0.0791812460476248
largely,0.17609125905568124
secrecy,0.30102999566398114
redeeming,0.47712125471966244
abnormally,0.47712125471966244
pets,0.47712125471966244
hobby,0.47712125471966244
spiders,0.30102999566398114
keeps,0.0
feeding,0.17609125905568124
diminished,0.0791812460476248
attracting,0.17609125905568124
nuisance,0.47712125471966244
reduction,0.47712125471966244
carrion,0.47712125471966244
buzzed,0.47712125471966244
exultantly,0.47712125471966244
thumb,0.17609125905568124
scolded,0.30102999566398114
argued,0.0791812460476248
rudiment,0.47712125471966244
gets,0.0791812460476248
problem,0.17609125905568124
jotting,0.47712125471966244
numbers,0.0791812460476248
batches,0.47712125471966244
totals,0.47712125471966244
focussing,0.47712125471966244
auditors,0.17609125905568124
rudimentary,0.47712125471966244
cerebration,0.47712125471966244
tamed,0.30102999566398114
taming,0.30102999566398114
tempting,0.30102999566398114
progressing,0.17609125905568124
colony,0.30102999566398114
sparrows,0.47712125471966244
fawned,0.47712125471966244
kitten,0.47712125471966244
sleek,0.47712125471966244
feed,0.0
unprepared,0.47712125471966244
tame,0.17609125905568124
killing,0.0791812460476248
undeveloped,0.30102999566398114
homicidal,0.47712125471966244
maniac,0.47712125471966244
gnawing,0.30102999566398114
rounds,0.17609125905568124
humming,0.17609125905568124
tune,0.30102999566398114
sugar,0.0791812460476248
flown,0.17609125905568124
feathers,0.17609125905568124
keeper,0.17609125905568124
disgorged,0.47712125471966244
raw,0.17609125905568124
opiate,0.47712125471966244
buzzing,0.17609125905568124
classification,0.30102999566398114
zo,0.47712125471966244
phagous,0.47712125471966244
absorb,0.17609125905568124
cumulative,0.47712125471966244
spider,0.30102999566398114
sneered,0.17609125905568124
vivisection,0.47712125471966244
pitch,0.0791812460476248
burdon,0.47712125471966244
sanderson,0.47712125471966244
ferrier,0.47712125471966244
exceptional,0.17609125905568124
congenitally,0.47712125471966244
lunatics,0.47712125471966244
values,0.47712125471966244
recorder,0.47712125471966244
sums,0.0791812460476248
closes,0.30102999566398114
ledger,0.30102999566398114
profit,0.0791812460476248
soothes,0.30102999566398114
enclosed,0.17609125905568124
walkers,0.47712125471966244
roofs,0.47712125471966244
echoes,0.17609125905568124
planning,0.30102999566398114
godalming,0.47712125471966244
counting,0.0791812460476248
daresay,0.47712125471966244
wakeful,0.30102999566398114
seriously,0.0791812460476248
frets,0.47712125471966244
postponement,0.30102999566398114
trifle,0.17609125905568124
stouter,0.47712125471966244
mic,0.47712125471966244
concentration,0.17609125905568124
emerald,0.30102999566398114
sunburst,0.47712125471966244
hang,0.17609125905568124
tumbling,0.17609125905568124
shallows,0.47712125471966244
flats,0.47712125471966244
inland,0.47712125471966244
vastness,0.47712125471966244
brool,0.47712125471966244
presage,0.47712125471966244
shrouded,0.17609125905568124
racing,0.30102999566398114
dip,0.17609125905568124
scuppers,0.30102999566398114
lifts,0.30102999566398114
deary,0.30102999566398114
sayin,0.47712125471966244
aud,0.47712125471966244
daffled,0.47712125471966244
krok,0.47712125471966244
hooal,0.47712125471966244
makin,0.47712125471966244
dyin,0.47712125471966244
whettin,0.47712125471966244
scythe,0.47712125471966244
caffin,0.47712125471966244
chafts,0.47712125471966244
wag,0.47712125471966244
dooal,0.47712125471966244
greet,0.17609125905568124
doin,0.30102999566398114
rightly,0.0
comin,0.30102999566398114
wonderin,0.47712125471966244
bringin,0.47712125471966244
sore,0.17609125905568124
hoast,0.47712125471966244
beyont,0.47712125471966244
devoutly,0.17609125905568124
praying,0.0791812460476248
coastguard,0.47712125471966244
spy,0.17609125905568124
queerest,0.47712125471966244
pasted,0.30102999566398114
suddenest,0.47712125471966244
storms,0.17609125905568124
unique,0.30102999566398114
sultry,0.47712125471966244
saturday,0.30102999566398114
makers,0.17609125905568124
mulgrave,0.47712125471966244
robin,0.47712125471966244
hood,0.30102999566398114
rig,0.17609125905568124
mill,0.0791812460476248
runswick,0.47712125471966244
staithes,0.47712125471966244
trips,0.30102999566398114
steamers,0.47712125471966244
emma,0.47712125471966244
scarborough,0.47712125471966244
tripping,0.30102999566398114
unusually,0.30102999566398114
gossips,0.47712125471966244
commanding,0.30102999566398114
eminence,0.0791812460476248
mares,0.47712125471966244
tails,0.30102999566398114
blowing,0.17609125905568124
barometrical,0.47712125471966244
fisherman,0.30102999566398114
foretold,0.30102999566398114
emphatic,0.47712125471966244
splendidly,0.30102999566398114
dipped,0.30102999566398114
athwart,0.30102999566398114
violet,0.30102999566398114
tints,0.47712125471966244
outlined,0.30102999566398114
colossal,0.17609125905568124
silhouettes,0.47712125471966244
sketches,0.30102999566398114
cobble,0.47712125471966244
prevailing,0.0791812460476248
affects,0.17609125905568124
hug,0.30102999566398114
seaward,0.30102999566398114
noticeable,0.17609125905568124
schooner,0.17609125905568124
westwards,0.47712125471966244
foolhardiness,0.30102999566398114
officers,0.0
prolific,0.47712125471966244
reduce,0.0791812460476248
idly,0.30102999566398114
flapping,0.17609125905568124
undulating,0.17609125905568124
barking,0.30102999566398114
discord,0.30102999566398114
booming,0.30102999566398114
realize,0.0791812460476248
overtopping,0.47712125471966244
glassy,0.30102999566398114
roaring,0.30102999566398114
crested,0.47712125471966244
shelving,0.47712125471966244
spume,0.47712125471966244
lanthorns,0.47712125471966244
lighthouses,0.47712125471966244
stanchions,0.30102999566398114
onlookers,0.47712125471966244
fatalities,0.47712125471966244
clammy,0.30102999566398114
peals,0.47712125471966244
skywards,0.47712125471966244
foam,0.0791812460476248
snatch,0.0791812460476248
rag,0.30102999566398114
searchlight,0.47712125471966244
inrushing,0.47712125471966244
effective,0.30102999566398114
gunwale,0.30102999566398114
sheltering,0.30102999566398114
cleave,0.30102999566398114
backed,0.17609125905568124
watchers,0.30102999566398114
realized,0.0791812460476248
ships,0.0791812460476248
fetch,0.17609125905568124
troughs,0.47712125471966244
salt,0.0791812460476248
pall,0.30102999566398114
organ,0.0791812460476248
billows,0.17609125905568124
shifted,0.30102999566398114
remnant,0.17609125905568124
mirabile,0.47712125471966244
dictu,0.47712125471966244
leaping,0.17609125905568124
headlong,0.17609125905568124
helm,0.0791812460476248
drooping,0.30102999566398114
fro,0.17609125905568124
unsteered,0.30102999566398114
pitched,0.17609125905568124
gravel,0.17609125905568124
tides,0.30102999566398114
tate,0.47712125471966244
spar,0.47712125471966244
hammer,0.17609125905568124
crashing,0.17609125905568124
laneway,0.47712125471966244
vernacular,0.30102999566398114
project,0.30102999566398114
sustaining,0.17609125905568124
intensified,0.17609125905568124
focus,0.30102999566398114
proximity,0.30102999566398114
heights,0.17609125905568124
climb,0.17609125905568124
scouring,0.47712125471966244
derelict,0.47712125471966244
aft,0.30102999566398114
recoiled,0.17609125905568124
pique,0.47712125471966244
drawbridge,0.47712125471966244
runner,0.17609125905568124
police,0.0791812460476248
boatman,0.30102999566398114
seaman,0.0791812460476248
awed,0.30102999566398114
wrists,0.30102999566398114
cords,0.17609125905568124
buffeting,0.47712125471966244
j,0.17609125905568124
caffyn,0.47712125471966244
elliot,0.47712125471966244
corked,0.47712125471966244
addendum,0.47712125471966244
fastening,0.30102999566398114
knots,0.30102999566398114
complications,0.30102999566398114
admiralty,0.47712125471966244
coastguards,0.47712125471966244
salvage,0.47712125471966244
civilian,0.47712125471966244
wagging,0.47712125471966244
asserting,0.17609125905568124
contravention,0.47712125471966244
statutes,0.47712125471966244
mortmain,0.47712125471966244
tiller,0.30102999566398114
emblemship,0.47712125471966244
delegated,0.30102999566398114
steersman,0.17609125905568124
ward,0.17609125905568124
steadfastness,0.47712125471966244
casabianca,0.47712125471966244
mortuary,0.30102999566398114
inquest,0.30102999566398114
abating,0.47712125471966244
scattering,0.30102999566398114
redden,0.47712125471966244
wolds,0.47712125471966244
miraculously,0.30102999566398114
sequel,0.30102999566398114
demeter,0.47712125471966244
ballast,0.47712125471966244
cargo,0.17609125905568124
consigned,0.30102999566398114
formally,0.30102999566398114
consul,0.47712125471966244
charter,0.47712125471966244
dues,0.0791812460476248
coincidence,0.17609125905568124
officials,0.30102999566398114
exacting,0.30102999566398114
compliance,0.47712125471966244
regulations,0.30102999566398114
complaint,0.17609125905568124
members,0.0791812460476248
befriend,0.30102999566398114
moors,0.47712125471966244
mastiff,0.47712125471966244
opponent,0.17609125905568124
slit,0.47712125471966244
claw,0.30102999566398114
inspector,0.30102999566398114
special,0.0791812460476248
missing,0.17609125905568124
rescript,0.47712125471966244
omitting,0.30102999566398114
technical,0.30102999566398114
seamanship,0.47712125471966244
supercargo,0.17609125905568124
mania,0.30102999566398114
persistently,0.47712125471966244
cum,0.47712125471966244
grano,0.47712125471966244
dictation,0.30102999566398114
translated,0.17609125905568124
cook,0.17609125905568124
bosphorus,0.47712125471966244
boarded,0.17609125905568124
backsheesh,0.47712125471966244
dardanelles,0.30102999566398114
flagboat,0.47712125471966244
squadron,0.47712125471966244
archipelago,0.30102999566398114
matapan,0.47712125471966244
dissatisfied,0.0791812460476248
petrofsky,0.47712125471966244
larboard,0.17609125905568124
abramoff,0.47712125471966244
bunk,0.30102999566398114
olgaren,0.47712125471966244
awestruck,0.47712125471966244
disappear,0.0791812460476248
bows,0.17609125905568124
hatchways,0.47712125471966244
superstitious,0.0
allay,0.30102999566398114
stem,0.0791812460476248
stern,0.0791812460476248
demoralise,0.47712125471966244
handspike,0.30102999566398114
lanterns,0.17609125905568124
unsearched,0.47712125471966244
scowled,0.30102999566398114
gibralter,0.47712125471966244
biscay,0.47712125471966244
maelstrom,0.47712125471966244
volunteered,0.30102999566398114
steer,0.0791812460476248
steadier,0.47712125471966244
outcry,0.30102999566398114
nearing,0.47712125471966244
awaked,0.30102999566398114
sighted,0.0791812460476248
demoralised,0.47712125471966244
inwardly,0.30102999566398114
stolidly,0.47712125471966244
roumanian,0.47712125471966244
foreland,0.47712125471966244
yawing,0.30102999566398114
seconds,0.17609125905568124
flannels,0.47712125471966244
hoarsely,0.30102999566398114
knife,0.0791812460476248
savagely,0.47712125471966244
unscrew,0.47712125471966244
lip,0.30102999566398114
choppy,0.47712125471966244
tool,0.17609125905568124
chest,0.17609125905568124
hatchway,0.47712125471966244
stark,0.30102999566398114
raving,0.17609125905568124
invoiced,0.47712125471966244
clears,0.47712125471966244
bulwark,0.30102999566398114
deliberately,0.0791812460476248
dimness,0.47712125471966244
overboard,0.0791812460476248
baffle,0.47712125471966244
weaker,0.0791812460476248
mayhap,0.30102999566398114
virgin,0.30102999566398114
saints,0.0
verdict,0.30102999566398114
adduce,0.47712125471966244
murders,0.17609125905568124
universally,0.17609125905568124
owners,0.17609125905568124
boomed,0.47712125471966244
pots,0.17609125905568124
undress,0.30102999566398114
thwarted,0.30102999566398114
disappears,0.0791812460476248
yields,0.30102999566398114
topped,0.30102999566398114
bullying,0.30102999566398114
captains,0.30102999566398114
cort,0.47712125471966244
ge,0.30102999566398114
procession,0.17609125905568124
influences,0.17609125905568124
acutely,0.30102999566398114
harshly,0.30102999566398114
bristling,0.17609125905568124
tail,0.17609125905568124
puss,0.47712125471966244
scruff,0.47712125471966244
tombstone,0.30102999566398114
crouched,0.30102999566398114
cowering,0.47712125471966244
agglomeration,0.47712125471966244
physically,0.17609125905568124
nosing,0.47712125471966244
wits,0.0791812460476248
slate,0.30102999566398114
capital,0.0
seaweed,0.0791812460476248
strand,0.17609125905568124
appetites,0.17609125905568124
tolerant,0.30102999566398114
stoppages,0.47712125471966244
bulls,0.30102999566398114
curate,0.30102999566398114
miller,0.30102999566398114
bishops,0.47712125471966244
breeding,0.17609125905568124
curates,0.47712125471966244
breathing,0.0791812460476248
proposing,0.17609125905568124
accepting,0.30102999566398114
condescend,0.17609125905568124
job,0.17609125905568124
troubles,0.0791812460476248
emptiness,0.47712125471966244
dressing,0.17609125905568124
gown,0.30102999566398114
nightdress,0.30102999566398114
chilling,0.30102999566398114
overmastering,0.47712125471966244
shawl,0.30102999566398114
striking,0.0
terrace,0.30102999566398114
fleeting,0.0791812460476248
diorama,0.47712125471966244
reclining,0.17609125905568124
weighted,0.47712125471966244
rusty,0.17609125905568124
spells,0.30102999566398114
brilliantly,0.30102999566398114
gasps,0.47712125471966244
lungs,0.30102999566398114
collar,0.30102999566398114
unclad,0.47712125471966244
pin,0.17609125905568124
pinched,0.30102999566398114
pricked,0.30102999566398114
quieter,0.47712125471966244
respond,0.30102999566398114
moaning,0.30102999566398114
sighing,0.30102999566398114
wakes,0.47712125471966244
prettily,0.30102999566398114
appalled,0.30102999566398114
insist,0.0791812460476248
puddle,0.47712125471966244
daubed,0.30102999566398114
mud,0.30102999566398114
favoured,0.0791812460476248
sober,0.0
wynds,0.47712125471966244
exposure,0.17609125905568124
fret,0.47712125471966244
wrist,0.0791812460476248
reflex,0.30102999566398114
harmed,0.30102999566398114
benefited,0.17609125905568124
clumsiness,0.17609125905568124
transfixed,0.30102999566398114
pricks,0.47712125471966244
apologised,0.47712125471966244
scar,0.30102999566398114
tiny,0.17609125905568124
joining,0.17609125905568124
gate,0.0791812460476248
strolled,0.17609125905568124
casino,0.47712125471966244
spohr,0.47712125471966244
mackenzie,0.47712125471966244
restful,0.47712125471966244
chirping,0.30102999566398114
snuggled,0.47712125471966244
bearable,0.47712125471966244
merged,0.47712125471966244
whirling,0.30102999566398114
circles,0.17609125905568124
peacefully,0.17609125905568124
bathe,0.17609125905568124
apropos,0.30102999566398114
slewed,0.30102999566398114
whereon,0.30102999566398114
illusion,0.17609125905568124
refraction,0.47712125471966244
refer,0.0791812460476248
headache,0.17609125905568124
stroll,0.30102999566398114
westward,0.30102999566398114
upstairs,0.17609125905568124
paler,0.17609125905568124
weakening,0.30102999566398114
numbering,0.30102999566398114
fading,0.17609125905568124
eats,0.17609125905568124
gasping,0.30102999566398114
sits,0.0791812460476248
silently,0.0791812460476248
struggles,0.0791812460476248
unlucky,0.17609125905568124
prick,0.30102999566398114
larger,0.0791812460476248
faintly,0.0791812460476248
dots,0.30102999566398114
centres,0.30102999566398114
messrs,0.30102999566398114
carter,0.47712125471966244
paterson,0.47712125471966244
sirs,0.30102999566398114
herewith,0.47712125471966244
invoice,0.47712125471966244
receipt,0.30102999566398114
labelled,0.30102999566398114
deposit,0.17609125905568124
consignment,0.47712125471966244
forming,0.17609125905568124
diagram,0.47712125471966244
mansion,0.17609125905568124
delivery,0.30102999566398114
teams,0.47712125471966244
forthwith,0.17609125905568124
obviate,0.47712125471966244
delays,0.30102999566398114
requirements,0.0791812460476248
payment,0.0
departments,0.17609125905568124
enclose,0.30102999566398114
cheque,0.47712125471966244
pounds,0.17609125905568124
acknowledge,0.17609125905568124
proprietor,0.30102999566398114
duplicate,0.30102999566398114
pressing,0.0791812460476248
faithfully,0.30102999566398114
overplus,0.47712125471966244
receipted,0.30102999566398114
accordance,0.0
parcel,0.30102999566398114
respectfully,0.30102999566398114
pro,0.47712125471966244
sadly,0.0791812460476248
morbid,0.47712125471966244
reticence,0.30102999566398114
reminding,0.30102999566398114
heel,0.17609125905568124
boot,0.30102999566398114
communicative,0.47712125471966244
dreamed,0.0791812460476248
puckered,0.47712125471966244
singing,0.0
drowning,0.30102999566398114
breathlessly,0.17609125905568124
braced,0.47712125471966244
mapped,0.47712125471966244
trunk,0.17609125905568124
hospital,0.17609125905568124
joseph,0.47712125471966244
ste,0.47712125471966244
wilhelmina,0.47712125471966244
madam,0.30102999566398114
dutiful,0.30102999566398114
sanatorium,0.47712125471966244
staying,0.17609125905568124
klausenburg,0.47712125471966244
shouting,0.17609125905568124
ticket,0.30102999566398114
furthest,0.30102999566398114
sniff,0.47712125471966244
respectful,0.0791812460476248
servile,0.30102999566398114
religious,0.0791812460476248
squalls,0.30102999566398114
combination,0.0791812460476248
infinitesimal,0.47712125471966244
distinctions,0.0791812460476248
paltry,0.17609125905568124
madmen,0.17609125905568124
taketh,0.47712125471966244
sees,0.0
strict,0.17609125905568124
shifty,0.47712125471966244
resignedly,0.47712125471966244
lustre,0.30102999566398114
testily,0.47712125471966244
bother,0.47712125471966244
filling,0.0791812460476248
columns,0.17609125905568124
enigmatically,0.47712125471966244
maidens,0.47712125471966244
draweth,0.47712125471966244
obstinately,0.17609125905568124
chloral,0.47712125471966244
morpheus,0.47712125471966244
hcl,0.47712125471966244
h,0.30102999566398114
dishonour,0.30102999566398114
mixing,0.17609125905568124
gladder,0.47712125471966244
tossing,0.0791812460476248
strike,0.0791812460476248
watchman,0.17609125905568124
gear,0.30102999566398114
bulky,0.47712125471966244
unhurt,0.47712125471966244
separates,0.17609125905568124
ladder,0.0791812460476248
disappearing,0.30102999566398114
ironbound,0.47712125471966244
chasing,0.30102999566398114
errant,0.30102999566398114
swarm,0.30102999566398114
bees,0.17609125905568124
escaping,0.17609125905568124
worshipped,0.17609125905568124
afar,0.30102999566398114
commands,0.0791812460476248
distribution,0.17609125905568124
loaves,0.30102999566398114
fishes,0.17609125905568124
manias,0.47712125471966244
tiger,0.30102999566398114
caged,0.47712125471966244
sheppard,0.47712125471966244
strait,0.17609125905568124
waistcoat,0.30102999566398114
padded,0.47712125471966244
silences,0.47712125471966244
coherent,0.47712125471966244
hint,0.0791812460476248
hull,0.17609125905568124
hamburg,0.47712125471966244
nursing,0.17609125905568124
vocation,0.17609125905568124
treat,0.0791812460476248
jealous,0.17609125905568124
coat,0.0791812460476248
solemnly,0.0
spin,0.0791812460476248
formalities,0.30102999566398114
chaplain,0.17609125905568124
awakes,0.47712125471966244
propped,0.30102999566398114
pillows,0.47712125471966244
choke,0.30102999566398114
responsibilities,0.47712125471966244
ribbon,0.17609125905568124
knot,0.30102999566398114
sealing,0.47712125471966244
wax,0.17609125905568124
mixes,0.47712125471966244
privilege,0.17609125905568124
schoolroom,0.47712125471966244
oceans,0.47712125471966244
cormorant,0.47712125471966244
fat,0.0791812460476248
drives,0.17609125905568124
tennis,0.47712125471966244
cessation,0.30102999566398114
suffused,0.30102999566398114
pleading,0.17609125905568124
cringing,0.47712125471966244
furtively,0.30102999566398114
hurting,0.47712125471966244
dissociated,0.47712125471966244
tempt,0.17609125905568124
cats,0.17609125905568124
swooned,0.47712125471966244
coma,0.47712125471966244
moonrise,0.47712125471966244
happens,0.17609125905568124
disraeli,0.47712125471966244
cage,0.17609125905568124
quietness,0.30102999566398114
artfully,0.47712125471966244
inspect,0.17609125905568124
redoubled,0.30102999566398114
bats,0.17609125905568124
hillingham,0.47712125471966244
hadn,0.30102999566398114
worry,0.0791812460476248
waked,0.30102999566398114
doze,0.47712125471966244
scratching,0.17609125905568124
albemarle,0.47712125471966244
preying,0.30102999566398114
distracted,0.17609125905568124
demurred,0.47712125471966244
consult,0.0791812460476248
wire,0.30102999566398114
functional,0.47712125471966244
disturbance,0.17609125905568124
woefully,0.47712125471966244
guesses,0.30102999566398114
lunched,0.47712125471966244
boudoir,0.30102999566398114
mask,0.17609125905568124
reaction,0.17609125905568124
diagnosis,0.47712125471966244
loathe,0.30102999566398114
analysed,0.30102999566398114
qualitative,0.47712125471966244
infer,0.30102999566398114
complains,0.30102999566398114
satisfactorily,0.30102999566398114
lethargic,0.47712125471966244
amsterdam,0.47712125471966244
diseases,0.17609125905568124
arbitrary,0.47712125471966244
metaphysician,0.47712125471966244
scientists,0.47712125471966244
indomitable,0.0791812460476248
toleration,0.30102999566398114
kindliest,0.30102999566398114
beats,0.0791812460476248
equipment,0.47712125471966244
embracing,0.17609125905568124
abraham,0.30102999566398114
ph,0.30102999566398114
swiftly,0.17609125905568124
gangrene,0.47712125471966244
slip,0.0791812460476248
aids,0.30102999566398114
discretion,0.17609125905568124
lunching,0.47712125471966244
jesting,0.30102999566398114
jest,0.17609125905568124
descriptive,0.30102999566398114
telegraph,0.30102999566398114
smuts,0.47712125471966244
chat,0.30102999566398114
geniality,0.30102999566398114
pretense,0.30102999566398114
suavely,0.47712125471966244
pouf,0.47712125471966244
snapped,0.17609125905568124
particular,0.0
fails,0.17609125905568124
madmans,0.47712125471966244
rewards,0.17609125905568124
cigarette,0.47712125471966244
whiles,0.47712125471966244
maid,0.17609125905568124
rallying,0.47712125471966244
outburst,0.30102999566398114
stroke,0.17609125905568124
indicate,0.17609125905568124
capture,0.0791812460476248
padding,0.47712125471966244
humble,0.17609125905568124
reaping,0.47712125471966244
fathom,0.17609125905568124
yelling,0.47712125471966244
smoky,0.17609125905568124
inky,0.47712125471966244
sternness,0.47712125471966244
disc,0.47712125471966244
frenzied,0.47712125471966244
inert,0.17609125905568124
recuperative,0.47712125471966244
signalled,0.30102999566398114
brushed,0.17609125905568124
crumbs,0.47712125471966244
emptied,0.0791812460476248
rubbish,0.30102999566398114
malign,0.30102999566398114
professionally,0.47712125471966244
specialist,0.47712125471966244
conjointly,0.47712125471966244
unduly,0.47712125471966244
hedged,0.47712125471966244
granted,0.17609125905568124
liverpool,0.47712125471966244
discreetly,0.47712125471966244
breed,0.17609125905568124
corn,0.17609125905568124
ripened,0.30102999566398114
paint,0.17609125905568124
husbandman,0.30102999566398114
chaff,0.47712125471966244
crop,0.30102999566398114
dig,0.0791812460476248
planted,0.17609125905568124
husbandry,0.30102999566398114
sown,0.17609125905568124
sprout,0.47712125471966244
practise,0.30102999566398114
kick,0.30102999566398114
surmises,0.47712125471966244
drugs,0.17609125905568124
paraphernalia,0.47712125471966244
healing,0.30102999566398114
craft,0.0791812460476248
beneficent,0.30102999566398114
moods,0.30102999566398114
ordained,0.17609125905568124
antidote,0.17609125905568124
dame,0.30102999566398114
gathers,0.30102999566398114
insensitive,0.47712125471966244
tissue,0.30102999566398114
egoism,0.30102999566398114
root,0.0
phase,0.30102999566398114
spiritual,0.30102999566398114
pathology,0.47712125471966244
readily,0.0791812460476248
horrified,0.0
chalkily,0.47712125471966244
prominently,0.47712125471966244
marble,0.30102999566398114
converged,0.47712125471966244
beckoned,0.30102999566398114
transfusion,0.47712125471966244
knock,0.0791812460476248
dad,0.47712125471966244
thankful,0.17609125905568124
stalwart,0.30102999566398114
emanate,0.30102999566398114
humorous,0.30102999566398114
nostril,0.47712125471966244
slapped,0.30102999566398114
narcotic,0.17609125905568124
cheerily,0.30102999566398114
lift,0.17609125905568124
potency,0.47712125471966244
strip,0.0791812460476248
defibrinate,0.47712125471966244
adjusted,0.17609125905568124
velvet,0.30102999566398114
buckled,0.30102999566398114
buckle,0.47712125471966244
hiss,0.30102999566398114
indrawn,0.47712125471966244
betraying,0.30102999566398114
recruited,0.30102999566398114
counterpane,0.30102999566398114
heaved,0.30102999566398114
jugular,0.47712125471966244
vein,0.0791812460476248
punctures,0.47712125471966244
trituration,0.47712125471966244
nurses,0.30102999566398114
prostration,0.30102999566398114
pooh,0.30102999566398114
poohed,0.47712125471966244
vigil,0.30102999566398114
objection,0.0791812460476248
gratefully,0.30102999566398114
spell,0.30102999566398114
shorter,0.17609125905568124
tackled,0.47712125471966244
boon,0.17609125905568124
crave,0.17609125905568124
pendulum,0.47712125471966244
arrears,0.47712125471966244
inquire,0.17609125905568124
suggesting,0.30102999566398114
stating,0.30102999566398114
mail,0.17609125905568124
wink,0.17609125905568124
numbness,0.30102999566398114
cerebral,0.30102999566398114
enlivened,0.47712125471966244
cozy,0.47712125471966244
doctors,0.0791812460476248
acquiesce,0.47712125471966244
rein,0.47712125471966244
wills,0.17609125905568124
blissful,0.30102999566398114
flooded,0.47712125471966244
inspiration,0.17609125905568124
rarity,0.47712125471966244
gott,0.47712125471966244
himmel,0.47712125471966244
enforcement,0.30102999566398114
ashen,0.30102999566398114
swoon,0.17609125905568124
shrunken,0.47712125471966244
decanter,0.30102999566398114
wetted,0.17609125905568124
undone,0.47712125471966244
dipping,0.17609125905568124
producing,0.0791812460476248
sleeve,0.17609125905568124
draining,0.47712125471966244
hypodermic,0.47712125471966244
injection,0.47712125471966244
morphia,0.47712125471966244
deftly,0.30102999566398114
subtly,0.47712125471966244
tinge,0.17609125905568124
critically,0.47712125471966244
remonstrated,0.47712125471966244
fianc,0.47712125471966244
digital,0.47712125471966244
incision,0.47712125471966244
enjealous,0.47712125471966244
amazement,0.17609125905568124
wondering,0.0791812460476248
retrograde,0.47712125471966244
drained,0.30102999566398114
injunctions,0.30102999566398114
crimson,0.30102999566398114
unwonted,0.30102999566398114
drain,0.30102999566398114
imploring,0.30102999566398114
maids,0.30102999566398114
piteously,0.30102999566398114
intercede,0.30102999566398114
impressment,0.47712125471966244
bundle,0.17609125905568124
wry,0.47712125471966244
decoction,0.47712125471966244
nauseous,0.30102999566398114
snub,0.30102999566398114
distort,0.30102999566398114
medicinal,0.47712125471966244
wreath,0.47712125471966244
lotus,0.30102999566398114
lethe,0.47712125471966244
conquistadores,0.47712125471966244
floridas,0.47712125471966244
smelling,0.30102999566398114
joke,0.0791812460476248
thwart,0.30102999566398114
hush,0.30102999566398114
haarlem,0.47712125471966244
vanderpool,0.47712125471966244
pharmacopoeia,0.47712125471966244
latched,0.47712125471966244
handful,0.30102999566398114
sashes,0.30102999566398114
whiff,0.30102999566398114
wisp,0.17609125905568124
grotesque,0.30102999566398114
puzzles,0.30102999566398114
sceptic,0.47712125471966244
ho,0.17609125905568124
baneful,0.17609125905568124
unshed,0.47712125471966244
sleeplessness,0.47712125471966244
dreads,0.47712125471966244
ophelia,0.47712125471966244
crants,0.47712125471966244
maiden,0.17609125905568124
strewments,0.47712125471966244
berkeley,0.30102999566398114
annual,0.17609125905568124
riser,0.30102999566398114
greeted,0.17609125905568124
jubilant,0.47712125471966244
diagnosed,0.47712125471966244
ma,0.30102999566398114
stuffy,0.47712125471966244
bunch,0.17609125905568124
mischievous,0.17609125905568124
palms,0.17609125905568124
sob,0.17609125905568124
racking,0.47712125471966244
appealing,0.17609125905568124
universe,0.17609125905568124
beset,0.17609125905568124
pagan,0.30102999566398114
unknowing,0.47712125471966244
waxen,0.30102999566398114
hissing,0.47712125471966244
ashy,0.47712125471966244
healthy,0.17609125905568124
consulting,0.0791812460476248
ordeal,0.47712125471966244
insane,0.17609125905568124
diver,0.17609125905568124
noises,0.17609125905568124
boxful,0.47712125471966244
boughs,0.17609125905568124
napped,0.47712125471966244
mall,0.47712125471966244
gazette,0.30102999566398114
interviewer,0.47712125471966244
logical,0.17609125905568124
refusals,0.47712125471966244
talisman,0.47712125471966244
section,0.0791812460476248
bilder,0.47712125471966244
enclosure,0.0791812460476248
elephant,0.47712125471966244
hospitable,0.47712125471966244
average,0.17609125905568124
pipe,0.0791812460476248
arsk,0.47712125471966244
excoose,0.47712125471966244
refoosin,0.47712125471966244
perfeshunal,0.47712125471966244
afore,0.47712125471966244
meals,0.0791812460476248
jackals,0.47712125471966244
hyenas,0.47712125471966244
queried,0.47712125471966244
wishful,0.47712125471966244
talkative,0.47712125471966244
ittin,0.47712125471966244
ead,0.47712125471966244
scratchin,0.47712125471966244
gents,0.47712125471966244
flush,0.17609125905568124
orf,0.47712125471966244
gals,0.47712125471966244
fust,0.47712125471966244
chucks,0.47712125471966244
waits,0.17609125905568124
ad,0.30102999566398114
sherry,0.30102999566398114
kawffee,0.47712125471966244
philosophically,0.30102999566398114
theer,0.30102999566398114
animiles,0.47712125471966244
arskin,0.47712125471966244
grumpy,0.47712125471966244
bloomin,0.47712125471966244
arf,0.47712125471966244
quid,0.17609125905568124
blowed,0.47712125471966244
fore,0.0791812460476248
arsked,0.47712125471966244
sarcastic,0.30102999566398114
superintendent,0.30102999566398114
offence,0.0791812460476248
yer,0.47712125471966244
ell,0.47712125471966244
usin,0.47712125471966244
obscene,0.30102999566398114
weren,0.30102999566398114
goin,0.47712125471966244
owl,0.30102999566398114
lions,0.17609125905568124
tigers,0.30102999566398114
lor,0.47712125471966244
ooman,0.47712125471966244
stuck,0.17609125905568124
chunk,0.47712125471966244
rinsed,0.30102999566398114
teapot,0.47712125471966244
hup,0.47712125471966244
scratch,0.17609125905568124
git,0.47712125471966244
growl,0.30102999566398114
ere,0.17609125905568124
guv,0.47712125471966244
ole,0.47712125471966244
bersicker,0.47712125471966244
norway,0.30102999566398114
jamrach,0.47712125471966244
im,0.47712125471966244
wantin,0.47712125471966244
animile,0.47712125471966244
tom,0.17609125905568124
e,0.0
mindin,0.47712125471966244
blest,0.30102999566398114
isself,0.47712125471966244
feedin,0.47712125471966244
litter,0.30102999566398114
monkey,0.0791812460476248
puma,0.47712125471966244
yelpin,0.47712125471966244
owlin,0.47712125471966244
kem,0.47712125471966244
tearin,0.47712125471966244
chap,0.30102999566398114
ook,0.47712125471966244
runnin,0.47712125471966244
ard,0.30102999566398114
mislike,0.47712125471966244
hirritated,0.47712125471966244
gloves,0.30102999566398114
ands,0.47712125471966244
oped,0.47712125471966244
ow,0.47712125471966244
imitatin,0.47712125471966244
bagful,0.47712125471966244
talkin,0.30102999566398114
tyke,0.47712125471966244
tyking,0.47712125471966244
trades,0.0791812460476248
anceterer,0.47712125471966244
keepers,0.17609125905568124
ave,0.47712125471966244
perlite,0.47712125471966244
kep,0.47712125471966244
arter,0.47712125471966244
hout,0.47712125471966244
hevening,0.47712125471966244
larst,0.47712125471966244
owling,0.47712125471966244
callin,0.47712125471966244
somewheres,0.30102999566398114
gardings,0.47712125471966244
turnin,0.47712125471966244
bust,0.47712125471966244
rails,0.30102999566398114
certing,0.47712125471966244
gard,0.30102999566398114
ners,0.47712125471966244
ome,0.47712125471966244
armony,0.47712125471966244
garding,0.30102999566398114
missis,0.30102999566398114
huntin,0.47712125471966244
seein,0.30102999566398114
elaborate,0.17609125905568124
badinage,0.47712125471966244
surer,0.17609125905568124
sovereign,0.0791812460476248
briskly,0.17609125905568124
chaffin,0.47712125471966244
winked,0.17609125905568124
idin,0.47712125471966244
ner,0.47712125471966244
wot,0.30102999566398114
gallopin,0.47712125471966244
faster,0.0791812460476248
gallop,0.17609125905568124
bein,0.47712125471966244
storybook,0.47712125471966244
dessay,0.47712125471966244
packs,0.47712125471966244
chivyin,0.47712125471966244
afeared,0.47712125471966244
chop,0.47712125471966244
fightin,0.47712125471966244
providin,0.47712125471966244
hisself,0.30102999566398114
shiverin,0.47712125471966244
area,0.47712125471966244
cellar,0.30102999566398114
rum,0.17609125905568124
butcher,0.17609125905568124
shop,0.0791812460476248
nursemaid,0.47712125471966244
walkin,0.47712125471966244
leavin,0.47712125471966244
hinfant,0.47712125471966244
perambulator,0.47712125471966244
shouldn,0.30102999566398114
census,0.47712125471966244
babby,0.30102999566398114
handing,0.17609125905568124
bobbing,0.47712125471966244
doubled,0.0791812460476248
unnecessary,0.17609125905568124
durability,0.47712125471966244
quondam,0.47712125471966244
masquerade,0.30102999566398114
comedy,0.17609125905568124
pathos,0.30102999566398114
paralysed,0.30102999566398114
penitent,0.30102999566398114
vulpine,0.47712125471966244
prodigal,0.17609125905568124
gettin,0.30102999566398114
shyme,0.47712125471966244
bottles,0.17609125905568124
fatted,0.30102999566398114
exclusive,0.17609125905568124
escapade,0.30102999566398114
zoo,0.47712125471966244
arrear,0.47712125471966244
thunderstruck,0.30102999566398114
sprawling,0.30102999566398114
carpet,0.17609125905568124
wary,0.47712125471966244
prostrate,0.30102999566398114
placidly,0.30102999566398114
phases,0.30102999566398114
forego,0.47712125471966244
antwerp,0.30102999566398114
sussex,0.47712125471966244
county,0.47712125471966244
cylinder,0.17609125905568124
memorandum,0.47712125471966244
perversely,0.47712125471966244
shrubbery,0.30102999566398114
pacify,0.17609125905568124
aperture,0.17609125905568124
clutched,0.30102999566398114
hit,0.0791812460476248
wheeling,0.30102999566398114
circling,0.30102999566398114
pillar,0.30102999566398114
simoon,0.47712125471966244
tolling,0.47712125471966244
dazed,0.30102999566398114
pattering,0.47712125471966244
slammed,0.30102999566398114
acrid,0.30102999566398114
sideboard,0.47712125471966244
drugged,0.30102999566398114
shield,0.17609125905568124
cab,0.30102999566398114
response,0.17609125905568124
laziness,0.17609125905568124
abed,0.47712125471966244
blamed,0.17609125905568124
assail,0.30102999566398114
ingress,0.30102999566398114
porch,0.30102999566398114
pat,0.30102999566398114
coherently,0.47712125471966244
surgical,0.47712125471966244
pushed,0.0791812460476248
dimly,0.17609125905568124
stertorous,0.47712125471966244
farthest,0.0791812460476248
listens,0.17609125905568124
restlessly,0.30102999566398114
flick,0.47712125471966244
towel,0.30102999566398114
bath,0.17609125905568124
heated,0.17609125905568124
sobbing,0.30102999566398114
boiler,0.47712125471966244
chafing,0.47712125471966244
sternest,0.47712125471966244
stethoscope,0.47712125471966244
beamed,0.30102999566398114
blinds,0.30102999566398114
etiquette,0.30102999566398114
rigidly,0.17609125905568124
observes,0.17609125905568124
perplexity,0.17609125905568124
outstretched,0.30102999566398114
nick,0.0791812460476248
strode,0.17609125905568124
subcutaneous,0.47712125471966244
slumber,0.17609125905568124
cabmen,0.47712125471966244
solved,0.17609125905568124
certificate,0.30102999566398114
properly,0.0791812460476248
wisely,0.0791812460476248
certify,0.30102999566398114
registrar,0.47712125471966244
undertaker,0.30102999566398114
registration,0.47712125471966244
forestalling,0.47712125471966244
cheerless,0.47712125471966244
shove,0.17609125905568124
dutchman,0.30102999566398114
camera,0.47712125471966244
pampas,0.47712125471966244
mare,0.47712125471966244
vampires,0.30102999566398114
gorge,0.30102999566398114
bullet,0.17609125905568124
bleeding,0.17609125905568124
royal,0.0791812460476248
answering,0.17609125905568124
crux,0.47712125471966244
eased,0.30102999566398114
weakly,0.30102999566398114
fitfully,0.47712125471966244
unattended,0.30102999566398114
patrolled,0.47712125471966244
softer,0.17609125905568124
telegraphed,0.47712125471966244
choking,0.30102999566398114
comatose,0.47712125471966244
stimulant,0.47712125471966244
rallied,0.30102999566398114
rally,0.30102999566398114
unopened,0.47712125471966244
budget,0.30102999566398114
dears,0.47712125471966244
chick,0.30102999566398114
installed,0.30102999566398114
elms,0.47712125471966244
rooks,0.30102999566398114
cawing,0.47712125471966244
chattering,0.30102999566398114
gossiping,0.47712125471966244
humans,0.47712125471966244
housekeeping,0.17609125905568124
partner,0.17609125905568124
clients,0.47712125471966244
starts,0.30102999566398114
coax,0.47712125471966244
placidity,0.30102999566398114
tenses,0.47712125471966244
patrick,0.47712125471966244
hennessey,0.47712125471966244
k,0.47712125471966244
q,0.47712125471966244
outbreak,0.47712125471966244
carrier,0.47712125471966244
abut,0.47712125471966244
decent,0.30102999566398114
mouthed,0.47712125471966244
robbing,0.17609125905568124
hinder,0.17609125905568124
swing,0.17609125905568124
madhouse,0.47712125471966244
havin,0.47712125471966244
civilly,0.47712125471966244
revilings,0.47712125471966244
blandly,0.30102999566398114
oblivious,0.47712125471966244
foreheads,0.30102999566398114
butt,0.0791812460476248
kittens,0.47712125471966244
burly,0.30102999566398114
frustrate,0.47712125471966244
shan,0.47712125471966244
inches,0.17609125905568124
carriers,0.47712125471966244
damages,0.47712125471966244
penalties,0.17609125905568124
indirect,0.0791812460476248
drouth,0.47712125471966244
reprehensible,0.47712125471966244
entertainment,0.0791812460476248
drift,0.30102999566398114
grog,0.30102999566398114
bloke,0.47712125471966244
addresses,0.30102999566398114
smollet,0.47712125471966244
dudding,0.47712125471966244
rents,0.30102999566398114
walworth,0.47712125471966244
snelling,0.47712125471966244
farley,0.47712125471966244
bethnal,0.47712125471966244
harris,0.47712125471966244
sons,0.0791812460476248
shipment,0.47712125471966244
soho,0.47712125471966244
occurring,0.17609125905568124
befriended,0.47712125471966244
avarice,0.17609125905568124
responsibility,0.17609125905568124
puts,0.0791812460476248
helps,0.30102999566398114
troubling,0.0791812460476248
spirited,0.0791812460476248
duly,0.0791812460476248
alarms,0.0791812460476248
whiter,0.30102999566398114
reeked,0.47712125471966244
chaplet,0.47712125471966244
odorous,0.47712125471966244
stertorously,0.47712125471966244
uneasily,0.30102999566398114
wheeled,0.30102999566398114
languidly,0.47712125471966244
mercifully,0.30102999566398114
sissing,0.47712125471966244
indraw,0.47712125471966244
ejaculation,0.47712125471966244
dies,0.17609125905568124
trusts,0.0791812460476248
streaming,0.0791812460476248
summon,0.30102999566398114
easiest,0.17609125905568124
ripples,0.30102999566398114
stooping,0.0791812460476248
matching,0.47712125471966244
insensibly,0.17609125905568124
swooped,0.47712125471966244
aback,0.30102999566398114
spasm,0.30102999566398114
champed,0.47712125471966244
untellable,0.47712125471966244
registers,0.30102999566398114
sterner,0.30102999566398114
harshness,0.17609125905568124
succeeding,0.17609125905568124
urbane,0.47712125471966244
staff,0.17609125905568124
obsequious,0.17609125905568124
suavity,0.30102999566398114
establishment,0.0791812460476248
disordered,0.17609125905568124
notify,0.47712125471966244
bidden,0.0791812460476248
lawyer,0.0791812460476248
coroner,0.47712125471966244
explicit,0.17609125905568124
burial,0.17609125905568124
specific,0.30102999566398114
lad,0.17609125905568124
sanction,0.17609125905568124
recuperate,0.47712125471966244
chapelle,0.30102999566398114
ardente,0.47712125471966244
wilderness,0.17609125905568124
candles,0.30102999566398114
effacing,0.30102999566398114
sternly,0.0791812460476248
premonitory,0.47712125471966244
tap,0.17609125905568124
mortem,0.47712125471966244
knives,0.30102999566398114
autopsy,0.47712125471966244
coffined,0.47712125471966244
mutilate,0.47712125471966244
bleed,0.30102999566398114
unasked,0.47712125471966244
worthless,0.0
forenoon,0.30102999566398114
marquand,0.47712125471966244
wholeman,0.47712125471966244
lidderdale,0.47712125471966244
appreciative,0.47712125471966244
entailed,0.47712125471966244
default,0.47712125471966244
testamentary,0.30102999566398114
contingencies,0.47712125471966244
matrimonial,0.30102999566398114
alliance,0.0791812460476248
collision,0.30102999566398114
ninety,0.17609125905568124
logic,0.17609125905568124
predeceasing,0.47712125471966244
survived,0.17609125905568124
decease,0.30102999566398114
intestacy,0.47712125471966244
inheritors,0.47712125471966244
sentimental,0.30102999566398114
rejoicing,0.17609125905568124
limitations,0.17609125905568124
hostile,0.0791812460476248
criticism,0.17609125905568124
display,0.17609125905568124
lowered,0.17609125905568124
arrangement,0.0
adhered,0.47712125471966244
stupidity,0.17609125905568124
shrunk,0.30102999566398114
genuinely,0.47712125471966244
devotedly,0.30102999566398114
constraint,0.47712125471966244
huskily,0.47712125471966244
comforted,0.17609125905568124
tightening,0.30102999566398114
unison,0.30102999566398114
enhancing,0.47712125471966244
ague,0.17609125905568124
suggest,0.17609125905568124
acute,0.17609125905568124
lovingly,0.47712125471966244
screw,0.30102999566398114
cigars,0.30102999566398114
offensively,0.47712125471966244
patrolling,0.30102999566398114
strewn,0.0791812460476248
lily,0.30102999566398114
freshen,0.47712125471966244
representing,0.0791812460476248
president,0.30102999566398114
incorporated,0.47712125471966244
bus,0.47712125471966244
hyde,0.47712125471966244
piccadilly,0.47712125471966244
improper,0.30102999566398114
teaching,0.17609125905568124
decorum,0.30102999566398114
biting,0.17609125905568124
victoria,0.47712125471966244
guiliano,0.47712125471966244
clutch,0.30102999566398114
bulging,0.47712125471966244
beaky,0.47712125471966244
sensual,0.30102999566398114
staring,0.17609125905568124
nasty,0.30102999566398114
hansom,0.47712125471966244
shady,0.30102999566398114
episode,0.30102999566398114
lapsing,0.47712125471966244
whoever,0.17609125905568124
viking,0.47712125471966244
restraint,0.17609125905568124
transfused,0.47712125471966244
misjudge,0.47712125471966244
manifestations,0.47712125471966244
characteristic,0.17609125905568124
forceful,0.47712125471966244
suitability,0.30102999566398114
sufferers,0.17609125905568124
sexton,0.47712125471966244
thud,0.47712125471966244
yearn,0.47712125471966244
bellow,0.30102999566398114
dance,0.0791812460476248
smileless,0.47712125471966244
ropes,0.17609125905568124
brace,0.17609125905568124
irony,0.17609125905568124
garlanded,0.47712125471966244
kin,0.47712125471966244
toll,0.47712125471966244
garments,0.17609125905568124
comic,0.17609125905568124
polyandrist,0.47712125471966244
bigamist,0.47712125471966244
lordly,0.30102999566398114
hampstead,0.47712125471966244
themes,0.30102999566398114
thread,0.0791812460476248
finis,0.30102999566398114
westminster,0.47712125471966244
parallel,0.17609125905568124
headlines,0.47712125471966244
kensington,0.47712125471966244
stabbing,0.47712125471966244
straying,0.47712125471966244
neglecting,0.0791812460476248
intelligible,0.17609125905568124
consensus,0.47712125471966244
excuses,0.30102999566398114
bloofer,0.47712125471966244
luring,0.47712125471966244
wiles,0.47712125471966244
tots,0.47712125471966244
supremely,0.17609125905568124
caricaturists,0.47712125471966244
comparing,0.17609125905568124
al,0.30102999566398114
fresco,0.47712125471966244
performances,0.30102999566398114
na,0.30102999566398114
vely,0.47712125471966244
ellen,0.47712125471966244
terry,0.47712125471966244
winningly,0.47712125471966244
grubby,0.47712125471966244
individually,0.30102999566398114
inflicts,0.30102999566398114
stray,0.30102999566398114
extra,0.17609125905568124
furze,0.47712125471966244
bush,0.30102999566398114
shooter,0.47712125471966244
frequented,0.47712125471966244
lured,0.47712125471966244
continuity,0.47712125471966244
transcribing,0.47712125471966244
worried,0.47712125471966244
nervousness,0.30102999566398114
empowered,0.30102999566398114
vitally,0.47712125471966244
implore,0.17609125905568124
enlighten,0.17609125905568124
draws,0.0791812460476248
silly,0.0791812460476248
tinges,0.47712125471966244
negative,0.17609125905568124
questioning,0.17609125905568124
accepted,0.17609125905568124
haunts,0.30102999566398114
refine,0.30102999566398114
verbatim,0.47712125471966244
deux,0.47712125471966244
mains,0.47712125471966244
poise,0.47712125471966244
indicative,0.30102999566398114
mobile,0.47712125471966244
broaden,0.47712125471966244
tightens,0.47712125471966244
bumps,0.47712125471966244
reddish,0.17609125905568124
tumble,0.47712125471966244
falls,0.17609125905568124
widely,0.17609125905568124
helper,0.30102999566398114
inference,0.30102999566398114
mystifying,0.47712125471966244
mouths,0.17609125905568124
demurely,0.47712125471966244
typewritten,0.47712125471966244
copy,0.0791812460476248
workbasket,0.47712125471966244
glistened,0.30102999566398114
hurriedly,0.30102999566398114
ablaze,0.17609125905568124
daze,0.47712125471966244
dazzle,0.30102999566398114
darknesses,0.47712125471966244
specialty,0.47712125471966244
goodly,0.17609125905568124
angels,0.17609125905568124
friendships,0.17609125905568124
nobility,0.0791812460476248
truths,0.0791812460476248
overwrought,0.47712125471966244
paddington,0.47712125471966244
permanence,0.30102999566398114
launceston,0.47712125471966244
copied,0.30102999566398114
distrustful,0.30102999566398114
unmask,0.47712125471966244
scrutiny,0.30102999566398114
unreality,0.30102999566398114
groove,0.47712125471966244
mistrusted,0.30102999566398114
physiognomist,0.30102999566398114
praising,0.17609125905568124
egoist,0.47712125471966244
choky,0.47712125471966244
groaning,0.0791812460476248
whistle,0.17609125905568124
finality,0.47712125471966244
intents,0.30102999566398114
bubbling,0.30102999566398114
buoyancy,0.47712125471966244
cicatrised,0.47712125471966244
reopened,0.30102999566398114
whet,0.47712125471966244
paragraph,0.17609125905568124
decoyed,0.47712125471966244
punctured,0.47712125471966244
indirectly,0.17609125905568124
sobered,0.47712125471966244
data,0.30102999566398114
hints,0.17609125905568124
wit,0.17609125905568124
fault,0.0791812460476248
beliefs,0.30102999566398114
opera,0.30102999566398114
corporeal,0.47712125471966244
transference,0.47712125471966244
materialisation,0.47712125471966244
astral,0.47712125471966244
hypnotism,0.47712125471966244
charcot,0.47712125471966244
premise,0.47712125471966244
reject,0.0791812460476248
electrical,0.47712125471966244
unholy,0.30102999566398114
wizards,0.47712125471966244
methuselah,0.47712125471966244
parr,0.47712125471966244
sixty,0.17609125905568124
brutes,0.0791812460476248
oil,0.30102999566398114
cattle,0.30102999566398114
pods,0.47712125471966244
bitten,0.17609125905568124
tortoise,0.30102999566398114
dynasties,0.30102999566398114
parrot,0.17609125905568124
bite,0.0791812460476248
vouched,0.47712125471966244
toads,0.47712125471966244
fakir,0.47712125471966244
sowed,0.47712125471966244
reaped,0.17609125905568124
unbroken,0.17609125905568124
pet,0.30102999566398114
thesis,0.30102999566398114
novice,0.47712125471966244
lumbering,0.47712125471966244
bog,0.30102999566398114
tussock,0.47712125471966244
defined,0.17609125905568124
enables,0.17609125905568124
untrue,0.30102999566398114
truck,0.30102999566398114
receptivity,0.47712125471966244
elbows,0.17609125905568124
covering,0.0791812460476248
mastered,0.30102999566398114
smote,0.17609125905568124
abstract,0.30102999566398114
concrete,0.30102999566398114
byron,0.30102999566398114
excepted,0.47712125471966244
category,0.17609125905568124
jealousy,0.0791812460476248
vincent,0.47712125471966244
plucked,0.17609125905568124
bandage,0.17609125905568124
mistaking,0.30102999566398114
smaller,0.0791812460476248
fresher,0.47712125471966244
alley,0.30102999566398114
gala,0.47712125471966244
mite,0.47712125471966244
reckoned,0.0791812460476248
bicyclists,0.47712125471966244
genially,0.47712125471966244
individual,0.0791812460476248
radius,0.47712125471966244
unhesitatingly,0.17609125905568124
mixup,0.47712125471966244
fewer,0.30102999566398114
patrol,0.47712125471966244
suburban,0.47712125471966244
climbed,0.17609125905568124
creaky,0.47712125471966244
politely,0.30102999566398114
unconsciously,0.17609125905568124
precede,0.17609125905568124
courtliness,0.47712125471966244
plight,0.47712125471966244
fumbled,0.47712125471966244
matchbox,0.47712125471966244
wreathed,0.47712125471966244
lank,0.30102999566398114
whites,0.47712125471966244
greens,0.47712125471966244
browns,0.47712125471966244
beetle,0.30102999566398114
dominance,0.47712125471966244
discoloured,0.30102999566398114
encrusted,0.30102999566398114
tarnished,0.47712125471966244
plating,0.47712125471966244
sordid,0.30102999566398114
irresistibly,0.30102999566398114
systematically,0.47712125471966244
plates,0.30102999566398114
sperm,0.47712125471966244
congealed,0.47712125471966244
turnscrew,0.47712125471966244
straightway,0.17609125905568124
screws,0.47712125471966244
casing,0.47712125471966244
affront,0.30102999566398114
stripped,0.0791812460476248
fumbling,0.47712125471966244
stab,0.17609125905568124
gas,0.47712125471966244
sawed,0.47712125471966244
unmoved,0.17609125905568124
emboldened,0.30102999566398114
dogged,0.47712125471966244
argumentativeness,0.47712125471966244
snatcher,0.47712125471966244
duplicates,0.30102999566398114
pick,0.0
yew,0.17609125905568124
headstones,0.47712125471966244
unnerved,0.30102999566398114
errand,0.30102999566398114
keenly,0.0791812460476248
observant,0.47712125471966244
railed,0.30102999566398114
tombs,0.30102999566398114
stumbled,0.0791812460476248
juniper,0.47712125471966244
rustle,0.30102999566398114
aggressive,0.30102999566398114
thankfully,0.30102999566398114
policeman,0.30102999566398114
tramp,0.17609125905568124
spaniards,0.17609125905568124
insists,0.0791812460476248
stragglers,0.47712125471966244
mourners,0.47712125471966244
alder,0.47712125471966244
perils,0.0791812460476248
incurring,0.17609125905568124
outrageous,0.30102999566398114
leaden,0.0791812460476248
eyesight,0.17609125905568124
shrugged,0.30102999566398114
courteously,0.30102999566398114
unutterably,0.47712125471966244
radiantly,0.47712125471966244
juggle,0.47712125471966244
argumentative,0.30102999566398114
hostility,0.17609125905568124
chagrin,0.30102999566398114
dual,0.47712125471966244
un,0.17609125905568124
differ,0.17609125905568124
designate,0.30102999566398114
nothings,0.30102999566398114
joyously,0.47712125471966244
stake,0.0791812460476248
mutilating,0.47712125471966244
subjective,0.30102999566398114
objective,0.30102999566398114
snap,0.47712125471966244
inclining,0.30102999566398114
forgiven,0.30102999566398114
dine,0.0791812460476248
fooled,0.47712125471966244
hunting,0.0791812460476248
loath,0.47712125471966244
marvel,0.30102999566398114
addressing,0.17609125905568124
query,0.30102999566398114
laconically,0.30102999566398114
doubting,0.17609125905568124
proudly,0.17609125905568124
trusting,0.17609125905568124
endorsement,0.30102999566398114
poke,0.47712125471966244
violate,0.17609125905568124
limitation,0.47712125471966244
reservations,0.47712125471966244
pourparlers,0.47712125471966244
kingstead,0.47712125471966244
desecration,0.47712125471966244
thorny,0.30102999566398114
mutilation,0.47712125471966244
beseech,0.17609125905568124
gleams,0.30102999566398114
scudded,0.30102999566398114
counteractant,0.47712125471966244
hesitatingly,0.30102999566398114
screwdriver,0.47712125471966244
ordinarily,0.17609125905568124
unharmed,0.17609125905568124
sundown,0.30102999566398114
clamps,0.30102999566398114
shun,0.30102999566398114
exodus,0.30102999566398114
slide,0.30102999566398114
filed,0.47712125471966244
scudding,0.47712125471966244
taint,0.30102999566398114
humanising,0.47712125471966244
lighting,0.17609125905568124
phlegmatic,0.30102999566398114
accepts,0.30102999566398114
bravery,0.30102999566398114
plug,0.47712125471966244
tobacco,0.17609125905568124
chew,0.47712125471966244
wafer,0.47712125471966244
biscuit,0.17609125905568124
napkin,0.17609125905568124
whitish,0.47712125471966244
dough,0.47712125471966244
putty,0.47712125471966244
crumbled,0.47712125471966244
scott,0.30102999566398114
apprenticed,0.47712125471966244
repudiated,0.47712125471966244
proofs,0.17609125905568124
embodiment,0.30102999566398114
funereal,0.30102999566398114
ominously,0.47712125471966244
bough,0.30102999566398114
creak,0.17609125905568124
mysteriously,0.30102999566398114
yews,0.47712125471966244
prominence,0.47712125471966244
cerements,0.47712125471966244
forwards,0.0791812460476248
adamantine,0.30102999566398114
purity,0.17609125905568124
robe,0.0791812460476248
snarl,0.47712125471966244
unawares,0.30102999566398114
unclean,0.47712125471966244
growling,0.17609125905568124
growls,0.47712125471966244
bloodedness,0.47712125471966244
wanton,0.30102999566398114
sparks,0.17609125905568124
coils,0.30102999566398114
medusa,0.30102999566398114
snakes,0.17609125905568124
masks,0.30102999566398114
japanese,0.30102999566398114
simultaneously,0.17609125905568124
click,0.30102999566398114
interstice,0.47712125471966244
restoring,0.0791812460476248
strings,0.17609125905568124
overmuch,0.47712125471966244
official,0.17609125905568124
gravediggers,0.47712125471966244
cricketing,0.47712125471966244
melting,0.17609125905568124
aspen,0.47712125471966244
demon,0.30102999566398114
bloodstained,0.47712125471966244
carnal,0.47712125471966244
unspiritual,0.47712125471966244
methodicalness,0.47712125471966244
soldering,0.47712125471966244
plumbing,0.47712125471966244
solder,0.47712125471966244
operating,0.47712125471966244
charring,0.47712125471966244
sharpened,0.30102999566398114
households,0.47712125471966244
lumps,0.47712125471966244
stimulating,0.30102999566398114
bracing,0.47712125471966244
lore,0.47712125471966244
ancients,0.17609125905568124
adding,0.0791812460476248
multiplying,0.17609125905568124
nosferatu,0.47712125471966244
deads,0.47712125471966244
debased,0.47712125471966244
assimilating,0.30102999566398114
sets,0.0791812460476248
bravely,0.47712125471966244
falter,0.30102999566398114
missal,0.47712125471966244
dint,0.30102999566398114
curdling,0.47712125471966244
screech,0.47712125471966244
smeared,0.47712125471966244
faltered,0.30102999566398114
untrembling,0.47712125471966244
welled,0.30102999566398114
spurted,0.47712125471966244
champ,0.30102999566398114
reeled,0.17609125905568124
sweat,0.17609125905568124
token,0.17609125905568124
symbol,0.30102999566398114
unmoving,0.47712125471966244
grinning,0.30102999566398114
soldered,0.47712125471966244
screwed,0.17609125905568124
belongings,0.47712125471966244
tuned,0.30102999566398114
tempered,0.0791812460476248
clues,0.47712125471966244
ploughshare,0.47712125471966244
pearl,0.30102999566398114
en,0.30102999566398114
inquisition,0.17609125905568124
bustling,0.17609125905568124
platforms,0.47712125471966244
dainty,0.0791812460476248
blush,0.17609125905568124
tacit,0.30102999566398114
underground,0.30102999566398114
fenchurch,0.47712125471966244
housekeeper,0.0791812460476248
finishing,0.17609125905568124
tidied,0.47712125471966244
blurted,0.47712125471966244
awkwardly,0.30102999566398114
awkward,0.17609125905568124
embarrassment,0.17609125905568124
horrorstruck,0.47712125471966244
simplicity,0.17609125905568124
vet,0.47712125471966244
grimaced,0.47712125471966244
intuition,0.17609125905568124
batch,0.47712125471966244
typewriting,0.47712125471966244
typed,0.47712125471966244
cylinders,0.47712125471966244
atonement,0.17609125905568124
horrify,0.47712125471966244
documents,0.17609125905568124
brightened,0.17609125905568124
machine,0.17609125905568124
appealingly,0.47712125471966244
thoughtfully,0.30102999566398114
powerless,0.17609125905568124
cupboard,0.30102999566398114
item,0.47712125471966244
chronological,0.30102999566398114
typewrite,0.47712125471966244
seventh,0.17609125905568124
perturbation,0.47712125471966244
borrowed,0.17609125905568124
files,0.47712125471966244
cuttings,0.47712125471966244
judging,0.17609125905568124
knitting,0.30102999566398114
consignee,0.47712125471966244
typescript,0.47712125471966244
collating,0.47712125471966244
benignly,0.47712125471966244
sojourn,0.17609125905568124
confidently,0.17609125905568124
outbursts,0.47712125471966244
brief,0.0791812460476248
darkly,0.17609125905568124
outbreaks,0.30102999566398114
ultimate,0.0
probe,0.17609125905568124
mistrust,0.17609125905568124
americanism,0.47712125471966244
experimental,0.30102999566398114
tally,0.47712125471966244
squire,0.30102999566398114
appreciation,0.17609125905568124
liquid,0.30102999566398114
rider,0.17609125905568124
generated,0.17609125905568124
allayed,0.30102999566398114
adequately,0.30102999566398114
abnormal,0.30102999566398114
limited,0.17609125905568124
compelled,0.0791812460476248
ex,0.30102999566398114
facto,0.47712125471966244
central,0.47712125471966244
telephoned,0.47712125471966244
teaming,0.47712125471966244
supplement,0.47712125471966244
paucity,0.47712125471966244
consequent,0.17609125905568124
operators,0.47712125471966244
currency,0.47712125471966244
realm,0.17609125905568124
allaying,0.47712125471966244
ouse,0.47712125471966244
rummiest,0.47712125471966244
blyme,0.47712125471966244
sence,0.47712125471966244
slep,0.30102999566398114
urtin,0.47712125471966244
smelled,0.47712125471966244
jerusalem,0.30102999566398114
cike,0.47712125471966244
thort,0.47712125471966244
haunting,0.30102999566398114
reopening,0.47712125471966244
detrimentally,0.47712125471966244
volcanic,0.30102999566398114
improves,0.30102999566398114
neutral,0.17609125905568124
blindfold,0.17609125905568124
instinctive,0.17609125905568124
emotional,0.30102999566398114
derogatory,0.47712125471966244
affliction,0.17609125905568124
rained,0.47712125471966244
unthinkingly,0.47712125471966244
stroked,0.47712125471966244
corridor,0.30102999566398114
transcript,0.47712125471966244
tidy,0.47712125471966244
tidying,0.47712125471966244
gracefulness,0.30102999566398114
easiness,0.47712125471966244
pleasantly,0.30102999566398114
contemptuous,0.17609125905568124
asinine,0.47712125471966244
championing,0.47712125471966244
equilibrium,0.30102999566398114
sophistic,0.47712125471966244
tendencies,0.17609125905568124
non,0.0791812460476248
causa,0.47712125471966244
ignoratio,0.47712125471966244
elenchi,0.30102999566398114
polished,0.17609125905568124
spontaneous,0.30102999566398114
questioningly,0.47712125471966244
impartiality,0.47712125471966244
completest,0.47712125471966244
positive,0.0791812460476248
entity,0.47712125471966244
consuming,0.30102999566398114
indefinitely,0.30102999566398114
strengthening,0.30102999566398114
assimilation,0.30102999566398114
relying,0.30102999566398114
scriptural,0.47712125471966244
vendor,0.30102999566398114
nostrum,0.30102999566398114
vulgarised,0.47712125471966244
truism,0.47712125471966244
auspices,0.17609125905568124
pleasanter,0.17609125905568124
boys,0.0791812460476248
nimbleness,0.30102999566398114
gifted,0.17609125905568124
pledged,0.30102999566398114
spilt,0.47712125471966244
trivial,0.47712125471966244
committee,0.17609125905568124
secretary,0.30102999566398114
ascertained,0.17609125905568124
discuss,0.0791812460476248
teachings,0.47712125471966244
bee,0.17609125905568124
necromancy,0.47712125471966244
etymology,0.47712125471966244
divination,0.30102999566398114
meaner,0.30102999566398114
fox,0.17609125905568124
henceforward,0.17609125905568124
overcoming,0.0791812460476248
reliant,0.47712125471966244
businesslike,0.47712125471966244
contend,0.17609125905568124
extend,0.17609125905568124
unfettered,0.30102999566398114
arrayed,0.17609125905568124
restrict,0.47712125471966244
secondly,0.17609125905568124
scouted,0.47712125471966244
flourish,0.47712125471966244
chernosese,0.47712125471966244
berserker,0.47712125471966244
icelander,0.47712125471966244
begotten,0.30102999566398114
hun,0.47712125471966244
slav,0.47712125471966244
fatten,0.30102999566398114
strenuous,0.47712125471966244
pabulum,0.47712125471966244
throws,0.17609125905568124
wolfs,0.47712125471966244
transform,0.17609125905568124
hairbreadth,0.47712125471966244
fused,0.47712125471966244
galley,0.17609125905568124
ceases,0.30102999566398114
whereas,0.0791812460476248
slack,0.47712125471966244
afflict,0.30102999566398114
giveth,0.30102999566398114
arminius,0.47712125471966244
cleverest,0.17609125905568124
bravest,0.0791812460476248
draculas,0.47712125471966244
scions,0.47712125471966244
coevals,0.47712125471966244
dealings,0.17609125905568124
scholomance,0.47712125471966244
hermanstadt,0.47712125471966244
scholar,0.17609125905568124
wampyr,0.47712125471966244
loins,0.30102999566398114
foulness,0.47712125471966244
campaign,0.0791812460476248
inquiry,0.17609125905568124
ricochetting,0.47712125471966244
idiotic,0.47712125471966244
damned,0.30102999566398114
evenings,0.17609125905568124
lair,0.47712125471966244
sterilise,0.47712125471966244
lessen,0.17609125905568124
pill,0.47712125471966244
discussion,0.0791812460476248
vote,0.17609125905568124
counsels,0.17609125905568124
manlike,0.30102999566398114
urgent,0.30102999566398114
messenger,0.0791812460476248
importunate,0.30102999566398114
oddness,0.47712125471966244
equality,0.0791812460476248
seconding,0.47712125471966244
windham,0.47712125471966244
inventor,0.30102999566398114
punch,0.17609125905568124
patronised,0.47712125471966244
precedent,0.47712125471966244
tropics,0.30102999566398114
stripes,0.47712125471966244
treaty,0.0791812460476248
engine,0.47712125471966244
enlargement,0.17609125905568124
monroe,0.47712125471966244
doctrine,0.30102999566398114
fable,0.0791812460476248
conventional,0.17609125905568124
prefix,0.47712125471966244
revolutionised,0.30102999566398114
therapeutics,0.47712125471966244
evolution,0.30102999566398114
unfitting,0.47712125471966244
gentlemen,0.0791812460476248
nationality,0.17609125905568124
heredity,0.30102999566398114
respective,0.17609125905568124
majority,0.0791812460476248
liberties,0.30102999566398114
humanitarian,0.47712125471966244
medico,0.47712125471966244
jurist,0.47712125471966244
scientist,0.47712125471966244
improving,0.17609125905568124
apprehend,0.17609125905568124
presses,0.47712125471966244
implied,0.0791812460476248
scytheman,0.47712125471966244
contract,0.30102999566398114
practitioner,0.30102999566398114
scrutinised,0.47712125471966244
erred,0.47712125471966244
brutally,0.17609125905568124
shift,0.47712125471966244
concession,0.17609125905568124
bethink,0.47712125471966244
reasonableness,0.30102999566398114
defect,0.17609125905568124
comically,0.47712125471966244
groundless,0.47712125471966244
imploringly,0.47712125471966244
petition,0.30102999566398114
militating,0.47712125471966244
demonstrative,0.30102999566398114
unavailing,0.30102999566398114
collapse,0.47712125471966244
acquiescence,0.17609125905568124
wringing,0.17609125905568124
plaintive,0.30102999566398114
leg,0.17609125905568124
ironed,0.47712125471966244
gaol,0.47712125471966244
wilder,0.47712125471966244
behave,0.17609125905568124
convince,0.17609125905568124
foresight,0.17609125905568124
attempting,0.0791812460476248
bluff,0.30102999566398114
sanest,0.47712125471966244
indexy,0.47712125471966244
fads,0.47712125471966244
rats,0.17609125905568124
conjunction,0.30102999566398114
unnerve,0.47712125471966244
sorting,0.30102999566398114
necks,0.0791812460476248
windpipes,0.47712125471966244
breakable,0.47712125471966244
crushable,0.47712125471966244
amenable,0.30102999566398114
blossoms,0.30102999566398114
mundane,0.30102999566398114
revolver,0.47712125471966244
electric,0.17609125905568124
desecrate,0.47712125471966244
similarly,0.17609125905568124
equipped,0.17609125905568124
dexterity,0.17609125905568124
stead,0.17609125905568124
clang,0.47712125471966244
creaked,0.30102999566398114
manus,0.30102999566398114
tuas,0.47712125471966244
domine,0.47712125471966244
opacity,0.47712125471966244
powerfully,0.30102999566398114
hobnails,0.47712125471966244
fluffy,0.47712125471966244
webs,0.17609125905568124
tattered,0.17609125905568124
rags,0.17609125905568124
yellowed,0.47712125471966244
label,0.30102999566398114
turnings,0.30102999566398114
oaken,0.30102999566398114
ribbed,0.47712125471966244
file,0.17609125905568124
unpleasantness,0.30102999566398114
malodorous,0.47712125471966244
exhale,0.47712125471966244
gaps,0.30102999566398114
fasting,0.30102999566398114
gloated,0.47712125471966244
stagnant,0.30102999566398114
miasma,0.47712125471966244
fouler,0.47712125471966244
ills,0.30102999566398114
mortality,0.17609125905568124
pungent,0.30102999566398114
corrupt,0.17609125905568124
sickens,0.47712125471966244
exhaled,0.47712125471966244
loathsomeness,0.47712125471966244
stench,0.30102999566398114
involved,0.0
involuntary,0.0791812460476248
shrinking,0.30102999566398114
cranny,0.47712125471966244
chests,0.47712125471966244
vaulted,0.30102999566398114
ridge,0.30102999566398114
phosphorescence,0.47712125471966244
twinkled,0.47712125471966244
yelping,0.30102999566398114
terriers,0.47712125471966244
vastly,0.17609125905568124
baleful,0.47712125471966244
fireflies,0.47712125471966244
snarled,0.47712125471966244
lugubrious,0.30102999566398114
score,0.0791812460476248
frisked,0.47712125471966244
barked,0.30102999566398114
merrily,0.47712125471966244
darts,0.30102999566398114
shakes,0.0791812460476248
purifying,0.30102999566398114
significance,0.0791812460476248
slacken,0.30102999566398114
whit,0.17609125905568124
untouched,0.17609125905568124
symptom,0.47712125471966244
rabbit,0.30102999566398114
emerged,0.30102999566398114
orthodox,0.17609125905568124
thereinto,0.47712125471966244
allowable,0.17609125905568124
particulari,0.47712125471966244
pell,0.47712125471966244
mell,0.47712125471966244
chess,0.30102999566398114
wards,0.30102999566398114
tiptoe,0.30102999566398114
deliberations,0.30102999566398114
nether,0.30102999566398114
doings,0.17609125905568124
overslept,0.47712125471966244
recognize,0.0791812460476248
removals,0.47712125471966244
simplify,0.17609125905568124
cautioned,0.47712125471966244
obliquity,0.47712125471966244
appraise,0.47712125471966244
stool,0.30102999566398114
reassuring,0.30102999566398114
damn,0.47712125471966244
headed,0.0791812460476248
dutchmen,0.30102999566398114
implacable,0.30102999566398114
sullenness,0.30102999566398114
relentlessly,0.47712125471966244
weepy,0.47712125471966244
slowness,0.30102999566398114
sentience,0.47712125471966244
digression,0.30102999566398114
lethargy,0.30102999566398114
creeping,0.17609125905568124
stealing,0.17609125905568124
typical,0.30102999566398114
gaslight,0.47712125471966244
thicker,0.30102999566398114
tricks,0.17609125905568124
boiling,0.17609125905568124
joinings,0.47712125471966244
column,0.0791812460476248
fascination,0.17609125905568124
divided,0.0791812460476248
unseat,0.47712125471966244
prescribe,0.17609125905568124
woven,0.30102999566398114
dose,0.17609125905568124
spiritless,0.47712125471966244
brighten,0.47712125471966244
aloof,0.30102999566398114
depriving,0.17609125905568124
unhappily,0.17609125905568124
beer,0.47712125471966244
debauch,0.47712125471966244
responsible,0.0791812460476248
shirtsleeves,0.47712125471966244
saucer,0.47712125471966244
intelligent,0.0791812460476248
reliable,0.47712125471966244
headpiece,0.30102999566398114
eared,0.47712125471966244
notebook,0.47712125471966244
hieroglyphical,0.47712125471966244
entries,0.17609125905568124
pencil,0.30102999566398114
destinations,0.30102999566398114
cartload,0.47712125471966244
chicksand,0.47712125471966244
jamaica,0.47712125471966244
lane,0.47712125471966244
bermondsey,0.47712125471966244
scatter,0.30102999566398114
refuges,0.47712125471966244
distribute,0.17609125905568124
systematic,0.30102999566398114
fashionable,0.30102999566398114
wery,0.47712125471966244
bloxam,0.47712125471966244
ounds,0.47712125471966244
pincher,0.47712125471966244
purfect,0.47712125471966244
jobs,0.47712125471966244
thinkin,0.30102999566398114
sam,0.47712125471966244
summut,0.47712125471966244
gulped,0.47712125471966244
keepin,0.47712125471966244
mayn,0.30102999566398114
booze,0.47712125471966244
mornin,0.47712125471966244
ketch,0.47712125471966244
penny,0.17609125905568124
carpenter,0.17609125905568124
korkrans,0.47712125471966244
poters,0.47712125471966244
bartel,0.47712125471966244
depite,0.47712125471966244
tasks,0.17609125905568124
potter,0.17609125905568124
spelling,0.47712125471966244
poter,0.47712125471966244
corcoran,0.47712125471966244
lodging,0.17609125905568124
dunno,0.30102999566398114
eard,0.47712125471966244
livin,0.47712125471966244
anywheres,0.30102999566398114
depity,0.47712125471966244
phonetic,0.47712125471966244
tip,0.17609125905568124
deputy,0.30102999566398114
poplar,0.30102999566398114
fangled,0.30102999566398114
ware,0.47712125471966244
satisfactory,0.17609125905568124
storage,0.47712125471966244
surly,0.47712125471966244
gatekeeper,0.47712125471966244
surlier,0.47712125471966244
foreman,0.47712125471966244
coin,0.17609125905568124
wages,0.17609125905568124
smart,0.30102999566398114
journeys,0.17609125905568124
forgits,0.47712125471966244
somethink,0.47712125471966244
dustiness,0.47712125471966244
tooked,0.47712125471966244
elped,0.47712125471966244
dray,0.47712125471966244
strongest,0.17609125905568124
feller,0.47712125471966244
shadder,0.47712125471966244
thrilled,0.30102999566398114
puffin,0.47712125471966244
blowin,0.47712125471966244
rung,0.0791812460476248
yus,0.47712125471966244
nothink,0.47712125471966244
gent,0.47712125471966244
druv,0.47712125471966244
igh,0.47712125471966244
avin,0.47712125471966244
loafers,0.47712125471966244
copper,0.0791812460476248
shillin,0.47712125471966244
cussin,0.47712125471966244
choosing,0.0791812460476248
unobserved,0.0791812460476248
circus,0.30102999566398114
discharged,0.17609125905568124
constitutional,0.17609125905568124
lairs,0.47712125471966244
untenanted,0.30102999566398114
framework,0.0
mostly,0.0791812460476248
scaled,0.30102999566398114
balcony,0.30102999566398114
uprights,0.30102999566398114
boards,0.17609125905568124
ownership,0.47712125471966244
investigation,0.17609125905568124
gaining,0.0791812460476248
mews,0.47712125471966244
grooms,0.30102999566398114
helpers,0.30102999566398114
mitchell,0.47712125471966244
candy,0.47712125471966244
informant,0.30102999566398114
thanking,0.30102999566398114
sackville,0.47712125471966244
suave,0.47712125471966244
uncommunicative,0.47712125471966244
purchased,0.30102999566398114
replying,0.17609125905568124
politeness,0.0791812460476248
laconic,0.30102999566398114
prig,0.47712125471966244
arguing,0.17609125905568124
prompted,0.47712125471966244
renting,0.47712125471966244
chambers,0.30102999566398114
deviate,0.30102999566398114
rated,0.17609125905568124
conferences,0.30102999566398114
repugnant,0.30102999566398114
accidental,0.17609125905568124
shudders,0.47712125471966244
coup,0.30102999566398114
walled,0.30102999566398114
burglary,0.30102999566398114
duck,0.17609125905568124
contracted,0.17609125905568124
advisable,0.30102999566398114
discussing,0.0791812460476248
bearings,0.17609125905568124
wrinkles,0.17609125905568124
mend,0.17609125905568124
afresh,0.17609125905568124
repulse,0.30102999566398114
subjectively,0.30102999566398114
weaknesses,0.17609125905568124
improve,0.0791812460476248
malvolio,0.47712125471966244
psychic,0.47712125471966244
typified,0.47712125471966244
butterfly,0.47712125471966244
analogy,0.30102999566398114
logically,0.30102999566398114
foiled,0.47712125471966244
phagy,0.47712125471966244
ineffably,0.47712125471966244
benign,0.47712125471966244
superiority,0.17609125905568124
arrogate,0.30102999566398114
attributes,0.17609125905568124
deity,0.17609125905568124
concerns,0.17609125905568124
purely,0.0791812460476248
terrestrial,0.30102999566398114
enoch,0.47712125471966244
spiritually,0.47712125471966244
poser,0.47712125471966244
appositeness,0.47712125471966244
lowering,0.0791812460476248
harked,0.47712125471966244
disconcert,0.30102999566398114
relapsed,0.30102999566398114
leer,0.30102999566398114
cloudiness,0.47712125471966244
antagonism,0.17609125905568124
sulky,0.30102999566398114
poring,0.47712125471966244
harkers,0.47712125471966244
pose,0.17609125905568124
apologetic,0.47712125471966244
twittering,0.47712125471966244
miauing,0.47712125471966244
affect,0.0
screwing,0.47712125471966244
tightly,0.17609125905568124
soaped,0.47712125471966244
undergoing,0.17609125905568124
distract,0.30102999566398114
mice,0.47712125471966244
larder,0.47712125471966244
molecules,0.47712125471966244
lesser,0.30102999566398114
carnivora,0.47712125471966244
reflectively,0.47712125471966244
despondently,0.47712125471966244
plague,0.17609125905568124
apologetically,0.30102999566398114
irritable,0.17609125905568124
tolerate,0.17609125905568124
ponder,0.30102999566398114
drinking,0.0791812460476248
despises,0.17609125905568124
afoot,0.30102999566398114
gaily,0.47712125471966244
buzz,0.17609125905568124
folding,0.30102999566398114
vendors,0.30102999566398114
executors,0.47712125471966244
archibald,0.47712125471966244
suffield,0.47712125471966244
purchaser,0.0791812460476248
ville,0.30102999566398114
counter,0.17609125905568124
discussed,0.17609125905568124
respiration,0.30102999566398114
admitted,0.0791812460476248
dozed,0.30102999566398114
readiness,0.0791812460476248
imported,0.17609125905568124
weakest,0.17609125905568124
authorities,0.17609125905568124
physicians,0.17609125905568124
cures,0.30102999566398114
waistcoats,0.47712125471966244
resumption,0.47712125471966244
yell,0.30102999566398114
exactness,0.30102999566398114
unity,0.17609125905568124
originated,0.0791812460476248
eversfield,0.47712125471966244
kink,0.47712125471966244
slippers,0.30102999566398114
celerity,0.30102999566398114
simmons,0.47712125471966244
superficial,0.17609125905568124
fracture,0.47712125471966244
skull,0.17609125905568124
extending,0.17609125905568124
motor,0.47712125471966244
suffusion,0.30102999566398114
trephine,0.47712125471966244
tapping,0.17609125905568124
pajamas,0.47712125471966244
trephining,0.47712125471966244
clot,0.47712125471966244
morrhage,0.47712125471966244
insensibility,0.30102999566398114
inured,0.17609125905568124
surging,0.47712125471966244
peal,0.17609125905568124
convulsively,0.17609125905568124
smarts,0.47712125471966244
moistened,0.30102999566398114
piercingly,0.47712125471966244
roved,0.47712125471966244
blinked,0.47712125471966244
gripped,0.30102999566398114
glinted,0.47712125471966244
sapphire,0.30102999566398114
moths,0.47712125471966244
acherontia,0.47712125471966244
aitetropos,0.47712125471966244
sphinges,0.47712125471966244
owned,0.0
grimmer,0.47712125471966244
watered,0.17609125905568124
grabbed,0.47712125471966244
significantly,0.17609125905568124
predominated,0.47712125471966244
bristles,0.47712125471966244
stupor,0.17609125905568124
facing,0.0
tension,0.47712125471966244
compel,0.17609125905568124
dripping,0.17609125905568124
cowered,0.47712125471966244
crucifixes,0.47712125471966244
vapour,0.30102999566398114
trailed,0.30102999566398114
recoil,0.30102999566398114
disarray,0.30102999566398114
accentuated,0.47712125471966244
coverlet,0.30102999566398114
despairingly,0.30102999566398114
recovers,0.47712125471966244
partial,0.17609125905568124
harming,0.30102999566398114
yielding,0.0791812460476248
fiercely,0.17609125905568124
damply,0.47712125471966244
impassiveness,0.47712125471966244
twitched,0.47712125471966244
summons,0.0791812460476248
nodding,0.0791812460476248
concealments,0.47712125471966244
moistening,0.47712125471966244
eventually,0.47712125471966244
flap,0.47712125471966244
reddening,0.30102999566398114
protectingly,0.47712125471966244
ordering,0.17609125905568124
refreshment,0.17609125905568124
reeking,0.30102999566398114
sneering,0.30102999566398114
drip,0.47712125471966244
overpower,0.30102999566398114
drooped,0.30102999566398114
mockingly,0.47712125471966244
intrigued,0.47712125471966244
countermining,0.47712125471966244
bountiful,0.47712125471966244
avenged,0.30102999566398114
punished,0.17609125905568124
thwarting,0.47712125471966244
spurt,0.47712125471966244
suffocate,0.30102999566398114
meekness,0.47712125471966244
righteousness,0.30102999566398114
cleanse,0.47712125471966244
pollution,0.30102999566398114
quicken,0.30102999566398114
deepened,0.47712125471966244
whitening,0.30102999566398114
tested,0.17609125905568124
misadventure,0.47712125471966244
pitiful,0.17609125905568124
fixedly,0.30102999566398114
martyr,0.17609125905568124
meaningly,0.47712125471966244
euthanasia,0.47712125471966244
fouled,0.30102999566398114
quicksand,0.47712125471966244
incoming,0.47712125471966244
sorrowfully,0.30102999566398114
phonographs,0.47712125471966244
preciously,0.47712125471966244
warningly,0.47712125471966244
longest,0.30102999566398114
proverb,0.17609125905568124
cheques,0.47712125471966244
traffic,0.30102999566398114
phrases,0.0791812460476248
earths,0.47712125471966244
housebreaker,0.47712125471966244
locksmith,0.30102999566398114
policemen,0.30102999566398114
zealous,0.30102999566398114
burglar,0.30102999566398114
auction,0.47712125471966244
advertise,0.47712125471966244
auctioneer,0.47712125471966244
builder,0.17609125905568124
gle,0.47712125471966244
convenient,0.0791812460476248
horsebacking,0.47712125471966244
snappy,0.47712125471966244
heraldic,0.30102999566398114
adornments,0.47712125471966244
byway,0.47712125471966244
cabs,0.47712125471966244
plane,0.17609125905568124
exigency,0.47712125471966244
sucked,0.30102999566398114
objected,0.0791812460476248
muster,0.17609125905568124
banqueted,0.47712125471966244
overmastered,0.47712125471966244
thoughtlessness,0.47712125471966244
forgetful,0.17609125905568124
froze,0.30102999566398114
seared,0.47712125471966244
abasement,0.30102999566398114
leper,0.47712125471966244
mantle,0.17609125905568124
wailed,0.30102999566398114
shuns,0.47712125471966244
wrongs,0.30102999566398114
thereon,0.30102999566398114
holiest,0.47712125471966244
recruiting,0.47712125471966244
sergeant,0.30102999566398114
ranks,0.0791812460476248
spur,0.30102999566398114
sanctified,0.47712125471966244
sanctify,0.47712125471966244
aiding,0.30102999566398114
stain,0.17609125905568124
waving,0.17609125905568124
steaming,0.17609125905568124
platform,0.30102999566398114
odium,0.47712125471966244
smith,0.30102999566398114
lookout,0.17609125905568124
arlington,0.47712125471966244
contingent,0.30102999566398114
looming,0.30102999566398114
spruce,0.47712125471966244
wheeler,0.47712125471966244
leisurely,0.17609125905568124
cabman,0.30102999566398114
spikes,0.47712125471966244
rail,0.30102999566398114
sauntered,0.47712125471966244
selection,0.17609125905568124
orderly,0.30102999566398114
keyhole,0.30102999566398114
employers,0.30102999566398114
selecting,0.17609125905568124
steadying,0.47712125471966244
purse,0.17609125905568124
vilely,0.47712125471966244
wily,0.0791812460476248
flagged,0.47712125471966244
stable,0.30102999566398114
basement,0.47712125471966244
attic,0.30102999566398114
pens,0.30102999566398114
ink,0.17609125905568124
comb,0.30102999566398114
jug,0.30102999566398114
basin,0.17609125905568124
reddened,0.17609125905568124
sizes,0.17609125905568124
glances,0.17609125905568124
matches,0.30102999566398114
researches,0.30102999566398114
arminus,0.47712125471966244
statesman,0.17609125905568124
alchemist,0.47712125471966244
essay,0.47712125471966244
experimenting,0.30102999566398114
furtherer,0.47712125471966244
festina,0.47712125471966244
lente,0.47712125471966244
motto,0.47712125471966244
dulling,0.47712125471966244
experimentally,0.47712125471966244
thereto,0.30102999566398114
postman,0.30102999566398114
despatch,0.30102999566398114
undoings,0.47712125471966244
hotly,0.30102999566398114
hither,0.0791812460476248
hourly,0.17609125905568124
armaments,0.47712125471966244
latch,0.30102999566398114
nota,0.47712125471966244
bene,0.47712125471966244
inserted,0.30102999566398114
dominant,0.47712125471966244
implicitly,0.30102999566398114
incomer,0.47712125471966244
panther,0.30102999566398114
unhuman,0.47712125471966244
organised,0.30102999566398114
kukri,0.47712125471966244
quickness,0.17609125905568124
trenchant,0.47712125471966244
shorne,0.47712125471966244
cloth,0.17609125905568124
aloft,0.0791812460476248
protective,0.30102999566398114
cower,0.47712125471966244
spontaneously,0.30102999566398114
greenish,0.30102999566398114
palpitating,0.30102999566398114
sinuous,0.47712125471966244
dive,0.17609125905568124
glitter,0.47712125471966244
tumbled,0.30102999566398114
ting,0.47712125471966244
sovereigns,0.30102999566398114
flagging,0.47712125471966244
sneer,0.17609125905568124
realising,0.47712125471966244
hunters,0.17609125905568124
unselfishness,0.47712125471966244
perfunctory,0.47712125471966244
recklessly,0.47712125471966244
worser,0.47712125471966244
darken,0.30102999566398114
shrivelling,0.47712125471966244
knuckles,0.30102999566398114
flinch,0.30102999566398114
aiming,0.17609125905568124
treasured,0.47712125471966244
sorely,0.17609125905568124
stricken,0.17609125905568124
resisting,0.17609125905568124
dividing,0.17609125905568124
yearning,0.30102999566398114
chooses,0.17609125905568124
wronged,0.17609125905568124
poorer,0.47712125471966244
reefwards,0.47712125471966244
blasts,0.30102999566398114
mattress,0.30102999566398114
forbade,0.17609125905568124
oblongs,0.47712125471966244
matured,0.30102999566398114
hypnotise,0.47712125471966244
ousted,0.47712125471966244
trip,0.17609125905568124
crisis,0.0791812460476248
perspiration,0.17609125905568124
dreaminess,0.47712125471966244
impose,0.0791812460476248
toe,0.47712125471966244
rigid,0.30102999566398114
dreamily,0.47712125471966244
interpreting,0.30102999566398114
lapping,0.30102999566398114
glean,0.47712125471966244
stamping,0.30102999566398114
tinkle,0.47712125471966244
capstan,0.30102999566398114
rachet,0.47712125471966244
weighing,0.17609125905568124
wile,0.47712125471966244
comfortably,0.30102999566398114
patted,0.17609125905568124
entente,0.47712125471966244
finite,0.30102999566398114
suffers,0.17609125905568124
crisp,0.47712125471966244
disbelieve,0.17609125905568124
lasts,0.17609125905568124
crystal,0.30102999566398114
investigations,0.47712125471966244
omne,0.47712125471966244
ignotum,0.47712125471966244
magnifico,0.47712125471966244
lloyd,0.47712125471966244
czarina,0.47712125471966244
catherine,0.30102999566398114
doolittle,0.47712125471966244
wharf,0.47712125471966244
soh,0.47712125471966244
goings,0.30102999566398114
crackle,0.47712125471966244
halt,0.0791812460476248
frenchmen,0.30102999566398114
stowed,0.30102999566398114
offend,0.30102999566398114
swears,0.47712125471966244
mariners,0.30102999566398114
invoices,0.47712125471966244
ristics,0.47712125471966244
credentials,0.30102999566398114
hypnotic,0.47712125471966244
groping,0.17609125905568124
teems,0.30102999566398114
occult,0.30102999566398114
strangeness,0.30102999566398114
geologic,0.47712125471966244
caverns,0.30102999566398114
fissures,0.30102999566398114
volcanoes,0.30102999566398114
gases,0.47712125471966244
vivify,0.47712125471966244
magnetic,0.30102999566398114
combinations,0.17609125905568124
celebrate,0.17609125905568124
braver,0.30102999566398114
thrive,0.30102999566398114
diabolic,0.47712125471966244
symbolic,0.30102999566398114
infect,0.30102999566398114
defame,0.47712125471966244
knights,0.17609125905568124
simile,0.17609125905568124
adopt,0.0
eater,0.47712125471966244
prowl,0.17609125905568124
persistence,0.47712125471966244
environment,0.30102999566398114
finance,0.17609125905568124
enkeen,0.47712125471966244
sheath,0.17609125905568124
definitely,0.30102999566398114
resilience,0.47712125471966244
obstructing,0.47712125471966244
blotch,0.47712125471966244
revolving,0.17609125905568124
existent,0.30102999566398114
recalls,0.17609125905568124
baptism,0.30102999566398114
distils,0.47712125471966244
ptomaines,0.47712125471966244
compels,0.0791812460476248
hesitancy,0.47712125471966244
broaching,0.47712125471966244
endorsed,0.47712125471966244
direst,0.30102999566398114
characteristics,0.17609125905568124
prejudge,0.47712125471966244
council,0.0791812460476248
profuse,0.47712125471966244
outset,0.17609125905568124
embarrass,0.47712125471966244
averted,0.30102999566398114
overland,0.47712125471966244
latest,0.0791812460476248
winchesters,0.47712125471966244
armament,0.47712125471966244
winchester,0.47712125471966244
tobolsk,0.47712125471966244
repeater,0.47712125471966244
apiece,0.17609125905568124
metaphor,0.17609125905568124
coughed,0.17609125905568124
allows,0.17609125905568124
solution,0.17609125905568124
curved,0.30102999566398114
beams,0.17609125905568124
holily,0.47712125471966244
disagrees,0.47712125471966244
absolved,0.30102999566398114
implication,0.47712125471966244
infected,0.17609125905568124
dreamless,0.47712125471966244
solemnest,0.47712125471966244
embarrassed,0.17609125905568124
hoodwink,0.47712125471966244
defy,0.17609125905568124
factor,0.47712125471966244
identified,0.30102999566398114
lag,0.47712125471966244
tickets,0.30102999566398114
heir,0.17609125905568124
controlling,0.17609125905568124
restraining,0.30102999566398114
aglow,0.47712125471966244
loosened,0.17609125905568124
motioning,0.30102999566398114
tightened,0.30102999566398114
hotch,0.47712125471966244
knit,0.17609125905568124
womenkind,0.47712125471966244
slay,0.30102999566398114
thrall,0.30102999566398114
resonant,0.47712125471966244
unexpectedly,0.30102999566398114
leagued,0.17609125905568124
pleaded,0.30102999566398114
withal,0.47712125471966244
travesty,0.47712125471966244
bizarre,0.47712125471966244
charing,0.47712125471966244
orient,0.47712125471966244
consulate,0.47712125471966244
odessus,0.47712125471966244
alert,0.17609125905568124
canvas,0.17609125905568124
cordage,0.30102999566398114
masts,0.17609125905568124
shrouds,0.17609125905568124
hastening,0.17609125905568124
telegrams,0.30102999566398114
volition,0.17609125905568124
bribery,0.17609125905568124
moneybag,0.47712125471966244
favouring,0.47712125471966244
shippers,0.47712125471966244
authorisation,0.47712125471966244
script,0.47712125471966244
unturned,0.47712125471966244
unvaried,0.47712125471966244
rufus,0.47712125471966244
examines,0.47712125471966244
sharpen,0.47712125471966244
whetting,0.47712125471966244
ghoorka,0.47712125471966244
carries,0.17609125905568124
touches,0.17609125905568124
casually,0.47712125471966244
refreshing,0.30102999566398114
brighter,0.17609125905568124
galatz,0.47712125471966244
announcing,0.30102999566398114
hopeful,0.30102999566398114
basis,0.0791812460476248
transcendentalism,0.47712125471966244
beacon,0.30102999566398114
differently,0.0791812460476248
remonstrance,0.30102999566398114
stunned,0.17609125905568124
meekly,0.47712125471966244
belied,0.30102999566398114
hilt,0.17609125905568124
tables,0.0791812460476248
helpful,0.47712125471966244
bucharest,0.47712125471966244
organize,0.30102999566398114
controlled,0.17609125905568124
tripped,0.47712125471966244
brightening,0.30102999566398114
hans,0.47712125471966244
andersen,0.47712125471966244
swan,0.17609125905568124
nobly,0.30102999566398114
argues,0.30102999566398114
universale,0.47712125471966244
peculiarity,0.17609125905568124
criminals,0.17609125905568124
empirically,0.47712125471966244
empiric,0.47712125471966244
predestinate,0.47712125471966244
resourceful,0.47712125471966244
dos,0.47712125471966244
pou,0.47712125471966244
sto,0.47712125471966244
archimedes,0.30102999566398114
fulcrum,0.47712125471966244
whereby,0.17609125905568124
clap,0.0791812460476248
nordau,0.47712125471966244
lombroso,0.47712125471966244
classify,0.47712125471966244
qu,0.30102999566398114
imperfectly,0.17609125905568124
enthusiastically,0.17609125905568124
stooped,0.0791812460476248
consultation,0.17609125905568124
seventy,0.17609125905568124
egotistical,0.0791812460476248
egotist,0.30102999566398114
based,0.0791812460476248
frees,0.47712125471966244
enveloping,0.47712125471966244
doer,0.30102999566398114
chiefest,0.30102999566398114
snare,0.30102999566398114
psalmist,0.47712125471966244
scribe,0.47712125471966244
ms,0.47712125471966244
swirl,0.47712125471966244
hawser,0.30102999566398114
rowlocks,0.47712125471966244
upwards,0.0791812460476248
bustled,0.47712125471966244
daytime,0.30102999566398114
boxed,0.30102999566398114
isolation,0.0791812460476248
enigmatical,0.30102999566398114
palsy,0.47712125471966244
procuring,0.17609125905568124
swirling,0.47712125471966244
unconcern,0.30102999566398114
whistles,0.47712125471966244
guarantee,0.47712125471966244
obliging,0.30102999566398114
steinkoff,0.47712125471966244
hapgood,0.47712125471966244
civility,0.0791812460476248
donelson,0.47712125471966244
afeard,0.47712125471966244
expeckit,0.47712125471966244
wi,0.30102999566398114
canny,0.47712125471966244
frae,0.47712125471966244
ahint,0.47712125471966244
deil,0.47712125471966244
blawin,0.47712125471966244
speer,0.47712125471966244
gin,0.47712125471966244
gibraltar,0.30102999566398114
oot,0.47712125471966244
thocht,0.47712125471966244
miscredit,0.47712125471966244
wad,0.47712125471966244
decently,0.30102999566398114
hinderin,0.47712125471966244
commercial,0.0791812460476248
skipper,0.30102999566398114
displeased,0.17609125905568124
compliment,0.17609125905568124
grumble,0.30102999566398114
roumanians,0.47712125471966244
heave,0.30102999566398114
twa,0.47712125471966244
supersteetion,0.47712125471966244
foreigners,0.17609125905568124
pairfectly,0.47712125471966244
rideeculous,0.47712125471966244
wee,0.47712125471966244
agin,0.30102999566398114
joost,0.47712125471966244
reet,0.47712125471966244
eneuch,0.47712125471966244
fling,0.30102999566398114
argy,0.47712125471966244
via,0.30102999566398114
althegither,0.47712125471966244
clearin,0.47712125471966244
nicht,0.47712125471966244
braw,0.47712125471966244
airly,0.47712125471966244
beginnin,0.47712125471966244
aboord,0.47712125471966244
nane,0.47712125471966244
ither,0.47712125471966244
immanuel,0.47712125471966244
hildesheim,0.47712125471966244
burgen,0.47712125471966244
strasse,0.47712125471966244
hebrew,0.30102999566398114
adelphi,0.47712125471966244
theatre,0.17609125905568124
fez,0.47712125471966244
specie,0.47712125471966244
punctuation,0.47712125471966244
bargaining,0.47712125471966244
petrof,0.47712125471966244
skinsky,0.47712125471966244
dealt,0.30102999566398114
traded,0.47712125471966244
cashed,0.47712125471966244
international,0.47712125471966244
porterage,0.47712125471966244
corroborated,0.30102999566398114
standstill,0.30102999566398114
detained,0.17609125905568124
hazardous,0.30102999566398114
dispirited,0.47712125471966244
astray,0.17609125905568124
exclusions,0.47712125471966244
investigate,0.17609125905568124
octroi,0.47712125471966244
z,0.47712125471966244
pursuers,0.30102999566398114
repelled,0.30102999566398114
intends,0.17609125905568124
safest,0.30102999566398114
engulf,0.47712125471966244
unfriendly,0.30102999566398114
firstly,0.47712125471966244
differentiate,0.47712125471966244
phenomenally,0.47712125471966244
canniness,0.47712125471966244
fogs,0.30102999566398114
trail,0.30102999566398114
shipped,0.17609125905568124
pruth,0.47712125471966244
sereth,0.47712125471966244
propelled,0.47712125471966244
poles,0.30102999566398114
navigated,0.47712125471966244
fundu,0.47712125471966244
bistritza,0.47712125471966244
loop,0.47712125471966244
prompt,0.17609125905568124
launch,0.30102999566398114
arsenal,0.30102999566398114
handy,0.30102999566398114
requisitions,0.47712125471966244
guns,0.17609125905568124
undo,0.47712125471966244
incarnate,0.47712125471966244
legs,0.0791812460476248
ride,0.0791812460476248
steamboat,0.30102999566398114
perchance,0.17609125905568124
fateful,0.47712125471966244
nest,0.0791812460476248
vipers,0.47712125471966244
den,0.17609125905568124
grisly,0.47712125471966244
whirls,0.30102999566398114
embryo,0.30102999566398114
vibrate,0.30102999566398114
purify,0.30102999566398114
basely,0.47712125471966244
promptly,0.17609125905568124
appointed,0.17609125905568124
appliances,0.47712125471966244
veresti,0.47712125471966244
comforts,0.30102999566398114
flurries,0.47712125471966244
warnings,0.47712125471966244
furnace,0.30102999566398114
norfolk,0.47712125471966244
broads,0.47712125471966244
waterway,0.47712125471966244
junction,0.30102999566398114
curves,0.30102999566398114
dismiss,0.30102999566398114
mount,0.0791812460476248
saddles,0.47712125471966244
movable,0.30102999566398114
horn,0.17609125905568124
adapted,0.0791812460476248
fur,0.47712125471966244
coats,0.0
package,0.47712125471966244
hauled,0.30102999566398114
smoothing,0.0791812460476248
flag,0.0791812460476248
conspicuously,0.47712125471966244
sin,0.0791812460476248
steering,0.0791812460476248
engines,0.47712125471966244
throbbing,0.30102999566398114
melts,0.30102999566398114
horsemen,0.17609125905568124
obstruction,0.47712125471966244
strasba,0.47712125471966244
overtaken,0.17609125905568124
rapids,0.47712125471966244
amateur,0.30102999566398114
peasantry,0.47712125471966244
buying,0.0791812460476248
picturesqueness,0.47712125471966244
soldiers,0.0791812460476248
encourages,0.30102999566398114
shopping,0.47712125471966244
wraps,0.47712125471966244
farmers,0.30102999566398114
imaginable,0.0791812460476248
abide,0.30102999566398114
scandal,0.30102999566398114
tireless,0.47712125471966244
conqueror,0.17609125905568124
heaviness,0.30102999566398114
addition,0.0791812460476248
deign,0.17609125905568124
incurred,0.17609125905568124
hardening,0.47712125471966244
vif,0.47712125471966244
whithersoever,0.30102999566398114
stenography,0.47712125471966244
cumbrous,0.47712125471966244
unrecorded,0.47712125471966244
drowse,0.47712125471966244
jog,0.47712125471966244
amaze,0.30102999566398114
tethered,0.30102999566398114
sometime,0.30102999566398114
carnival,0.30102999566398114
waken,0.47712125471966244
exulted,0.47712125471966244
rugs,0.47712125471966244
unavailingness,0.47712125471966244
tremor,0.30102999566398114
tethers,0.47712125471966244
whinnied,0.47712125471966244
replenish,0.47712125471966244
sweeps,0.30102999566398114
trailing,0.30102999566398114
unrest,0.47712125471966244
befooling,0.47712125471966244
flakes,0.30102999566398114
circled,0.47712125471966244
whereat,0.47712125471966244
unreal,0.30102999566398114
materialise,0.47712125471966244
swaying,0.30102999566398114
ruddy,0.47712125471966244
twined,0.30102999566398114
leapt,0.30102999566398114
firewood,0.30102999566398114
protections,0.47712125471966244
moan,0.30102999566398114
strengthen,0.17609125905568124
cluster,0.30102999566398114
depression,0.30102999566398114
proving,0.17609125905568124
blacksmith,0.30102999566398114
sulphurous,0.47712125471966244
fume,0.30102999566398114
bethought,0.30102999566398114
dilemma,0.30102999566398114
horns,0.17609125905568124
fold,0.17609125905568124
fretted,0.30102999566398114
clog,0.47712125471966244
stilled,0.47712125471966244
clarion,0.47712125471966244
wrenching,0.47712125471966244
enthrall,0.47712125471966244
atoms,0.30102999566398114
nerved,0.47712125471966244
searched,0.30102999566398114
phantoms,0.30102999566398114
proportioned,0.17609125905568124
selves,0.47712125471966244
dissolution,0.0791812460476248
realisation,0.30102999566398114
butchery,0.30102999566398114
screeching,0.47712125471966244
plunging,0.17609125905568124
severed,0.17609125905568124
crumble,0.30102999566398114
agone,0.30102999566398114
assert,0.17609125905568124
entrances,0.30102999566398114
paleness,0.0791812460476248
downhill,0.30102999566398114
snowfall,0.47712125471966244
perched,0.17609125905568124
deadening,0.47712125471966244
strategic,0.47712125471966244
boulders,0.47712125471966244
snug,0.30102999566398114
swirled,0.47712125471966244
kinks,0.47712125471966244
curls,0.30102999566398114
gypsies,0.30102999566398114
lull,0.47712125471966244
flogging,0.47712125471966244
galloping,0.17609125905568124
blinding,0.47712125471966244
blots,0.47712125471966244
glee,0.30102999566398114
schoolboy,0.30102999566398114
rifle,0.17609125905568124
boulder,0.47712125471966244
converging,0.47712125471966244
abated,0.17609125905568124
sweeping,0.17609125905568124
twos,0.30102999566398114
threes,0.30102999566398114
bursts,0.30102999566398114
eddies,0.47712125471966244
watches,0.17609125905568124
converge,0.47712125471966244
fiercer,0.17609125905568124
individuals,0.0791812460476248
unaware,0.30102999566398114
reined,0.47712125471966244
centaur,0.30102999566398114
rifles,0.47712125471966244
unmistakable,0.0791812460476248
gypsy,0.47712125471966244
undisciplined,0.47712125471966244
shouldering,0.47712125471966244
pushing,0.17609125905568124
levelled,0.30102999566398114
flashing,0.0791812460476248
impetuosity,0.30102999566398114
singleness,0.47712125471966244
overawe,0.47712125471966244
parried,0.47712125471966244
bowie,0.47712125471966244
clutching,0.30102999566398114
spurting,0.47712125471966244
frantically,0.47712125471966244
vindictive,0.30102999566398114
shear,0.47712125471966244
articulated,0.47712125471966244
disappearance,0.0791812460476248
rode,0.17609125905568124
unmounted,0.47712125471966244
amen,0.17609125905568124
stainless,0.47712125471966244
birthday,0.17609125905568124
links,0.30102999566398114
authentic,0.47712125471966244
document,0.30102999566398114
summed,0.0791812460476248
titles,0.17609125905568124
alphabetical,0.47712125471966244
wrapper,0.47712125471966244
fiction,0.17609125905568124
represents,0.17609125905568124
catalog,0.47712125471966244
detective,0.30102999566398114
fletcher,0.47712125471966244
barbican,0.47712125471966244
annexation,0.30102999566398114
versus,0.47712125471966244
wargrave,0.47712125471966244
linthwaite,0.47712125471966244
ravensdene,0.47712125471966244
rayner,0.47712125471966244
slade,0.47712125471966244
amalgamation,0.47712125471966244
headstrong,0.30102999566398114
g,0.17609125905568124
copyrighted,0.47712125471966244
stevenson,0.47712125471966244
classic,0.30102999566398114
hesitating,0.17609125905568124
tunes,0.47712125471966244
schooners,0.47712125471966244
maroons,0.47712125471966244
buccaneers,0.47712125471966244
retold,0.47712125471966244
youngsters,0.30102999566398114
studious,0.47712125471966244
kingston,0.47712125471966244
ballantyne,0.47712125471966244
cooper,0.30102999566398114
buccaneer,0.47712125471966244
admiral,0.47712125471966244
benbow,0.47712125471966244
bristol,0.47712125471966244
powder,0.30102999566398114
stockade,0.47712125471966244
jim,0.47712125471966244
garrison,0.30102999566398114
embassy,0.17609125905568124
cruise,0.30102999566398114
coracle,0.47712125471966244
roger,0.30102999566398114
israel,0.30102999566398114
xxviii,0.47712125471966244
xxix,0.47712125471966244
xxx,0.47712125471966244
parole,0.47712125471966244
xxxi,0.47712125471966244
flint,0.30102999566398114
pointer,0.47712125471966244
xxxii,0.47712125471966244
xxxiii,0.47712125471966244
chieftain,0.47712125471966244
xxxiv,0.47712125471966244
trelawney,0.47712125471966244
livesey,0.47712125471966244
sabre,0.30102999566398114
plodding,0.30102999566398114
barrow,0.30102999566398114
tarry,0.47712125471966244
pigtail,0.47712125471966244
soiled,0.47712125471966244
scarred,0.47712125471966244
cove,0.47712125471966244
whistling,0.30102999566398114
yo,0.47712125471966244
tottering,0.17609125905568124
rapped,0.30102999566398114
drank,0.17609125905568124
connoisseur,0.30102999566398114
signboard,0.47712125471966244
sittyated,0.47712125471966244
berth,0.47712125471966244
matey,0.47712125471966244
trundled,0.47712125471966244
eggs,0.17609125905568124
mought,0.47712125471966244
commander,0.30102999566398114
coarsely,0.30102999566398114
mast,0.30102999566398114
obeyed,0.17609125905568124
inns,0.30102999566398114
telescope,0.30102999566398114
parlour,0.47712125471966244
curtained,0.47712125471966244
mouse,0.30102999566398114
sharer,0.30102999566398114
fourpenny,0.47712125471966244
wage,0.30102999566398114
personage,0.17609125905568124
surf,0.30102999566398114
hip,0.30102999566398114
hedge,0.30102999566398114
ditch,0.30102999566398114
nightmares,0.47712125471966244
monthly,0.17609125905568124
abominable,0.17609125905568124
sing,0.17609125905568124
overriding,0.47712125471966244
slap,0.47712125471966244
tortugas,0.47712125471966244
wickedest,0.30102999566398114
tyrannized,0.30102999566398114
annoyance,0.30102999566398114
stockings,0.30102999566398114
hawker,0.47712125471966244
cocks,0.47712125471966244
patched,0.47712125471966244
stabling,0.47712125471966244
coltish,0.47712125471966244
bleared,0.47712125471966244
scarecrow,0.30102999566398114
pirate,0.30102999566398114
identical,0.0791812460476248
legged,0.17609125905568124
taylor,0.47712125471966244
rheumatics,0.47712125471966244
flapped,0.47712125471966244
villainous,0.30102999566398114
decks,0.47712125471966244
ruffian,0.30102999566398114
replies,0.30102999566398114
scoundrel,0.30102999566398114
knuckled,0.47712125471966244
grumbling,0.30102999566398114
incivility,0.47712125471966244
tonight,0.30102999566398114
routed,0.47712125471966244
unpleasant,0.30102999566398114
january,0.30102999566398114
hoar,0.47712125471966244
hilltops,0.47712125471966244
cutlass,0.30102999566398114
swinging,0.47712125471966244
skirts,0.47712125471966244
tilted,0.30102999566398114
tallowy,0.47712125471966244
fighter,0.30102999566398114
sailorly,0.47712125471966244
smack,0.47712125471966244
sonny,0.47712125471966244
fawning,0.47712125471966244
blocks,0.30102999566398114
sich,0.47712125471966244
swallowing,0.30102999566398114
lump,0.30102999566398114
marched,0.17609125905568124
awaited,0.30102999566398114
spun,0.17609125905568124
fronted,0.47712125471966244
shipmate,0.47712125471966244
billy,0.47712125471966244
talons,0.30102999566398114
liking,0.17609125905568124
shipmates,0.47712125471966244
sideways,0.47712125471966244
keyholes,0.47712125471966244
gattling,0.47712125471966244
oaths,0.30102999566398114
explosion,0.30102999566398114
clash,0.47712125471966244
cutlasses,0.47712125471966244
fugitive,0.30102999566398114
chine,0.47712125471966244
notch,0.47712125471966244
heels,0.30102999566398114
unsteadied,0.47712125471966244
scuffle,0.47712125471966244
fiddle,0.47712125471966244
trebly,0.47712125471966244
ripped,0.30102999566398114
tattooed,0.47712125471966244
neatly,0.47712125471966244
forearm,0.47712125471966244
sketch,0.17609125905568124
gallows,0.30102999566398114
mistily,0.47712125471966244
recognized,0.17609125905568124
headforemost,0.30102999566398114
shortness,0.30102999566398114
wig,0.30102999566398114
bible,0.47712125471966244
hoist,0.47712125471966244
cooling,0.30102999566398114
drinks,0.17609125905568124
noggin,0.47712125471966244
cursing,0.17609125905568124
swabs,0.47712125471966244
earthquakes,0.30102999566398114
hulk,0.47712125471966244
lee,0.47712125471966244
swab,0.47712125471966244
fidges,0.47712125471966244
dram,0.47712125471966244
cain,0.47712125471966244
guinea,0.30102999566398114
quoted,0.17609125905568124
offended,0.30102999566398114
bribe,0.17609125905568124
aye,0.30102999566398114
lubbers,0.47712125471966244
seamanly,0.47712125471966244
saving,0.17609125905568124
daddle,0.47712125471966244
nohow,0.47712125471966244
magistrates,0.17609125905568124
savannah,0.47712125471966244
peach,0.30102999566398114
confessions,0.30102999566398114
scowling,0.47712125471966244
regain,0.30102999566398114
clambered,0.30102999566398114
confidences,0.47712125471966244
flighty,0.47712125471966244
piped,0.47712125471966244
foggy,0.47712125471966244
hunched,0.47712125471966244
gracious,0.17609125905568124
eyeless,0.47712125471966244
vise,0.47712125471966244
cowed,0.47712125471966244
fist,0.30102999566398114
twitch,0.47712125471966244
skipped,0.47712125471966244
thundering,0.30102999566398114
apoplexy,0.30102999566398114
specimens,0.17609125905568124
booty,0.30102999566398114
coals,0.30102999566398114
ticking,0.47712125471966244
hovering,0.30102999566398114
presumably,0.47712125471966244
hearken,0.30102999566398114
wash,0.17609125905568124
smugglers,0.30102999566398114
lugger,0.30102999566398114
kitt,0.47712125471966244
comrade,0.17609125905568124
infectious,0.47712125471966244
emboldener,0.47712125471966244
fatherless,0.47712125471966244
hulking,0.30102999566398114
crossley,0.47712125471966244
lawful,0.17609125905568124
saddled,0.30102999566398114
finely,0.30102999566398114
redly,0.47712125471966244
upper,0.0791812460476248
noiseless,0.30102999566398114
panted,0.30102999566398114
blackened,0.30102999566398114
shockingly,0.47712125471966244
coins,0.30102999566398114
thimble,0.47712125471966244
needles,0.47712125471966244
gully,0.47712125471966244
tinder,0.47712125471966244
initial,0.30102999566398114
smashed,0.47712125471966244
tar,0.30102999566398114
interior,0.17609125905568124
miscellany,0.47712125471966244
quadrant,0.47712125471966244
tin,0.30102999566398114
canikin,0.47712125471966244
trinkets,0.47712125471966244
compasses,0.47712125471966244
whitened,0.30102999566398114
oilcloth,0.47712125471966244
jingle,0.47712125471966244
rogues,0.17609125905568124
farthing,0.30102999566398114
doubloons,0.47712125471966244
ors,0.47712125471966244
guineas,0.30102999566398114
random,0.30102999566398114
scarcest,0.47712125471966244
recommenced,0.47712125471966244
indescribable,0.30102999566398114
hornet,0.30102999566398114
fraction,0.30102999566398114
oilskin,0.47712125471966244
dispersing,0.47712125471966244
dell,0.47712125471966244
tavern,0.30102999566398114
newcomers,0.47712125471966244
greed,0.47712125471966244
earshot,0.47712125471966244
broom,0.47712125471966244
paces,0.30102999566398114
trio,0.47712125471966244
speeches,0.17609125905568124
afire,0.47712125471966244
shirking,0.47712125471966244
slam,0.30102999566398114
pew,0.47712125471966244
alow,0.47712125471966244
overhauled,0.47712125471966244
lads,0.30102999566398114
glim,0.47712125471966244
rout,0.30102999566398114
reiterated,0.47712125471966244
nowhere,0.17609125905568124
summoning,0.30102999566398114
assault,0.17609125905568124
hillside,0.47712125471966244
dirk,0.30102999566398114
budge,0.47712125471966244
skulk,0.30102999566398114
lumber,0.47712125471966244
heartedly,0.47712125471966244
skulking,0.30102999566398114
sponging,0.47712125471966244
weevil,0.47712125471966244
grumbled,0.30102999566398114
georges,0.30102999566398114
squalling,0.47712125471966244
objections,0.0791812460476248
miscreant,0.47712125471966244
wrest,0.30102999566398114
separating,0.17609125905568124
slant,0.47712125471966244
johnny,0.47712125471966244
riders,0.30102999566398114
collapsed,0.47712125471966244
tailing,0.47712125471966244
revenue,0.30102999566398114
supervisor,0.47712125471966244
salts,0.30102999566398114
deplore,0.30102999566398114
grope,0.47712125471966244
dingle,0.47712125471966244
supporting,0.17609125905568124
ambushes,0.47712125471966244
dispatch,0.47712125471966244
cutter,0.30102999566398114
corns,0.47712125471966244
smash,0.30102999566398114
saddle,0.30102999566398114
dogger,0.47712125471966244
bouncing,0.47712125471966244
trot,0.30102999566398114
stirrup,0.47712125471966244
lodge,0.30102999566398114
leafless,0.30102999566398114
dismounted,0.30102999566398114
matted,0.30102999566398114
lined,0.30102999566398114
bookcases,0.47712125471966244
busts,0.47712125471966244
roughened,0.47712125471966244
condescending,0.30102999566398114
nod,0.17609125905568124
thigh,0.47712125471966244
bravo,0.30102999566398114
striding,0.47712125471966244
powdered,0.47712125471966244
cropped,0.47712125471966244
poll,0.47712125471966244
cockroach,0.47712125471966244
trump,0.47712125471966244
ale,0.30102999566398114
itching,0.47712125471966244
pie,0.30102999566398114
earned,0.17609125905568124
pigeon,0.47712125471966244
sidetable,0.47712125471966244
hawk,0.47712125471966244
complimented,0.30102999566398114
bloodthirstiest,0.47712125471966244
blackbeard,0.47712125471966244
prodigiously,0.47712125471966244
trinidad,0.47712125471966244
cowardly,0.17609125905568124
puncheon,0.47712125471966244
spain,0.30102999566398114
rascal,0.30102999566398114
carcasses,0.47712125471966244
confoundedly,0.47712125471966244
exclamatory,0.47712125471966244
dock,0.30102999566398114
sewn,0.30102999566398114
stitches,0.47712125471966244
scissors,0.30102999566398114
scraps,0.17609125905568124
tattoo,0.47712125471966244
itt,0.47712125471966244
explanatory,0.47712125471966244
varying,0.17609125905568124
offe,0.47712125471966244
caraccas,0.47712125471966244
longitude,0.47712125471966244
additions,0.30102999566398114
appended,0.30102999566398114
noonday,0.30102999566398114
hound,0.17609125905568124
plundered,0.30102999566398114
ambiguity,0.30102999566398114
clearer,0.17609125905568124
manned,0.30102999566398114
coral,0.30102999566398114
amounts,0.0791812460476248
reducing,0.47712125471966244
moneys,0.30102999566398114
thrifty,0.47712125471966244
cheated,0.30102999566398114
seals,0.30102999566398114
soundings,0.47712125471966244
bays,0.30102999566398114
inlets,0.47712125471966244
anchorage,0.47712125471966244
shaped,0.17609125905568124
dragon,0.30102999566398114
harbours,0.30102999566398114
southwest,0.47712125471966244
tottery,0.47712125471966244
bulk,0.30102999566398114
cache,0.47712125471966244
trend,0.47712125471966244
hummock,0.47712125471966244
fathoms,0.30102999566398114
crag,0.30102999566398114
inlet,0.47712125471966244
incomprehensible,0.30102999566398114
famous,0.17609125905568124
redruth,0.47712125471966244
joyce,0.47712125471966244
drake,0.30102999566398114
bail,0.47712125471966244
blades,0.47712125471966244
gamekeeper,0.47712125471966244
acre,0.30102999566398114
savages,0.30102999566398114
tragic,0.17609125905568124
tons,0.30102999566398114
hispaniola,0.47712125471966244
slaved,0.47712125471966244
interrupting,0.30102999566398114
growled,0.30102999566398114
commentary,0.47712125471966244
management,0.17609125905568124
merest,0.30102999566398114
monstrously,0.47712125471966244
declaring,0.17609125905568124
absurdly,0.47712125471966244
calumnies,0.30102999566398114
workpeople,0.30102999566398114
riggers,0.47712125471966244
annoyingly,0.47712125471966244
natives,0.30102999566398114
deuce,0.30102999566398114
ashore,0.30102999566398114
recommendation,0.30102999566398114
hawke,0.47712125471966244
pension,0.30102999566398114
toughest,0.47712125471966244
frigate,0.30102999566398114
bull,0.30102999566398114
tarpaulins,0.47712125471966244
postscript,0.30102999566398114
consort,0.30102999566398114
unearthed,0.47712125471966244
boatswain,0.47712125471966244
pipes,0.17609125905568124
overdrawn,0.47712125471966244
manage,0.17609125905568124
bachelors,0.30102999566398114
roving,0.47712125471966244
gamekeepers,0.47712125471966244
discomfort,0.30102999566398114
repainted,0.47712125471966244
armchair,0.30102999566398114
apprentice,0.30102999566398114
cocked,0.30102999566398114
wedged,0.30102999566398114
stout,0.17609125905568124
dale,0.47712125471966244
ribs,0.30102999566398114
docks,0.30102999566398114
superintend,0.17609125905568124
quays,0.30102999566398114
rigs,0.47712125471966244
figureheads,0.47712125471966244
whiskers,0.30102999566398114
curled,0.30102999566398114
ringlets,0.47712125471966244
pigtails,0.47712125471966244
swaggering,0.30102999566398114
archbishops,0.30102999566398114
piping,0.47712125471966244
tailed,0.47712125471966244
breakfasting,0.30102999566398114
carts,0.30102999566398114
bales,0.30102999566398114
busiest,0.47712125471966244
cleanly,0.47712125471966244
sanded,0.47712125471966244
customers,0.30102999566398114
crutch,0.47712125471966244
hopping,0.47712125471966244
ham,0.30102999566398114
guests,0.17609125905568124
customer,0.30102999566398114
tallow,0.47712125471966244
coppers,0.47712125471966244
harry,0.47712125471966244
ben,0.30102999566398114
morgan,0.47712125471966244
mahogany,0.30102999566398114
sheepishly,0.47712125471966244
salute,0.17609125905568124
jawing,0.47712125471966244
yages,0.47712125471966244
ns,0.47712125471966244
hauling,0.47712125471966244
lubber,0.47712125471966244
shark,0.47712125471966244
haul,0.30102999566398114
jerking,0.47712125471966244
stumping,0.47712125471966244
slapping,0.47712125471966244
bailey,0.47712125471966244
reawakened,0.47712125471966244
narrowly,0.30102999566398114
thieves,0.17609125905568124
confounded,0.17609125905568124
deadlights,0.47712125471966244
hobble,0.47712125471966244
broached,0.47712125471966244
timbers,0.30102999566398114
davy,0.47712125471966244
dooty,0.47712125471966244
messmates,0.30102999566398114
cockerel,0.47712125471966244
buttons,0.30102999566398114
tonnage,0.47712125471966244
discharging,0.30102999566398114
anecdote,0.47712125471966244
nautical,0.30102999566398114
quart,0.47712125471966244
toast,0.30102999566398114
inspection,0.30102999566398114
suits,0.17609125905568124
sterns,0.47712125471966244
cables,0.47712125471966244
earrings,0.30102999566398114
squint,0.47712125471966244
smollett,0.47712125471966244
axing,0.47712125471966244
shipshape,0.47712125471966244
seaworthy,0.47712125471966244
ticklish,0.47712125471966244
begging,0.17609125905568124
blabbed,0.47712125471966244
unintentional,0.30102999566398114
berthed,0.47712125471966244
berths,0.30102999566398114
blabbing,0.47712125471966244
talker,0.47712125471966244
notions,0.0791812460476248
humbug,0.47712125471966244
unmanly,0.30102999566398114
unsailorly,0.47712125471966244
downright,0.17609125905568124
ing,0.30102999566398114
superintending,0.30102999566398114
astern,0.47712125471966244
cabins,0.47712125471966244
forecastle,0.47712125471966244
sparred,0.47712125471966244
enlarged,0.17609125905568124
hammocks,0.47712125471966244
cleverness,0.17609125905568124
forelock,0.47712125471966244
swivel,0.47712125471966244
amidships,0.47712125471966244
boatfuls,0.47712125471966244
barbecue,0.47712125471966244
stave,0.47712125471966244
hazy,0.47712125471966244
stuttering,0.47712125471966244
drunkenness,0.17609125905568124
passably,0.47712125471966244
outright,0.47712125471966244
saves,0.17609125905568124
irons,0.30102999566398114
anderson,0.47712125471966244
likeliest,0.47712125471966244
coxswain,0.30102999566398114
confidant,0.30102999566398114
lanyard,0.47712125471966244
wedge,0.30102999566398114
bulkhead,0.47712125471966244
heaviest,0.30102999566398114
rigged,0.30102999566398114
widest,0.30102999566398114
spaces,0.30102999566398114
unarmed,0.47712125471966244
unweariedly,0.47712125471966244
dishes,0.30102999566398114
burnished,0.47712125471966244
yarn,0.47712125471966244
predicting,0.47712125471966244
yage,0.47712125471966244
forever,0.30102999566398114
madagascar,0.47712125471966244
malabar,0.47712125471966244
surinam,0.47712125471966244
portobello,0.47712125471966244
plate,0.30102999566398114
boarding,0.47712125471966244
viceroy,0.47712125471966244
indies,0.17609125905568124
goa,0.47712125471966244
peck,0.47712125471966244
mucked,0.47712125471966244
swearing,0.30102999566398114
brisk,0.47712125471966244
explode,0.30102999566398114
noah,0.30102999566398114
duff,0.47712125471966244
apples,0.17609125905568124
spoil,0.17609125905568124
largest,0.17609125905568124
computation,0.17609125905568124
heading,0.47712125471966244
abeam,0.47712125471966244
bowsprit,0.30102999566398114
spray,0.30102999566398114
luff,0.47712125471966244
excepting,0.17609125905568124
swish,0.47712125471966244
rocking,0.47712125471966244
quartermaster,0.30102999566398114
broadside,0.30102999566398114
ampytated,0.47712125471966244
latin,0.17609125905568124
bucket,0.47712125471966244
hanged,0.30102999566398114
corso,0.30102999566398114
roberts,0.47712125471966244
comed,0.47712125471966244
christened,0.47712125471966244
cassandra,0.30102999566398114
walrus,0.47712125471966244
amuck,0.47712125471966244
flock,0.17609125905568124
davis,0.47712125471966244
tain,0.47712125471966244
earning,0.30102999566398114
spends,0.17609125905568124
pound,0.30102999566398114
hatches,0.47712125471966244
starving,0.17609125905568124
starved,0.47712125471966244
rogue,0.17609125905568124
flattery,0.17609125905568124
overheard,0.30102999566398114
farthings,0.47712125471966244
daren,0.47712125471966244
derisively,0.47712125471966244
lease,0.30102999566398114
goodwill,0.47712125471966244
rigging,0.30102999566398114
cable,0.30102999566398114
roughest,0.47712125471966244
afloat,0.30102999566398114
boasting,0.17609125905568124
finer,0.17609125905568124
figurehead,0.47712125471966244
dick,0.47712125471966244
spat,0.30102999566398114
bumboat,0.47712125471966244
hazed,0.47712125471966244
pickles,0.47712125471966244
wines,0.17609125905568124
reckon,0.30102999566398114
leastways,0.47712125471966244
navigate,0.47712125471966244
miscalculations,0.47712125471966244
spoonful,0.30102999566398114
crossin,0.47712125471966244
drying,0.17609125905568124
int,0.47712125471966244
windward,0.30102999566398114
mouthful,0.30102999566398114
knowed,0.47712125471966244
chapling,0.47712125471966244
admiringly,0.47712125471966244
pork,0.47712125471966244
parlyment,0.47712125471966244
lawyers,0.17609125905568124
unlooked,0.47712125471966244
rip,0.47712125471966244
misgave,0.47712125471966244
stow,0.30102999566398114
sucking,0.47712125471966244
bilge,0.47712125471966244
gauge,0.47712125471966244
keg,0.47712125471966244
pannikin,0.47712125471966244
clause,0.17609125905568124
jine,0.47712125471966244
prizes,0.17609125905568124
silvering,0.47712125471966244
mizzen,0.30102999566398114
slipping,0.30102999566398114
dived,0.30102999566398114
conical,0.30102999566398114
sheeted,0.47712125471966244
islet,0.30102999566398114
foremast,0.47712125471966244
cleaned,0.47712125471966244
chart,0.30102999566398114
drawed,0.47712125471966244
capt,0.47712125471966244
kidd,0.47712125471966244
careen,0.47712125471966244
duplicity,0.47712125471966244
goats,0.17609125905568124
goat,0.30102999566398114
snack,0.47712125471966244
friendliest,0.47712125471966244
durst,0.30102999566398114
plotting,0.17609125905568124
subsided,0.30102999566398114
raisins,0.47712125471966244
smoking,0.30102999566398114
shy,0.47712125471966244
nineteen,0.30102999566398114
becalmed,0.47712125471966244
tint,0.47712125471966244
streaks,0.47712125471966244
topping,0.47712125471966244
colouring,0.47712125471966244
vegetation,0.30102999566398114
tallest,0.30102999566398114
likewise,0.0791812460476248
configuration,0.47712125471966244
pedestal,0.30102999566398114
booms,0.47712125471966244
banging,0.47712125471966244
manufactory,0.47712125471966244
backstay,0.47712125471966244
giddily,0.47712125471966244
qualm,0.47712125471966244
stomach,0.30102999566398114
foaming,0.30102999566398114
onward,0.17609125905568124
warped,0.30102999566398114
sweltering,0.47712125471966244
conned,0.47712125471966244
scour,0.47712125471966244
swamps,0.47712125471966244
poisonous,0.30102999566398114
anchored,0.30102999566398114
beaches,0.47712125471966244
sodden,0.47712125471966244
rotting,0.30102999566398114
trunks,0.30102999566398114
sniffing,0.47712125471966244
tasting,0.17609125905568124
grudgingly,0.30102999566398114
infection,0.17609125905568124
spending,0.17609125905568124
outstripped,0.30102999566398114
willingness,0.17609125905568124
cheeriest,0.47712125471966244
pikes,0.47712125471966244
smother,0.30102999566398114
tiff,0.47712125471966244
gigs,0.47712125471966244
shins,0.47712125471966244
sulks,0.47712125471966244
faraway,0.47712125471966244
whipped,0.47712125471966244
rebellious,0.17609125905568124
disaffected,0.47712125471966244
ringleaders,0.47712125471966244
jiffy,0.47712125471966244
shoved,0.47712125471966244
crews,0.47712125471966244
raced,0.47712125471966244
thicket,0.17609125905568124
ducking,0.47712125471966244
marshy,0.47712125471966244
tract,0.47712125471966244
willows,0.47712125471966244
bulrushes,0.47712125471966244
outlandish,0.30102999566398114
swampy,0.47712125471966244
dotted,0.47712125471966244
contorted,0.47712125471966244
craggy,0.30102999566398114
vividly,0.17609125905568124
exploration,0.47712125471966244
uninhabited,0.30102999566398114
dumb,0.17609125905568124
fowls,0.30102999566398114
flowering,0.30102999566398114
hissed,0.30102999566398114
spinning,0.47712125471966244
oaklike,0.47712125471966244
evergreen,0.30102999566398114
knolls,0.47712125471966244
taller,0.17609125905568124
reedy,0.47712125471966244
fen,0.47712125471966244
soaked,0.30102999566398114
marsh,0.30102999566398114
outline,0.17609125905568124
haze,0.47712125471966244
quack,0.47712125471966244
squatted,0.47712125471966244
hearkening,0.47712125471966244
speakers,0.17609125905568124
swamp,0.47712125471966244
foolhardy,0.47712125471966244
desperadoes,0.47712125471966244
overhear,0.30102999566398114
councils,0.47712125471966244
ambush,0.17609125905568124
crouching,0.30102999566398114
intruders,0.47712125471966244
fours,0.47712125471966244
blond,0.30102999566398114
uns,0.47712125471966244
taut,0.30102999566398114
mistook,0.30102999566398114
mess,0.30102999566398114
troop,0.30102999566398114
darkening,0.30102999566398114
simultaneous,0.17609125905568124
whirr,0.47712125471966244
redescending,0.47712125471966244
boom,0.30102999566398114
surges,0.47712125471966244
gymnast,0.47712125471966244
warier,0.47712125471966244
crumb,0.30102999566398114
alan,0.47712125471966244
defies,0.47712125471966244
armpit,0.47712125471966244
hurtling,0.47712125471966244
stunning,0.30102999566398114
defenceless,0.30102999566398114
pant,0.47712125471966244
swam,0.30102999566398114
hilltop,0.47712125471966244
topsy,0.47712125471966244
turvy,0.47712125471966244
sward,0.47712125471966244
cleansing,0.47712125471966244
mercilessly,0.47712125471966244
slain,0.17609125905568124
hails,0.47712125471966244
lent,0.30102999566398114
murderers,0.17609125905568124
snipe,0.47712125471966244
mutineers,0.30102999566398114
dimensions,0.17609125905568124
thumping,0.47712125471966244
dislodged,0.30102999566398114
lurking,0.30102999566398114
nondescript,0.47712125471966244
prefer,0.17609125905568124
retrace,0.30102999566398114
reappeared,0.17609125905568124
circuit,0.17609125905568124
cannibals,0.47712125471966244
ace,0.30102999566398114
gunn,0.47712125471966244
raggedness,0.47712125471966244
tatters,0.30102999566398114
patchwork,0.47712125471966244
incongruous,0.30102999566398114
fastenings,0.30102999566398114
loops,0.30102999566398114
gaskin,0.47712125471966244
accoutrement,0.47712125471966244
shipwrecked,0.30102999566398114
marooned,0.47712125471966244
offender,0.30102999566398114
oysters,0.30102999566398114
toasted,0.47712125471966244
perked,0.47712125471966244
slyness,0.47712125471966244
markable,0.47712125471966244
civil,0.0791812460476248
catechism,0.47712125471966244
chuck,0.47712125471966244
farthen,0.47712125471966244
predicked,0.47712125471966244
piety,0.17609125905568124
thimbleful,0.47712125471966244
forefinger,0.47712125471966244
threateningly,0.30102999566398114
ally,0.0791812460476248
ringleader,0.47712125471966244
predicament,0.17609125905568124
keenest,0.47712125471966244
clove,0.47712125471966244
livery,0.30102999566398114
toon,0.47712125471966244
shrewdness,0.30102999566398114
scarf,0.30102999566398114
cutwater,0.47712125471966244
benjamin,0.30102999566398114
nip,0.47712125471966244
gen,0.47712125471966244
leman,0.47712125471966244
hi,0.47712125471966244
bellowed,0.47712125471966244
cannon,0.30102999566398114
goatskins,0.47712125471966244
trotted,0.47712125471966244
mastheaded,0.47712125471966244
mountings,0.47712125471966244
cetemery,0.47712125471966244
mounds,0.47712125471966244
nows,0.47712125471966244
thens,0.47712125471966244
doo,0.47712125471966244
volley,0.30102999566398114
flutter,0.30102999566398114
seams,0.30102999566398114
dysentery,0.47712125471966244
scoundrels,0.30102999566398114
lillibullero,0.47712125471966244
primed,0.47712125471966244
knoll,0.47712125471966244
enclosing,0.30102999566398114
loghouse,0.47712125471966244
loopholed,0.47712125471966244
musketry,0.47712125471966244
paling,0.47712125471966244
besiegers,0.47712125471966244
partridges,0.30102999566398114
regiment,0.30102999566398114
ammunition,0.47712125471966244
highness,0.30102999566398114
duke,0.30102999566398114
fontenoy,0.47712125471966244
dot,0.30102999566398114
dilly,0.47712125471966244
dally,0.30102999566398114
muskets,0.30102999566398114
tins,0.47712125471966244
biscuits,0.30102999566398114
kegs,0.47712125471966244
cask,0.30102999566398114
cognac,0.47712125471966244
invaluable,0.17609125905568124
popped,0.47712125471966244
block,0.47712125471966244
palisade,0.47712125471966244
sculled,0.47712125471966244
risked,0.30102999566398114
flattered,0.17609125905568124
painter,0.17609125905568124
halloaing,0.47712125471966244
handier,0.47712125471966244
gray,0.30102999566398114
thirty,0.17609125905568124
stays,0.47712125471966244
risking,0.30102999566398114
gallipot,0.47712125471966244
overloaded,0.30102999566398114
lipping,0.47712125471966244
breeches,0.30102999566398114
soaking,0.30102999566398114
evenly,0.47712125471966244
swamping,0.47712125471966244
angles,0.17609125905568124
upstream,0.47712125471966244
leeward,0.47712125471966244
dodge,0.47712125471966244
bombardment,0.47712125471966244
tarpaulin,0.47712125471966244
gunner,0.47712125471966244
steerage,0.47712125471966244
goal,0.17609125905568124
target,0.30102999566398114
plumping,0.47712125471966244
priming,0.30102999566398114
aims,0.0791812460476248
muzzle,0.30102999566398114
rammer,0.47712125471966244
trooping,0.47712125471966244
mustn,0.47712125471966244
bowls,0.47712125471966244
headway,0.47712125471966244
forty,0.17609125905568124
strokes,0.30102999566398114
clustering,0.30102999566398114
gig,0.30102999566398114
reparation,0.30102999566398114
delaying,0.47712125471966244
assailants,0.30102999566398114
headers,0.47712125471966244
wade,0.47712125471966244
bandoleer,0.47712125471966244
uppermost,0.30102999566398114
crippled,0.47712125471966244
polite,0.17609125905568124
valet,0.30102999566398114
waded,0.30102999566398114
footfalls,0.47712125471966244
breasted,0.47712125471966244
spit,0.30102999566398114
southwestern,0.47712125471966244
shots,0.30102999566398114
reloading,0.47712125471966244
reloaded,0.47712125471966244
molestation,0.47712125471966244
hoisted,0.30102999566398114
trojan,0.30102999566398114
oldest,0.17609125905568124
lick,0.30102999566398114
howsoever,0.30102999566398114
somebody,0.17609125905568124
coil,0.47712125471966244
stoutish,0.47712125471966244
longish,0.47712125471966244
fir,0.30102999566398114
felled,0.30102999566398114
trimmed,0.30102999566398114
mightily,0.30102999566398114
divinity,0.30102999566398114
calculate,0.30102999566398114
allowance,0.17609125905568124
rations,0.47712125471966244
plumped,0.47712125471966244
oho,0.47712125471966244
damage,0.47712125471966244
policy,0.17609125905568124
cannonade,0.47712125471966244
ricochet,0.47712125471966244
cricket,0.47712125471966244
volunteers,0.30102999566398114
gunnery,0.47712125471966244
wading,0.47712125471966244
magazine,0.30102999566398114
alexander,0.30102999566398114
david,0.30102999566398114
richard,0.30102999566398114
landsmen,0.47712125471966244
landsman,0.47712125471966244
james,0.30102999566398114
hailing,0.30102999566398114
hullo,0.30102999566398114
lemen,0.47712125471966244
barring,0.30102999566398114
genteel,0.47712125471966244
nips,0.47712125471966244
wheer,0.47712125471966244
mainstay,0.47712125471966244
widders,0.47712125471966244
cannonball,0.47712125471966244
reports,0.30102999566398114
balls,0.30102999566398114
terrifying,0.30102999566398114
missiles,0.30102999566398114
oftenest,0.47712125471966244
detour,0.47712125471966244
ruffling,0.47712125471966244
tracts,0.47712125471966244
piracy,0.47712125471966244
clattering,0.47712125471966244
demolishing,0.47712125471966244
axes,0.30102999566398114
encloses,0.47712125471966244
isolated,0.0791812460476248
regained,0.30102999566398114
shoreward,0.47712125471966244
unsquared,0.47712125471966244
kettle,0.47712125471966244
stumps,0.47712125471966244
grove,0.30102999566398114
streamlet,0.47712125471966244
moss,0.30102999566398114
ferns,0.47712125471966244
admixture,0.30102999566398114
sprinkled,0.17609125905568124
suppers,0.47712125471966244
boil,0.30102999566398114
eddied,0.47712125471966244
coughing,0.47712125471966244
unburied,0.47712125471966244
blues,0.30102999566398114
sentry,0.30102999566398114
lending,0.47712125471966244
parmesan,0.47712125471966244
nutritious,0.47712125471966244
livelier,0.47712125471966244
chiefs,0.17609125905568124
staked,0.30102999566398114
camped,0.47712125471966244
unprovided,0.30102999566398114
remedies,0.17609125905568124
packing,0.47712125471966244
buccaneering,0.47712125471966244
loophole,0.30102999566398114
coldest,0.47712125471966244
marrow,0.30102999566398114
rosily,0.47712125471966244
morass,0.47712125471966244
unhealthy,0.30102999566398114
indoors,0.30102999566398114
promotion,0.30102999566398114
emphasis,0.30102999566398114
cavalier,0.30102999566398114
absurd,0.17609125905568124
fence,0.30102999566398114
bubbled,0.47712125471966244
lasses,0.47712125471966244
steepness,0.47712125471966244
handsomest,0.30102999566398114
tricked,0.47712125471966244
laced,0.47712125471966244
mutineer,0.47712125471966244
riddle,0.17609125905568124
inkling,0.47712125471966244
husky,0.47712125471966244
particle,0.47712125471966244
abe,0.47712125471966244
avast,0.30102999566398114
blazes,0.30102999566398114
nettled,0.47712125471966244
limits,0.17609125905568124
stoving,0.47712125471966244
affy,0.47712125471966244
hazing,0.47712125471966244
divide,0.17609125905568124
handsomer,0.30102999566398114
overhaul,0.47712125471966244
jones,0.47712125471966244
foulest,0.30102999566398114
lucky,0.30102999566398114
ploughed,0.30102999566398114
failures,0.30102999566398114
slunk,0.47712125471966244
flea,0.47712125471966244
outnumbered,0.47712125471966244
drub,0.47712125471966244
defenders,0.30102999566398114
toss,0.47712125471966244
girdle,0.30102999566398114
clearing,0.17609125905568124
vapours,0.47712125471966244
baking,0.30102999566398114
resin,0.47712125471966244
doldrums,0.47712125471966244
musketeers,0.47712125471966244
geese,0.47712125471966244
bullets,0.17609125905568124
hostilities,0.47712125471966244
shoot,0.17609125905568124
stronghold,0.47712125471966244
huzza,0.47712125471966244
boarders,0.47712125471966244
swarmed,0.47712125471966244
monkeys,0.30102999566398114
footing,0.17609125905568124
defences,0.47712125471966244
marksmen,0.47712125471966244
mound,0.47712125471966244
reversed,0.0791812460476248
snatching,0.30102999566398114
assailant,0.17609125905568124
slash,0.47712125471966244
hurly,0.47712125471966244
mechanically,0.30102999566398114
eastwards,0.47712125471966244
hanger,0.47712125471966244
trice,0.47712125471966244
sallied,0.47712125471966244
swarming,0.47712125471966244
unaccounted,0.47712125471966244
clambering,0.47712125471966244
unheeded,0.30102999566398114
attacking,0.30102999566398114
odds,0.47712125471966244
cooked,0.30102999566398114
apoplectic,0.30102999566398114
fractured,0.47712125471966244
grievous,0.30102999566398114
lung,0.47712125471966244
displaced,0.47712125471966244
bargain,0.30102999566398114
girt,0.30102999566398114
stifling,0.30102999566398114
midday,0.30102999566398114
grilling,0.47712125471966244
divides,0.30102999566398114
bandages,0.47712125471966244
thickest,0.30102999566398114
draughts,0.17609125905568124
rollers,0.47712125471966244
warily,0.47712125471966244
portrayed,0.47712125471966244
waterline,0.47712125471966244
bulwarks,0.30102999566398114
stride,0.30102999566398114
plumage,0.30102999566398114
eighth,0.17609125905568124
goodish,0.47712125471966244
scrub,0.47712125471966244
turf,0.30102999566398114
plentifully,0.30102999566398114
tent,0.30102999566398114
skins,0.30102999566398114
lop,0.47712125471966244
stretcher,0.47712125471966244
paddle,0.30102999566398114
propulsion,0.47712125471966244
britons,0.47712125471966244
portable,0.47712125471966244
truantry,0.47712125471966244
notion,0.17609125905568124
watchmen,0.47712125471966244
dwindled,0.47712125471966244
shouldered,0.47712125471966244
groped,0.30102999566398114
stumblingly,0.47712125471966244
defeated,0.17609125905568124
carousing,0.47712125471966244
blur,0.47712125471966244
ankle,0.47712125471966244
retreating,0.30102999566398114
buoyant,0.47712125471966244
seaway,0.47712125471966244
grained,0.47712125471966244
leeway,0.47712125471966244
manoeuvre,0.30102999566398114
fairway,0.47712125471966244
loomed,0.30102999566398114
blacker,0.30102999566398114
spars,0.47712125471966244
brisker,0.47712125471966244
bowstring,0.30102999566398114
kicking,0.47712125471966244
meditating,0.17609125905568124
sever,0.30102999566398114
divined,0.30102999566398114
tipsy,0.30102999566398114
hailstones,0.47712125471966244
droning,0.47712125471966244
droop,0.30102999566398114
quaver,0.47712125471966244
verse,0.17609125905568124
singer,0.30102999566398114
ditty,0.47712125471966244
dolefully,0.47712125471966244
appropriate,0.0791812460476248
losses,0.17609125905568124
sidled,0.47712125471966244
swamped,0.30102999566398114
neighbour,0.30102999566398114
impulsion,0.30102999566398114
slice,0.17609125905568124
gliding,0.30102999566398114
fetched,0.17609125905568124
incessant,0.30102999566398114
weltering,0.47712125471966244
splash,0.30102999566398114
unsteady,0.30102999566398114
encrimsoned,0.47712125471966244
ballad,0.47712125471966244
lurch,0.47712125471966244
yawed,0.47712125471966244
combing,0.47712125471966244
phosphorescent,0.30102999566398114
stagger,0.30102999566398114
southward,0.47712125471966244
muttering,0.30102999566398114
narrows,0.47712125471966244
yaw,0.47712125471966244
drunkards,0.17609125905568124
sprays,0.30102999566398114
weariness,0.30102999566398114
supervened,0.47712125471966244
haulbowline,0.47712125471966244
mizzenmast,0.47712125471966244
spouted,0.47712125471966244
reverberations,0.47712125471966244
slimy,0.47712125471966244
snails,0.47712125471966244
bigness,0.30102999566398114
barkings,0.47712125471966244
starve,0.17609125905568124
confront,0.30102999566398114
kindlier,0.30102999566398114
contrariety,0.47712125471966244
bounce,0.47712125471966244
subside,0.47712125471966244
trough,0.47712125471966244
giddy,0.30102999566398114
baled,0.47712125471966244
glossy,0.30102999566398114
threaded,0.30102999566398114
toppling,0.30102999566398114
tiring,0.30102999566398114
visibly,0.30102999566398114
easting,0.47712125471966244
thousandfold,0.47712125471966244
caking,0.47712125471966244
ache,0.47712125471966244
jibs,0.47712125471966244
presumed,0.17609125905568124
owls,0.47712125471966244
skipping,0.47712125471966244
tack,0.30102999566398114
swoops,0.47712125471966244
dashes,0.47712125471966244
intermittent,0.47712125471966244
breaker,0.30102999566398114
glisten,0.30102999566398114
banged,0.47712125471966244
trundling,0.47712125471966244
gaping,0.30102999566398114
banner,0.30102999566398114
redoubling,0.47712125471966244
skimming,0.30102999566398114
thirds,0.30102999566398114
forefoot,0.47712125471966244
jib,0.30102999566398114
lodged,0.30102999566398114
mainsail,0.30102999566398114
swabbed,0.47712125471966244
inboard,0.47712125471966244
tan,0.47712125471966244
bucking,0.47712125471966244
sidling,0.47712125471966244
disclosing,0.30102999566398114
anyway,0.47712125471966244
sliding,0.30102999566398114
canting,0.47712125471966244
ringlet,0.47712125471966244
whisker,0.47712125471966244
splashes,0.47712125471966244
ironically,0.30102999566398114
dodging,0.47712125471966244
lurched,0.47712125471966244
lockfast,0.47712125471966244
ruffians,0.30102999566398114
marshes,0.30102999566398114
bulkheads,0.47712125471966244
beaded,0.47712125471966244
gilt,0.30102999566398114
pattern,0.17609125905568124
dozens,0.30102999566398114
clinked,0.47712125471966244
gutted,0.47712125471966244
pipelights,0.47712125471966244
umber,0.47712125471966244
barrels,0.30102999566398114
foraging,0.47712125471966244
pickled,0.47712125471966244
fruits,0.17609125905568124
gill,0.47712125471966244
grunted,0.47712125471966244
sourly,0.47712125471966244
chucked,0.47712125471966244
slyly,0.30102999566398114
brien,0.47712125471966244
irelander,0.47712125471966244
ankecher,0.47712125471966244
infernal,0.30102999566398114
subsiding,0.47712125471966244
straighter,0.47712125471966244
admirably,0.30102999566398114
skimmed,0.30102999566398114
bowling,0.47712125471966244
sparsely,0.47712125471966244
dwarf,0.30102999566398114
elated,0.30102999566398114
sunshiny,0.47712125471966244
conquest,0.0791812460476248
grain,0.17609125905568124
derision,0.30102999566398114
craftily,0.47712125471966244
uncomfortable,0.30102999566398114
partic,0.47712125471966244
lar,0.47712125471966244
hash,0.47712125471966244
ornamental,0.30102999566398114
blinking,0.30102999566398114
unfort,0.47712125471966244
nate,0.47712125471966244
howsomever,0.47712125471966244
sperrits,0.47712125471966244
preferring,0.17609125905568124
disbelieved,0.47712125471966244
pretext,0.17609125905568124
flitting,0.17609125905568124
deception,0.0791812460476248
densely,0.47712125471966244
scuttled,0.30102999566398114
obviously,0.30102999566398114
thrusting,0.30102999566398114
stranded,0.47712125471966244
reappearance,0.30102999566398114
swig,0.47712125471966244
junk,0.47712125471966244
foolery,0.47712125471966244
navigation,0.0791812460476248
shoal,0.47712125471966244
subaltern,0.30102999566398114
pilot,0.17609125905568124
dodged,0.47712125471966244
neatness,0.47712125471966244
wooded,0.30102999566398114
estuary,0.47712125471966244
dilapidation,0.47712125471966244
paw,0.30102999566398114
beached,0.47712125471966244
natur,0.47712125471966244
starboard,0.30102999566398114
manoeuvres,0.47712125471966244
disquietude,0.30102999566398114
bully,0.30102999566398114
trapped,0.47712125471966244
trigger,0.30102999566398114
reprimed,0.47712125471966244
fleeing,0.47712125471966244
grizzled,0.47712125471966244
ensign,0.47712125471966244
feints,0.47712125471966244
corresponding,0.0791812460476248
darting,0.30102999566398114
canted,0.47712125471966244
splashed,0.47712125471966244
scupper,0.30102999566398114
capsized,0.47712125471966244
stiffly,0.47712125471966244
upward,0.30102999566398114
upturned,0.30102999566398114
recharge,0.47712125471966244
dice,0.17609125905568124
cost,0.0791812460476248
chuckle,0.30102999566398114
younker,0.47712125471966244
pinned,0.47712125471966244
loosed,0.47712125471966244
cant,0.47712125471966244
perch,0.30102999566398114
lather,0.47712125471966244
huddled,0.47712125471966244
ached,0.30102999566398114
desisted,0.47712125471966244
oddly,0.47712125471966244
tacked,0.30102999566398114
jerk,0.47712125471966244
ungainly,0.47712125471966244
puppet,0.47712125471966244
comeliness,0.30102999566398114
tragical,0.30102999566398114
sack,0.30102999566398114
bran,0.47712125471966244
bald,0.17609125905568124
patterns,0.30102999566398114
warded,0.47712125471966244
doused,0.47712125471966244
halyards,0.30102999566398114
downhall,0.47712125471966244
glade,0.30102999566398114
shallow,0.47712125471966244
recapture,0.47712125471966244
clenching,0.30102999566398114
easterly,0.47712125471966244
mid,0.17609125905568124
watercourse,0.47712125471966244
maroon,0.47712125471966244
circumspectly,0.30102999566398114
pits,0.47712125471966244
thoughtless,0.17609125905568124
slacked,0.47712125471966244
districts,0.30102999566398114
bonfire,0.47712125471966244
smouldering,0.30102999566398114
steeped,0.17609125905568124
chequered,0.47712125471966244
reverberation,0.47712125471966244
mellow,0.47712125471966244
niggardly,0.47712125471966244
snoring,0.47712125471966244
reassuringly,0.47712125471966244
infamous,0.17609125905568124
drone,0.30102999566398114
snorers,0.47712125471966244
pecking,0.30102999566398114
clacking,0.47712125471966244
wearisome,0.17609125905568124
clipping,0.47712125471966244
sleepers,0.47712125471966244
preening,0.47712125471966244
broadcloth,0.47712125471966244
briers,0.47712125471966244
eh,0.30102999566398114
thereupon,0.0791812460476248
loan,0.30102999566398114
pluckily,0.47712125471966244
picter,0.47712125471966244
scamp,0.30102999566398114
incensed,0.47712125471966244
argyment,0.47712125471966244
truculently,0.47712125471966244
fishier,0.47712125471966244
fishiest,0.47712125471966244
bargained,0.47712125471966244
kelson,0.47712125471966244
tramped,0.47712125471966244
confound,0.17609125905568124
johnson,0.30102999566398114
bygones,0.47712125471966244
favourably,0.47712125471966244
faked,0.47712125471966244
terwards,0.47712125471966244
hawse,0.47712125471966244
aps,0.47712125471966244
lection,0.47712125471966244
unruly,0.30102999566398114
continuously,0.30102999566398114
ax,0.47712125471966244
vally,0.47712125471966244
marlin,0.47712125471966244
spike,0.47712125471966244
acknowledging,0.17609125905568124
capting,0.47712125471966244
coolly,0.30102999566398114
gum,0.47712125471966244
tit,0.47712125471966244
plucky,0.47712125471966244
staunch,0.30102999566398114
cannikin,0.47712125471966244
messmate,0.30102999566398114
caulker,0.47712125471966244
unaffected,0.17609125905568124
needlessness,0.47712125471966244
ironical,0.17609125905568124
emissary,0.30102999566398114
duskily,0.47712125471966244
conspirators,0.30102999566398114
torchlight,0.30102999566398114
locker,0.30102999566398114
comical,0.47712125471966244
depytation,0.47712125471966244
smartly,0.30102999566398114
hillo,0.47712125471966244
belay,0.30102999566398114
tipped,0.47712125471966244
thanky,0.47712125471966244
leadin,0.47712125471966244
contemptuously,0.30102999566398114
outs,0.47712125471966244
grievances,0.30102999566398114
retorted,0.30102999566398114
bungling,0.47712125471966244
ints,0.47712125471966244
hornpipe,0.47712125471966244
meddling,0.30102999566398114
insolence,0.17609125905568124
stiffest,0.47712125471966244
vehemence,0.17609125905568124
mothers,0.17609125905568124
tailors,0.47712125471966244
bungled,0.47712125471966244
gibbet,0.47712125471966244
inting,0.47712125471966244
jangle,0.47712125471966244
ruination,0.47712125471966244
hostage,0.30102999566398114
lemon,0.47712125471966244
peel,0.30102999566398114
downhearted,0.47712125471966244
inexplicable,0.30102999566398114
fingering,0.47712125471966244
sauce,0.30102999566398114
hain,0.47712125471966244
invention,0.17609125905568124
enow,0.47712125471966244
elect,0.30102999566398114
revengeful,0.17609125905568124
cur,0.30102999566398114
osity,0.47712125471966244
revelation,0.17609125905568124
depposed,0.47712125471966244
sentinel,0.30102999566398114
unfaithful,0.30102999566398114
snored,0.47712125471966244
environed,0.47712125471966244
shameful,0.17609125905568124
ahoy,0.47712125471966244
insubordinate,0.47712125471966244
stealthy,0.30102999566398114
noo,0.47712125471966244
lodger,0.30102999566398114
reacted,0.30102999566398114
bandaged,0.30102999566398114
liver,0.30102999566398114
pleasantest,0.30102999566398114
sp,0.47712125471966244
iling,0.47712125471966244
bibles,0.47712125471966244
arrant,0.30102999566398114
asses,0.30102999566398114
pestiferous,0.47712125471966244
malaria,0.47712125471966244
rudiments,0.30102999566398114
dosed,0.30102999566398114
prescriptions,0.30102999566398114
laughable,0.17609125905568124
humility,0.30102999566398114
schoolchildren,0.47712125471966244
spluttering,0.47712125471966244
si,0.30102999566398114
lence,0.47712125471966244
dooties,0.47712125471966244
disapproval,0.30102999566398114
roundly,0.47712125471966244
sacrificing,0.17609125905568124
accomplices,0.30102999566398114
preponderance,0.47712125471966244
dolts,0.47712125471966244
fluttered,0.30102999566398114
gammon,0.47712125471966244
ile,0.30102999566398114
stalked,0.47712125471966244
silenced,0.17609125905568124
volubility,0.30102999566398114
twinkle,0.47712125471966244
rekindling,0.47712125471966244
brewed,0.47712125471966244
unkind,0.30102999566398114
forfeit,0.47712125471966244
holus,0.47712125471966244
bolus,0.47712125471966244
antelopes,0.47712125471966244
jupiter,0.17609125905568124
musingly,0.47712125471966244
sorted,0.47712125471966244
perjury,0.30102999566398114
halloo,0.30102999566398114
glint,0.47712125471966244
fried,0.47712125471966244
ox,0.30102999566398114
wasteful,0.47712125471966244
sentries,0.30102999566398114
recklessness,0.30102999566398114
sketched,0.17609125905568124
feasible,0.17609125905568124
cripple,0.47712125471966244
unexplained,0.30102999566398114
cession,0.47712125471966244
captors,0.47712125471966244
gabbling,0.47712125471966244
purposeless,0.47712125471966244
obediently,0.30102999566398114
variously,0.30102999566398114
burthened,0.47712125471966244
picks,0.47712125471966244
shovels,0.47712125471966244
proceeds,0.17609125905568124
eatables,0.47712125471966244
straggled,0.47712125471966244
muddy,0.47712125471966244
unbailed,0.47712125471966244
reader,0.17609125905568124
plateau,0.47712125471966244
adjoining,0.30102999566398114
cliffy,0.47712125471966244
readings,0.47712125471966244
shrugging,0.30102999566398114
prematurely,0.17609125905568124
woody,0.47712125471966244
miry,0.47712125471966244
marish,0.47712125471966244
steepen,0.47712125471966244
scented,0.30102999566398114
shrubs,0.30102999566398114
thickets,0.47712125471966244
nutmeg,0.47712125471966244
spice,0.30102999566398114
aroma,0.30102999566398114
sunbeams,0.47712125471966244
ploughing,0.47712125471966244
pants,0.47712125471966244
backward,0.17609125905568124
creeper,0.30102999566398114
shreds,0.17609125905568124
bishop,0.30102999566398114
numbskull,0.47712125471966244
stickin,0.47712125471966244
tooth,0.30102999566398114
inter,0.0791812460476248
dollars,0.47712125471966244
jokes,0.17609125905568124
allardyce,0.47712125471966244
doit,0.47712125471966244
baccy,0.47712125471966244
nat,0.47712125471966244
ral,0.30102999566398114
sperrit,0.47712125471966244
raged,0.47712125471966244
hollered,0.47712125471966244
windy,0.30102999566398114
bated,0.47712125471966244
damping,0.47712125471966244
lowlands,0.47712125471966244
mounting,0.17609125905568124
chirp,0.47712125471966244
insects,0.30102999566398114
largeness,0.30102999566398114
grovelled,0.47712125471966244
airily,0.47712125471966244
skylarking,0.47712125471966244
clefts,0.47712125471966244
darby,0.47712125471966244
graw,0.47712125471966244
describes,0.17609125905568124
fixes,0.30102999566398114
volubly,0.47712125471966244
unconquered,0.47712125471966244
surrendered,0.30102999566398114
boozy,0.30102999566398114
mug,0.47712125471966244
reawakening,0.47712125471966244
irreverence,0.47712125471966244
severally,0.30102999566398114
bout,0.47712125471966244
liker,0.47712125471966244
joked,0.47712125471966244
iled,0.47712125471966244
halting,0.17609125905568124
predicted,0.30102999566398114
azalea,0.47712125471966244
baked,0.30102999566398114
vegetable,0.17609125905568124
manoeuvred,0.47712125471966244
conspicuous,0.17609125905568124
speedier,0.47712125471966244
lifetime,0.17609125905568124
extravagance,0.17609125905568124
grunting,0.47712125471966244
shiny,0.47712125471966244
nearness,0.47712125471966244
launched,0.30102999566398114
babbling,0.47712125471966244
ungodly,0.47712125471966244
excavation,0.30102999566398114
sprouted,0.30102999566398114
shaft,0.30102999566398114
branded,0.30102999566398114
probation,0.30102999566398114
rifled,0.47712125471966244
overturn,0.17609125905568124
racer,0.47712125471966244
barrelled,0.30102999566398114
bargains,0.47712125471966244
coolest,0.47712125471966244
scramble,0.47712125471966244
blundered,0.47712125471966244
cub,0.30102999566398114
teetotum,0.47712125471966244
twitching,0.47712125471966244
strangling,0.47712125471966244
mopping,0.47712125471966244
wriggling,0.47712125471966244
eel,0.30102999566398114
idiot,0.17609125905568124
haft,0.47712125471966244
stored,0.30102999566398114
wormed,0.47712125471966244
salted,0.47712125471966244
diagonal,0.47712125471966244
ambushed,0.47712125471966244
demolished,0.30102999566398114
towed,0.47712125471966244
cheers,0.30102999566398114
cruising,0.47712125471966244
amiss,0.30102999566398114
imposter,0.47712125471966244
prosecute,0.17609125905568124
saluting,0.30102999566398114
gross,0.30102999566398114
dereliction,0.30102999566398114
heaps,0.30102999566398114
quadrilaterals,0.47712125471966244
amassing,0.47712125471966244
delicacies,0.17609125905568124
gayer,0.47712125471966244
bland,0.47712125471966244
transportation,0.30102999566398114
onslaught,0.47712125471966244
absences,0.47712125471966244
minted,0.47712125471966244
collection,0.30102999566398114
hoard,0.30102999566398114
coinage,0.47712125471966244
portuguese,0.30102999566398114
louises,0.47712125471966244
moidores,0.47712125471966244
sequins,0.30102999566398114
wisps,0.30102999566398114
web,0.30102999566398114
bored,0.30102999566398114
strolling,0.30102999566398114
shrieking,0.47712125471966244
rebuffs,0.47712125471966244
privileged,0.30102999566398114
slights,0.17609125905568124
unwearying,0.47712125471966244
ingratiate,0.47712125471966244
gruffly,0.47712125471966244
morally,0.30102999566398114
carcass,0.30102999566398114
quoth,0.47712125471966244
glove,0.30102999566398114
gunshot,0.30102999566398114
necessaries,0.30102999566398114
baffling,0.47712125471966244
negroes,0.47712125471966244
mexican,0.30102999566398114
indians,0.30102999566398114
bloods,0.47712125471966244
selling,0.0791812460476248
blacks,0.47712125471966244
tropical,0.30102999566398114
connived,0.47712125471966244
sacks,0.30102999566398114
cheaply,0.47712125471966244
foolishly,0.30102999566398114
smit,0.47712125471966244
twentieth,0.17609125905568124
notable,0.30102999566398114
sundays,0.30102999566398114
negress,0.47712125471966244
oxen,0.17609125905568124
wain,0.47712125471966244
coasts,0.30102999566398114
monte,0.47712125471966244
cristo,0.47712125471966244
alexandre,0.47712125471966244
dumas,0.47712125471966244
marseilles,0.47712125471966244
catalans,0.47712125471966244
conspiracy,0.30102999566398114
feast,0.30102999566398114
procureur,0.47712125471966244
roi,0.47712125471966244
teau,0.47712125471966244
betrothal,0.47712125471966244
closet,0.47712125471966244
tuileries,0.47712125471966244
corsican,0.47712125471966244
prisoners,0.30102999566398114
abb,0.47712125471966244
tiboulen,0.47712125471966244
pont,0.47712125471966244
register,0.47712125471966244
morrel,0.47712125471966244
sinbad,0.47712125471966244
bandits,0.47712125471966244
colosseum,0.47712125471966244
mazzolata,0.47712125471966244
catacombs,0.47712125471966244
saint,0.17609125905568124
sebastian,0.47712125471966244
presentation,0.47712125471966244
monsieur,0.47712125471966244
bertuccio,0.47712125471966244
auteuil,0.47712125471966244
vendetta,0.47712125471966244
dappled,0.47712125471966244
grays,0.47712125471966244
ideology,0.47712125471966244
hayd,0.47712125471966244
pyramus,0.47712125471966244
thisbe,0.47712125471966244
toxicology,0.47712125471966244
diable,0.47712125471966244
flurry,0.47712125471966244
stocks,0.47712125471966244
major,0.47712125471966244
cavalcanti,0.47712125471966244
andrea,0.47712125471966244
lucern,0.47712125471966244
noirtier,0.47712125471966244
villefort,0.47712125471966244
dormice,0.47712125471966244
conjugal,0.47712125471966244
attorney,0.47712125471966244
yanina,0.47712125471966244
lemonade,0.47712125471966244
baker,0.47712125471966244
beauchamp,0.47712125471966244
challenge,0.47712125471966244
insult,0.30102999566398114
valentine,0.47712125471966244
maximilian,0.47712125471966244
belgium,0.47712125471966244
locusta,0.47712125471966244
danglars,0.47712125471966244
lachaise,0.47712125471966244
indictment,0.17609125905568124
expiation,0.47712125471966244
peppino,0.47712125471966244
luigi,0.47712125471966244
vampa,0.47712125471966244
notre,0.30102999566398114
garde,0.47712125471966244
pharaon,0.47712125471966244
smyrna,0.47712125471966244
trieste,0.47712125471966244
rounding,0.30102999566398114
morgiou,0.47712125471966244
rion,0.47712125471966244
ramparts,0.47712125471966244
jean,0.30102999566398114
phoc,0.47712125471966244
calasareigne,0.47712125471966244
jaros,0.47712125471966244
pom,0.47712125471966244
gue,0.47712125471966244
harbor,0.47712125471966244
topsails,0.47712125471966244
spanker,0.47712125471966244
sedately,0.47712125471966244
idlers,0.47712125471966244
forerunner,0.47712125471966244
skilfully,0.47712125471966244
cockbill,0.47712125471966244
guys,0.47712125471966244
vigilant,0.47712125471966244
rounded,0.30102999566398114
slim,0.47712125471966244
eighteen,0.47712125471966244
cradle,0.47712125471966244
dant,0.47712125471966244
civita,0.47712125471966244
vecchia,0.47712125471966244
leclere,0.47712125471966244
stations,0.47712125471966244
brails,0.47712125471966244
outhaul,0.47712125471966244
topsail,0.47712125471966244
downhaul,0.47712125471966244
clewlines,0.47712125471966244
buntlines,0.47712125471966244
resuming,0.30102999566398114
hammock,0.47712125471966244
el,0.47712125471966244
giglio,0.47712125471966244
honor,0.47712125471966244
edmond,0.47712125471966244
francs,0.47712125471966244
brail,0.47712125471966244
imperceptibly,0.30102999566398114
furnish,0.30102999566398114
anchoring,0.47712125471966244
unprepossessing,0.47712125471966244
subordinates,0.30102999566398114
honorable,0.47712125471966244
glancing,0.30102999566398114
invariably,0.47712125471966244
elba,0.47712125471966244
repairs,0.47712125471966244
whim,0.47712125471966244
shipowner,0.47712125471966244
uvre,0.47712125471966244
colors,0.47712125471966244
marshal,0.47712125471966244
bertrand,0.47712125471966244
emperor,0.47712125471966244
morrels,0.47712125471966244
shipowners,0.47712125471966244
valence,0.47712125471966244
pardieu,0.47712125471966244
policar,0.47712125471966244
patting,0.47712125471966244
comer,0.30102999566398114
inspectors,0.47712125471966244
gangway,0.47712125471966244
porto,0.47712125471966244
ferrajo,0.47712125471966244
lading,0.47712125471966244
expects,0.30102999566398114
merc,0.47712125471966244
blushed,0.47712125471966244
peste,0.47712125471966244
betrothed,0.47712125471966244
wroth,0.30102999566398114
unload,0.47712125471966244
chi,0.47712125471966244
compagno,0.47712125471966244
padrone,0.47712125471966244
votes,0.47712125471966244
canebi,0.47712125471966244
oarsmen,0.30102999566398114
quai,0.47712125471966244
orl,0.47712125471966244
ans,0.47712125471966244
throng,0.30102999566398114
swarms,0.47712125471966244
ens,0.47712125471966244
endeavoring,0.47712125471966244
insinuate,0.47712125471966244
rue,0.47712125471966244
noailles,0.47712125471966244
es,0.47712125471966244
meilhan,0.47712125471966244
flights,0.47712125471966244
baluster,0.47712125471966244
beatings,0.47712125471966244
amusing,0.30102999566398114
training,0.17609125905568124
nasturtiums,0.47712125471966244
clematis,0.47712125471966244
trellis,0.47712125471966244
ails,0.47712125471966244
hurts,0.30102999566398114
derived,0.30102999566398114
honeysuckle,0.47712125471966244
backwards,0.30102999566398114
cupboards,0.47712125471966244
alternately,0.47712125471966244
debt,0.30102999566398114
neighbor,0.47712125471966244
caderousse,0.47712125471966244
consisting,0.30102999566398114
franc,0.47712125471966244
moderately,0.30102999566398114
smuggled,0.47712125471966244
congratulate,0.47712125471966244
bearded,0.47712125471966244
tailor,0.47712125471966244
lining,0.47712125471966244
marseillaise,0.47712125471966244
neighbors,0.47712125471966244
quits,0.47712125471966244
mulberry,0.47712125471966244
askance,0.47712125471966244
greedy,0.30102999566398114
expressing,0.30102999566398114
insinuating,0.47712125471966244
invite,0.30102999566398114
vexed,0.47712125471966244
annoy,0.47712125471966244
patrons,0.47712125471966244
nicolas,0.47712125471966244
implicit,0.47712125471966244
rejoin,0.30102999566398114
senac,0.47712125471966244
patronage,0.30102999566398114
proffered,0.47712125471966244
foi,0.47712125471966244
catalane,0.47712125471966244
upstarts,0.47712125471966244
vieilles,0.47712125471966244
infirmeries,0.47712125471966244
strapping,0.47712125471966244
catalan,0.47712125471966244
wench,0.47712125471966244
malgue,0.47712125471966244
designated,0.30102999566398114
pamphile,0.47712125471966244
planes,0.30102999566398114
sycamores,0.47712125471966244
proven,0.30102999566398114
commune,0.30102999566398114
moorish,0.47712125471966244
fathers,0.30102999566398114
seabirds,0.47712125471966244
intermarrying,0.47712125471966244
preserving,0.30102999566398114
costume,0.47712125471966244
readers,0.30102999566398114
sunburned,0.47712125471966244
color,0.47712125471966244
coated,0.47712125471966244
whitewash,0.47712125471966244
posada,0.47712125471966244
gazelle,0.47712125471966244
wainscot,0.47712125471966244
delicately,0.47712125471966244
strewing,0.47712125471966244
modelled,0.47712125471966244
arlesian,0.47712125471966244
venus,0.30102999566398114
cotton,0.47712125471966244
clocked,0.47712125471966244
stocking,0.47712125471966244
vexation,0.47712125471966244
easter,0.47712125471966244
fernand,0.47712125471966244
sisterly,0.47712125471966244
intermarry,0.47712125471966244
cite,0.30102999566398114
favor,0.30102999566398114
conscription,0.47712125471966244
sufferance,0.47712125471966244
forlorn,0.47712125471966244
flax,0.47712125471966244
lone,0.47712125471966244
richest,0.30102999566398114
manager,0.47712125471966244
warehouse,0.47712125471966244
dealer,0.47712125471966244
varnished,0.47712125471966244
striped,0.47712125471966244
attired,0.47712125471966244
accusing,0.47712125471966244
inconstancy,0.47712125471966244
revenged,0.30102999566398114
paced,0.47712125471966244
clenched,0.47712125471966244
responding,0.47712125471966244
scrutinizingly,0.47712125471966244
menacing,0.47712125471966244
waxed,0.47712125471966244
innermost,0.30102999566398114
fascinated,0.30102999566398114
ascendancy,0.47712125471966244
hallo,0.47712125471966244
arbor,0.47712125471966244
stupefied,0.47712125471966244
besotted,0.47712125471966244
pints,0.47712125471966244
unnecessarily,0.47712125471966244
destroys,0.30102999566398114
diplomacy,0.47712125471966244
sighs,0.47712125471966244
winking,0.47712125471966244
accountable,0.47712125471966244
whomsoever,0.47712125471966244
supplanted,0.47712125471966244
faithless,0.30102999566398114
fumes,0.47712125471966244
ninth,0.30102999566398114
sipped,0.47712125471966244
marries,0.30102999566398114
molten,0.47712125471966244
scrutinized,0.47712125471966244
premeditated,0.47712125471966244
brutal,0.17609125905568124
gulp,0.47712125471966244
deceiver,0.30102999566398114
hello,0.47712125471966244
damsel,0.30102999566398114
tenacity,0.30102999566398114
bandilleros,0.47712125471966244
brutalized,0.30102999566398114
liquor,0.47712125471966244
drunkard,0.47712125471966244
envious,0.30102999566398114
vengeful,0.47712125471966244
sicilians,0.47712125471966244
calabrians,0.47712125471966244
fists,0.47712125471966244
unquestionably,0.30102999566398114
ascendant,0.30102999566398114
courtesied,0.47712125471966244
bodes,0.47712125471966244
preliminaries,0.47712125471966244
invited,0.30102999566398114
registered,0.47712125471966244
adore,0.47712125471966244
mademoiselle,0.47712125471966244
threatens,0.30102999566398114
unshaken,0.47712125471966244
flasks,0.47712125471966244
tous,0.47712125471966244
les,0.47712125471966244
chants,0.47712125471966244
sont,0.47712125471966244
buveurs,0.47712125471966244
eau,0.47712125471966244
est,0.47712125471966244
bien,0.47712125471966244
prouv,0.47712125471966244
par,0.47712125471966244
luge,0.47712125471966244
methinks,0.30102999566398114
noodle,0.47712125471966244
severs,0.47712125471966244
effectually,0.47712125471966244
seeks,0.30102999566398114
muddled,0.47712125471966244
intoxication,0.30102999566398114
hates,0.30102999566398114
fishy,0.47712125471966244
muddlehead,0.47712125471966244
joking,0.47712125471966244
emptying,0.47712125471966244
hurrah,0.47712125471966244
undertook,0.47712125471966244
ruminate,0.47712125471966244
wherewithal,0.47712125471966244
assassinate,0.30102999566398114
toper,0.47712125471966244
vanishing,0.30102999566398114
bonapartist,0.47712125471966244
denounced,0.30102999566398114
betide,0.47712125471966244
incarceration,0.47712125471966244
denunciation,0.47712125471966244
uniting,0.30102999566398114
undertone,0.30102999566398114
throne,0.30102999566398114
intrusted,0.47712125471966244
murat,0.47712125471966244
usurper,0.47712125471966244
arresting,0.47712125471966244
revert,0.30102999566398114
entail,0.30102999566398114
denunciatory,0.47712125471966244
wager,0.47712125471966244
belfry,0.47712125471966244
accoules,0.47712125471966244
staggering,0.47712125471966244
bet,0.47712125471966244
prince,0.30102999566398114
porte,0.47712125471966244
stoop,0.30102999566398114
crumpled,0.47712125471966244
pillon,0.47712125471966244
unassisted,0.47712125471966244
resplendent,0.47712125471966244
foamy,0.47712125471966244
network,0.47712125471966244
tinted,0.47712125471966244
spacious,0.47712125471966244
cities,0.17609125905568124
expectant,0.47712125471966244
favored,0.47712125471966244
bridegroom,0.30102999566398114
costumes,0.47712125471966244
rumors,0.47712125471966244
unanimous,0.30102999566398114
applause,0.30102999566398114
indication,0.47712125471966244
coincided,0.47712125471966244
glistening,0.47712125471966244
wiry,0.30102999566398114
richly,0.47712125471966244
embroidered,0.17609125905568124
manufacture,0.17609125905568124
cornered,0.47712125471966244
dandies,0.47712125471966244
parading,0.47712125471966244
luxembourg,0.47712125471966244
partake,0.30102999566398114
unperfect,0.47712125471966244
unmixed,0.30102999566398114
abstracted,0.30102999566398114
contraction,0.47712125471966244
becomingly,0.47712125471966244
cyprus,0.47712125471966244
chios,0.47712125471966244
boasted,0.47712125471966244
ripe,0.30102999566398114
arlesienne,0.47712125471966244
andalusian,0.47712125471966244
practiced,0.47712125471966244
successor,0.30102999566398114
patron,0.47712125471966244
affianced,0.47712125471966244
gayly,0.47712125471966244
honored,0.47712125471966244
piquant,0.47712125471966244
sausages,0.47712125471966244
lobsters,0.47712125471966244
cuirasses,0.47712125471966244
prawns,0.47712125471966244
echinus,0.47712125471966244
prickly,0.47712125471966244
morsel,0.47712125471966244
clovis,0.47712125471966244
epicures,0.47712125471966244
rivalling,0.47712125471966244
flavor,0.47712125471966244
oyster,0.30102999566398114
styled,0.30102999566398114
topaz,0.47712125471966244
oppress,0.30102999566398114
felicity,0.47712125471966244
fiery,0.30102999566398114
dragons,0.47712125471966244
requiring,0.17609125905568124
promoted,0.30102999566398114
worthwhile,0.47712125471966244
waive,0.30102999566398114
mayor,0.47712125471966244
felicitations,0.47712125471966244
commend,0.30102999566398114
settlement,0.47712125471966244
laughingly,0.47712125471966244
expensive,0.17609125905568124
elicited,0.30102999566398114
shabby,0.30102999566398114
festivity,0.47712125471966244
commented,0.47712125471966244
din,0.47712125471966244
responded,0.47712125471966244
prevails,0.30102999566398114
trammels,0.30102999566398114
unceremoniously,0.47712125471966244
hilarious,0.47712125471966244
deafening,0.47712125471966244
salon,0.47712125471966244
partaken,0.47712125471966244
effaced,0.30102999566398114
gad,0.47712125471966244
vociferous,0.47712125471966244
soldiery,0.47712125471966244
accoutrements,0.47712125471966244
hum,0.47712125471966244
deaden,0.30102999566398114
quelled,0.30102999566398114
instantaneously,0.47712125471966244
panel,0.47712125471966244
corporal,0.47712125471966244
reluctantly,0.30102999566398114
enforce,0.30102999566398114
decked,0.30102999566398114
effigy,0.47712125471966244
supplicated,0.47712125471966244
registering,0.47712125471966244
frowningly,0.47712125471966244
concerting,0.47712125471966244
deserves,0.47712125471966244
sympathizing,0.47712125471966244
nicholas,0.47712125471966244
abetted,0.47712125471966244
detected,0.30102999566398114
contraband,0.47712125471966244
merchandise,0.30102999566398114
alexandria,0.30102999566398114
pastret,0.47712125471966244
pascal,0.47712125471966244
rummaging,0.47712125471966244
stationed,0.47712125471966244
faction,0.30102999566398114
simpleton,0.30102999566398114
compromising,0.47712125471966244
uphold,0.47712125471966244
solidity,0.47712125471966244
doubtfully,0.47712125471966244
wistfully,0.47712125471966244
involving,0.30102999566398114
tractable,0.30102999566398114
rumor,0.47712125471966244
circulating,0.47712125471966244
gleaning,0.47712125471966244
regretting,0.47712125471966244
abdication,0.47712125471966244
napoleon,0.30102999566398114
subordinate,0.17609125905568124
acquaint,0.47712125471966244
occurs,0.30102999566398114
reluctance,0.30102999566398114
hypocrite,0.47712125471966244
managing,0.30102999566398114
advantageous,0.30102999566398114
authorize,0.47712125471966244
unloading,0.47712125471966244
endeavor,0.47712125471966244
royalist,0.47712125471966244
ambitious,0.30102999566398114
palais,0.47712125471966244
recopying,0.47712125471966244
implicated,0.47712125471966244
overcharged,0.47712125471966244
temporarily,0.47712125471966244
permanently,0.47712125471966244
rowed,0.47712125471966244
aristocratic,0.30102999566398114
mansions,0.30102999566398114
puget,0.47712125471966244
cours,0.47712125471966244
strikingly,0.47712125471966244
dissimilar,0.30102999566398114
humblest,0.47712125471966244
grade,0.47712125471966244
assembly,0.30102999566398114
cond,0.47712125471966244
convert,0.30102999566398114
energetic,0.47712125471966244
dweller,0.47712125471966244
vive,0.47712125471966244
napol,0.47712125471966244
ons,0.47712125471966244
moscow,0.47712125471966244
leipsic,0.47712125471966244
divorce,0.47712125471966244
josephine,0.47712125471966244
downfall,0.30102999566398114
napoleonic,0.47712125471966244
revivified,0.47712125471966244
decorated,0.47712125471966244
marquis,0.47712125471966244
recalling,0.47712125471966244
hartwell,0.47712125471966244
anglaise,0.47712125471966244
bouquets,0.47712125471966244
floral,0.47712125471966244
poetical,0.30102999566398114
fervor,0.47712125471966244
marquise,0.47712125471966244
forbidding,0.30102999566398114
revolutionists,0.47712125471966244
monarch,0.30102999566398114
worshipping,0.47712125471966244
admitting,0.30102999566398114
interposed,0.30102999566398114
ren,0.47712125471966244
bonapartists,0.47712125471966244
fanaticism,0.47712125471966244
mahomet,0.47712125471966244
commonplace,0.30102999566398114
lawgiver,0.30102999566398114
personification,0.30102999566398114
robespierre,0.47712125471966244
usurped,0.47712125471966244
quinze,0.47712125471966244
vend,0.47712125471966244
consists,0.17609125905568124
advocated,0.47712125471966244
degrades,0.47712125471966244
guillotine,0.47712125471966244
revolutionary,0.30102999566398114
thermidor,0.47712125471966244
monarchy,0.17609125905568124
explains,0.30102999566398114
retained,0.30102999566398114
parasitical,0.47712125471966244
satellites,0.30102999566398114
usurpers,0.47712125471966244
cromwell,0.30102999566398114
partisans,0.47712125471966244
advocates,0.47712125471966244
girondin,0.47712125471966244
leaven,0.47712125471966244
voted,0.47712125471966244
wincing,0.47712125471966244
persecution,0.47712125471966244
proscription,0.47712125471966244
diametrically,0.47712125471966244
staunchest,0.47712125471966244
adherents,0.30102999566398114
exiled,0.30102999566398114
princes,0.30102999566398114
citizen,0.30102999566398114
senator,0.47712125471966244
reminiscences,0.47712125471966244
avails,0.47712125471966244
recrimination,0.47712125471966244
disown,0.47712125471966244
exhaust,0.47712125471966244
namely,0.17609125905568124
amnesty,0.47712125471966244
inflexible,0.47712125471966244
fealty,0.47712125471966244
loyalty,0.30102999566398114
conspiring,0.30102999566398114
rigorous,0.47712125471966244
prosecutions,0.30102999566398114
offenders,0.30102999566398114
merited,0.47712125471966244
frivolous,0.47712125471966244
quarrels,0.30102999566398114
royalists,0.47712125471966244
duels,0.47712125471966244
assassinations,0.47712125471966244
comte,0.47712125471966244
salvieux,0.47712125471966244
chamberlain,0.47712125471966244
artois,0.47712125471966244
removing,0.30102999566398114
helena,0.47712125471966244
equator,0.30102999566398114
corsica,0.47712125471966244
sovereignty,0.47712125471966244
treaties,0.30102999566398114
molest,0.47712125471966244
compacts,0.47712125471966244
duc,0.47712125471966244
enghien,0.47712125471966244
upheld,0.47712125471966244
employing,0.30102999566398114
preventing,0.30102999566398114
shedding,0.30102999566398114
fictitious,0.30102999566398114
drama,0.30102999566398114
retiring,0.30102999566398114
reconducted,0.47712125471966244
executioner,0.30102999566398114
favorable,0.47712125471966244
frightening,0.47712125471966244
duel,0.47712125471966244
movers,0.47712125471966244
conspiracies,0.47712125471966244
daggers,0.47712125471966244
aggravated,0.30102999566398114
fearlessly,0.47712125471966244
bayonets,0.47712125471966244
scruple,0.30102999566398114
stiletto,0.47712125471966244
lash,0.47712125471966244
parricides,0.30102999566398114
intrigues,0.30102999566398114
contrive,0.30102999566398114
parricide,0.30102999566398114
verdicts,0.47712125471966244
doves,0.47712125471966244
embroidery,0.30102999566398114
nowadays,0.47712125471966244
abeyance,0.47712125471966244
magisterial,0.47712125471966244
badge,0.47712125471966244
cedant,0.47712125471966244
arma,0.47712125471966244
tog,0.47712125471966244
province,0.30102999566398114
incorrigible,0.47712125471966244
abjured,0.47712125471966244
oratory,0.47712125471966244
singularity,0.47712125471966244
reconciling,0.47712125471966244
differences,0.17609125905568124
suspecting,0.47712125471966244
requesting,0.30102999566398114
condescended,0.47712125471966244
favorably,0.47712125471966244
candid,0.47712125471966244
espousing,0.47712125471966244
evince,0.47712125471966244
conspirator,0.47712125471966244
prosper,0.30102999566398114
debtors,0.30102999566398114
cheats,0.47712125471966244
headaches,0.47712125471966244
measles,0.47712125471966244
wasps,0.30102999566398114
epidermis,0.47712125471966244
redounds,0.47712125471966244
sufficed,0.30102999566398114
plea,0.47712125471966244
resemble,0.30102999566398114
disciples,0.17609125905568124
esculapius,0.47712125471966244
club,0.17609125905568124
corroboration,0.47712125471966244
anonymous,0.47712125471966244
scrawl,0.47712125471966244
custody,0.47712125471966244
headsman,0.47712125471966244
linger,0.30102999566398114
pleader,0.47712125471966244
lenity,0.47712125471966244
charges,0.17609125905568124
bony,0.47712125471966244
imprinting,0.47712125471966244
exceeds,0.30102999566398114
sentimentality,0.47712125471966244
inflexibly,0.47712125471966244
judicial,0.47712125471966244
rard,0.47712125471966244
dowry,0.47712125471966244
crowns,0.30102999566398114
million,0.47712125471966244
commissary,0.47712125471966244
desk,0.47712125471966244
trading,0.47712125471966244
marines,0.47712125471966244
des,0.47712125471966244
conseils,0.47712125471966244
estimable,0.47712125471966244
trustworthy,0.30102999566398114
plebeian,0.30102999566398114
bonapartism,0.47712125471966244
disdainfully,0.47712125471966244
coldly,0.30102999566398114
politically,0.47712125471966244
interceding,0.47712125471966244
member,0.17609125905568124
carbonari,0.47712125471966244
employs,0.30102999566398114
collective,0.17609125905568124
impartially,0.30102999566398114
appealed,0.30102999566398114
impunity,0.47712125471966244
adjoined,0.47712125471966244
petrified,0.47712125471966244
antechamber,0.47712125471966244
gendarmes,0.47712125471966244
gendarme,0.47712125471966244
interrogate,0.30102999566398114
maxim,0.30102999566398114
stifled,0.47712125471966244
betrays,0.47712125471966244
voluminous,0.47712125471966244
espionage,0.47712125471966244
philosophic,0.17609125905568124
antithesis,0.30102999566398114
orators,0.47712125471966244
mustered,0.47712125471966244
ingenuous,0.30102999566398114
culprit,0.47712125471966244
striven,0.47712125471966244
internally,0.47712125471966244
decapitator,0.47712125471966244
devolves,0.47712125471966244
disembark,0.47712125471966244
audience,0.30102999566398114
delirious,0.47712125471966244
requests,0.30102999566398114
culpable,0.47712125471966244
joyfully,0.47712125471966244
coq,0.47712125471966244
ron,0.47712125471966244
thunderbolt,0.30102999566398114
timidly,0.47712125471966244
indisposition,0.47712125471966244
moist,0.47712125471966244
successes,0.30102999566398114
corridors,0.47712125471966244
boldest,0.47712125471966244
edifice,0.47712125471966244
numberless,0.17609125905568124
wicket,0.47712125471966244
mallet,0.47712125471966244
inhaled,0.47712125471966244
mephitic,0.47712125471966244
resounded,0.47712125471966244
obscurity,0.30102999566398114
liberate,0.47712125471966244
massy,0.47712125471966244
sabres,0.47712125471966244
carbines,0.47712125471966244
escort,0.47712125471966244
caisserie,0.47712125471966244
laurent,0.47712125471966244
taramis,0.47712125471966244
consigne,0.47712125471966244
guardhouse,0.47712125471966244
pilon,0.47712125471966244
frioul,0.47712125471966244
revelry,0.30102999566398114
te,0.47712125471966244
mort,0.47712125471966244
anse,0.47712125471966244
pharo,0.47712125471966244
battery,0.47712125471966244
handcuff,0.47712125471966244
ratonneau,0.47712125471966244
adjure,0.47712125471966244
loyal,0.30102999566398114
frenchman,0.47712125471966244
treason,0.30102999566398114
irresolutely,0.47712125471966244
stands,0.30102999566398114
fortress,0.30102999566398114
malefactor,0.47712125471966244
governor,0.30102999566398114
squeeze,0.47712125471966244
formality,0.47712125471966244
disobeyed,0.47712125471966244
carbine,0.47712125471966244
pulley,0.47712125471966244
mooring,0.47712125471966244
bayonet,0.47712125471966244
embankment,0.47712125471966244
vaguely,0.47712125471966244
indistinctly,0.47712125471966244
sentinels,0.30102999566398114
impregnated,0.47712125471966244
illumined,0.30102999566398114
jailer,0.47712125471966244
goodnight,0.47712125471966244
genoese,0.47712125471966244
tuscan,0.47712125471966244
castilian,0.47712125471966244
sous,0.47712125471966244
brood,0.47712125471966244
defensive,0.47712125471966244
tier,0.47712125471966244
passively,0.30102999566398114
brutus,0.47712125471966244
remarking,0.30102999566398114
announcement,0.47712125471966244
commissions,0.47712125471966244
indiscretion,0.47712125471966244
funds,0.47712125471966244
broker,0.47712125471966244
pocketbook,0.47712125471966244
demanding,0.30102999566398114
honors,0.47712125471966244
farewells,0.47712125471966244
abruptly,0.47712125471966244
exclude,0.30102999566398114
virgil,0.47712125471966244
unending,0.47712125471966244
immolated,0.47712125471966244
altar,0.30102999566398114
figured,0.47712125471966244
trembles,0.30102999566398114
reopen,0.47712125471966244
agonizing,0.47712125471966244
postilions,0.47712125471966244
loge,0.47712125471966244
influential,0.30102999566398114
circulation,0.47712125471966244
remount,0.47712125471966244
currant,0.47712125471966244
intoxicated,0.30102999566398114
spectres,0.47712125471966244
unsnuffed,0.47712125471966244
hoffmann,0.47712125471966244
strews,0.47712125471966244
fantastic,0.17609125905568124
inkstand,0.47712125471966244
multiplication,0.30102999566398114
subtraction,0.47712125471966244
numeral,0.47712125471966244
aix,0.47712125471966244
trebled,0.30102999566398114
fees,0.30102999566398114
favorite,0.30102999566398114
philippe,0.47712125471966244
walnut,0.47712125471966244
gentlemanly,0.47712125471966244
marginal,0.47712125471966244
gryphius,0.47712125471966244
inaccurate,0.30102999566398114
edition,0.17609125905568124
horace,0.47712125471966244
sagacious,0.47712125471966244
sire,0.47712125471966244
kine,0.47712125471966244
betoken,0.47712125471966244
scarcity,0.47712125471966244
blacas,0.47712125471966244
brewing,0.47712125471966244
wrongly,0.30102999566398114
languedoc,0.47712125471966244
provence,0.47712125471966244
dauphin,0.47712125471966244
trusty,0.30102999566398114
provinces,0.30102999566398114
canimus,0.47712125471966244
surdis,0.47712125471966244
annotations,0.47712125471966244
courtier,0.30102999566398114
quotation,0.47712125471966244
bonaparte,0.47712125471966244
pastor,0.47712125471966244
quum,0.47712125471966244
traheret,0.47712125471966244
commenting,0.47712125471966244
foundation,0.17609125905568124
mala,0.47712125471966244
ducis,0.47712125471966244
avi,0.47712125471966244
domum,0.47712125471966244
annotating,0.47712125471966244
whichever,0.30102999566398114
dandr,0.47712125471966244
baron,0.47712125471966244
flaming,0.47712125471966244
bella,0.47712125471966244
horrida,0.47712125471966244
mortally,0.47712125471966244
miners,0.47712125471966244
longone,0.47712125471966244
scratches,0.47712125471966244
demigod,0.47712125471966244
worries,0.47712125471966244
prurigo,0.47712125471966244
laughs,0.30102999566398114
boisterously,0.47712125471966244
flinging,0.47712125471966244
marengo,0.47712125471966244
austerlitz,0.47712125471966244
indubitable,0.47712125471966244
pebbles,0.47712125471966244
scipio,0.30102999566398114
africanus,0.47712125471966244
truthful,0.47712125471966244
disclosure,0.47712125471966244
conversion,0.17609125905568124
shepherds,0.30102999566398114
converted,0.17609125905568124
gravest,0.30102999566398114
review,0.30102999566398114
veterans,0.30102999566398114
dismissal,0.47712125471966244
exhorted,0.47712125471966244
scholiast,0.47712125471966244
guardianship,0.30102999566398114
urge,0.47712125471966244
confiding,0.30102999566398114
rd,0.30102999566398114
facetiously,0.30102999566398114
desks,0.47712125471966244
denunciations,0.47712125471966244
hosts,0.47712125471966244
predictions,0.47712125471966244
armorial,0.47712125471966244
claws,0.47712125471966244
tenax,0.47712125471966244
molli,0.47712125471966244
fugiens,0.47712125471966244
anhelitu,0.47712125471966244
refers,0.30102999566398114
sportsman,0.47712125471966244
transmits,0.47712125471966244
ardor,0.47712125471966244
recommends,0.30102999566398114
graciously,0.47712125471966244
begs,0.30102999566398114
comprehension,0.30102999566398114
royalism,0.47712125471966244
justum,0.47712125471966244
et,0.30102999566398114
tenacem,0.47712125471966244
propositi,0.47712125471966244
virum,0.47712125471966244
susceptibility,0.47712125471966244
brez,0.47712125471966244
audacity,0.30102999566398114
ceremonies,0.30102999566398114
forgiveness,0.30102999566398114
insignificant,0.47712125471966244
arming,0.47712125471966244
meditates,0.47712125471966244
tuscany,0.47712125471966244
clubs,0.30102999566398114
meetings,0.30102999566398114
jacques,0.47712125471966244
turbulent,0.47712125471966244
oral,0.47712125471966244
postponing,0.47712125471966244
coalition,0.47712125471966244
piombino,0.47712125471966244
territory,0.30102999566398114
forbearance,0.47712125471966244
prefect,0.47712125471966244
humiliate,0.47712125471966244
frowned,0.47712125471966244
antibes,0.47712125471966244
juan,0.47712125471966244
checking,0.47712125471966244
forewarned,0.47712125471966244
sisteron,0.47712125471966244
equivalent,0.30102999566398114
withering,0.47712125471966244
conjoined,0.30102999566398114
armies,0.17609125905568124
overthrew,0.47712125471966244
fruition,0.30102999566398114
shatters,0.47712125471966244
incapacity,0.30102999566398114
ineptitude,0.47712125471966244
quailed,0.47712125471966244
sarcasm,0.47712125471966244
spies,0.30102999566398114
venal,0.47712125471966244
plenitude,0.47712125471966244
unearth,0.47712125471966244
realizing,0.47712125471966244
rescue,0.17609125905568124
suddenness,0.47712125471966244
attribute,0.30102999566398114
perspicacity,0.47712125471966244
forfeiting,0.47712125471966244
engraved,0.47712125471966244
occupies,0.47712125471966244
quesnel,0.47712125471966244
assassination,0.30102999566398114
buttoned,0.47712125471966244
button,0.47712125471966244
rosette,0.47712125471966244
legion,0.47712125471966244
jussienne,0.47712125471966244
assassins,0.47712125471966244
asperity,0.47712125471966244
amply,0.30102999566398114
madrid,0.47712125471966244
tournon,0.47712125471966244
recompensed,0.30102999566398114
deigns,0.47712125471966244
surpasses,0.30102999566398114
detached,0.47712125471966244
carmel,0.47712125471966244
lazare,0.47712125471966244
mistakes,0.30102999566398114
brevet,0.47712125471966244
hackney,0.47712125471966244
anterooms,0.47712125471966244
cane,0.47712125471966244
germain,0.47712125471966244
bedchamber,0.47712125471966244
significant,0.30102999566398114
proscribed,0.47712125471966244
bordeaux,0.47712125471966244
bloodhounds,0.47712125471966244
seine,0.47712125471966244
enforced,0.30102999566398114
dramatic,0.30102999566398114
vigilantly,0.47712125471966244
declares,0.30102999566398114
awaits,0.30102999566398114
sneaking,0.47712125471966244
drown,0.30102999566398114
progressed,0.47712125471966244
reliance,0.47712125471966244
fullest,0.30102999566398114
premises,0.30102999566398114
tracked,0.47712125471966244
grenoble,0.47712125471966244
cannes,0.47712125471966244
postilion,0.47712125471966244
fork,0.47712125471966244
prompts,0.47712125471966244
brim,0.47712125471966244
cravat,0.47712125471966244
lathered,0.47712125471966244
devoid,0.30102999566398114
colored,0.47712125471966244
neckerchief,0.47712125471966244
lieu,0.30102999566398114
brimmed,0.47712125471966244
bamboo,0.47712125471966244
switch,0.47712125471966244
swagger,0.47712125471966244
prophet,0.30102999566398114
prophets,0.30102999566398114
nevers,0.47712125471966244
captured,0.47712125471966244
eagles,0.47712125471966244
hastens,0.47712125471966244
incur,0.30102999566398114
humiliating,0.47712125471966244
grandson,0.47712125471966244
arcola,0.47712125471966244
submissive,0.47712125471966244
inoffensive,0.47712125471966244
hurling,0.30102999566398114
characterized,0.30102999566398114
bussy,0.47712125471966244
unprecedented,0.47712125471966244
counterpart,0.30102999566398114
parry,0.47712125471966244
reconstructed,0.30102999566398114
tottered,0.47712125471966244
forwarded,0.47712125471966244
protected,0.30102999566398114
rekindle,0.47712125471966244
populace,0.47712125471966244
shouts,0.47712125471966244
insults,0.30102999566398114
glacial,0.47712125471966244
recognizing,0.47712125471966244
patronizing,0.47712125471966244
depends,0.30102999566398114
blanch,0.47712125471966244
versed,0.47712125471966244
governors,0.30102999566398114
bourbons,0.47712125471966244
heirs,0.47712125471966244
legitimate,0.30102999566398114
augur,0.47712125471966244
fenestrelles,0.47712125471966244
pignerol,0.47712125471966244
sainte,0.47712125471966244
margu,0.47712125471966244
rite,0.30102999566398114
adherence,0.47712125471966244
liberation,0.47712125471966244
reinstated,0.47712125471966244
expediting,0.47712125471966244
releasing,0.47712125471966244
essential,0.17609125905568124
receives,0.17609125905568124
petitions,0.47712125471966244
countersigned,0.47712125471966244
forestalled,0.47712125471966244
patriotic,0.47712125471966244
exaggerated,0.30102999566398114
compromised,0.47712125471966244
unlikely,0.47712125471966244
compromise,0.30102999566398114
uselessly,0.47712125471966244
remounted,0.47712125471966244
remorseful,0.47712125471966244
toulouse,0.47712125471966244
mediocre,0.47712125471966244
termed,0.30102999566398114
decree,0.47712125471966244
deceiving,0.30102999566398114
abduction,0.47712125471966244
kills,0.30102999566398114
knapsack,0.47712125471966244
debating,0.47712125471966244
enrolled,0.30102999566398114
expenses,0.30102999566398114
aflame,0.47712125471966244
stigmatized,0.47712125471966244
prisons,0.30102999566398114
inaudible,0.47712125471966244
cells,0.30102999566398114
behavior,0.47712125471966244
smilingly,0.47712125471966244
assign,0.30102999566398114
farce,0.47712125471966244
sentenced,0.30102999566398114
turnkey,0.47712125471966244
antoine,0.47712125471966244
philanthropy,0.47712125471966244
conscientiously,0.47712125471966244
escorted,0.47712125471966244
bareheaded,0.47712125471966244
charenton,0.47712125471966244
languish,0.47712125471966244
executioners,0.47712125471966244
captivity,0.47712125471966244
loses,0.17609125905568124
uncertainty,0.17609125905568124
detention,0.47712125471966244
faria,0.47712125471966244
unlock,0.47712125471966244
geometrical,0.30102999566398114
marcellus,0.47712125471966244
slew,0.30102999566398114
spada,0.47712125471966244
florence,0.47712125471966244
machiavelli,0.47712125471966244
borgia,0.47712125471966244
independent,0.17609125905568124
unhealthful,0.47712125471966244
passable,0.47712125471966244
calculation,0.17609125905568124
amounting,0.47712125471966244
dinned,0.47712125471966244
writ,0.47712125471966244
planned,0.47712125471966244
originality,0.30102999566398114
wealthy,0.30102999566398114
caligula,0.47712125471966244
nero,0.47712125471966244
seekers,0.47712125471966244
desirers,0.47712125471966244
scrutinizes,0.47712125471966244
shielded,0.47712125471966244
inviolable,0.30102999566398114
despotic,0.30102999566398114
persecutions,0.47712125471966244
reappear,0.30102999566398114
lacerated,0.47712125471966244
delivers,0.47712125471966244
watchfulness,0.30102999566398114
vigor,0.47712125471966244
reckoning,0.30102999566398114
expired,0.47712125471966244
transferred,0.30102999566398114
alienation,0.30102999566398114
relaxing,0.47712125471966244
supplications,0.47712125471966244
unfortunates,0.47712125471966244
deliverance,0.47712125471966244
darker,0.30102999566398114
disadvantageous,0.47712125471966244
taciturn,0.47712125471966244
vagabonds,0.47712125471966244
galleys,0.47712125471966244
slaves,0.17609125905568124
sapiently,0.47712125471966244
conspire,0.30102999566398114
medley,0.47712125471966244
understands,0.17609125905568124
invokes,0.47712125471966244
trespasses,0.47712125471966244
trespass,0.47712125471966244
rebuild,0.47712125471966244
martin,0.47712125471966244
babylonian,0.47712125471966244
revisiting,0.47712125471966244
reconsidered,0.47712125471966244
ugolino,0.47712125471966244
devours,0.47712125471966244
archbishop,0.47712125471966244
inferno,0.47712125471966244
blasphemies,0.47712125471966244
mene,0.47712125471966244
tekel,0.47712125471966244
upharsin,0.47712125471966244
belshazzar,0.47712125471966244
enmity,0.30102999566398114
persecutors,0.47712125471966244
unconsciousness,0.30102999566398114
broods,0.47712125471966244
azure,0.47712125471966244
unwarily,0.47712125471966244
ensnared,0.47712125471966244
yawning,0.47712125471966244
solace,0.47712125471966244
reviewed,0.30102999566398114
horizons,0.47712125471966244
courted,0.47712125471966244
gulls,0.47712125471966244
ravens,0.30102999566398114
invites,0.30102999566398114
supportable,0.47712125471966244
deliberation,0.47712125471966244
acceptable,0.47712125471966244
mouldy,0.47712125471966244
contending,0.17609125905568124
unforseen,0.47712125471966244
tantalus,0.47712125471966244
abstinence,0.30102999566398114
quickened,0.30102999566398114
diminish,0.30102999566398114
forerun,0.47712125471966244
intensely,0.17609125905568124
complaining,0.30102999566398114
broth,0.47712125471966244
rickety,0.47712125471966244
neighboring,0.47712125471966244
lucidity,0.30102999566398114
devour,0.30102999566398114
sanctioned,0.30102999566398114
mouthfuls,0.47712125471966244
constitution,0.17609125905568124
agility,0.30102999566398114
counted,0.30102999566398114
substituted,0.30102999566398114
lever,0.47712125471966244
chisel,0.30102999566398114
laborer,0.30102999566398114
cement,0.47712125471966244
displace,0.47712125471966244
sharpest,0.47712125471966244
subterranean,0.47712125471966244
grumblingly,0.47712125471966244
advised,0.30102999566398114
displacing,0.47712125471966244
labored,0.47712125471966244
friable,0.47712125471966244
morsels,0.47712125471966244
scraped,0.47712125471966244
mathematician,0.30102999566398114
reproached,0.17609125905568124
hewn,0.47712125471966244
imbedded,0.47712125471966244
socket,0.47712125471966244
inactive,0.47712125471966244
saucepan,0.47712125471966244
spoon,0.47712125471966244
oscillation,0.47712125471966244
extricated,0.47712125471966244
cavity,0.47712125471966244
diameter,0.30102999566398114
labor,0.47712125471966244
untiringly,0.47712125471966244
handfuls,0.47712125471966244
straightened,0.47712125471966244
ration,0.47712125471966244
discouraged,0.47712125471966244
blocked,0.47712125471966244
deadened,0.47712125471966244
sepulchral,0.47712125471966244
restraints,0.47712125471966244
terrifies,0.47712125471966244
conspired,0.30102999566398114
abdicated,0.47712125471966244
fontainebleau,0.47712125471966244
mining,0.47712125471966244
daume,0.47712125471966244
swum,0.47712125471966244
resounding,0.47712125471966244
naught,0.30102999566398114
syllable,0.47712125471966244
jailers,0.47712125471966244
hacked,0.47712125471966244
reassures,0.47712125471966244
plaints,0.47712125471966244
invoke,0.47712125471966244
knocks,0.47712125471966244
blanched,0.47712125471966244
penetrating,0.47712125471966244
eyebrow,0.47712125471966244
furrowed,0.47712125471966244
betokened,0.47712125471966244
numbered,0.30102999566398114
briskness,0.47712125471966244
cordiality,0.47712125471966244
pincers,0.47712125471966244
products,0.17609125905568124
industry,0.17609125905568124
beechwood,0.47712125471966244
bedstead,0.47712125471966244
purposely,0.47712125471966244
ellipsis,0.47712125471966244
perforate,0.47712125471966244
adjoins,0.47712125471966244
cellars,0.47712125471966244
recaptured,0.47712125471966244
divining,0.47712125471966244
ceiling,0.30102999566398114
dextrously,0.47712125471966244
nimbly,0.47712125471966244
patrols,0.47712125471966244
careworn,0.47712125471966244
fenestrelle,0.47712125471966244
piedmont,0.47712125471966244
subservient,0.47712125471966244
colossus,0.47712125471966244
overthrown,0.17609125905568124
reigns,0.30102999566398114
inscrutable,0.47712125471966244
abase,0.47712125471966244
abased,0.47712125471966244
riveted,0.47712125471966244
occupying,0.47712125471966244
destinies,0.30102999566398114
twill,0.47712125471966244
stadtholder,0.47712125471966244
concessions,0.47712125471966244
surveying,0.47712125471966244
transports,0.47712125471966244
principalities,0.30102999566398114
ruler,0.30102999566398114
feigned,0.30102999566398114
clement,0.30102999566398114
visitors,0.47712125471966244
impious,0.30102999566398114
frustrated,0.47712125471966244
loosen,0.47712125471966244
titanic,0.47712125471966244
unyielding,0.47712125471966244
husbanded,0.47712125471966244
outweighed,0.47712125471966244
undermine,0.47712125471966244
resigning,0.47712125471966244
savant,0.47712125471966244
rattonneau,0.47712125471966244
lemaire,0.47712125471966244
pastime,0.47712125471966244
meditation,0.30102999566398114
extends,0.30102999566398114
insure,0.47712125471966244
deficient,0.30102999566398114
abundantly,0.30102999566398114
displeasing,0.47712125471966244
waging,0.30102999566398114
deter,0.47712125471966244
hindered,0.30102999566398114
teaches,0.30102999566398114
loathes,0.47712125471966244
construction,0.30102999566398114
physiological,0.47712125471966244
meditated,0.30102999566398114
vincennes,0.47712125471966244
dubuquoi,0.47712125471966244
ev,0.47712125471966244
que,0.30102999566398114
latude,0.47712125471966244
bastille,0.47712125471966244
recreation,0.30102999566398114
venice,0.47712125471966244
arno,0.47712125471966244
treatise,0.30102999566398114
quarto,0.47712125471966244
parchment,0.47712125471966244
lavoisier,0.47712125471966244
cabanis,0.47712125471966244
summary,0.47712125471966244
recite,0.47712125471966244
thucydides,0.30102999566398114
xenophon,0.30102999566398114
titus,0.47712125471966244
livius,0.47712125471966244
tacitus,0.47712125471966244
strada,0.47712125471966244
jornandes,0.47712125471966244
montaigne,0.47712125471966244
spinoza,0.47712125471966244
bossuet,0.47712125471966244
vocabulary,0.47712125471966244
dictionaries,0.47712125471966244
fluent,0.47712125471966244
imperfection,0.30102999566398114
whitings,0.47712125471966244
maigre,0.47712125471966244
cartilages,0.47712125471966244
labors,0.47712125471966244
retracing,0.47712125471966244
occupant,0.47712125471966244
coating,0.47712125471966244
soot,0.47712125471966244
marvels,0.30102999566398114
specify,0.47712125471966244
ellipse,0.47712125471966244
precise,0.30102999566398114
vary,0.30102999566398114
diamonds,0.30102999566398114
guzerat,0.47712125471966244
golconda,0.47712125471966244
disused,0.47712125471966244
depository,0.47712125471966244
rolls,0.47712125471966244
papyrus,0.47712125471966244
slips,0.47712125471966244
handkerchiefs,0.47712125471966244
printer,0.47712125471966244
publish,0.30102999566398114
painting,0.30102999566398114
nib,0.47712125471966244
correctly,0.30102999566398114
penknife,0.47712125471966244
masterpiece,0.47712125471966244
candlestick,0.47712125471966244
shops,0.47712125471966244
illuminations,0.47712125471966244
flints,0.47712125471966244
sulphur,0.47712125471966244
ravellings,0.47712125471966244
unhemmed,0.47712125471966244
vestments,0.47712125471966244
perforated,0.47712125471966244
renounced,0.30102999566398114
unforeseen,0.47712125471966244
ingenious,0.30102999566398114
imputing,0.47712125471966244
abstraction,0.30102999566398114
overflow,0.47712125471966244
evaporated,0.47712125471966244
follies,0.30102999566398114
compression,0.47712125471966244
gunpowder,0.47712125471966244
illumination,0.47712125471966244
undeserved,0.47712125471966244
profess,0.30102999566398114
levant,0.47712125471966244
meditations,0.47712125471966244
revolts,0.17609125905568124
civilization,0.30102999566398114
axiom,0.47712125471966244
perpetration,0.47712125471966244
evinces,0.47712125471966244
employee,0.47712125471966244
inherits,0.47712125471966244
supernumerary,0.47712125471966244
salary,0.47712125471966244
livres,0.47712125471966244
descartes,0.30102999566398114
spiral,0.47712125471966244
apex,0.47712125471966244
quarelled,0.47712125471966244
challenged,0.47712125471966244
inaccuracies,0.47712125471966244
portfolio,0.47712125471966244
formulated,0.47712125471966244
backhanded,0.47712125471966244
resembles,0.30102999566398114
varies,0.47712125471966244
villany,0.47712125471966244
scrape,0.30102999566398114
criminated,0.47712125471966244
alters,0.47712125471966244
crocodiles,0.47712125471966244
assuring,0.30102999566398114
etruria,0.47712125471966244
sunbeam,0.47712125471966244
commiseration,0.47712125471966244
exacted,0.17609125905568124
supplicating,0.30102999566398114
harmlessly,0.47712125471966244
amusingly,0.47712125471966244
privileges,0.30102999566398114
regaled,0.47712125471966244
instilled,0.47712125471966244
admiring,0.30102999566398114
remarks,0.30102999566398114
corresponded,0.30102999566398114
guides,0.47712125471966244
navigator,0.47712125471966244
latitudes,0.47712125471966244
vistas,0.47712125471966244
glimpses,0.30102999566398114
enabling,0.47712125471966244
justly,0.30102999566398114
uninformed,0.30102999566398114
physics,0.47712125471966244
learners,0.47712125471966244
messiah,0.30102999566398114
mathematical,0.30102999566398114
arithmetical,0.30102999566398114
geometry,0.30102999566398114
romaic,0.47712125471966244
instructive,0.47712125471966244
sadder,0.47712125471966244
harass,0.30102999566398114
deaf,0.30102999566398114
endeavored,0.47712125471966244
resort,0.17609125905568124
accomplishing,0.30102999566398114
tut,0.47712125471966244
genus,0.47712125471966244
gagged,0.47712125471966244
excavated,0.47712125471966244
pulverized,0.47712125471966244
permitting,0.47712125471966244
instruct,0.30102999566398114
trodden,0.47712125471966244
imitative,0.30102999566398114
polish,0.30102999566398114
defer,0.30102999566398114
auspicious,0.47712125471966244
propping,0.47712125471966244
peg,0.47712125471966244
sunken,0.30102999566398114
admits,0.30102999566398114
hollowed,0.47712125471966244
phial,0.47712125471966244
fluid,0.47712125471966244
catalepsy,0.47712125471966244
convulsion,0.47712125471966244
foamed,0.47712125471966244
reed,0.47712125471966244
administered,0.30102999566398114
departing,0.30102999566398114
paralyzed,0.47712125471966244
swimmer,0.47712125471966244
duped,0.47712125471966244
refuses,0.30102999566398114
christ,0.30102999566398114
principled,0.47712125471966244
invalid,0.30102999566398114
inevitably,0.30102999566398114
encouragingly,0.47712125471966244
gothic,0.30102999566398114
inscribed,0.47712125471966244
avoiding,0.47712125471966244
persecute,0.47712125471966244
persist,0.47712125471966244
irritate,0.47712125471966244
wh,0.47712125471966244
alo,0.47712125471966244
unconnected,0.30102999566398114
illegible,0.47712125471966244
instability,0.47712125471966244
mat,0.30102999566398114
remorselessly,0.30102999566398114
benignant,0.47712125471966244
munificence,0.47712125471966244
tutor,0.30102999566398114
nephews,0.47712125471966244
manuscripts,0.30102999566398114
reproaching,0.30102999566398114
searches,0.47712125471966244
deploring,0.47712125471966244
pope,0.30102999566398114
romagna,0.47712125471966244
profitable,0.30102999566398114
impoverished,0.30102999566398114
holiness,0.30102999566398114
cardinals,0.47712125471966244
personages,0.30102999566398114
appointments,0.47712125471966244
giovanni,0.47712125471966244
rospigliosi,0.47712125471966244
dignities,0.30102999566398114
purchasers,0.30102999566398114
coffers,0.47712125471966244
speculators,0.30102999566398114
heaped,0.47712125471966244
conferred,0.47712125471966244
insignia,0.47712125471966244
cardinalate,0.47712125471966244
negligence,0.47712125471966244
indigestion,0.47712125471966244
cogent,0.47712125471966244
vineyard,0.47712125471966244
san,0.47712125471966244
pierdarena,0.47712125471966244
ingratiating,0.47712125471966244
nephew,0.47712125471966244
invitations,0.47712125471966244
civilizing,0.30102999566398114
centurion,0.47712125471966244
legate,0.47712125471966244
latere,0.47712125471966244
comprehending,0.17609125905568124
expressly,0.30102999566398114
butler,0.47712125471966244
mushrooms,0.47712125471966244
heritage,0.47712125471966244
bequeath,0.30102999566398114
breviary,0.47712125471966244
uncles,0.30102999566398114
laboratories,0.47712125471966244
palatine,0.47712125471966244
rapacity,0.47712125471966244
spotted,0.47712125471966244
skirmish,0.47712125471966244
spadas,0.47712125471966244
politician,0.30102999566398114
despoiled,0.30102999566398114
meaningless,0.47712125471966244
diplomatists,0.47712125471966244
churchmen,0.47712125471966244
disproportion,0.30102999566398114
invest,0.47712125471966244
annuity,0.47712125471966244
income,0.17609125905568124
relic,0.30102999566398114
veneration,0.47712125471966244
weighty,0.47712125471966244
contracts,0.30102999566398114
parchments,0.47712125471966244
archives,0.47712125471966244
bundles,0.47712125471966244
servitors,0.47712125471966244
stewards,0.47712125471966244
secretaries,0.47712125471966244
exhaustive,0.47712125471966244
borgias,0.47712125471966244
unpossessed,0.47712125471966244
genie,0.47712125471966244
ransacked,0.47712125471966244
expenditure,0.30102999566398114
bequeathed,0.47712125471966244
anniversary,0.47712125471966244
genealogical,0.47712125471966244
scrupulously,0.47712125471966244
anticipating,0.30102999566398114
adopting,0.30102999566398114
marker,0.47712125471966244
expiring,0.47712125471966244
yellowish,0.47712125471966244
taper,0.47712125471966244
bentivoglio,0.47712125471966244
bu,0.47712125471966244
poss,0.47712125471966244
gems,0.47712125471966244
mil,0.47712125471966244
ro,0.47712125471966244
caprara,0.47712125471966244
guido,0.47712125471966244
ried,0.47712125471966244
essed,0.47712125471966244
ingots,0.47712125471966244
ck,0.47712125471966244
ings,0.47712125471966244
ngle,0.47712125471966244
tire,0.30102999566398114
ar,0.30102999566398114
conjointed,0.47712125471966244
measuring,0.30102999566398114
cavern,0.30102999566398114
partition,0.30102999566398114
possessor,0.30102999566398114
bequeathing,0.47712125471966244
fifteenth,0.47712125471966244
investment,0.47712125471966244
accumulations,0.30102999566398114
perishing,0.30102999566398114
wavered,0.47712125471966244
celibacy,0.30102999566398114
expatiated,0.47712125471966244
pianosa,0.47712125471966244
befell,0.47712125471966244
rebuilt,0.30102999566398114
realization,0.30102999566398114
deems,0.30102999566398114
implanted,0.30102999566398114
philological,0.47712125471966244
ramifications,0.47712125471966244
problematical,0.47712125471966244
terra,0.47712125471966244
firma,0.47712125471966244
evaporate,0.47712125471966244
embellishes,0.47712125471966244
strengthens,0.30102999566398114
deprive,0.17609125905568124
detailed,0.47712125471966244
learns,0.30102999566398114
activities,0.47712125471966244
essayed,0.47712125471966244
exclaiming,0.30102999566398114
restores,0.30102999566398114
gains,0.30102999566398114
chills,0.47712125471966244
chatter,0.47712125471966244
dislocate,0.47712125471966244
pervade,0.47712125471966244
priceless,0.47712125471966244
grants,0.47712125471966244
unrestricted,0.47712125471966244
injected,0.47712125471966244
forsake,0.30102999566398114
succor,0.47712125471966244
flecked,0.47712125471966244
stiffened,0.47712125471966244
administering,0.47712125471966244
pried,0.47712125471966244
galvanic,0.47712125471966244
shriek,0.47712125471966244
immobility,0.47712125471966244
pulsation,0.47712125471966244
glazed,0.47712125471966244
paled,0.47712125471966244
pre,0.30102999566398114
subterraneous,0.47712125471966244
expense,0.30102999566398114
venturing,0.47712125471966244
analyzed,0.30102999566398114
nonchalant,0.47712125471966244
persisting,0.30102999566398114
brazier,0.47712125471966244
crackling,0.47712125471966244
intractable,0.30102999566398114
monomania,0.47712125471966244
prescription,0.47712125471966244
interred,0.47712125471966244
newest,0.30102999566398114
footfall,0.47712125471966244
hy,0.47712125471966244
res,0.47712125471966244
requiem,0.47712125471966244
impiety,0.30102999566398114
pervasive,0.47712125471966244
intimately,0.47712125471966244
nothingness,0.47712125471966244
strangle,0.47712125471966244
reconsider,0.47712125471966244
sewed,0.47712125471966244
mischance,0.47712125471966244
diggers,0.30102999566398114
profiting,0.47712125471966244
misanthropy,0.47712125471966244
adds,0.30102999566398114
mistral,0.47712125471966244
bearers,0.30102999566398114
pavement,0.47712125471966244
digger,0.47712125471966244
curdle,0.47712125471966244
immersion,0.47712125471966244
tempestuous,0.47712125471966244
feat,0.30102999566398114
unanimously,0.47712125471966244
planier,0.47712125471966244
listlessness,0.47712125471966244
sported,0.47712125471966244
relentless,0.47712125471966244
pursuer,0.47712125471966244
clogged,0.47712125471966244
scanned,0.47712125471966244
exhausting,0.47712125471966244
recuperation,0.47712125471966244
cramp,0.47712125471966244
seizes,0.30102999566398114
combustion,0.47712125471966244
chaotic,0.30102999566398114
arid,0.47712125471966244
moorings,0.47712125471966244
rainwater,0.47712125471966244
rive,0.47712125471966244
croiselle,0.47712125471966244
firmament,0.47712125471966244
crests,0.47712125471966244
dominate,0.47712125471966244
lateen,0.47712125471966244
gull,0.47712125471966244
tartan,0.47712125471966244
prow,0.30102999566398114
cleaving,0.47712125471966244
tacking,0.47712125471966244
calaseraigne,0.47712125471966244
neared,0.47712125471966244
tacks,0.47712125471966244
vigorously,0.30102999566398114
flexibility,0.47712125471966244
woollen,0.47712125471966244
gourd,0.47712125471966244
friction,0.30102999566398114
maltese,0.47712125471966244
syracuse,0.47712125471966244
wreckage,0.47712125471966244
brigand,0.47712125471966244
grotto,0.47712125471966244
expires,0.47712125471966244
harbors,0.47712125471966244
hinders,0.47712125471966244
doubtingly,0.47712125471966244
jacopo,0.47712125471966244
hollo,0.47712125471966244
bastion,0.47712125471966244
fastest,0.47712125471966244
stitch,0.47712125471966244
jeune,0.47712125471966244
interpreters,0.47712125471966244
troublesome,0.30102999566398114
indiscreet,0.30102999566398114
facilities,0.30102999566398114
seaports,0.47712125471966244
smuggler,0.47712125471966244
worthies,0.47712125471966244
skilful,0.30102999566398114
plume,0.47712125471966244
salutes,0.30102999566398114
artillery,0.30102999566398114
recruit,0.47712125471966244
pump,0.47712125471966244
extracted,0.47712125471966244
malta,0.47712125471966244
stoutly,0.30102999566398114
demeanor,0.47712125471966244
dissimulation,0.47712125471966244
shrewd,0.30102999566398114
barber,0.47712125471966244
ferdinand,0.47712125471966244
titian,0.47712125471966244
portraits,0.30102999566398114
transformation,0.47712125471966244
anticipates,0.30102999566398114
oval,0.47712125471966244
lengthened,0.47712125471966244
encircled,0.47712125471966244
elegance,0.47712125471966244
muscular,0.30102999566398114
hyena,0.47712125471966244
retaining,0.30102999566398114
metamorphosis,0.47712125471966244
tangled,0.30102999566398114
seabrine,0.47712125471966244
muslins,0.47712125471966244
cottons,0.47712125471966244
excise,0.47712125471966244
gorgone,0.47712125471966244
paoli,0.47712125471966244
morn,0.47712125471966244
aleria,0.47712125471966244
coasted,0.47712125471966244
streamer,0.47712125471966244
culverins,0.47712125471966244
ounce,0.47712125471966244
shallops,0.47712125471966244
acknowledgement,0.47712125471966244
shallop,0.47712125471966244
eighty,0.47712125471966244
sardinia,0.47712125471966244
duchy,0.47712125471966244
lucca,0.47712125471966244
havana,0.47712125471966244
malaga,0.47712125471966244
affray,0.47712125471966244
petrifying,0.47712125471966244
pangloss,0.47712125471966244
herbs,0.30102999566398114
sardinian,0.47712125471966244
indignantly,0.30102999566398114
helmsman,0.47712125471966244
variations,0.30102999566398114
coaster,0.47712125471966244
masonic,0.47712125471966244
piastres,0.47712125471966244
rack,0.30102999566398114
devise,0.30102999566398114
del,0.47712125471966244
oglio,0.47712125471966244
congregate,0.30102999566398114
maritime,0.47712125471966244
bourse,0.47712125471966244
traders,0.17609125905568124
diverging,0.47712125471966244
carpets,0.47712125471966244
stuffs,0.47712125471966244
cashmeres,0.47712125471966244
heathen,0.30102999566398114
olympus,0.47712125471966244
mercury,0.30102999566398114
robbers,0.30102999566398114
jumbled,0.47712125471966244
lingua,0.47712125471966244
franca,0.47712125471966244
enterprises,0.30102999566398114
grottos,0.47712125471966244
emeralds,0.47712125471966244
panels,0.47712125471966244
rubies,0.47712125471966244
stalactites,0.47712125471966244
filter,0.47712125471966244
wonderstruck,0.47712125471966244
receded,0.47712125471966244
labyrinth,0.47712125471966244
ali,0.47712125471966244
baba,0.47712125471966244
genii,0.47712125471966244
bunks,0.47712125471966244
contentedly,0.47712125471966244
illusions,0.17609125905568124
mareciana,0.47712125471966244
shorten,0.47712125471966244
gamester,0.47712125471966244
lucius,0.47712125471966244
silvered,0.47712125471966244
pelion,0.47712125471966244
evoke,0.47712125471966244
unchanging,0.47712125471966244
preoccupation,0.47712125471966244
glimmerings,0.47712125471966244
gayety,0.47712125471966244
fowling,0.47712125471966244
pulciano,0.47712125471966244
marksman,0.47712125471966244
richer,0.30102999566398114
sultans,0.47712125471966244
nabobs,0.47712125471966244
contemptible,0.30102999566398114
compulsion,0.30102999566398114
unerring,0.30102999566398114
limiting,0.47712125471966244
encrusts,0.47712125471966244
substances,0.30102999566398114
mossy,0.47712125471966244
invests,0.30102999566398114
tufts,0.47712125471966244
myrtle,0.30102999566398114
fondest,0.47712125471966244
burying,0.47712125471966244
solidly,0.47712125471966244
retraced,0.30102999566398114
boldness,0.47712125471966244
prone,0.30102999566398114
declivity,0.47712125471966244
savory,0.47712125471966244
tars,0.47712125471966244
ceremonious,0.47712125471966244
fr,0.47712125471966244
jus,0.47712125471966244
infraction,0.47712125471966244
kids,0.47712125471966244
pickaxe,0.47712125471966244
baldi,0.47712125471966244
bruises,0.47712125471966244
gracefully,0.47712125471966244
fowl,0.47712125471966244
myrtles,0.47712125471966244
sesame,0.47712125471966244
meridian,0.47712125471966244
scorching,0.30102999566398114
sensible,0.30102999566398114
grasshoppers,0.47712125471966244
chirped,0.47712125471966244
olive,0.47712125471966244
rustled,0.47712125471966244
lizards,0.47712125471966244
hues,0.47712125471966244
associations,0.17609125905568124
genoa,0.47712125471966244
brigantine,0.47712125471966244
bonifacio,0.47712125471966244
fringe,0.47712125471966244
cautious,0.30102999566398114
adroitly,0.47712125471966244
nymph,0.47712125471966244
clew,0.47712125471966244
dalian,0.47712125471966244
barque,0.47712125471966244
notches,0.47712125471966244
orifice,0.47712125471966244
weeds,0.30102999566398114
cemented,0.47712125471966244
insert,0.30102999566398114
hercules,0.47712125471966244
saltpetre,0.47712125471966244
intrepid,0.30102999566398114
seeker,0.30102999566398114
titans,0.47712125471966244
uprooted,0.47712125471966244
hurl,0.47712125471966244
breaks,0.17609125905568124
plunderer,0.47712125471966244
bandit,0.47712125471966244
alaric,0.47712125471966244
artichoke,0.47712125471966244
replacing,0.47712125471966244
bluish,0.47712125471966244
interstices,0.47712125471966244
tendrils,0.47712125471966244
creepers,0.47712125471966244
habituated,0.30102999566398114
fallacious,0.30102999566398114
masked,0.47712125471966244
perception,0.30102999566398114
consoling,0.47712125471966244
stucco,0.47712125471966244
arabesques,0.47712125471966244
someway,0.47712125471966244
discouragement,0.47712125471966244
feather,0.30102999566398114
casket,0.47712125471966244
resinous,0.47712125471966244
coffer,0.47712125471966244
untarnished,0.47712125471966244
viz,0.17609125905568124
successively,0.30102999566398114
padlocks,0.47712125471966244
commonest,0.47712125471966244
padlock,0.47712125471966244
vertigo,0.47712125471966244
compartments,0.47712125471966244
unpolished,0.47712125471966244
transient,0.30102999566398114
effigies,0.47712125471966244
predecessors,0.30102999566398114
complement,0.30102999566398114
intrinsic,0.47712125471966244
surveyed,0.47712125471966244
heaping,0.47712125471966244
crumbling,0.47712125471966244
watering,0.30102999566398114
plantations,0.47712125471966244
cravings,0.47712125471966244
handling,0.47712125471966244
fared,0.47712125471966244
toulon,0.47712125471966244
evade,0.47712125471966244
regrets,0.30102999566398114
faintest,0.47712125471966244
enumeration,0.47712125471966244
jew,0.47712125471966244
per,0.47712125471966244
cent,0.47712125471966244
accompanying,0.30102999566398114
donation,0.47712125471966244
requisites,0.47712125471966244
outfit,0.47712125471966244
legacy,0.47712125471966244
importune,0.47712125471966244
adieus,0.47712125471966244
gratuity,0.47712125471966244
yacht,0.47712125471966244
excelled,0.47712125471966244
builders,0.30102999566398114
capability,0.47712125471966244
parlor,0.47712125471966244
shipbuilder,0.47712125471966244
providing,0.30102999566398114
divisions,0.17609125905568124
furnishing,0.47712125471966244
afterward,0.47712125471966244
shipbuilding,0.47712125471966244
bets,0.47712125471966244
uvring,0.47712125471966244
horseman,0.30102999566398114
conversant,0.47712125471966244
augment,0.47712125471966244
signified,0.30102999566398114
navigating,0.47712125471966244
divulging,0.47712125471966244
recognition,0.17609125905568124
deputed,0.47712125471966244
passport,0.47712125471966244
debarkation,0.47712125471966244
testing,0.30102999566398114
propounded,0.47712125471966244
rewarding,0.47712125471966244
receding,0.47712125471966244
nabob,0.47712125471966244
pregnant,0.30102999566398114
remembrances,0.47712125471966244
vehicles,0.30102999566398114
oft,0.30102999566398114
concierge,0.47712125471966244
inducing,0.47712125471966244
tenants,0.47712125471966244
antiquated,0.30102999566398114
occupants,0.47712125471966244
immovable,0.30102999566398114
sacredness,0.30102999566398114
bellegarde,0.47712125471966244
beaucaire,0.47712125471966244
wilmore,0.47712125471966244
notary,0.47712125471966244
augmentation,0.30102999566398114
neighborhood,0.30102999566398114
climax,0.47712125471966244
seines,0.47712125471966244
recipients,0.47712125471966244
munificent,0.47712125471966244
midway,0.30102999566398114
representation,0.30102999566398114
rh,0.47712125471966244
dingy,0.47712125471966244
olives,0.30102999566398114
stunted,0.47712125471966244
fig,0.47712125471966244
tomatoes,0.47712125471966244
eschalots,0.47712125471966244
unattractive,0.30102999566398114
flexible,0.47712125471966244
sub,0.47712125471966244
durance,0.30102999566398114
stalks,0.30102999566398114
wheat,0.30102999566398114
agriculturists,0.47712125471966244
practicable,0.30102999566398114
stalk,0.47712125471966244
grasshopper,0.47712125471966244
passers,0.30102999566398114
egyptian,0.17609125905568124
strident,0.47712125471966244
chambermaid,0.47712125471966244
trinette,0.47712125471966244
hostler,0.47712125471966244
pecaud,0.47712125471966244
canal,0.47712125471966244
aiguemortes,0.47712125471966244
revolutionized,0.30102999566398114
substituting,0.47712125471966244
innkeeper,0.47712125471966244
depleted,0.47712125471966244
hooked,0.30102999566398114
carnivorous,0.30102999566398114
stationing,0.47712125471966244
meridional,0.47712125471966244
muleteers,0.47712125471966244
gaspard,0.47712125471966244
madeleine,0.47712125471966244
radelle,0.47712125471966244
arles,0.47712125471966244
proverbial,0.30102999566398114
devastating,0.47712125471966244
ponds,0.47712125471966244
camargue,0.47712125471966244
murmurs,0.47712125471966244
helpmate,0.47712125471966244
invectives,0.47712125471966244
unvarying,0.30102999566398114
carconte,0.47712125471966244
sobriquet,0.47712125471966244
lambesc,0.47712125471966244
styling,0.47712125471966244
distinctive,0.17609125905568124
appellation,0.47712125471966244
euphonious,0.47712125471966244
guttural,0.47712125471966244
writhe,0.47712125471966244
peevish,0.47712125471966244
addicted,0.47712125471966244
andalusians,0.47712125471966244
arabia,0.47712125471966244
necklaces,0.30102999566398114
scarves,0.47712125471966244
bodices,0.47712125471966244
vests,0.47712125471966244
elegantly,0.47712125471966244
gaiters,0.47712125471966244
buckles,0.47712125471966244
pristine,0.47712125471966244
splendor,0.47712125471966244
participation,0.30102999566398114
pomps,0.47712125471966244
vanities,0.30102999566398114
revellers,0.47712125471966244
hostelry,0.47712125471966244
industriously,0.47712125471966244
palate,0.47712125471966244
bordered,0.47712125471966244
uninviting,0.30102999566398114
sahara,0.47712125471966244
ambled,0.47712125471966244
dismounting,0.47712125471966244
steed,0.47712125471966244
bridle,0.30102999566398114
availing,0.47712125471966244
shod,0.30102999566398114
snarling,0.47712125471966244
footstep,0.47712125471966244
margotin,0.47712125471966244
bites,0.47712125471966244
pardons,0.47712125471966244
worded,0.47712125471966244
surname,0.47712125471966244
cahors,0.47712125471966244
animosity,0.47712125471966244
refreshments,0.30102999566398114
skinny,0.47712125471966244
furnishings,0.47712125471966244
questioner,0.47712125471966244
dilate,0.30102999566398114
felons,0.47712125471966244
brimstone,0.47712125471966244
envied,0.47712125471966244
scrutinizing,0.47712125471966244
administer,0.30102999566398114
consolations,0.47712125471966244
thirtieth,0.47712125471966244
crucified,0.30102999566398114
redeemer,0.47712125471966244
estimated,0.30102999566398114
location,0.47712125471966244
shagreen,0.47712125471966244
workmanship,0.30102999566398114
executor,0.47712125471966244
unfeignedly,0.47712125471966244
bequest,0.47712125471966244
ejaculated,0.47712125471966244
gastro,0.47712125471966244
enteritis,0.47712125471966244
vilest,0.30102999566398114
houseless,0.47712125471966244
pitying,0.30102999566398114
christians,0.30102999566398114
foregoing,0.47712125471966244
candidly,0.47712125471966244
wretches,0.30102999566398114
afflictions,0.47712125471966244
instrumentality,0.47712125471966244
irritated,0.30102999566398114
covets,0.47712125471966244
malediction,0.47712125471966244
imbecile,0.30102999566398114
traitors,0.47712125471966244
chimed,0.47712125471966244
scruples,0.47712125471966244
dispose,0.47712125471966244
sacrilegious,0.47712125471966244
cassock,0.47712125471966244
flooring,0.47712125471966244
testator,0.47712125471966244
cupidity,0.47712125471966244
stealthily,0.47712125471966244
narrator,0.30102999566398114
enacting,0.30102999566398114
tips,0.47712125471966244
cabaret,0.47712125471966244
canter,0.47712125471966244
jesuits,0.47712125471966244
risks,0.30102999566398114
inflammation,0.47712125471966244
bowels,0.47712125471966244
resisted,0.30102999566398114
delinquent,0.47712125471966244
twas,0.47712125471966244
overshot,0.47712125471966244
accomplice,0.47712125471966244
preys,0.47712125471966244
expiating,0.47712125471966244
pardoned,0.30102999566398114
pensively,0.47712125471966244
interceded,0.47712125471966244
mantelpiece,0.47712125471966244
dishonor,0.47712125471966244
bankruptcy,0.47712125471966244
cochineal,0.47712125471966244
indigo,0.47712125471966244
wed,0.47712125471966244
augments,0.47712125471966244
recompenses,0.30102999566398114
destitution,0.47712125471966244
instigator,0.47712125471966244
cashier,0.47712125471966244
commissariat,0.47712125471966244
speculated,0.47712125471966244
quadrupled,0.47712125471966244
widower,0.47712125471966244
nargonne,0.47712125471966244
servieux,0.47712125471966244
millionaire,0.47712125471966244
stables,0.47712125471966244
footmen,0.47712125471966244
strongbox,0.47712125471966244
fisher,0.47712125471966244
staggers,0.47712125471966244
drafted,0.47712125471966244
levy,0.47712125471966244
ligny,0.47712125471966244
martialed,0.47712125471966244
epaulet,0.47712125471966244
spaniard,0.47712125471966244
pledges,0.47712125471966244
trocadero,0.47712125471966244
colonel,0.47712125471966244
athens,0.30102999566398114
volunteer,0.47712125471966244
morcerf,0.47712125471966244
pasha,0.47712125471966244
gazetted,0.47712125471966244
owns,0.47712125471966244
helder,0.47712125471966244
propitiate,0.30102999566398114
infidelity,0.47712125471966244
frailty,0.47712125471966244
bridegrooms,0.30102999566398114
perpignan,0.47712125471966244
albert,0.47712125471966244
loveliest,0.30102999566398114
waxing,0.30102999566398114
countess,0.47712125471966244
chambre,0.47712125471966244
reposes,0.47712125471966244
remembers,0.30102999566398114
runners,0.30102999566398114
shelf,0.47712125471966244
testament,0.30102999566398114
blockhead,0.47712125471966244
jewellers,0.47712125471966244
nankeen,0.47712125471966244
thomson,0.47712125471966244
thereabouts,0.47712125471966244
loaned,0.47712125471966244
securities,0.30102999566398114
bankruptcies,0.47712125471966244
creditor,0.47712125471966244
finances,0.47712125471966244
scrupulous,0.47712125471966244
punctuality,0.47712125471966244
boville,0.47712125471966244
nouailles,0.47712125471966244
accosted,0.47712125471966244
payable,0.47712125471966244
payments,0.47712125471966244
punctually,0.47712125471966244
suspension,0.47712125471966244
inspires,0.30102999566398114
discount,0.47712125471966244
assignment,0.47712125471966244
brokerage,0.47712125471966244
departures,0.47712125471966244
emissaries,0.47712125471966244
survivor,0.47712125471966244
accelerating,0.47712125471966244
disembarrassed,0.47712125471966244
humor,0.47712125471966244
inherit,0.47712125471966244
attested,0.47712125471966244
certificates,0.47712125471966244
indisputable,0.47712125471966244
inveterate,0.30102999566398114
drapeau,0.47712125471966244
postmark,0.47712125471966244
therein,0.30102999566398114
cash,0.30102999566398114
permeates,0.30102999566398114
clerks,0.47712125471966244
echoing,0.47712125471966244
porters,0.47712125471966244
cocles,0.47712125471966244
nickname,0.30102999566398114
hive,0.30102999566398114
arithmetic,0.30102999566398114
exactitude,0.47712125471966244
overbalance,0.47712125471966244
cashiers,0.47712125471966244
eulogium,0.47712125471966244
bruited,0.47712125471966244
calcutta,0.47712125471966244
emmanuel,0.47712125471966244
julie,0.47712125471966244
liabilities,0.47712125471966244
fiftieth,0.47712125471966244
furrows,0.47712125471966244
bills,0.47712125471966244
holders,0.47712125471966244
turner,0.30102999566398114
probity,0.47712125471966244
dishonored,0.47712125471966244
straightforward,0.47712125471966244
habituate,0.47712125471966244
suspend,0.47712125471966244
correspondents,0.47712125471966244
adheres,0.47712125471966244
belvedere,0.47712125471966244
gironde,0.47712125471966244
tremblingly,0.47712125471966244
strikest,0.47712125471966244
penelon,0.47712125471966244
bronzed,0.47712125471966244
twirling,0.47712125471966244
palma,0.47712125471966244
juice,0.47712125471966244
boyador,0.47712125471966244
gaumard,0.47712125471966244
studding,0.47712125471966244
squall,0.47712125471966244
montredon,0.47712125471966244
luckily,0.47712125471966244
reefs,0.47712125471966244
bowlin,0.47712125471966244
tackles,0.47712125471966244
furled,0.47712125471966244
sonorous,0.47712125471966244
criticized,0.47712125471966244
uvres,0.47712125471966244
pitching,0.30102999566398114
pumps,0.47712125471966244
pumped,0.47712125471966244
signals,0.47712125471966244
scud,0.47712125471966244
spectator,0.30102999566398114
unmerited,0.47712125471966244
creditors,0.47712125471966244
phlegm,0.30102999566398114
rouleau,0.47712125471966244
extension,0.17609125905568124
engagements,0.47712125471966244
solvent,0.47712125471966244
cancelled,0.47712125471966244
obligations,0.47712125471966244
negotiate,0.47712125471966244
bashfulness,0.47712125471966244
mailcoach,0.47712125471966244
drafts,0.47712125471966244
humiliation,0.47712125471966244
mes,0.47712125471966244
impended,0.47712125471966244
polytechnic,0.47712125471966244
observance,0.30102999566398114
stoic,0.30102999566398114
epithet,0.30102999566398114
ledgers,0.47712125471966244
receivable,0.47712125471966244
semaphore,0.47712125471966244
mindful,0.47712125471966244
encircle,0.47712125471966244
netted,0.47712125471966244
peruse,0.47712125471966244
mus,0.47712125471966244
bankrupt,0.47712125471966244
anteroom,0.47712125471966244
washes,0.30102999566398114
epaulets,0.47712125471966244
courageously,0.30102999566398114
fructify,0.47712125471966244
secretaire,0.47712125471966244
redoubt,0.47712125471966244
preferable,0.30102999566398114
revelations,0.30102999566398114
illogical,0.47712125471966244
plausible,0.47712125471966244
hazel,0.47712125471966244
clued,0.47712125471966244
corroborate,0.47712125471966244
witnessing,0.47712125471966244
cordially,0.47712125471966244
expand,0.30102999566398114
viscount,0.47712125471966244
franz,0.47712125471966244
pinay,0.47712125471966244
cicerone,0.47712125471966244
inconsiderable,0.47712125471966244
piazza,0.47712125471966244
popolo,0.47712125471966244
campo,0.47712125471966244
vaccino,0.47712125471966244
signor,0.47712125471966244
pastrini,0.47712125471966244
tel,0.47712125471966244
londres,0.47712125471966244
di,0.47712125471966244
spagna,0.47712125471966244
diem,0.47712125471966244
cascine,0.47712125471966244
florentine,0.47712125471966244
sailboat,0.47712125471966244
disembarked,0.47712125471966244
marciana,0.47712125471966244
abounded,0.47712125471966244
excellency,0.47712125471966244
browsing,0.47712125471966244
quarantine,0.47712125471966244
chorused,0.47712125471966244
gaetano,0.47712125471966244
algiers,0.47712125471966244
regency,0.47712125471966244
romances,0.47712125471966244
marryat,0.47712125471966244
exterminated,0.47712125471966244
leo,0.47712125471966244
charg,0.47712125471966244
affaires,0.47712125471966244
velletri,0.47712125471966244
bastia,0.47712125471966244
foundered,0.47712125471966244
plunder,0.30102999566398114
chopped,0.47712125471966244
rushes,0.30102999566398114
spouting,0.47712125471966244
spins,0.47712125471966244
reaches,0.30102999566398114
strategy,0.47712125471966244
sicily,0.30102999566398114
calabria,0.47712125471966244
adamastor,0.47712125471966244
intercepting,0.47712125471966244
voyagers,0.47712125471966244
lynx,0.47712125471966244
meteor,0.47712125471966244
indicates,0.30102999566398114
vest,0.47712125471966244
noiselessly,0.47712125471966244
luminous,0.30102999566398114
carbineers,0.47712125471966244
costs,0.47712125471966244
impenetrably,0.47712125471966244
freemasons,0.47712125471966244
nestor,0.47712125471966244
ulysses,0.47712125471966244
exhort,0.47712125471966244
roasting,0.47712125471966244
incognito,0.47712125471966244
transmitted,0.47712125471966244
disembarkment,0.47712125471966244
mutually,0.47712125471966244
accommodi,0.47712125471966244
untranslatable,0.47712125471966244
moli,0.47712125471966244
bourgeois,0.30102999566398114
dandy,0.47712125471966244
moored,0.47712125471966244
bivouac,0.47712125471966244
esplanade,0.47712125471966244
cinders,0.47712125471966244
tempts,0.47712125471966244
diplomat,0.47712125471966244
inhaling,0.47712125471966244
blindfolded,0.47712125471966244
pitti,0.47712125471966244
reseating,0.47712125471966244
cama,0.47712125471966244
vowing,0.47712125471966244
plundering,0.47712125471966244
plucking,0.30102999566398114
appetizing,0.47712125471966244
odor,0.47712125471966244
perfumed,0.47712125471966244
tunisian,0.47712125471966244
tassel,0.47712125471966244
pantaloons,0.47712125471966244
cashmere,0.47712125471966244
cangiar,0.47712125471966244
pertain,0.47712125471966244
entombed,0.47712125471966244
brocade,0.47712125471966244
divan,0.47712125471966244
scabbards,0.47712125471966244
venetian,0.47712125471966244
instep,0.47712125471966244
tapestry,0.47712125471966244
apologies,0.30102999566398114
raoul,0.47712125471966244
huguenots,0.47712125471966244
lucullus,0.47712125471966244
hermitage,0.47712125471966244
nubian,0.47712125471966244
ebony,0.47712125471966244
tunic,0.47712125471966244
aladdin,0.47712125471966244
amphitryon,0.47712125471966244
bas,0.47712125471966244
reliefs,0.30102999566398114
oblong,0.30102999566398114
statues,0.30102999566398114
baskets,0.47712125471966244
pomegranates,0.47712125471966244
oranges,0.47712125471966244
balearic,0.47712125471966244
isles,0.47712125471966244
peaches,0.47712125471966244
tunis,0.47712125471966244
pheasant,0.47712125471966244
garnished,0.30102999566398114
blackbirds,0.47712125471966244
boar,0.47712125471966244
jelly,0.47712125471966244
tartar,0.47712125471966244
turbot,0.47712125471966244
lobster,0.47712125471966244
dainties,0.30102999566398114
bey,0.47712125471966244
barreled,0.47712125471966244
yataghan,0.47712125471966244
ferocity,0.30102999566398114
inquiringly,0.47712125471966244
delivering,0.30102999566398114
dispensing,0.30102999566398114
appert,0.47712125471966244
dessert,0.30102999566398114
paste,0.47712125471966244
vase,0.47712125471966244
ambrosia,0.47712125471966244
hebe,0.47712125471966244
composition,0.30102999566398114
substantials,0.47712125471966244
realms,0.30102999566398114
greatnesses,0.47712125471966244
lauded,0.47712125471966244
teaspoonful,0.47712125471966244
sweetmeat,0.47712125471966244
auguste,0.47712125471966244
hassen,0.47712125471966244
sabah,0.47712125471966244
pavilions,0.47712125471966244
marco,0.47712125471966244
polo,0.47712125471966244
virgins,0.47712125471966244
enthralling,0.47712125471966244
transition,0.30102999566398114
hashish,0.47712125471966244
unadulterated,0.30102999566398114
abou,0.47712125471966244
gor,0.47712125471966244
exaggeration,0.30102999566398114
eulogies,0.47712125471966244
visionary,0.30102999566398114
neapolitan,0.47712125471966244
lapland,0.47712125471966244
palatable,0.47712125471966244
sublimity,0.30102999566398114
flavors,0.47712125471966244
truffles,0.47712125471966244
sundry,0.30102999566398114
pheasants,0.47712125471966244
assaf,0.47712125471966244
tida,0.47712125471966244
chinese,0.30102999566398114
swallows,0.30102999566398114
nests,0.30102999566398114
distasteful,0.47712125471966244
downy,0.47712125471966244
maned,0.47712125471966244
bengal,0.47712125471966244
siberia,0.47712125471966244
chibouques,0.47712125471966244
jasmine,0.47712125471966244
tubes,0.47712125471966244
amber,0.47712125471966244
mouthpieces,0.47712125471966244
smoker,0.47712125471966244
orientals,0.47712125471966244
cairo,0.47712125471966244
bagdad,0.47712125471966244
ispahan,0.47712125471966244
unfurl,0.47712125471966244
icarus,0.47712125471966244
lightness,0.47712125471966244
redouble,0.47712125471966244
spangles,0.47712125471966244
perfumes,0.30102999566398114
oasis,0.47712125471966244
loreley,0.47712125471966244
amphion,0.47712125471966244
enchanter,0.30102999566398114
strains,0.30102999566398114
melody,0.30102999566398114
circe,0.47712125471966244
attraction,0.30102999566398114
poesy,0.30102999566398114
phryne,0.47712125471966244
cleopatra,0.47712125471966244
messalina,0.47712125471966244
courtesans,0.30102999566398114
chaste,0.47712125471966244
wantons,0.47712125471966244
reposing,0.47712125471966244
tunics,0.47712125471966244
assuming,0.30102999566398114
attitudes,0.47712125471966244
withstood,0.47712125471966244
lava,0.47712125471966244
embraces,0.30102999566398114
taxed,0.47712125471966244
goddesses,0.30102999566398114
bournous,0.47712125471966244
heather,0.47712125471966244
odoriferous,0.47712125471966244
fanlight,0.47712125471966244
lace,0.47712125471966244
specially,0.17609125905568124
illusiveness,0.47712125471966244
accosting,0.47712125471966244
compliments,0.47712125471966244
royally,0.47712125471966244
exterior,0.30102999566398114
fissure,0.47712125471966244
vecchio,0.47712125471966244
involve,0.30102999566398114
practices,0.30102999566398114
inducement,0.30102999566398114
detecting,0.47712125471966244
douane,0.47712125471966244
thronged,0.47712125471966244
precedes,0.30102999566398114
corpus,0.47712125471966244
christi,0.47712125471966244
mob,0.30102999566398114
impertinence,0.47712125471966244
coachmen,0.47712125471966244
innkeepers,0.47712125471966244
scolding,0.30102999566398114
waiters,0.47712125471966244
pounce,0.47712125471966244
inappreciable,0.47712125471966244
sicilian,0.30102999566398114
aaron,0.47712125471966244
lire,0.47712125471966244
extras,0.47712125471966244
tuesday,0.47712125471966244
doria,0.47712125471966244
stupefaction,0.47712125471966244
gondolas,0.47712125471966244
stilts,0.47712125471966244
pulchinellos,0.47712125471966244
landes,0.47712125471966244
excellencies,0.47712125471966244
parbleu,0.47712125471966244
prices,0.30102999566398114
affettatore,0.47712125471966244
speculator,0.47712125471966244
confesses,0.47712125471966244
hack,0.47712125471966244
laudation,0.47712125471966244
porta,0.47712125471966244
skirt,0.47712125471966244
dulled,0.47712125471966244
capitol,0.47712125471966244
forum,0.47712125471966244
septimus,0.47712125471966244
severus,0.47712125471966244
antoninus,0.47712125471966244
faustina,0.47712125471966244
sacra,0.47712125471966244
piqued,0.47712125471966244
emitting,0.47712125471966244
hind,0.47712125471966244
blockheads,0.47712125471966244
boulevard,0.47712125471966244
gand,0.47712125471966244
caf,0.47712125471966244
aforesaid,0.30102999566398114
restaurant,0.47712125471966244
musing,0.47712125471966244
il,0.47712125471966244
colosseo,0.47712125471966244
decesaris,0.47712125471966244
gasparones,0.47712125471966244
forewarn,0.47712125471966244
liar,0.47712125471966244
veracity,0.47712125471966244
prophetess,0.47712125471966244
credence,0.47712125471966244
mastrilla,0.47712125471966244
assertions,0.47712125471966244
blunderbusses,0.47712125471966244
curtius,0.47712125471966244
horatius,0.47712125471966244
preservers,0.47712125471966244
armory,0.47712125471966244
terracina,0.47712125471966244
aquapendente,0.47712125471966244
tamely,0.47712125471966244
aqueduct,0.47712125471966244
corneille,0.47712125471966244
lacryma,0.47712125471966244
sbogar,0.47712125471966244
lara,0.47712125471966244
ferentino,0.47712125471966244
alatri,0.47712125471966244
ransom,0.30102999566398114
fob,0.47712125471966244
br,0.47712125471966244
guet,0.47712125471966244
parisian,0.47712125471966244
coronet,0.47712125471966244
preacher,0.47712125471966244
comparison,0.30102999566398114
felice,0.47712125471966244
palestrina,0.47712125471966244
gabri,0.47712125471966244
pampinara,0.47712125471966244
wool,0.17609125905568124
precocity,0.47712125471966244
graze,0.47712125471966244
wayside,0.47712125471966244
alphabets,0.47712125471966244
middling,0.47712125471966244
stylus,0.47712125471966244
armful,0.47712125471966244
domestics,0.47712125471966244
pencils,0.47712125471966244
giotto,0.47712125471966244
carve,0.47712125471966244
pinelli,0.47712125471966244
sculptor,0.30102999566398114
valmontone,0.47712125471966244
teresa,0.47712125471966244
flocks,0.30102999566398114
cervetri,0.47712125471966244
farms,0.47712125471966244
alternating,0.30102999566398114
capricious,0.47712125471966244
bended,0.47712125471966244
coquettish,0.47712125471966244
steward,0.30102999566398114
carvings,0.47712125471966244
expended,0.47712125471966244
hairpins,0.47712125471966244
superbly,0.47712125471966244
liveried,0.47712125471966244
sabine,0.47712125471966244
brescia,0.47712125471966244
perfecting,0.30102999566398114
marauding,0.47712125471966244
soared,0.47712125471966244
expert,0.30102999566398114
exploits,0.17609125905568124
abilities,0.47712125471966244
admirers,0.30102999566398114
adroit,0.47712125471966244
contadino,0.47712125471966244
sabines,0.47712125471966244
intermingled,0.47712125471966244
perfume,0.47712125471966244
lepini,0.47712125471966244
extirpated,0.47712125471966244
cucumetto,0.47712125471966244
abruzzo,0.47712125471966244
garigliano,0.47712125471966244
manfred,0.47712125471966244
amasine,0.47712125471966244
sonnino,0.47712125471966244
juperno,0.47712125471966244
gasparone,0.47712125471966244
surpass,0.47712125471966244
frascati,0.47712125471966244
traits,0.30102999566398114
ferocious,0.47712125471966244
surveyor,0.47712125471966244
frosinone,0.47712125471966244
relieves,0.47712125471966244
carlini,0.47712125471966244
dragoon,0.47712125471966244
lascivious,0.47712125471966244
rita,0.47712125471966244
messengers,0.30102999566398114
civilized,0.30102999566398114
supping,0.47712125471966244
contributions,0.47712125471966244
orvietto,0.47712125471966244
lasciviousness,0.47712125471966244
mattered,0.47712125471966244
diavolaccio,0.47712125471966244
cloaks,0.47712125471966244
grouped,0.30102999566398114
violated,0.47712125471966244
withdrawing,0.30102999566398114
pickaxes,0.47712125471966244
encampment,0.47712125471966244
fondi,0.47712125471966244
perusia,0.47712125471966244
narratives,0.30102999566398114
orphans,0.47712125471966244
firearms,0.47712125471966244
innate,0.30102999566398114
brigadier,0.47712125471966244
scoured,0.47712125471966244
parley,0.30102999566398114
steadfast,0.30102999566398114
gowns,0.47712125471966244
jewellery,0.47712125471966244
carmela,0.47712125471966244
gayest,0.47712125471966244
festa,0.47712125471966244
terraces,0.47712125471966244
quadrilles,0.47712125471966244
pins,0.47712125471966244
bodice,0.47712125471966244
muslin,0.47712125471966244
corset,0.47712125471966244
nettuno,0.47712125471966244
riccia,0.47712125471966244
albano,0.47712125471966244
castellana,0.47712125471966244
sora,0.47712125471966244
quadrille,0.47712125471966244
elegant,0.47712125471966244
girdles,0.47712125471966244
gnawed,0.47712125471966244
unwittingly,0.47712125471966244
scabbard,0.47712125471966244
ambitions,0.47712125471966244
graces,0.30102999566398114
elegancies,0.47712125471966244
objecting,0.47712125471966244
cavaliers,0.47712125471966244
uninjured,0.47712125471966244
steadfastly,0.47712125471966244
necklace,0.30102999566398114
tivoli,0.47712125471966244
mountaineer,0.47712125471966244
herdsman,0.47712125471966244
servility,0.30102999566398114
poniard,0.47712125471966244
piastre,0.47712125471966244
macedon,0.47712125471966244
haughtily,0.47712125471966244
cocking,0.47712125471966244
nessus,0.47712125471966244
deianira,0.47712125471966244
overtaking,0.47712125471966244
ravisher,0.47712125471966244
unscathed,0.30102999566398114
enamoured,0.30102999566398114
shepherdess,0.47712125471966244
florian,0.47712125471966244
garnet,0.47712125471966244
cartridge,0.47712125471966244
garters,0.47712125471966244
deerskin,0.47712125471966244
opold,0.47712125471966244
schnetz,0.47712125471966244
shadowed,0.47712125471966244
tufted,0.47712125471966244
umbrage,0.47712125471966244
avernus,0.47712125471966244
rend,0.47712125471966244
rocca,0.47712125471966244
bianca,0.47712125471966244
imitated,0.30102999566398114
croak,0.47712125471966244
remus,0.47712125471966244
alba,0.47712125471966244
ferrusino,0.47712125471966244
anagni,0.47712125471966244
deceased,0.47712125471966244
myth,0.30102999566398114
exercises,0.30102999566398114
tiber,0.47712125471966244
giannutri,0.47712125471966244
reappears,0.30102999566398114
sixtieth,0.47712125471966244
forthcoming,0.47712125471966244
settles,0.47712125471966244
morbleu,0.47712125471966244
mitigate,0.30102999566398114
sistina,0.47712125471966244
santa,0.47712125471966244
maria,0.47712125471966244
maggiore,0.47712125471966244
urbana,0.47712125471966244
pietro,0.47712125471966244
vincoli,0.47712125471966244
itinerary,0.47712125471966244
amicably,0.47712125471966244
deviated,0.47712125471966244
philanthropic,0.47712125471966244
ostia,0.47712125471966244
ga,0.47712125471966244
ta,0.47712125471966244
entertainer,0.30102999566398114
palermo,0.47712125471966244
thereby,0.17609125905568124
meta,0.47712125471966244
sudans,0.47712125471966244
abundant,0.47712125471966244
martial,0.30102999566398114
eulogizes,0.47712125471966244
memphis,0.47712125471966244
babylon,0.47712125471966244
sars,0.47712125471966244
incomparable,0.47712125471966244
ciceronian,0.47712125471966244
blindly,0.30102999566398114
confidingly,0.47712125471966244
excursions,0.47712125471966244
flavius,0.47712125471966244
vespasian,0.47712125471966244
glib,0.47712125471966244
loquacity,0.47712125471966244
clime,0.30102999566398114
reflective,0.47712125471966244
porticoes,0.47712125471966244
abandoning,0.47712125471966244
prescriptive,0.47712125471966244
gladiators,0.47712125471966244
podium,0.47712125471966244
jargon,0.47712125471966244
vomitorium,0.47712125471966244
vestal,0.47712125471966244
ignes,0.47712125471966244
fatui,0.47712125471966244
emerging,0.47712125471966244
gabble,0.47712125471966244
fibrous,0.47712125471966244
shoots,0.47712125471966244
refulgent,0.47712125471966244
cased,0.47712125471966244
fashionably,0.47712125471966244
transtevere,0.47712125471966244
lateran,0.47712125471966244
angelo,0.47712125471966244
beppo,0.47712125471966244
provident,0.47712125471966244
entrapped,0.47712125471966244
nibbling,0.47712125471966244
gnaw,0.47712125471966244
meshes,0.47712125471966244
executions,0.47712125471966244
festivals,0.30102999566398114
culprits,0.47712125471966244
mazzolato,0.47712125471966244
decapitato,0.47712125471966244
pontifical,0.47712125471966244
guillotined,0.47712125471966244
diversified,0.47712125471966244
stilettos,0.47712125471966244
convinces,0.47712125471966244
advantageously,0.47712125471966244
reprieve,0.47712125471966244
rospoli,0.47712125471966244
damasks,0.47712125471966244
friar,0.30102999566398114
rescuing,0.47712125471966244
twere,0.47712125471966244
damask,0.47712125471966244
draperies,0.47712125471966244
prowess,0.30102999566398114
transteverin,0.47712125471966244
muffling,0.47712125471966244
arena,0.17609125905568124
dissertation,0.47712125471966244
pliny,0.47712125471966244
calpurnius,0.47712125471966244
unintentionally,0.30102999566398114
propriety,0.30102999566398114
indemnity,0.47712125471966244
perplexing,0.30102999566398114
tending,0.30102999566398114
identity,0.30102999566398114
visitant,0.47712125471966244
firmer,0.30102999566398114
diversion,0.30102999566398114
teatro,0.47712125471966244
argentina,0.47712125471966244
routs,0.47712125471966244
performers,0.47712125471966244
parisina,0.47712125471966244
actors,0.30102999566398114
coselli,0.47712125471966244
moriani,0.47712125471966244
specchia,0.47712125471966244
composer,0.47712125471966244
lucia,0.47712125471966244
lammermoor,0.47712125471966244
vocalists,0.47712125471966244
theatres,0.47712125471966244
orchestras,0.47712125471966244
balconies,0.47712125471966244
stall,0.47712125471966244
bouffes,0.47712125471966244
representatives,0.30102999566398114
mortifying,0.47712125471966244
overrun,0.47712125471966244
astonish,0.47712125471966244
florentines,0.47712125471966244
neapolitans,0.47712125471966244
husbands,0.47712125471966244
indemnify,0.47712125471966244
indifferences,0.47712125471966244
rigidity,0.47712125471966244
relaxation,0.30102999566398114
programme,0.30102999566398114
tiers,0.47712125471966244
ensue,0.47712125471966244
princely,0.47712125471966244
gayeties,0.47712125471966244
disregarding,0.30102999566398114
manipulation,0.47712125471966244
exits,0.47712125471966244
unthought,0.47712125471966244
musings,0.47712125471966244
recitative,0.47712125471966244
egregious,0.47712125471966244
blunders,0.47712125471966244
congeniality,0.47712125471966244
entertaining,0.30102999566398114
finale,0.47712125471966244
sings,0.47712125471966244
inelegant,0.47712125471966244
malibran,0.47712125471966244
sontag,0.47712125471966244
singers,0.30102999566398114
wristbands,0.47712125471966244
mutely,0.47712125471966244
interrogated,0.47712125471966244
lappets,0.47712125471966244
cited,0.47712125471966244
inviting,0.30102999566398114
discoursing,0.47712125471966244
masculine,0.30102999566398114
albanian,0.47712125471966244
performance,0.30102999566398114
medora,0.47712125471966244
henri,0.47712125471966244
choreographic,0.47712125471966244
masterly,0.47712125471966244
corps,0.47712125471966244
dancers,0.30102999566398114
exhibiting,0.30102999566398114
poliska,0.47712125471966244
childlike,0.47712125471966244
contrasting,0.30102999566398114
trumpets,0.30102999566398114
cymbals,0.47712125471966244
loudest,0.47712125471966244
plaudits,0.47712125471966244
judicious,0.30102999566398114
pirouettes,0.47712125471966244
overture,0.47712125471966244
violin,0.47712125471966244
railing,0.30102999566398114
duet,0.47712125471966244
azzo,0.47712125471966244
ugo,0.47712125471966244
awakens,0.30102999566398114
conceptions,0.17609125905568124
emanated,0.47712125471966244
fruitful,0.47712125471966244
donizetti,0.47712125471966244
bravos,0.47712125471966244
unheeding,0.47712125471966244
raillery,0.47712125471966244
lorgnette,0.47712125471966244
colorless,0.47712125471966244
resuscitated,0.47712125471966244
recognizes,0.30102999566398114
misgiving,0.47712125471966244
ruthven,0.47712125471966244
corresponds,0.30102999566398114
magical,0.47712125471966244
continues,0.30102999566398114
gallantry,0.47712125471966244
condescends,0.30102999566398114
corroborative,0.47712125471966244
subterfuge,0.47712125471966244
reproachful,0.30102999566398114
accords,0.30102999566398114
affinities,0.30102999566398114
agitations,0.47712125471966244
lobby,0.47712125471966244
hobgoblin,0.47712125471966244
deuced,0.47712125471966244
blin,0.47712125471966244
humann,0.47712125471966244
prided,0.47712125471966244
tends,0.30102999566398114
suggestions,0.47712125471966244
tastefully,0.47712125471966244
ornamented,0.47712125471966244
reapers,0.47712125471966244
tableau,0.47712125471966244
puzzoli,0.47712125471966244
sorrento,0.47712125471966244
represent,0.17609125905568124
madonna,0.47712125471966244
masque,0.47712125471966244
festivities,0.47712125471966244
processions,0.47712125471966244
lazzaroni,0.47712125471966244
beggarly,0.30102999566398114
superfluity,0.30102999566398114
equipage,0.47712125471966244
permesso,0.47712125471966244
palazzo,0.47712125471966244
borghese,0.47712125471966244
panegyrics,0.47712125471966244
unceremonious,0.47712125471966244
richness,0.47712125471966244
cards,0.47712125471966244
vicomte,0.47712125471966244
intimation,0.30102999566398114
undertaken,0.47712125471966244
establish,0.17609125905568124
gyges,0.30102999566398114
obsequiousness,0.47712125471966244
pincio,0.47712125471966244
rabble,0.30102999566398114
exclusively,0.17609125905568124
tavolettas,0.47712125471966244
catholics,0.47712125471966244
incredulously,0.47712125471966244
pastes,0.47712125471966244
playbills,0.47712125471966244
chuckling,0.47712125471966244
tablet,0.30102999566398114
tribunal,0.30102999566398114
rota,0.47712125471966244
rondolo,0.47712125471966244
priori,0.30102999566398114
exemplary,0.47712125471966244
torlini,0.47712125471966244
intruding,0.47712125471966244
signori,0.47712125471966244
francesi,0.47712125471966244
softest,0.47712125471966244
couches,0.30102999566398114
cushions,0.47712125471966244
paintings,0.30102999566398114
trophies,0.47712125471966244
costly,0.30102999566398114
tapestried,0.47712125471966244
porti,0.47712125471966244
guzla,0.47712125471966244
gorgeous,0.47712125471966244
jobber,0.47712125471966244
incog,0.47712125471966244
spellbound,0.47712125471966244
inventing,0.30102999566398114
simplifying,0.47712125471966244
majordomo,0.47712125471966244
lobanieff,0.47712125471966244
tavoletta,0.47712125471966244
abuse,0.30102999566398114
venerated,0.47712125471966244
complicity,0.47712125471966244
manda,0.47712125471966244
ineffectually,0.47712125471966244
beheaded,0.47712125471966244
chalais,0.47712125471966244
richelieu,0.47712125471966244
punishments,0.30102999566398114
spectacles,0.47712125471966244
temperaments,0.47712125471966244
excruciating,0.47712125471966244
interposes,0.30102999566398114
occiput,0.47712125471966244
trapezal,0.47712125471966244
avenges,0.47712125471966244
cognizance,0.47712125471966244
impalement,0.47712125471966244
augers,0.47712125471966244
persians,0.30102999566398114
iroquois,0.47712125471966244
unpunished,0.30102999566398114
duelling,0.47712125471966244
seduced,0.30102999566398114
disapprove,0.47712125471966244
suo,0.47712125471966244
commodo,0.47712125471966244
repeatedly,0.47712125471966244
cookery,0.30102999566398114
castaing,0.47712125471966244
sports,0.30102999566398114
applauding,0.47712125471966244
sage,0.30102999566398114
matrons,0.47712125471966244
daughters,0.17609125905568124
vestals,0.47712125471966244
babuino,0.47712125471966244
apologizing,0.47712125471966244
puros,0.47712125471966244
professed,0.30102999566398114
provincial,0.47712125471966244
frattina,0.47712125471966244
fiano,0.47712125471966244
scaffolds,0.47712125471966244
obelisk,0.47712125471966244
ripetta,0.47712125471966244
glittered,0.47712125471966244
exorbitant,0.47712125471966244
satin,0.47712125471966244
confetti,0.47712125471966244
sweetmeats,0.47712125471966244
convex,0.30102999566398114
breakfasts,0.47712125471966244
carceri,0.47712125471966244
nuove,0.47712125471966244
priests,0.30102999566398114
infants,0.30102999566398114
churches,0.30102999566398114
crammed,0.47712125471966244
portico,0.47712125471966244
jests,0.30102999566398114
brotherhood,0.30102999566398114
penitents,0.47712125471966244
robes,0.30102999566398114
sackcloth,0.47712125471966244
sandals,0.47712125471966244
dilated,0.47712125471966244
jackal,0.47712125471966244
liberator,0.47712125471966244
automatic,0.47712125471966244
partook,0.47712125471966244
slaughterhouse,0.47712125471966244
bleat,0.30102999566398114
commandment,0.47712125471966244
blasphemy,0.30102999566398114
mace,0.47712125471966244
avenging,0.47712125471966244
citorio,0.47712125471966244
pantaloon,0.47712125471966244
revels,0.47712125471966244
clowns,0.47712125471966244
harlequins,0.47712125471966244
dominoes,0.47712125471966244
mummers,0.47712125471966244
pantomimists,0.47712125471966244
transteverins,0.47712125471966244
gesticulating,0.47712125471966244
nosegays,0.47712125471966244
sarcasms,0.47712125471966244
incited,0.30102999566398114
aristocracy,0.17609125905568124
cabbages,0.47712125471966244
buffaloes,0.47712125471966244
callot,0.47712125471966244
anthony,0.47712125471966244
domino,0.47712125471966244
odry,0.47712125471966244
grimaces,0.47712125471966244
venezia,0.47712125471966244
calash,0.47712125471966244
amends,0.47712125471966244
unmarked,0.47712125471966244
encounters,0.47712125471966244
violets,0.47712125471966244
bouquet,0.47712125471966244
contadini,0.47712125471966244
intrigue,0.30102999566398114
proclaimed,0.17609125905568124
mascherata,0.47712125471966244
delle,0.47712125471966244
muratte,0.47712125471966244
sew,0.47712125471966244
italienne,0.47712125471966244
alger,0.47712125471966244
disencumber,0.47712125471966244
lordships,0.30102999566398114
combats,0.47712125471966244
receptions,0.47712125471966244
abused,0.47712125471966244
rothschild,0.47712125471966244
bajocco,0.47712125471966244
eccentric,0.47712125471966244
frequenter,0.47712125471966244
didier,0.47712125471966244
disguises,0.30102999566398114
decorate,0.47712125471966244
clocks,0.47712125471966244
frocks,0.47712125471966244
caps,0.30102999566398114
unequivocal,0.47712125471966244
appreciated,0.30102999566398114
footman,0.47712125471966244
vittoria,0.47712125471966244
donned,0.47712125471966244
flirtation,0.47712125471966244
informing,0.30102999566398114
homage,0.30102999566398114
gregory,0.47712125471966244
vatican,0.47712125471966244
maskers,0.47712125471966244
harlequin,0.47712125471966244
reassumed,0.47712125471966244
congratulated,0.47712125471966244
congratulations,0.47712125471966244
incognita,0.47712125471966244
repass,0.47712125471966244
amorous,0.30102999566398114
epistle,0.47712125471966244
camellias,0.47712125471966244
dei,0.30102999566398114
pontefici,0.47712125471966244
giacomo,0.47712125471966244
constancy,0.30102999566398114
bracciano,0.47712125471966244
mezzo,0.47712125471966244
cito,0.47712125471966244
blemish,0.47712125471966244
orthography,0.47712125471966244
ology,0.47712125471966244
academy,0.47712125471966244
academic,0.30102999566398114
acrimonious,0.47712125471966244
chords,0.30102999566398114
enigma,0.47712125471966244
palli,0.47712125471966244
byronic,0.47712125471966244
helmet,0.30102999566398114
disdainful,0.47712125471966244
utters,0.30102999566398114
impresses,0.30102999566398114
expatiating,0.47712125471966244
ascendency,0.47712125471966244
acquires,0.47712125471966244
domineering,0.47712125471966244
newer,0.47712125471966244
demonstrations,0.47712125471966244
preoccupied,0.47712125471966244
comtess,0.47712125471966244
heroine,0.47712125471966244
contribute,0.30102999566398114
exchanging,0.47712125471966244
pedestrians,0.47712125471966244
tes,0.47712125471966244
fireworks,0.47712125471966244
moccoli,0.47712125471966244
episodes,0.47712125471966244
evolutions,0.47712125471966244
interfering,0.30102999566398114
trampling,0.47712125471966244
clashing,0.47712125471966244
detachment,0.47712125471966244
galloped,0.47712125471966244
barberi,0.47712125471966244
sellers,0.30102999566398114
moccoletti,0.47712125471966244
rushlight,0.47712125471966244
problems,0.30102999566398114
moccoletto,0.47712125471966244
transmitting,0.47712125471966244
extinguishing,0.30102999566398114
bellows,0.47712125471966244
extinguishers,0.47712125471966244
fans,0.47712125471966244
facchino,0.47712125471966244
relighting,0.47712125471966244
olus,0.47712125471966244
aquilo,0.47712125471966244
presumptive,0.47712125471966244
pugilist,0.47712125471966244
macello,0.47712125471966244
wane,0.47712125471966244
officious,0.47712125471966244
duchess,0.47712125471966244
heiresses,0.47712125471966244
colonnas,0.47712125471966244
celebrity,0.47712125471966244
whereabouts,0.47712125471966244
diavolo,0.47712125471966244
torlonia,0.47712125471966244
apostles,0.30102999566398114
lodges,0.47712125471966244
waxlight,0.47712125471966244
secr,0.47712125471966244
taire,0.47712125471966244
banditti,0.47712125471966244
se,0.47712125471966244
alle,0.47712125471966244
sei,0.47712125471966244
della,0.47712125471966244
mattina,0.47712125471966244
quattro,0.47712125471966244
mille,0.47712125471966244
sono,0.47712125471966244
nelle,0.47712125471966244
mie,0.47712125471966244
mani,0.47712125471966244
alla,0.47712125471966244
sette,0.47712125471966244
conte,0.47712125471966244
alberto,0.47712125471966244
avr,0.47712125471966244
cessato,0.47712125471966244
vivere,0.47712125471966244
divans,0.47712125471966244
applying,0.30102999566398114
salite,0.47712125471966244
mocoletto,0.47712125471966244
gallantly,0.47712125471966244
paolo,0.47712125471966244
almo,0.47712125471966244
holsters,0.47712125471966244
gregorio,0.47712125471966244
portcullis,0.47712125471966244
appian,0.47712125471966244
caracalla,0.47712125471966244
campagna,0.47712125471966244
mane,0.47712125471966244
widened,0.47712125471966244
passageway,0.47712125471966244
sloped,0.47712125471966244
enlarging,0.47712125471966244
diverged,0.47712125471966244
niches,0.47712125471966244
determine,0.30102999566398114
arcades,0.47712125471966244
mantles,0.47712125471966244
columbarium,0.47712125471966244
distinguishable,0.30102999566398114
arcade,0.47712125471966244
galop,0.47712125471966244
ambassadors,0.30102999566398114
perusing,0.47712125471966244
commentaries,0.47712125471966244
enormously,0.47712125471966244
claiming,0.30102999566398114
exaggerate,0.47712125471966244
scrapes,0.47712125471966244
connections,0.30102999566398114
correction,0.30102999566398114
aguado,0.47712125471966244
dabbling,0.47712125471966244
smooths,0.47712125471966244
huron,0.47712125471966244
cochin,0.47712125471966244
cream,0.47712125471966244
staid,0.47712125471966244
edifying,0.47712125471966244
representative,0.17609125905568124
sphinx,0.47712125471966244
chaperon,0.47712125471966244
punctilious,0.47712125471966244
calendar,0.30102999566398114
bachelor,0.47712125471966244
pavilion,0.47712125471966244
recounted,0.47712125471966244
awakening,0.30102999566398114
portsmouth,0.47712125471966244
southampton,0.47712125471966244
yachts,0.47712125471966244
manfully,0.47712125471966244
outlay,0.47712125471966244
involves,0.17609125905568124
colomba,0.47712125471966244
condemning,0.30102999566398114
outlaws,0.47712125471966244
irregularity,0.30102999566398114
indisputably,0.47712125471966244
tinctured,0.47712125471966244
birthplace,0.47712125471966244
blooded,0.47712125471966244
discussions,0.30102999566398114
refutation,0.30102999566398114
philanthropist,0.47712125471966244
compete,0.17609125905568124
monthyon,0.47712125471966244
luncheon,0.47712125471966244
architecture,0.30102999566398114
vases,0.47712125471966244
egress,0.47712125471966244
lacking,0.30102999566398114
indolent,0.30102999566398114
thoroughfare,0.47712125471966244
oiled,0.47712125471966244
jurisdiction,0.47712125471966244
portal,0.47712125471966244
cabalistic,0.47712125471966244
concerted,0.47712125471966244
whitest,0.30102999566398114
prying,0.47712125471966244
algerian,0.47712125471966244
smokers,0.47712125471966244
atelier,0.47712125471966244
partitions,0.47712125471966244
pandemonium,0.47712125471966244
bass,0.30102999566398114
viols,0.47712125471966244
flutes,0.30102999566398114
easels,0.47712125471966244
palettes,0.47712125471966244
brushes,0.47712125471966244
foils,0.47712125471966244
boxing,0.30102999566398114
broadswords,0.47712125471966244
fencing,0.47712125471966244
grisier,0.47712125471966244
cooks,0.30102999566398114
leboucher,0.47712125471966244
porcelain,0.47712125471966244
robbia,0.47712125471966244
fa,0.47712125471966244
ences,0.47712125471966244
palissy,0.47712125471966244
platters,0.47712125471966244
armchairs,0.47712125471966244
sully,0.47712125471966244
fleur,0.47712125471966244
lis,0.47712125471966244
louvre,0.47712125471966244
dyed,0.30102999566398114
persia,0.30102999566398114
chandernagor,0.47712125471966244
silky,0.47712125471966244
roller,0.47712125471966244
blanchet,0.47712125471966244
piano,0.47712125471966244
rosewood,0.47712125471966244
potentialities,0.47712125471966244
chefs,0.47712125471966244
beethoven,0.47712125471966244
weber,0.30102999566398114
mozart,0.47712125471966244
haydn,0.47712125471966244
gr,0.47712125471966244
porpora,0.47712125471966244
malay,0.47712125471966244
creeses,0.47712125471966244
maces,0.47712125471966244
damasked,0.47712125471966244
inlaid,0.47712125471966244
armor,0.47712125471966244
minerals,0.47712125471966244
outspread,0.47712125471966244
beaks,0.47712125471966244
lounging,0.47712125471966244
petersburg,0.47712125471966244
sinai,0.47712125471966244
maryland,0.47712125471966244
rico,0.47712125471966244
latakia,0.47712125471966244
crackled,0.47712125471966244
earthenware,0.47712125471966244
fragrant,0.47712125471966244
regalias,0.47712125471966244
havanas,0.47712125471966244
manillas,0.47712125471966244
cabinet,0.47712125471966244
narghiles,0.47712125471966244
morocco,0.47712125471966244
presided,0.30102999566398114
symmetrical,0.47712125471966244
derangement,0.47712125471966244
vapor,0.47712125471966244
ascends,0.47712125471966244
groom,0.47712125471966244
chasseur,0.47712125471966244
missives,0.47712125471966244
rosa,0.47712125471966244
ostend,0.47712125471966244
borel,0.47712125471966244
debray,0.47712125471966244
punctual,0.47712125471966244
liqueur,0.47712125471966244
cellarets,0.47712125471966244
announcements,0.47712125471966244
advertisements,0.47712125471966244
lucien,0.47712125471966244
compressed,0.47712125471966244
neckcloth,0.47712125471966244
tortoiseshell,0.47712125471966244
superciliary,0.47712125471966244
zygomatic,0.47712125471966244
ministry,0.47712125471966244
peninsula,0.47712125471966244
consolidate,0.47712125471966244
carlos,0.47712125471966244
bourges,0.47712125471966244
transpired,0.47712125471966244
contrives,0.47712125471966244
wales,0.47712125471966244
reichstadt,0.47712125471966244
despatches,0.47712125471966244
bois,0.47712125471966244
boulogne,0.47712125471966244
carlo,0.47712125471966244
poisoning,0.47712125471966244
cabbage,0.47712125471966244
execrable,0.47712125471966244
financial,0.47712125471966244
manilla,0.47712125471966244
enamelled,0.47712125471966244
diplomatist,0.47712125471966244
cabals,0.47712125471966244
queens,0.47712125471966244
elections,0.47712125471966244
victories,0.47712125471966244
renaud,0.47712125471966244
disappoints,0.47712125471966244
jockey,0.47712125471966244
diversions,0.47712125471966244
dinners,0.30102999566398114
depreciate,0.17609125905568124
boobies,0.47712125471966244
fleece,0.47712125471966244
detests,0.47712125471966244
criticise,0.30102999566398114
worlds,0.30102999566398114
sowing,0.47712125471966244
strawberries,0.47712125471966244
cutlet,0.47712125471966244
montmorency,0.47712125471966244
metternich,0.30102999566398114
deputies,0.47712125471966244
peer,0.47712125471966244
mlle,0.47712125471966244
eug,0.47712125471966244
nie,0.47712125471966244
salliance,0.47712125471966244
marchioness,0.47712125471966244
railroad,0.47712125471966244
jardin,0.47712125471966244
plantes,0.47712125471966244
blazon,0.47712125471966244
martlets,0.47712125471966244
absently,0.47712125471966244
bastard,0.30102999566398114
paradoxes,0.30102999566398114
montauban,0.47712125471966244
ancestor,0.30102999566398114
quotes,0.30102999566398114
ranger,0.47712125471966244
guiche,0.47712125471966244
mortemart,0.47712125471966244
spahis,0.47712125471966244
dignified,0.47712125471966244
exaggerates,0.30102999566398114
knight,0.30102999566398114
garter,0.47712125471966244
aristocrat,0.30102999566398114
arabs,0.47712125471966244
oran,0.47712125471966244
constantine,0.47712125471966244
disarmed,0.30102999566398114
klagmann,0.47712125471966244
marochetti,0.47712125471966244
strasbourg,0.47712125471966244
favors,0.47712125471966244
alludes,0.30102999566398114
stomachs,0.47712125471966244
behindhand,0.47712125471966244
marennes,0.47712125471966244
maintenon,0.47712125471966244
cacus,0.47712125471966244
perseus,0.47712125471966244
freeing,0.47712125471966244
andromeda,0.47712125471966244
apologized,0.47712125471966244
calvary,0.47712125471966244
mortemarts,0.47712125471966244
atom,0.47712125471966244
deceives,0.30102999566398114
mutes,0.47712125471966244
strumpet,0.47712125471966244
consuls,0.47712125471966244
salaries,0.47712125471966244
ambassador,0.47712125471966244
demonstration,0.30102999566398114
mehemet,0.47712125471966244
sultan,0.47712125471966244
retinue,0.47712125471966244
mistresses,0.30102999566398114
pendant,0.47712125471966244
constitutionnel,0.47712125471966244
iris,0.47712125471966244
dilates,0.47712125471966244
facial,0.47712125471966244
unexceptionable,0.47712125471966244
viewing,0.30102999566398114
surrendering,0.47712125471966244
esau,0.47712125471966244
parisians,0.47712125471966244
manifesting,0.47712125471966244
cavil,0.47712125471966244
ceremonial,0.47712125471966244
peers,0.30102999566398114
editor,0.47712125471966244
prohibited,0.30102999566398114
conquerors,0.30102999566398114
limpid,0.47712125471966244
africans,0.47712125471966244
eyelid,0.47712125471966244
penetrable,0.47712125471966244
informs,0.30102999566398114
improprieties,0.47712125471966244
temperate,0.30102999566398114
displease,0.30102999566398114
macaroni,0.47712125471966244
polenta,0.47712125471966244
olla,0.47712125471966244
podrida,0.47712125471966244
valencia,0.47712125471966244
pilau,0.47712125471966244
curry,0.47712125471966244
opium,0.47712125471966244
canton,0.47712125471966244
tigris,0.47712125471966244
euphrates,0.47712125471966244
ingredients,0.47712125471966244
pills,0.30102999566398114
journalist,0.47712125471966244
disadvantage,0.47712125471966244
unscrewed,0.47712125471966244
pellet,0.47712125471966244
pea,0.47712125471966244
prepares,0.30102999566398114
tiara,0.30102999566398114
predecessor,0.47712125471966244
pius,0.47712125471966244
commodious,0.47712125471966244
wizard,0.30102999566398114
incontestable,0.47712125471966244
prints,0.47712125471966244
denis,0.47712125471966244
faubourg,0.47712125471966244
thermes,0.47712125471966244
julien,0.47712125471966244
maremma,0.47712125471966244
romana,0.47712125471966244
pontine,0.47712125471966244
intercession,0.47712125471966244
descendant,0.30102999566398114
tullia,0.47712125471966244
popp,0.47712125471966244
contadina,0.47712125471966244
beardless,0.47712125471966244
imprint,0.47712125471966244
deigned,0.47712125471966244
expeditious,0.47712125471966244
socialists,0.30102999566398114
vaunt,0.47712125471966244
neutrality,0.47712125471966244
preach,0.47712125471966244
egotism,0.47712125471966244
ornament,0.30102999566398114
champagne,0.47712125471966244
logicians,0.30102999566398114
levantine,0.47712125471966244
baptismal,0.47712125471966244
salons,0.47712125471966244
familiarized,0.30102999566398114
chimborazo,0.47712125471966244
mortmartre,0.47712125471966244
himalaya,0.47712125471966244
rien,0.47712125471966244
grenelle,0.47712125471966244
boring,0.47712125471966244
artesian,0.47712125471966244
caravans,0.47712125471966244
gaslamp,0.47712125471966244
bazaars,0.47712125471966244
reservation,0.47712125471966244
negotiated,0.47712125471966244
chevalier,0.47712125471966244
corsaire,0.47712125471966244
charivari,0.47712125471966244
blount,0.47712125471966244
arstein,0.47712125471966244
eskeles,0.47712125471966244
electrified,0.47712125471966244
propos,0.47712125471966244
chauss,0.47712125471966244
antin,0.47712125471966244
op,0.47712125471966244
ra,0.47712125471966244
smokes,0.47712125471966244
chibouque,0.47712125471966244
pompadour,0.47712125471966244
meslay,0.47712125471966244
herbaut,0.47712125471966244
immure,0.47712125471966244
patriarch,0.30102999566398114
deterred,0.30102999566398114
barri,0.47712125471966244
hiring,0.47712125471966244
champs,0.47712125471966244
lys,0.47712125471966244
valle,0.47712125471966244
vaudeville,0.47712125471966244
vari,0.47712125471966244
franks,0.47712125471966244
eunuchs,0.47712125471966244
brutalism,0.47712125471966244
surrounds,0.47712125471966244
au,0.47712125471966244
revoir,0.47712125471966244
mineralogy,0.47712125471966244
artists,0.30102999566398114
landscapes,0.47712125471966244
dupr,0.47712125471966244
reeds,0.30102999566398114
lowing,0.47712125471966244
delacroix,0.47712125471966244
burnouses,0.47712125471966244
contended,0.47712125471966244
aquarelles,0.47712125471966244
boulanger,0.47712125471966244
diaz,0.47712125471966244
suns,0.30102999566398114
decamp,0.47712125471966244
salvator,0.47712125471966244
poetic,0.47712125471966244
pastels,0.47712125471966244
giraud,0.47712125471966244
ller,0.47712125471966244
album,0.47712125471966244
dauzats,0.47712125471966244
camel,0.47712125471966244
mosque,0.47712125471966244
signatures,0.47712125471966244
initials,0.47712125471966244
fisherwomen,0.47712125471966244
assiduous,0.47712125471966244
paints,0.30102999566398114
gros,0.47712125471966244
allusions,0.30102999566398114
disagreement,0.30102999566398114
blas,0.47712125471966244
initiation,0.30102999566398114
introductions,0.30102999566398114
conventions,0.47712125471966244
merlets,0.47712125471966244
bender,0.47712125471966244
blazons,0.47712125471966244
heraldry,0.47712125471966244
fabricated,0.47712125471966244
commandery,0.47712125471966244
stephen,0.47712125471966244
gules,0.47712125471966244
pilgrims,0.30102999566398114
crusades,0.30102999566398114
thirteenth,0.47712125471966244
edified,0.47712125471966244
hozier,0.47712125471966244
jaucourt,0.47712125471966244
dipus,0.47712125471966244
bullion,0.47712125471966244
diplomatic,0.47712125471966244
insures,0.47712125471966244
wrinkle,0.47712125471966244
mitidja,0.47712125471966244
bourmont,0.47712125471966244
tendered,0.47712125471966244
slippery,0.30102999566398114
apprenticeship,0.47712125471966244
praiseworthy,0.30102999566398114
uselessness,0.30102999566398114
treats,0.30102999566398114
welcomes,0.30102999566398114
physiologist,0.30102999566398114
analyze,0.47712125471966244
debate,0.47712125471966244
senators,0.47712125471966244
intervention,0.30102999566398114
generously,0.47712125471966244
suitably,0.47712125471966244
vestibule,0.30102999566398114
koller,0.47712125471966244
anticipate,0.30102999566398114
spangle,0.47712125471966244
drapery,0.30102999566398114
frames,0.47712125471966244
heliotropes,0.47712125471966244
volatile,0.47712125471966244
chased,0.30102999566398114
cups,0.30102999566398114
tuberoses,0.47712125471966244
constantinian,0.47712125471966244
parma,0.47712125471966244
proudest,0.47712125471966244
nobilities,0.47712125471966244
quicksighted,0.47712125471966244
tact,0.47712125471966244
werner,0.47712125471966244
wrecks,0.47712125471966244
disinherited,0.47712125471966244
patrimony,0.30102999566398114
feudal,0.17609125905568124
entr,0.47712125471966244
attaching,0.30102999566398114
premeditation,0.47712125471966244
borrow,0.30102999566398114
complaisant,0.47712125471966244
agreeably,0.30102999566398114
tickling,0.47712125471966244
arrows,0.30102999566398114
endearing,0.47712125471966244
thermometer,0.47712125471966244
turnout,0.47712125471966244
connoisseurs,0.30102999566398114
develop,0.17609125905568124
theorem,0.47712125471966244
alleys,0.47712125471966244
ponthieu,0.47712125471966244
slackening,0.47712125471966244
engraver,0.47712125471966244
marbles,0.47712125471966244
scrivener,0.47712125471966244
purchases,0.47712125471966244
cadiz,0.47712125471966244
passy,0.47712125471966244
advertisement,0.47712125471966244
intrust,0.47712125471966244
fontenay,0.47712125471966244
aux,0.47712125471966244
bellevue,0.47712125471966244
specified,0.30102999566398114
proprietors,0.30102999566398114
install,0.47712125471966244
souvenirs,0.47712125471966244
fontaine,0.47712125471966244
extorted,0.47712125471966244
pliant,0.47712125471966244
gong,0.47712125471966244
exhaustless,0.47712125471966244
follower,0.30102999566398114
versailles,0.47712125471966244
bathroom,0.47712125471966244
bedrooms,0.47712125471966244
sart,0.47712125471966244
corte,0.47712125471966244
maquis,0.47712125471966244
calumniate,0.47712125471966244
gesticulate,0.47712125471966244
busoni,0.47712125471966244
untruth,0.30102999566398114
enumerated,0.30102999566398114
prot,0.30102999566398114
misconduct,0.47712125471966244
conform,0.30102999566398114
galvanizes,0.47712125471966244
diseased,0.30102999566398114
chartreux,0.47712125471966244
trappist,0.47712125471966244
phantasms,0.47712125471966244
conceals,0.30102999566398114
spotless,0.47712125471966244
corsicans,0.47712125471966244
loire,0.47712125471966244
rogliano,0.47712125471966244
corse,0.47712125471966244
disbanded,0.47712125471966244
teauroux,0.47712125471966244
clermont,0.47712125471966244
ferrand,0.47712125471966244
puy,0.47712125471966244
smuggling,0.47712125471966244
assunta,0.47712125471966244
massacres,0.47712125471966244
trestaillon,0.47712125471966244
truphemy,0.47712125471966244
graffan,0.47712125471966244
devastation,0.17609125905568124
misgivings,0.30102999566398114
battalion,0.47712125471966244
excesses,0.47712125471966244
disorderly,0.30102999566398114
catastrophes,0.47712125471966244
conformity,0.30102999566398114
reprisals,0.47712125471966244
nominated,0.47712125471966244
discern,0.30102999566398114
baroness,0.47712125471966244
vres,0.47712125471966244
shrubberies,0.47712125471966244
gusts,0.47712125471966244
moans,0.47712125471966244
seest,0.47712125471966244
disinterred,0.47712125471966244
robbery,0.47712125471966244
restitution,0.47712125471966244
suffocation,0.47712125471966244
inflated,0.47712125471966244
embarrassing,0.47712125471966244
enfer,0.47712125471966244
benedetto,0.47712125471966244
reclaim,0.47712125471966244
disturbances,0.30102999566398114
avignon,0.47712125471966244
uz,0.47712125471966244
aigues,0.47712125471966244
mortes,0.47712125471966244
martigues,0.47712125471966244
bouc,0.47712125471966244
whosoever,0.47712125471966244
productive,0.30102999566398114
sumptuous,0.47712125471966244
reclaimed,0.47712125471966244
perverse,0.30102999566398114
harmonizes,0.30102999566398114
grapes,0.47712125471966244
preserves,0.30102999566398114
chestnuts,0.30102999566398114
orchard,0.47712125471966244
loft,0.47712125471966244
wasilio,0.47712125471966244
valuables,0.47712125471966244
audacious,0.30102999566398114
pranks,0.47712125471966244
averting,0.47712125471966244
salutary,0.30102999566398114
furnishes,0.17609125905568124
defended,0.47712125471966244
cipher,0.47712125471966244
strictness,0.30102999566398114
imprudent,0.47712125471966244
detachments,0.47712125471966244
uniforms,0.47712125471966244
designedly,0.47712125471966244
malarial,0.47712125471966244
onto,0.47712125471966244
influx,0.47712125471966244
jeweller,0.47712125471966244
recitals,0.30102999566398114
tallied,0.47712125471966244
mantua,0.47712125471966244
eavesdropper,0.47712125471966244
theft,0.30102999566398114
pliers,0.47712125471966244
scales,0.30102999566398114
sou,0.47712125471966244
flaw,0.30102999566398114
reset,0.47712125471966244
commensurate,0.30102999566398114
samples,0.30102999566398114
sparkle,0.47712125471966244
gem,0.47712125471966244
jets,0.47712125471966244
unmindful,0.30102999566398114
precursors,0.30102999566398114
greasy,0.47712125471966244
joannes,0.47712125471966244
pierre,0.47712125471966244
eclipsed,0.47712125471966244
interchanged,0.47712125471966244
gust,0.47712125471966244
tremulousness,0.47712125471966244
shortest,0.47712125471966244
welcoming,0.47712125471966244
warming,0.47712125471966244
banknotes,0.47712125471966244
querulous,0.47712125471966244
hostess,0.47712125471966244
lavished,0.47712125471966244
assiduities,0.47712125471966244
sedulously,0.47712125471966244
glimmered,0.47712125471966244
abate,0.30102999566398114
diminishing,0.17609125905568124
improbability,0.47712125471966244
purposing,0.47712125471966244
stools,0.47712125471966244
drowsy,0.47712125471966244
atoning,0.30102999566398114
poorly,0.30102999566398114
frightfully,0.47712125471966244
bereft,0.47712125471966244
stammer,0.47712125471966244
muzzles,0.47712125471966244
tush,0.47712125471966244
unresistingly,0.47712125471966244
handcuffed,0.47712125471966244
beseeching,0.30102999566398114
redemption,0.47712125471966244
exculpate,0.47712125471966244
perilled,0.30102999566398114
rigors,0.47712125471966244
indulgences,0.30102999566398114
interim,0.47712125471966244
maintain,0.30102999566398114
entertains,0.30102999566398114
recount,0.47712125471966244
unreasonable,0.30102999566398114
severest,0.30102999566398114
bewail,0.47712125471966244
dissolute,0.30102999566398114
reckless,0.30102999566398114
secreted,0.47712125471966244
subsequently,0.47712125471966244
villeforts,0.47712125471966244
grossly,0.30102999566398114
betaken,0.47712125471966244
inborn,0.47712125471966244
endangering,0.47712125471966244
enacted,0.30102999566398114
enhance,0.47712125471966244
estimation,0.30102999566398114
umbrageous,0.47712125471966244
leafy,0.47712125471966244
screen,0.30102999566398114
tranquillize,0.47712125471966244
indulgent,0.47712125471966244
pantomime,0.47712125471966244
flambeau,0.47712125471966244
jetty,0.47712125471966244
glossiness,0.47712125471966244
assimilate,0.30102999566398114
emblazoned,0.30102999566398114
craftiness,0.47712125471966244
flatness,0.47712125471966244
enviable,0.47712125471966244
rebuke,0.30102999566398114
signify,0.47712125471966244
apprised,0.47712125471966244
beak,0.30102999566398114
buzzard,0.47712125471966244
brazen,0.30102999566398114
displeasure,0.47712125471966244
doubling,0.47712125471966244
deprecating,0.47712125471966244
prefers,0.30102999566398114
baptistin,0.47712125471966244
demerits,0.47712125471966244
annum,0.47712125471966244
obtains,0.30102999566398114
equalling,0.30102999566398114
lucrative,0.47712125471966244
wilful,0.47712125471966244
misunderstood,0.47712125471966244
unfavorably,0.47712125471966244
yearly,0.47712125471966244
accumulating,0.30102999566398114
accumulate,0.30102999566398114
frigid,0.47712125471966244
assentingly,0.47712125471966244
seaside,0.47712125471966244
normandy,0.47712125471966244
corvette,0.47712125471966244
eligible,0.47712125471966244
lons,0.47712125471966244
relays,0.47712125471966244
presiding,0.30102999566398114
colleagues,0.30102999566398114
drollest,0.47712125471966244
transactions,0.47712125471966244
hoax,0.47712125471966244
instigators,0.47712125471966244
pompous,0.30102999566398114
fattore,0.47712125471966244
originals,0.47712125471966244
juxtaposition,0.47712125471966244
gaudy,0.47712125471966244
discarded,0.30102999566398114
lafayette,0.47712125471966244
constituents,0.47712125471966244
barons,0.47712125471966244
anglo,0.47712125471966244
competency,0.47712125471966244
candor,0.47712125471966244
worsted,0.47712125471966244
arrogant,0.30102999566398114
naming,0.30102999566398114
treasury,0.30102999566398114
gentler,0.30102999566398114
pupils,0.30102999566398114
foreseeing,0.47712125471966244
baring,0.47712125471966244
lafitte,0.47712125471966244
firms,0.47712125471966244
scrutinize,0.47712125471966244
insulting,0.47712125471966244
authenticity,0.47712125471966244
personified,0.30102999566398114
mistrustful,0.47712125471966244
lingers,0.47712125471966244
millionaires,0.30102999566398114
admirer,0.30102999566398114
warranted,0.47712125471966244
thorwaldsen,0.47712125471966244
bartoloni,0.47712125471966244
canova,0.47712125471966244
indifferently,0.30102999566398114
sculptors,0.30102999566398114
compatriots,0.47712125471966244
showy,0.30102999566398114
servi,0.47712125471966244
ladyship,0.47712125471966244
gaudiness,0.47712125471966244
ostentatious,0.47712125471966244
shepherdesses,0.47712125471966244
boucher,0.47712125471966244
medallions,0.47712125471966244
crayons,0.47712125471966244
harmonizing,0.30102999566398114
architect,0.47712125471966244
decorator,0.47712125471966244
ushering,0.47712125471966244
presenter,0.47712125471966244
posing,0.47712125471966244
ruse,0.47712125471966244
proposes,0.30102999566398114
entertainments,0.30102999566398114
coarseness,0.30102999566398114
expending,0.47712125471966244
unfavorable,0.47712125471966244
atre,0.47712125471966244
fran,0.47712125471966244
ais,0.47712125471966244
mars,0.30102999566398114
satory,0.47712125471966244
initiate,0.47712125471966244
preceptor,0.47712125471966244
sayings,0.30102999566398114
ineffable,0.47712125471966244
unconjugal,0.47712125471966244
ruining,0.47712125471966244
discomfited,0.47712125471966244
disposing,0.47712125471966244
wilfulness,0.47712125471966244
olympic,0.30102999566398114
jove,0.47712125471966244
protesting,0.30102999566398114
whimsical,0.47712125471966244
lasso,0.47712125471966244
imitating,0.30102999566398114
ungovernable,0.47712125471966244
puffed,0.47712125471966244
forelegs,0.47712125471966244
triple,0.47712125471966244
snorting,0.47712125471966244
bohemian,0.47712125471966244
incrusted,0.30102999566398114
esteems,0.47712125471966244
continuance,0.30102999566398114
hermine,0.47712125471966244
lo,0.30102999566398114
worthily,0.47712125471966244
authoritative,0.30102999566398114
lavishing,0.47712125471966244
endearments,0.47712125471966244
unnaturally,0.30102999566398114
defying,0.47712125471966244
crafty,0.30102999566398114
predominant,0.47712125471966244
encircling,0.47712125471966244
unaccustomed,0.30102999566398114
whims,0.47712125471966244
corks,0.47712125471966244
liquids,0.47712125471966244
inhale,0.47712125471966244
reprimanded,0.47712125471966244
spasmodic,0.47712125471966244
sponge,0.47712125471966244
aromatic,0.47712125471966244
vinegar,0.47712125471966244
commencing,0.30102999566398114
pacified,0.30102999566398114
chariot,0.30102999566398114
maddened,0.47712125471966244
sluggish,0.47712125471966244
pottering,0.47712125471966244
eulogistic,0.47712125471966244
ranelagh,0.47712125471966244
impeded,0.47712125471966244
negro,0.47712125471966244
infuriated,0.30102999566398114
commissioned,0.47712125471966244
barley,0.30102999566398114
solving,0.47712125471966244
necessitate,0.17609125905568124
fragile,0.47712125471966244
celebrating,0.30102999566398114
regnant,0.47712125471966244
doctrinaire,0.30102999566398114
conservative,0.17609125905568124
magistracy,0.47712125471966244
harlay,0.47712125471966244
mol,0.47712125471966244
regenerating,0.30102999566398114
traditional,0.17609125905568124
theorists,0.30102999566398114
ideality,0.47712125471966244
exploited,0.30102999566398114
manifestation,0.47712125471966244
insolently,0.47712125471966244
inquisitorial,0.47712125471966244
concerts,0.47712125471966244
whist,0.47712125471966244
partners,0.30102999566398114
dowager,0.47712125471966244
heretofore,0.30102999566398114
deviation,0.30102999566398114
shielding,0.47712125471966244
integral,0.47712125471966244
mitigated,0.47712125471966244
irrepressible,0.47712125471966244
prodigies,0.47712125471966244
squeaky,0.47712125471966244
oratorical,0.47712125471966244
divest,0.47712125471966244
habitual,0.47712125471966244
arrogance,0.30102999566398114
inflexibility,0.47712125471966244
flatterers,0.30102999566398114
maternity,0.30102999566398114
dispense,0.47712125471966244
confers,0.30102999566398114
lavish,0.47712125471966244
bestows,0.47712125471966244
geographically,0.47712125471966244
delineated,0.30102999566398114
algebraic,0.30102999566398114
geographical,0.47712125471966244
interviews,0.47712125471966244
analogous,0.30102999566398114
philosophize,0.47712125471966244
wrestler,0.30102999566398114
caterpillar,0.47712125471966244
solar,0.47712125471966244
paradox,0.30102999566398114
pede,0.47712125471966244
claudo,0.47712125471966244
procedure,0.47712125471966244
primitive,0.30102999566398114
retaliation,0.30102999566398114
codes,0.47712125471966244
inventions,0.30102999566398114
enactments,0.30102999566398114
gallic,0.47712125471966244
usages,0.47712125471966244
hindu,0.47712125471966244
relatively,0.30102999566398114
restricted,0.17609125905568124
tobias,0.47712125471966244
missions,0.47712125471966244
mystic,0.30102999566398114
corrupted,0.30102999566398114
possessors,0.30102999566398114
eminent,0.30102999566398114
exceptions,0.17609125905568124
finesse,0.47712125471966244
confronted,0.30102999566398114
administrator,0.47712125471966244
expounder,0.47712125471966244
chicanery,0.47712125471966244
touchstone,0.47712125471966244
spheres,0.30102999566398114
cosmopolite,0.47712125471966244
paralyze,0.47712125471966244
paralyzes,0.47712125471966244
arrests,0.47712125471966244
adversaries,0.17609125905568124
incongruously,0.47712125471966244
organized,0.30102999566398114
subjected,0.17609125905568124
negligent,0.47712125471966244
theologians,0.30102999566398114
collegiate,0.47712125471966244
controversies,0.47712125471966244
theologizing,0.47712125471966244
serpents,0.47712125471966244
crushing,0.47712125471966244
predominance,0.47712125471966244
bis,0.47712125471966244
idem,0.47712125471966244
ariel,0.47712125471966244
caliban,0.47712125471966244
verges,0.47712125471966244
refute,0.30102999566398114
jacobins,0.47712125471966244
seconded,0.47712125471966244
envoys,0.47712125471966244
rupture,0.30102999566398114
lobe,0.47712125471966244
jacobin,0.47712125471966244
carbonaro,0.47712125471966244
pawns,0.47712125471966244
checkmated,0.47712125471966244
redoubtable,0.47712125471966244
mercies,0.47712125471966244
grandchild,0.47712125471966244
painlessly,0.47712125471966244
decompose,0.47712125471966244
socrates,0.30102999566398114
seneca,0.47712125471966244
augustine,0.30102999566398114
prose,0.30102999566398114
compensation,0.47712125471966244
deduction,0.30102999566398114
warfare,0.30102999566398114
depicted,0.17609125905568124
gradual,0.17609125905568124
floors,0.47712125471966244
brocaded,0.47712125471966244
peremptory,0.30102999566398114
adjusting,0.47712125471966244
tube,0.47712125471966244
narghile,0.47712125471966244
epirus,0.47712125471966244
parian,0.47712125471966244
undeceived,0.47712125471966244
clasps,0.47712125471966244
belles,0.47712125471966244
mocked,0.47712125471966244
grecian,0.30102999566398114
springtide,0.47712125471966244
fulness,0.30102999566398114
border,0.30102999566398114
captivating,0.30102999566398114
sparta,0.30102999566398114
distantly,0.47712125471966244
myrtho,0.47712125471966244
conformable,0.47712125471966244
accustom,0.47712125471966244
youths,0.30102999566398114
pindus,0.47712125471966244
blighted,0.47712125471966244
ungenial,0.47712125471966244
pindar,0.30102999566398114
rockwork,0.47712125471966244
kitchens,0.47712125471966244
attics,0.47712125471966244
workshops,0.47712125471966244
citronwood,0.47712125471966244
billiard,0.47712125471966244
grooming,0.47712125471966244
herbault,0.47712125471966244
presse,0.47712125471966244
reciprocally,0.47712125471966244
noisette,0.47712125471966244
marais,0.47712125471966244
braved,0.47712125471966244
lateral,0.47712125471966244
barrister,0.47712125471966244
toiling,0.30102999566398114
transacts,0.47712125471966244
delaunay,0.47712125471966244
japan,0.30102999566398114
aviary,0.47712125471966244
laburnums,0.47712125471966244
acacias,0.47712125471966244
warble,0.47712125471966244
cushion,0.47712125471966244
commemorates,0.47712125471966244
matchless,0.47712125471966244
envying,0.47712125471966244
embarking,0.47712125471966244
requiting,0.47712125471966244
revealing,0.30102999566398114
supposes,0.30102999566398114
muse,0.30102999566398114
vie,0.47712125471966244
chestnut,0.47712125471966244
rampart,0.30102999566398114
pilasters,0.47712125471966244
geraniums,0.47712125471966244
thoroughfares,0.47712125471966244
disposes,0.47712125471966244
gardeners,0.47712125471966244
rental,0.47712125471966244
delvers,0.47712125471966244
presuming,0.47712125471966244
peep,0.30102999566398114
horticulture,0.47712125471966244
carrots,0.47712125471966244
radishes,0.47712125471966244
peas,0.30102999566398114
melons,0.47712125471966244
describing,0.30102999566398114
unproductive,0.47712125471966244
renters,0.47712125471966244
discernible,0.30102999566398114
hottest,0.47712125471966244
melodious,0.47712125471966244
parasol,0.47712125471966244
cambric,0.47712125471966244
blouse,0.47712125471966244
glossiest,0.47712125471966244
palisades,0.47712125471966244
stepmother,0.47712125471966244
teasing,0.47712125471966244
chiding,0.47712125471966244
thief,0.30102999566398114
plantation,0.47712125471966244
unattainable,0.30102999566398114
quarterly,0.47712125471966244
undoubted,0.47712125471966244
bower,0.47712125471966244
offends,0.47712125471966244
workingman,0.47712125471966244
saddened,0.47712125471966244
schooled,0.30102999566398114
indefinite,0.30102999566398114
completing,0.47712125471966244
interpose,0.47712125471966244
hem,0.47712125471966244
olden,0.30102999566398114
harassed,0.47712125471966244
supporter,0.30102999566398114
outlive,0.47712125471966244
rod,0.47712125471966244
mortified,0.47712125471966244
abandons,0.47712125471966244
arises,0.17609125905568124
overweening,0.30102999566398114
envies,0.47712125471966244
mme,0.47712125471966244
heiress,0.47712125471966244
infringed,0.47712125471966244
unswerving,0.47712125471966244
strictly,0.30102999566398114
intermarried,0.47712125471966244
preferment,0.47712125471966244
misunderstanding,0.30102999566398114
partisan,0.30102999566398114
idolized,0.47712125471966244
uncivilized,0.30102999566398114
devised,0.30102999566398114
efficient,0.30102999566398114
modes,0.17609125905568124
practitioners,0.47712125471966244
depreciating,0.30102999566398114
expressively,0.47712125471966244
weeding,0.47712125471966244
naughty,0.47712125471966244
civilities,0.30102999566398114
dines,0.47712125471966244
chancellor,0.47712125471966244
paroquet,0.47712125471966244
madcap,0.47712125471966244
detains,0.47712125471966244
grandpapa,0.47712125471966244
brat,0.47712125471966244
relish,0.30102999566398114
reposeful,0.47712125471966244
englishwomen,0.47712125471966244
poetically,0.47712125471966244
girlish,0.47712125471966244
awkwardness,0.47712125471966244
imp,0.47712125471966244
complacently,0.47712125471966244
peacock,0.47712125471966244
bologna,0.47712125471966244
perugia,0.47712125471966244
postes,0.47712125471966244
jaundice,0.47712125471966244
discoursed,0.30102999566398114
perugino,0.47712125471966244
raphael,0.30102999566398114
aqua,0.47712125471966244
tofana,0.47712125471966244
beaumarchais,0.47712125471966244
unwelcome,0.47712125471966244
sustains,0.30102999566398114
deplorable,0.47712125471966244
climates,0.47712125471966244
mithridates,0.47712125471966244
rex,0.47712125471966244
ponticus,0.47712125471966244
urchin,0.47712125471966244
sulkily,0.47712125471966244
drawings,0.47712125471966244
amuses,0.47712125471966244
nepos,0.47712125471966244
aptitude,0.30102999566398114
efficacious,0.47712125471966244
counterfeited,0.47712125471966244
poisons,0.47712125471966244
russians,0.47712125471966244
inconvenienced,0.47712125471966244
progressive,0.30102999566398114
absorption,0.47712125471966244
brucine,0.47712125471966244
angostura,0.47712125471966244
reducible,0.47712125471966244
equation,0.47712125471966244
milligramme,0.47712125471966244
milligrammes,0.47712125471966244
centigramme,0.47712125471966244
centigrammes,0.47712125471966244
simples,0.47712125471966244
symbolize,0.47712125471966244
flamel,0.47712125471966244
fontana,0.47712125471966244
cuirass,0.47712125471966244
offensive,0.47712125471966244
belladonna,0.47712125471966244
brucea,0.47712125471966244
laurel,0.47712125471966244
stupefy,0.47712125471966244
psychology,0.30102999566398114
dramas,0.30102999566398114
philtre,0.47712125471966244
potion,0.47712125471966244
elixirs,0.47712125471966244
peculiarities,0.30102999566398114
accommodate,0.30102999566398114
bane,0.47712125471966244
yearnings,0.30102999566398114
societies,0.17609125905568124
bassora,0.47712125471966244
viziers,0.47712125471966244
constitute,0.17609125905568124
haroun,0.47712125471966244
raschids,0.47712125471966244
giaffars,0.47712125471966244
poisoner,0.47712125471966244
prime,0.17609125905568124
attorneys,0.47712125471966244
bailiffs,0.30102999566398114
behead,0.47712125471966244
impale,0.47712125471966244
fraudulent,0.47712125471966244
stratagems,0.30102999566398114
grocer,0.47712125471966244
druggist,0.47712125471966244
detection,0.47712125471966244
grammes,0.47712125471966244
arsenic,0.47712125471966244
druggists,0.47712125471966244
grocers,0.47712125471966244
administers,0.47712125471966244
mammoth,0.47712125471966244
mastodon,0.47712125471966244
rhyme,0.47712125471966244
constables,0.47712125471966244
collects,0.47712125471966244
entrails,0.30102999566398114
hemp,0.47712125471966244
northerns,0.47712125471966244
desrues,0.47712125471966244
medicis,0.47712125471966244
stupidities,0.47712125471966244
aleppo,0.47712125471966244
asmodeus,0.47712125471966244
intestines,0.47712125471966244
cough,0.47712125471966244
catalogued,0.47712125471966244
precludes,0.47712125471966244
adelmonte,0.47712125471966244
taormina,0.47712125471966244
medals,0.47712125471966244
ruggieris,0.47712125471966244
trenck,0.47712125471966244
misused,0.47712125471966244
leaps,0.47712125471966244
distillation,0.47712125471966244
rabbits,0.47712125471966244
pigs,0.30102999566398114
magendie,0.47712125471966244
flourens,0.47712125471966244
dunghill,0.47712125471966244
hen,0.47712125471966244
vultures,0.47712125471966244
indisposed,0.47712125471966244
pike,0.47712125471966244
eels,0.47712125471966244
carp,0.47712125471966244
abscess,0.47712125471966244
pylorus,0.47712125471966244
tumor,0.47712125471966244
typhoid,0.47712125471966244
indestructible,0.30102999566398114
strychnine,0.47712125471966244
strychnos,0.47712125471966244
colubrina,0.47712125471966244
pecked,0.47712125471966244
congestion,0.47712125471966244
prudently,0.47712125471966244
rousseau,0.30102999566398114
mandarin,0.47712125471966244
permissible,0.47712125471966244
philology,0.47712125471966244
synonym,0.47712125471966244
elimination,0.47712125471966244
conjunctures,0.47712125471966244
supplies,0.17609125905568124
marvellously,0.47712125471966244
persecuting,0.47712125471966244
juvenile,0.47712125471966244
propensities,0.47712125471966244
promoting,0.30102999566398114
macbeth,0.47712125471966244
duncan,0.47712125471966244
maxims,0.30102999566398114
reasoner,0.47712125471966244
distempered,0.47712125471966244
scrutinies,0.47712125471966244
alembics,0.47712125471966244
crucibles,0.47712125471966244
palpitations,0.47712125471966244
syncope,0.47712125471966244
phials,0.47712125471966244
anti,0.47712125471966244
tranquillizing,0.47712125471966244
planche,0.47712125471966244
spasmodics,0.47712125471966244
mint,0.47712125471966244
hoffman,0.47712125471966244
lozenges,0.47712125471966244
compounded,0.30102999566398114
shell,0.30102999566398114
submitted,0.47712125471966244
deglutition,0.47712125471966244
function,0.30102999566398114
prescribing,0.30102999566398114
detaining,0.30102999566398114
daunted,0.47712125471966244
acad,0.47712125471966244
princess,0.47712125471966244
relies,0.47712125471966244
seed,0.30102999566398114
levasseur,0.47712125471966244
bertram,0.47712125471966244
omnibus,0.47712125471966244
rented,0.47712125471966244
rejection,0.30102999566398114
gratuitous,0.47712125471966244
hugs,0.47712125471966244
ministerial,0.47712125471966244
parliamentary,0.47712125471966244
gainsaying,0.47712125471966244
absurdities,0.30102999566398114
arrivals,0.47712125471966244
winner,0.47712125471966244
nautilus,0.47712125471966244
roan,0.47712125471966244
barbare,0.47712125471966244
lengths,0.30102999566398114
vouchsafed,0.47712125471966244
ancestry,0.47712125471966244
inclines,0.30102999566398114
diana,0.47712125471966244
huntress,0.47712125471966244
affrights,0.47712125471966244
milo,0.47712125471966244
capua,0.47712125471966244
nymphs,0.47712125471966244
justness,0.47712125471966244
chiselled,0.47712125471966244
juno,0.47712125471966244
carmine,0.47712125471966244
freaks,0.47712125471966244
dependence,0.30102999566398114
attainments,0.30102999566398114
erudite,0.47712125471966244
linguist,0.47712125471966244
rumored,0.47712125471966244
composers,0.47712125471966244
theatrical,0.30102999566398114
louise,0.47712125471966244
armilly,0.47712125471966244
virtuosa,0.47712125471966244
governess,0.47712125471966244
promenade,0.47712125471966244
lobbies,0.47712125471966244
dissenting,0.47712125471966244
stakes,0.47712125471966244
outstrip,0.30102999566398114
awarded,0.47712125471966244
salle,0.47712125471966244
countrywoman,0.47712125471966244
coronation,0.47712125471966244
eccentricity,0.30102999566398114
pillars,0.47712125471966244
rivoli,0.47712125471966244
stalls,0.47712125471966244
parterre,0.47712125471966244
surpassingly,0.47712125471966244
intimating,0.30102999566398114
unequivocally,0.47712125471966244
parentage,0.47712125471966244
cagliostro,0.47712125471966244
profitably,0.47712125471966244
verily,0.30102999566398114
potemkin,0.47712125471966244
shah,0.47712125471966244
musician,0.30102999566398114
constitutes,0.30102999566398114
peeps,0.47712125471966244
magnanimous,0.30102999566398114
undeserving,0.47712125471966244
thoroughbreds,0.47712125471966244
ridden,0.47712125471966244
urchins,0.47712125471966244
marmots,0.47712125471966244
trophy,0.47712125471966244
thirdly,0.30102999566398114
oversight,0.47712125471966244
featherless,0.47712125471966244
bipeds,0.47712125471966244
quote,0.47712125471966244
diogenes,0.47712125471966244
seraphic,0.47712125471966244
choirs,0.47712125471966244
beguiles,0.47712125471966244
unnoticed,0.30102999566398114
unsophisticated,0.47712125471966244
mesdemoiselles,0.47712125471966244
noblet,0.47712125471966244
julia,0.47712125471966244
leroux,0.47712125471966244
granada,0.47712125471966244
isabella,0.47712125471966244
strides,0.47712125471966244
baronne,0.47712125471966244
orally,0.47712125471966244
reverting,0.47712125471966244
tepelini,0.47712125471966244
gloriously,0.30102999566398114
valiantly,0.30102999566398114
liberality,0.30102999566398114
albanese,0.47712125471966244
odors,0.47712125471966244
boasts,0.47712125471966244
burnouse,0.47712125471966244
residences,0.47712125471966244
bayard,0.47712125471966244
duguesclin,0.47712125471966244
disinterestedness,0.30102999566398114
enrich,0.30102999566398114
ennoble,0.30102999566398114
dissents,0.47712125471966244
comtesse,0.47712125471966244
shrug,0.47712125471966244
offending,0.47712125471966244
poussin,0.47712125471966244
haiti,0.47712125471966244
biggest,0.47712125471966244
scoop,0.47712125471966244
denaro,0.47712125471966244
santit,0.47712125471966244
haitians,0.47712125471966244
jobbing,0.47712125471966244
bouillotte,0.47712125471966244
boston,0.47712125471966244
hors,0.47712125471966244
dissimilarity,0.30102999566398114
reform,0.17609125905568124
stockbrokers,0.47712125471966244
artlessness,0.47712125471966244
telegraphic,0.47712125471966244
gabrielle,0.47712125471966244
announces,0.47712125471966244
circulated,0.47712125471966244
neuf,0.47712125471966244
casual,0.30102999566398114
predict,0.30102999566398114
exclusion,0.30102999566398114
mannered,0.47712125471966244
valid,0.47712125471966244
tr,0.47712125471966244
accede,0.47712125471966244
adorable,0.47712125471966244
viscountess,0.47712125471966244
referendary,0.47712125471966244
creditably,0.47712125471966244
humph,0.47712125471966244
tiresome,0.30102999566398114
bartolomeo,0.47712125471966244
canto,0.47712125471966244
contino,0.47712125471966244
confides,0.47712125471966244
lasting,0.30102999566398114
mentor,0.47712125471966244
persists,0.47712125471966244
unpardonable,0.47712125471966244
aquit,0.47712125471966244
luccanese,0.47712125471966244
cavalcante,0.47712125471966244
surtouts,0.47712125471966244
popularity,0.47712125471966244
soles,0.47712125471966244
buckskin,0.47712125471966244
halter,0.47712125471966244
angular,0.47712125471966244
ushered,0.47712125471966244
patrician,0.30102999566398114
reformation,0.30102999566398114
perusal,0.47712125471966244
draft,0.47712125471966244
defray,0.47712125471966244
unpleasantly,0.30102999566398114
remit,0.47712125471966244
alicante,0.47712125471966244
sipping,0.47712125471966244
lachrymal,0.47712125471966244
gland,0.47712125471966244
moisten,0.47712125471966244
fiesole,0.47712125471966244
oliva,0.47712125471966244
corsinari,0.47712125471966244
perbacco,0.47712125471966244
validity,0.30102999566398114
legitimacy,0.47712125471966244
desirable,0.30102999566398114
peccato,0.47712125471966244
undeniably,0.47712125471966244
cattini,0.47712125471966244
saravezza,0.47712125471966244
marchesa,0.47712125471966244
thicken,0.47712125471966244
vogue,0.47712125471966244
reggio,0.47712125471966244
authorizes,0.47712125471966244
poem,0.30102999566398114
abductors,0.47712125471966244
turin,0.47712125471966244
chamb,0.47712125471966244
ry,0.47712125471966244
beauvoisin,0.47712125471966244
culture,0.17609125905568124
entitles,0.47712125471966244
adhere,0.30102999566398114
entitle,0.30102999566398114
reassurance,0.47712125471966244
hereditary,0.30102999566398114
kidnappers,0.47712125471966244
minor,0.30102999566398114
grammarians,0.47712125471966244
divulge,0.47712125471966244
mistrusts,0.47712125471966244
recited,0.30102999566398114
upstart,0.30102999566398114
counteract,0.47712125471966244
surety,0.47712125471966244
adviser,0.47712125471966244
disfigured,0.30102999566398114
austrians,0.47712125471966244
presentable,0.47712125471966244
feigning,0.30102999566398114
cleverly,0.30102999566398114
reunited,0.47712125471966244
denoted,0.30102999566398114
indefinable,0.30102999566398114
effrontery,0.47712125471966244
alluding,0.30102999566398114
writer,0.30102999566398114
gozzi,0.47712125471966244
nes,0.47712125471966244
marchese,0.47712125471966244
ferrea,0.47712125471966244
conformed,0.30102999566398114
dupe,0.47712125471966244
grieves,0.47712125471966244
deputes,0.47712125471966244
cramming,0.47712125471966244
patent,0.47712125471966244
ronique,0.47712125471966244
devedeux,0.47712125471966244
phaeton,0.47712125471966244
baptiste,0.47712125471966244
miscreants,0.47712125471966244
screened,0.47712125471966244
brunette,0.47712125471966244
unreserved,0.47712125471966244
disparaging,0.47712125471966244
suitors,0.30102999566398114
dislikes,0.30102999566398114
sabring,0.47712125471966244
bedouins,0.47712125471966244
unmarried,0.30102999566398114
grandmother,0.47712125471966244
reversion,0.47712125471966244
avaricious,0.30102999566398114
professes,0.30102999566398114
anterior,0.47712125471966244
reminiscence,0.30102999566398114
prophecy,0.30102999566398114
foretelling,0.47712125471966244
epitome,0.30102999566398114
eloquently,0.30102999566398114
meets,0.30102999566398114
introduces,0.30102999566398114
influencing,0.47712125471966244
diplomatically,0.47712125471966244
dictating,0.47712125471966244
extol,0.30102999566398114
embarrasses,0.47712125471966244
ostensible,0.47712125471966244
warms,0.47712125471966244
reciprocity,0.47712125471966244
conclusive,0.47712125471966244
inspirations,0.47712125471966244
provoking,0.30102999566398114
pretensions,0.47712125471966244
pranced,0.47712125471966244
accustoms,0.47712125471966244
littlest,0.47712125471966244
impassioned,0.47712125471966244
barrois,0.47712125471966244
paralytic,0.30102999566398114
casters,0.47712125471966244
dwells,0.30102999566398114
granddaughter,0.47712125471966244
untiring,0.47712125471966244
assiduity,0.47712125471966244
necessities,0.30102999566398114
conference,0.47712125471966244
preamble,0.30102999566398114
preclude,0.47712125471966244
qualification,0.30102999566398114
gainer,0.30102999566398114
perpetrators,0.30102999566398114
ruthlessly,0.47712125471966244
mastering,0.30102999566398114
enfeebled,0.47712125471966244
provoked,0.47712125471966244
heightened,0.30102999566398114
afflicts,0.47712125471966244
sympathize,0.30102999566398114
alphabet,0.30102999566398114
ni,0.47712125471966244
devising,0.30102999566398114
expedients,0.47712125471966244
perfected,0.30102999566398114
contradicted,0.30102999566398114
knitted,0.47712125471966244
disapprobation,0.47712125471966244
legally,0.47712125471966244
detriment,0.47712125471966244
wording,0.47712125471966244
wa,0.47712125471966244
publishing,0.47712125471966244
generality,0.47712125471966244
contested,0.47712125471966244
couched,0.47712125471966244
gradation,0.17609125905568124
interrogation,0.30102999566398114
interrogating,0.47712125471966244
scrip,0.47712125471966244
invested,0.30102999566398114
dissent,0.30102999566398114
residuary,0.47712125471966244
legatee,0.47712125471966244
inability,0.30102999566398114
inheritor,0.47712125471966244
notaries,0.47712125471966244
impaired,0.47712125471966244
connect,0.30102999566398114
disinherit,0.47712125471966244
repressing,0.47712125471966244
inward,0.30102999566398114
determines,0.30102999566398114
charitable,0.47712125471966244
subtract,0.47712125471966244
deschamps,0.47712125471966244
immaterial,0.47712125471966244
vexes,0.47712125471966244
inflicting,0.47712125471966244
parables,0.47712125471966244
mischievously,0.47712125471966244
relationship,0.30102999566398114
reverenced,0.30102999566398114
vents,0.47712125471966244
pecuniary,0.47712125471966244
deprivation,0.30102999566398114
whomever,0.47712125471966244
disinherits,0.47712125471966244
utopian,0.30102999566398114
renewal,0.47712125471966244
feuds,0.47712125471966244
applaud,0.30102999566398114
privations,0.47712125471966244
renouncing,0.47712125471966244
moderating,0.30102999566398114
discredit,0.30102999566398114
revocation,0.47712125471966244
counsellor,0.30102999566398114
sacrifices,0.30102999566398114
meritorious,0.47712125471966244
mused,0.47712125471966244
hillock,0.47712125471966244
sender,0.47712125471966244
sylphs,0.47712125471966244
gnomes,0.47712125471966244
fagged,0.47712125471966244
factions,0.30102999566398114
mover,0.47712125471966244
astronomer,0.30102999566398114
angler,0.47712125471966244
bellied,0.47712125471966244
chrysalis,0.47712125471966244
observatory,0.47712125471966244
unimpaired,0.30102999566398114
telegraphs,0.30102999566398114
natured,0.47712125471966244
duch,0.47712125471966244
montalivet,0.47712125471966244
bayonne,0.47712125471966244
mystified,0.47712125471966244
graphein,0.47712125471966244
tillon,0.47712125471966244
montlh,0.47712125471966244
redounding,0.47712125471966244
linas,0.47712125471966244
contrivance,0.47712125471966244
ivy,0.47712125471966244
likened,0.47712125471966244
grandchildren,0.30102999566398114
edged,0.47712125471966244
rubens,0.47712125471966244
flora,0.47712125471966244
goddess,0.30102999566398114
purer,0.30102999566398114
slug,0.47712125471966244
aphis,0.47712125471966244
humidity,0.47712125471966244
tank,0.47712125471966244
frog,0.47712125471966244
toad,0.47712125471966244
weed,0.47712125471966244
cacti,0.47712125471966244
rhododendrons,0.47712125471966244
jardini,0.47712125471966244
agriculture,0.17609125905568124
wheelbarrow,0.47712125471966244
grape,0.47712125471966244
simon,0.30102999566398114
greediness,0.47712125471966244
repents,0.47712125471966244
dial,0.47712125471966244
petronius,0.47712125471966244
dormouse,0.47712125471966244
apricots,0.47712125471966244
nectarine,0.47712125471966244
horticulturist,0.47712125471966244
spades,0.47712125471966244
rakes,0.47712125471966244
pitcher,0.47712125471966244
seeds,0.30102999566398114
botanist,0.47712125471966244
telegraphing,0.47712125471966244
holidays,0.47712125471966244
prune,0.47712125471966244
gardening,0.47712125471966244
scourges,0.30102999566398114
fined,0.47712125471966244
grafting,0.47712125471966244
signalling,0.47712125471966244
redoubles,0.30102999566398114
nectarines,0.47712125471966244
shares,0.30102999566398114
messager,0.47712125471966244
catalonian,0.47712125471966244
barcelona,0.47712125471966244
moniteur,0.47712125471966244
improperly,0.47712125471966244
outdone,0.47712125471966244
poplars,0.47712125471966244
foreground,0.47712125471966244
paving,0.30102999566398114
unrecognizable,0.47712125471966244
overseer,0.47712125471966244
antechambers,0.47712125471966244
staircases,0.47712125471966244
equipages,0.47712125471966244
encased,0.47712125471966244
neighs,0.47712125471966244
novels,0.47712125471966244
published,0.17609125905568124
conservatory,0.47712125471966244
jars,0.47712125471966244
greenhouse,0.47712125471966244
players,0.30102999566398114
knick,0.47712125471966244
knacks,0.47712125471966244
petting,0.47712125471966244
distanced,0.47712125471966244
arabians,0.47712125471966244
peristyle,0.47712125471966244
grimace,0.47712125471966244
marine,0.47712125471966244
manufactured,0.30102999566398114
manufacturers,0.47712125471966244
oven,0.47712125471966244
divers,0.30102999566398114
misshapen,0.47712125471966244
cactus,0.47712125471966244
recommend,0.47712125471966244
hobbema,0.47712125471966244
mieris,0.47712125471966244
gerard,0.47712125471966244
douw,0.47712125471966244
dyck,0.47712125471966244
zurbaran,0.47712125471966244
murillo,0.47712125471966244
criticising,0.47712125471966244
speculating,0.47712125471966244
dissimulate,0.47712125471966244
enceinte,0.47712125471966244
banquo,0.47712125471966244
tenacious,0.47712125471966244
overleap,0.47712125471966244
stiffness,0.47712125471966244
fairies,0.47712125471966244
apicius,0.47712125471966244
expend,0.47712125471966244
lorenzo,0.47712125471966244
medici,0.47712125471966244
superfluities,0.47712125471966244
pacifying,0.30102999566398114
sterlet,0.47712125471966244
lamprey,0.47712125471966244
sterlets,0.47712125471966244
volga,0.47712125471966244
fusaro,0.47712125471966244
lampreys,0.47712125471966244
cupitor,0.47712125471966244
impossibilium,0.47712125471966244
salmon,0.47712125471966244
casks,0.30102999566398114
aquatic,0.47712125471966244
mulus,0.47712125471966244
goldfish,0.47712125471966244
rainbow,0.30102999566398114
prismatic,0.47712125471966244
promptitude,0.47712125471966244
advertised,0.47712125471966244
elapse,0.47712125471966244
bribed,0.17609125905568124
ganges,0.47712125471966244
rarest,0.47712125471966244
boudoirs,0.47712125471966244
redecorated,0.47712125471966244
crayon,0.47712125471966244
dampness,0.47712125471966244
pisa,0.47712125471966244
ferrara,0.47712125471966244
tasso,0.47712125471966244
rimini,0.47712125471966244
francesca,0.47712125471966244
othello,0.47712125471966244
lucina,0.47712125471966244
dieu,0.47712125471966244
plantain,0.47712125471966244
stiffen,0.47712125471966244
exteriors,0.47712125471966244
infanticides,0.47712125471966244
innocently,0.47712125471966244
landau,0.47712125471966244
caricature,0.47712125471966244
absurdity,0.17609125905568124
dilating,0.47712125471966244
necked,0.47712125471966244
asset,0.47712125471966244
annually,0.47712125471966244
nil,0.47712125471966244
admirari,0.47712125471966244
trout,0.47712125471966244
independently,0.17609125905568124
separately,0.30102999566398114
scold,0.30102999566398114
sunburnt,0.30102999566398114
carbuncles,0.47712125471966244
interrogator,0.47712125471966244
intruder,0.30102999566398114
impudently,0.47712125471966244
var,0.47712125471966244
stockbroker,0.47712125471966244
beans,0.30102999566398114
degrade,0.30102999566398114
transact,0.47712125471966244
abolished,0.17609125905568124
napoleons,0.47712125471966244
honorably,0.47712125471966244
reputed,0.30102999566398114
inoffensively,0.47712125471966244
greatcoat,0.47712125471966244
boulevards,0.47712125471966244
volution,0.47712125471966244
hearths,0.47712125471966244
carrousel,0.47712125471966244
roch,0.47712125471966244
michodi,0.47712125471966244
inherent,0.30102999566398114
womanhood,0.30102999566398114
proprio,0.47712125471966244
motu,0.47712125471966244
caressed,0.47712125471966244
caress,0.47712125471966244
spaniel,0.47712125471966244
reseated,0.47712125471966244
quotations,0.30102999566398114
aggression,0.30102999566398114
nathan,0.47712125471966244
athalie,0.47712125471966244
transit,0.47712125471966244
impassibility,0.47712125471966244
pactolus,0.47712125471966244
demoustier,0.47712125471966244
riddles,0.30102999566398114
dinning,0.30102999566398114
jingling,0.47712125471966244
surprises,0.47712125471966244
liveliest,0.47712125471966244
haitian,0.47712125471966244
companies,0.47712125471966244
foreseen,0.30102999566398114
expulsion,0.30102999566398114
pocketed,0.47712125471966244
bidassoa,0.47712125471966244
expresses,0.30102999566398114
pocketing,0.47712125471966244
roulette,0.47712125471966244
wins,0.30102999566398114
loser,0.30102999566398114
baritone,0.47712125471966244
tre,0.47712125471966244
italien,0.47712125471966244
danseuse,0.47712125471966244
signifies,0.47712125471966244
gratis,0.47712125471966244
blacken,0.47712125471966244
speculate,0.47712125471966244
irregularities,0.47712125471966244
conjuring,0.30102999566398114
withheld,0.47712125471966244
bankrupts,0.47712125471966244
scandalous,0.30102999566398114
unsealing,0.47712125471966244
dispatches,0.47712125471966244
capitalist,0.30102999566398114
comet,0.47712125471966244
presages,0.47712125471966244
manfredi,0.47712125471966244
suspends,0.47712125471966244
unpaid,0.47712125471966244
stager,0.47712125471966244
magnetism,0.47712125471966244
speculates,0.47712125471966244
regulating,0.30102999566398114
compassionately,0.47712125471966244
assortments,0.47712125471966244
funded,0.47712125471966244
manufacturing,0.30102999566398114
viceroyalties,0.47712125471966244
locomotive,0.47712125471966244
magnified,0.30102999566398114
calculator,0.47712125471966244
nutrition,0.47712125471966244
galleons,0.47712125471966244
pioneers,0.47712125471966244
certainties,0.30102999566398114
mountebank,0.30102999566398114
pharaoh,0.47712125471966244
moons,0.47712125471966244
daubing,0.47712125471966244
bond,0.30102999566398114
stingy,0.47712125471966244
ultramontane,0.47712125471966244
misers,0.30102999566398114
fenzi,0.47712125471966244
unassuming,0.47712125471966244
jews,0.30102999566398114
noblemen,0.30102999566398114
podest,0.47712125471966244
condottieri,0.47712125471966244
lets,0.30102999566398114
shuffling,0.47712125471966244
bavarian,0.47712125471966244
peruvian,0.47712125471966244
dorado,0.47712125471966244
potos,0.47712125471966244
dieppe,0.47712125471966244
sardonic,0.47712125471966244
morcerfs,0.47712125471966244
mondego,0.47712125471966244
parvenus,0.47712125471966244
mazarine,0.47712125471966244
gu,0.47712125471966244
gaud,0.47712125471966244
bonnet,0.47712125471966244
dauphine,0.47712125471966244
pas,0.47712125471966244
perdus,0.47712125471966244
reclose,0.47712125471966244
notoriety,0.47712125471966244
ennobles,0.47712125471966244
specious,0.30102999566398114
flushing,0.47712125471966244
sa,0.47712125471966244
tenant,0.47712125471966244
cancelling,0.47712125471966244
resilition,0.47712125471966244
annulled,0.47712125471966244
railings,0.47712125471966244
skeletons,0.47712125471966244
mow,0.47712125471966244
stabbed,0.47712125471966244
laburnum,0.47712125471966244
rockery,0.47712125471966244
encumbers,0.47712125471966244
foundling,0.30102999566398114
dramatist,0.47712125471966244
novel,0.30102999566398114
urges,0.30102999566398114
urgency,0.47712125471966244
frivolity,0.47712125471966244
invariable,0.30102999566398114
martyrdom,0.47712125471966244
spouse,0.47712125471966244
verses,0.30102999566398114
witty,0.30102999566398114
mab,0.47712125471966244
titania,0.47712125471966244
marl,0.47712125471966244
fossin,0.47712125471966244
shines,0.30102999566398114
worldling,0.47712125471966244
perceives,0.30102999566398114
revoltingly,0.47712125471966244
foppish,0.47712125471966244
retract,0.30102999566398114
hatchet,0.47712125471966244
messieurs,0.47712125471966244
challenging,0.47712125471966244
unsolved,0.47712125471966244
imagines,0.30102999566398114
suppositions,0.30102999566398114
aguesseau,0.47712125471966244
indiscreetly,0.47712125471966244
repute,0.47712125471966244
strictest,0.30102999566398114
storied,0.47712125471966244
sulpice,0.47712125471966244
wainscoted,0.47712125471966244
timepiece,0.47712125471966244
theological,0.30102999566398114
utrecht,0.47712125471966244
prie,0.47712125471966244
tourists,0.47712125471966244
rou,0.47712125471966244
rapping,0.47712125471966244
monk,0.47712125471966244
cowl,0.47712125471966244
fulfils,0.47712125471966244
envoy,0.47712125471966244
zaccone,0.47712125471966244
affable,0.47712125471966244
territorial,0.47712125471966244
lutheran,0.47712125471966244
jesus,0.30102999566398114
testimonials,0.47712125471966244
monarchs,0.47712125471966244
destroyers,0.30102999566398114
quaker,0.47712125471966244
pisani,0.47712125471966244
institution,0.30102999566398114
almsgiver,0.47712125471966244
unchangeable,0.30102999566398114
cupid,0.47712125471966244
engraving,0.47712125471966244
belisarius,0.47712125471966244
grayish,0.47712125471966244
kerseymere,0.47712125471966244
straps,0.47712125471966244
idiom,0.47712125471966244
aw,0.47712125471966244
hulks,0.47712125471966244
thessaly,0.47712125471966244
navarino,0.47712125471966244
consolidated,0.47712125471966244
otho,0.47712125471966244
physicist,0.47712125471966244
telegraphy,0.47712125471966244
miser,0.30102999566398114
mineral,0.47712125471966244
bagn,0.47712125471966244
luchon,0.47712125471966244
cauterets,0.47712125471966244
badhaus,0.47712125471966244
contiguous,0.47712125471966244
discomfiture,0.47712125471966244
redness,0.47712125471966244
feud,0.47712125471966244
undecided,0.30102999566398114
copying,0.47712125471966244
myosotis,0.47712125471966244
elssler,0.47712125471966244
boiteux,0.47712125471966244
ecstasies,0.30102999566398114
cachucha,0.47712125471966244
unexceptional,0.47712125471966244
unornamented,0.47712125471966244
geniuses,0.47712125471966244
institute,0.47712125471966244
academicians,0.47712125471966244
academician,0.47712125471966244
thrusts,0.30102999566398114
madder,0.30102999566398114
punches,0.47712125471966244
spinal,0.47712125471966244
whalebone,0.47712125471966244
punched,0.47712125471966244
opponents,0.17609125905568124
peerage,0.47712125471966244
operas,0.47712125471966244
cle,0.47712125471966244
royalty,0.47712125471966244
franck,0.47712125471966244
poulmann,0.47712125471966244
frankfurt,0.47712125471966244
courier,0.47712125471966244
salver,0.47712125471966244
jessamine,0.47712125471966244
talkers,0.47712125471966244
partant,0.47712125471966244
syrie,0.47712125471966244
lindens,0.47712125471966244
gauze,0.47712125471966244
muscatel,0.47712125471966244
reproof,0.47712125471966244
inordinate,0.47712125471966244
beholds,0.30102999566398114
eminences,0.47712125471966244
perilously,0.47712125471966244
laboriously,0.47712125471966244
erwhelm,0.47712125471966244
phosphoric,0.47712125471966244
discoverer,0.47712125471966244
unannounced,0.47712125471966244
preface,0.47712125471966244
unwell,0.30102999566398114
throbbed,0.47712125471966244
relaxes,0.47712125471966244
grandmamma,0.47712125471966244
heartwrung,0.47712125471966244
orangeade,0.47712125471966244
beverage,0.47712125471966244
circumlocution,0.47712125471966244
dissensions,0.47712125471966244
coincide,0.30102999566398114
discrediting,0.47712125471966244
extraction,0.47712125471966244
consumptive,0.47712125471966244
avrigny,0.47712125471966244
antoinette,0.47712125471966244
incapability,0.47712125471966244
hallucinations,0.47712125471966244
presentiments,0.47712125471966244
goaded,0.30102999566398114
admires,0.47712125471966244
pretends,0.30102999566398114
decrees,0.47712125471966244
heighten,0.47712125471966244
gambler,0.47712125471966244
entwined,0.47712125471966244
justification,0.30102999566398114
signing,0.47712125471966244
billet,0.47712125471966244
roule,0.47712125471966244
ladders,0.47712125471966244
clover,0.47712125471966244
rectified,0.47712125471966244
alternations,0.47712125471966244
interruptions,0.30102999566398114
sycamore,0.47712125471966244
tetanus,0.47712125471966244
spasms,0.47712125471966244
excitation,0.47712125471966244
harbored,0.47712125471966244
conscientious,0.47712125471966244
errare,0.47712125471966244
humanum,0.47712125471966244
imputed,0.47712125471966244
nightlamp,0.47712125471966244
magdalen,0.47712125471966244
correggio,0.47712125471966244
safeguard,0.30102999566398114
austere,0.47712125471966244
interrogative,0.30102999566398114
coloring,0.47712125471966244
burdens,0.47712125471966244
giants,0.30102999566398114
docility,0.47712125471966244
coaches,0.47712125471966244
pini,0.47712125471966244
dignitaries,0.47712125471966244
funerals,0.47712125471966244
hearse,0.47712125471966244
pomp,0.30102999566398114
devotees,0.47712125471966244
conventionalist,0.47712125471966244
considers,0.30102999566398114
amiability,0.47712125471966244
accost,0.47712125471966244
tacitly,0.47712125471966244
mausoleum,0.47712125471966244
voltaire,0.47712125471966244
piron,0.47712125471966244
eo,0.47712125471966244
rus,0.47712125471966244
unbearable,0.47712125471966244
associating,0.47712125471966244
thrift,0.47712125471966244
labels,0.47712125471966244
bronze,0.47712125471966244
loungers,0.47712125471966244
picnic,0.47712125471966244
trestles,0.47712125471966244
crypt,0.47712125471966244
forboded,0.47712125471966244
bequeaths,0.30102999566398114
beauveau,0.47712125471966244
adhering,0.47712125471966244
apprise,0.47712125471966244
alienate,0.47712125471966244
alienated,0.47712125471966244
null,0.47712125471966244
incapacitate,0.47712125471966244
nortier,0.47712125471966244
durand,0.47712125471966244
untied,0.47712125471966244
undersigned,0.47712125471966244
beaurepaire,0.47712125471966244
tienne,0.47712125471966244
duchampy,0.47712125471966244
brigade,0.47712125471966244
claude,0.47712125471966244
lecharpal,0.47712125471966244
recommending,0.47712125471966244
flavien,0.47712125471966244
dynasty,0.47712125471966244
councillor,0.47712125471966244
explicitly,0.47712125471966244
constrain,0.47712125471966244
enroll,0.47712125471966244
twofold,0.30102999566398114
conceding,0.47712125471966244
allegiance,0.47712125471966244
rashness,0.47712125471966244
disavowing,0.47712125471966244
resorting,0.47712125471966244
bandaging,0.47712125471966244
ormes,0.47712125471966244
hoarfrost,0.47712125471966244
barge,0.47712125471966244
swordsmen,0.47712125471966244
onset,0.47712125471966244
calming,0.47712125471966244
unbuttoning,0.47712125471966244
infringement,0.47712125471966244
scars,0.47712125471966244
gaming,0.47712125471966244
courtiers,0.47712125471966244
quarries,0.47712125471966244
delightfully,0.47712125471966244
goethe,0.30102999566398114
satirical,0.30102999566398114
minerva,0.47712125471966244
sappho,0.47712125471966244
tableaux,0.47712125471966244
vivants,0.47712125471966244
antonia,0.47712125471966244
cremona,0.47712125471966244
sanctum,0.47712125471966244
simulating,0.47712125471966244
claudius,0.47712125471966244
mourned,0.47712125471966244
democrat,0.30102999566398114
tenor,0.30102999566398114
soprano,0.47712125471966244
thalberg,0.47712125471966244
cavatina,0.47712125471966244
ti,0.47712125471966244
bravi,0.47712125471966244
brava,0.47712125471966244
musicians,0.30102999566398114
annoys,0.47712125471966244
puritan,0.30102999566398114
barbarism,0.17609125905568124
megalomaniac,0.47712125471966244
mocker,0.47712125471966244
parodying,0.30102999566398114
spoons,0.47712125471966244
sprightly,0.47712125471966244
cameo,0.47712125471966244
massacre,0.47712125471966244
bartholomew,0.47712125471966244
installation,0.47712125471966244
patronize,0.47712125471966244
repulsed,0.47712125471966244
wounding,0.47712125471966244
sheathe,0.47712125471966244
cajolery,0.47712125471966244
suspects,0.47712125471966244
congo,0.47712125471966244
initiated,0.30102999566398114
tray,0.47712125471966244
repasts,0.47712125471966244
wealthier,0.47712125471966244
concludes,0.47712125471966244
albania,0.47712125471966244
chastity,0.30102999566398114
countrywomen,0.47712125471966244
claire,0.47712125471966244
marie,0.47712125471966244
dionysius,0.30102999566398114
enjoin,0.30102999566398114
vasiliki,0.47712125471966244
silks,0.47712125471966244
plato,0.30102999566398114
fluently,0.30102999566398114
interdicted,0.30102999566398114
salvers,0.47712125471966244
sherbet,0.47712125471966244
signora,0.47712125471966244
omnibuses,0.47712125471966244
tinkling,0.47712125471966244
converses,0.47712125471966244
forgets,0.30102999566398114
veils,0.30102999566398114
solicit,0.47712125471966244
alms,0.17609125905568124
lendeth,0.47712125471966244
scimitar,0.30102999566398114
actress,0.47712125471966244
purses,0.17609125905568124
selim,0.47712125471966244
supernaturally,0.47712125471966244
pythoness,0.47712125471966244
evoking,0.47712125471966244
kiosk,0.47712125471966244
palikares,0.47712125471966244
rowers,0.47712125471966244
seraskier,0.47712125471966244
kourchid,0.47712125471966244
kataphygion,0.47712125471966244
bathing,0.47712125471966244
slowmatch,0.47712125471966244
tenure,0.30102999566398114
lichens,0.47712125471966244
firman,0.47712125471966244
inauspicious,0.47712125471966244
iced,0.47712125471966244
anointed,0.30102999566398114
lattice,0.47712125471966244
cartridges,0.47712125471966244
vizier,0.47712125471966244
contemplating,0.30102999566398114
dionysus,0.47712125471966244
crete,0.30102999566398114
undaunted,0.47712125471966244
despatching,0.47712125471966244
prostrated,0.30102999566398114
crater,0.47712125471966244
heartrending,0.47712125471966244
poniards,0.47712125471966244
pervading,0.47712125471966244
armenian,0.47712125471966244
mahmoud,0.47712125471966244
disclosures,0.47712125471966244
rudeness,0.47712125471966244
communications,0.30102999566398114
concise,0.47712125471966244
irrefragable,0.47712125471966244
laird,0.47712125471966244
ravenswood,0.47712125471966244
worshiped,0.47712125471966244
consistently,0.30102999566398114
stickler,0.47712125471966244
rites,0.30102999566398114
remodel,0.47712125471966244
humbled,0.30102999566398114
plighted,0.47712125471966244
allying,0.47712125471966244
ebullition,0.47712125471966244
evincing,0.47712125471966244
failings,0.47712125471966244
implies,0.30102999566398114
slander,0.30102999566398114
injures,0.47712125471966244
impartial,0.17609125905568124
jottings,0.47712125471966244
miscellaneous,0.47712125471966244
veuves,0.47712125471966244
gosset,0.47712125471966244
philip,0.47712125471966244
loads,0.47712125471966244
induces,0.17609125905568124
droll,0.47712125471966244
aces,0.47712125471966244
fives,0.47712125471966244
sevens,0.47712125471966244
eights,0.47712125471966244
nines,0.47712125471966244
tens,0.47712125471966244
distances,0.30102999566398114
calumny,0.47712125471966244
meanness,0.17609125905568124
rake,0.47712125471966244
retracting,0.47712125471966244
retractation,0.47712125471966244
harebrained,0.47712125471966244
advising,0.30102999566398114
immemorial,0.30102999566398114
geranium,0.47712125471966244
implicates,0.47712125471966244
badges,0.47712125471966244
identifies,0.30102999566398114
modifications,0.47712125471966244
contradicting,0.30102999566398114
skilled,0.30102999566398114
affirmed,0.30102999566398114
amicable,0.47712125471966244
constituted,0.30102999566398114
vented,0.47712125471966244
switching,0.47712125471966244
lashing,0.47712125471966244
triangle,0.30102999566398114
lends,0.47712125471966244
dispensed,0.30102999566398114
timely,0.47712125471966244
imposes,0.30102999566398114
coveting,0.47712125471966244
dregs,0.30102999566398114
adieux,0.47712125471966244
agonized,0.47712125471966244
eluding,0.47712125471966244
ether,0.47712125471966244
turpentine,0.47712125471966244
emetic,0.30102999566398114
cramps,0.47712125471966244
drowsiness,0.47712125471966244
immovably,0.47712125471966244
inflate,0.47712125471966244
vomit,0.47712125471966244
yawn,0.30102999566398114
jawbones,0.47712125471966244
bloodshot,0.47712125471966244
pantry,0.47712125471966244
syrup,0.47712125471966244
harping,0.47712125471966244
litmus,0.47712125471966244
acid,0.47712125471966244
spoonfuls,0.47712125471966244
sediment,0.47712125471966244
opal,0.47712125471966244
raps,0.47712125471966244
monstrosities,0.47712125471966244
agrippina,0.47712125471966244
sullied,0.47712125471966244
brunhilda,0.47712125471966244
fredegund,0.47712125471966244
jurisprudence,0.30102999566398114
ant,0.47712125471966244
polonius,0.47712125471966244
agrees,0.30102999566398114
circumspection,0.47712125471966244
corpses,0.47712125471966244
suffocating,0.47712125471966244
sedentary,0.47712125471966244
testifying,0.47712125471966244
inauspiciously,0.47712125471966244
anxieties,0.47712125471966244
establishing,0.30102999566398114
gloss,0.47712125471966244
correcting,0.30102999566398114
leonora,0.47712125471966244
inconceivably,0.47712125471966244
cheval,0.47712125471966244
rouge,0.47712125471966244
picpus,0.47712125471966244
nilmontant,0.47712125471966244
fruiteress,0.47712125471966244
pailletin,0.47712125471966244
musk,0.47712125471966244
cloves,0.47712125471966244
pan,0.30102999566398114
relished,0.47712125471966244
peeling,0.47712125471966244
onions,0.47712125471966244
temperedly,0.47712125471966244
sententiously,0.47712125471966244
glands,0.47712125471966244
overpowers,0.30102999566398114
codicils,0.47712125471966244
pilchards,0.47712125471966244
butter,0.47712125471966244
vine,0.30102999566398114
economize,0.47712125471966244
cultivate,0.47712125471966244
mio,0.47712125471966244
marred,0.30102999566398114
livelihood,0.17609125905568124
christmas,0.47712125471966244
brussels,0.47712125471966244
covetous,0.30102999566398114
feeds,0.30102999566398114
germ,0.30102999566398114
dryly,0.47712125471966244
retaken,0.47712125471966244
bastards,0.30102999566398114
codicil,0.47712125471966244
acknowledges,0.30102999566398114
cascades,0.47712125471966244
polisher,0.47712125471966244
catches,0.30102999566398114
exhibition,0.30102999566398114
rectangle,0.47712125471966244
extortion,0.47712125471966244
confiteor,0.47712125471966244
huret,0.47712125471966244
fichet,0.47712125471966244
revised,0.47712125471966244
sloop,0.47712125471966244
fiesco,0.47712125471966244
moor,0.47712125471966244
denying,0.30102999566398114
contests,0.30102999566398114
forsooth,0.47712125471966244
assemble,0.47712125471966244
disarranging,0.47712125471966244
staple,0.47712125471966244
crust,0.47712125471966244
hatchets,0.47712125471966244
invalides,0.47712125471966244
doleful,0.47712125471966244
vibration,0.47712125471966244
practised,0.30102999566398114
pane,0.47712125471966244
staples,0.47712125471966244
nightingales,0.47712125471966244
grind,0.47712125471966244
grinder,0.47712125471966244
picklock,0.47712125471966244
reverend,0.30102999566398114
pitilessly,0.30102999566398114
pshaw,0.47712125471966244
johannes,0.47712125471966244
mandrier,0.47712125471966244
nap,0.47712125471966244
fetters,0.17609125905568124
protestation,0.47712125471966244
factitious,0.47712125471966244
abettor,0.47712125471966244
blunted,0.30102999566398114
dislocated,0.47712125471966244
restrains,0.47712125471966244
stroking,0.47712125471966244
fleshy,0.47712125471966244
felon,0.47712125471966244
suffices,0.30102999566398114
coping,0.30102999566398114
astride,0.47712125471966244
waylaid,0.47712125471966244
ebbing,0.47712125471966244
posthumous,0.47712125471966244
sloth,0.47712125471966244
unhoped,0.47712125471966244
dost,0.47712125471966244
registry,0.47712125471966244
morgue,0.47712125471966244
diligent,0.30102999566398114
matrimony,0.30102999566398114
attributing,0.30102999566398114
facilitate,0.30102999566398114
visa,0.47712125471966244
delvino,0.47712125471966244
attestation,0.47712125471966244
recollecting,0.47712125471966244
attestations,0.47712125471966244
forsook,0.47712125471966244
undue,0.47712125471966244
interrogates,0.47712125471966244
comforters,0.47712125471966244
misunderstand,0.47712125471966244
renown,0.30102999566398114
purveyor,0.30102999566398114
deo,0.47712125471966244
ignoto,0.47712125471966244
pilate,0.47712125471966244
impresari,0.47712125471966244
director,0.30102999566398114
recollects,0.47712125471966244
augustus,0.47712125471966244
amphitrite,0.47712125471966244
britzka,0.47712125471966244
borromean,0.47712125471966244
fickle,0.47712125471966244
francis,0.47712125471966244
refinements,0.30102999566398114
prodigy,0.47712125471966244
pontoise,0.47712125471966244
manes,0.47712125471966244
simoom,0.47712125471966244
refill,0.47712125471966244
bastinado,0.47712125471966244
accounting,0.47712125471966244
deceptive,0.47712125471966244
degrading,0.30102999566398114
regeneration,0.47712125471966244
piscatory,0.47712125471966244
designing,0.47712125471966244
disagreeably,0.47712125471966244
florentin,0.47712125471966244
lame,0.30102999566398114
veined,0.47712125471966244
password,0.47712125471966244
deriving,0.30102999566398114
usher,0.47712125471966244
publisher,0.47712125471966244
professing,0.30102999566398114
beet,0.47712125471966244
defamation,0.47712125471966244
scandalize,0.47712125471966244
array,0.30102999566398114
accusatory,0.47712125471966244
comments,0.47712125471966244
substantiated,0.47712125471966244
haughtiness,0.47712125471966244
talented,0.47712125471966244
defamatory,0.47712125471966244
tribune,0.47712125471966244
orator,0.30102999566398114
calumnious,0.47712125471966244
timidity,0.47712125471966244
conciliated,0.47712125471966244
repel,0.30102999566398114
bends,0.47712125471966244
liberals,0.47712125471966244
convincing,0.30102999566398114
macedonia,0.47712125471966244
eyewitness,0.30102999566398114
brilliancy,0.47712125471966244
satchel,0.47712125471966244
primate,0.47712125471966244
kobbir,0.47712125471966244
imputations,0.30102999566398114
translator,0.30102999566398114
transmission,0.47712125471966244
hegira,0.47712125471966244
affixed,0.47712125471966244
counselled,0.47712125471966244
periodical,0.30102999566398114
granting,0.30102999566398114
spear,0.30102999566398114
defending,0.30102999566398114
disarm,0.47712125471966244
felony,0.47712125471966244
unbecoming,0.30102999566398114
majestically,0.47712125471966244
councillors,0.47712125471966244
vaugirard,0.47712125471966244
calumniator,0.47712125471966244
hypocritically,0.30102999566398114
baseness,0.30102999566398114
implicate,0.47712125471966244
insinuations,0.47712125471966244
espoused,0.30102999566398114
conciliate,0.47712125471966244
obliges,0.47712125471966244
discomposed,0.30102999566398114
assigning,0.30102999566398114
characterize,0.30102999566398114
altercation,0.47712125471966244
perfidy,0.47712125471966244
exasperates,0.47712125471966244
adorably,0.47712125471966244
duprez,0.47712125471966244
mathilde,0.47712125471966244
idole,0.47712125471966244
rap,0.47712125471966244
apologize,0.47712125471966244
guaranties,0.47712125471966244
guaranty,0.47712125471966244
colonies,0.17609125905568124
braggadocio,0.47712125471966244
barbarisms,0.47712125471966244
suivez,0.47712125471966244
moi,0.47712125471966244
sportsmen,0.47712125471966244
parquet,0.47712125471966244
punishes,0.30102999566398114
adoption,0.47712125471966244
stipendiary,0.47712125471966244
avenger,0.47712125471966244
ophir,0.47712125471966244
fertilized,0.47712125471966244
chaos,0.30102999566398114
snuffed,0.47712125471966244
slumbered,0.30102999566398114
propitious,0.47712125471966244
fatalist,0.47712125471966244
believer,0.30102999566398114
exaggerating,0.30102999566398114
justifiable,0.47712125471966244
uncertainties,0.47712125471966244
mar,0.47712125471966244
legacies,0.47712125471966244
tortoni,0.47712125471966244
swordsman,0.47712125471966244
dexterous,0.47712125471966244
buckshot,0.47712125471966244
conceded,0.47712125471966244
philippi,0.47712125471966244
considerately,0.47712125471966244
disengaged,0.30102999566398114
affably,0.47712125471966244
avenues,0.47712125471966244
revenging,0.47712125471966244
infallibility,0.47712125471966244
dishonorably,0.47712125471966244
yaninas,0.47712125471966244
chivalric,0.47712125471966244
hague,0.47712125471966244
forsworn,0.47712125471966244
unfastening,0.47712125471966244
artistic,0.30102999566398114
bronzes,0.47712125471966244
feuch,0.47712125471966244
barye,0.47712125471966244
inventory,0.47712125471966244
prancing,0.47712125471966244
laces,0.47712125471966244
dictates,0.47712125471966244
herrera,0.47712125471966244
ceaseless,0.30102999566398114
promote,0.30102999566398114
ungenerous,0.47712125471966244
marigny,0.47712125471966244
drought,0.30102999566398114
elate,0.47712125471966244
throb,0.47712125471966244
constricted,0.47712125471966244
authorized,0.30102999566398114
articulating,0.47712125471966244
procures,0.47712125471966244
fernands,0.47712125471966244
coverings,0.47712125471966244
lamentable,0.47712125471966244
alcove,0.47712125471966244
crazed,0.47712125471966244
footstool,0.47712125471966244
panacea,0.47712125471966244
devotedness,0.47712125471966244
sugared,0.47712125471966244
glassful,0.47712125471966244
translation,0.17609125905568124
housemaid,0.47712125471966244
translating,0.30102999566398114
ducks,0.47712125471966244
preludes,0.47712125471966244
contagious,0.47712125471966244
keenness,0.30102999566398114
timidities,0.47712125471966244
artless,0.47712125471966244
toppled,0.47712125471966244
giddiness,0.30102999566398114
stimulate,0.30102999566398114
tardiness,0.47712125471966244
resound,0.47712125471966244
matignon,0.47712125471966244
impels,0.47712125471966244
constrains,0.47712125471966244
exterminating,0.47712125471966244
vehmgericht,0.47712125471966244
tribunals,0.47712125471966244
sterne,0.47712125471966244
atreidae,0.47712125471966244
algeria,0.47712125471966244
tortuous,0.47712125471966244
privately,0.30102999566398114
fanny,0.47712125471966244
diviner,0.30102999566398114
accustoming,0.30102999566398114
neutralize,0.47712125471966244
deviates,0.47712125471966244
unsafe,0.47712125471966244
carpenters,0.30102999566398114
masons,0.47712125471966244
toilette,0.47712125471966244
performing,0.30102999566398114
chronic,0.47712125471966244
cashbooks,0.47712125471966244
fortresses,0.47712125471966244
quantities,0.30102999566398114
rural,0.30102999566398114
pastorals,0.47712125471966244
pointedness,0.47712125471966244
passiveness,0.47712125471966244
observable,0.47712125471966244
schoolgirl,0.47712125471966244
encumber,0.47712125471966244
aphorisms,0.47712125471966244
drus,0.47712125471966244
bias,0.30102999566398114
shipwreck,0.30102999566398114
encumbrance,0.47712125471966244
expands,0.47712125471966244
disputed,0.30102999566398114
impute,0.30102999566398114
imbibe,0.47712125471966244
animates,0.47712125471966244
logician,0.30102999566398114
pasta,0.47712125471966244
grisi,0.47712125471966244
sour,0.47712125471966244
prodigality,0.47712125471966244
acclamations,0.47712125471966244
supersedes,0.47712125471966244
fostered,0.47712125471966244
professedly,0.47712125471966244
accelerate,0.47712125471966244
unrelenting,0.47712125471966244
industrial,0.17609125905568124
deluded,0.30102999566398114
mississippi,0.47712125471966244
millionth,0.47712125471966244
ohio,0.47712125471966244
mortgage,0.47712125471966244
disgraceful,0.30102999566398114
gulfs,0.47712125471966244
brabantio,0.47712125471966244
pawing,0.47712125471966244
doorsteps,0.47712125471966244
charmingly,0.30102999566398114
tow,0.47712125471966244
contracting,0.47712125471966244
dorante,0.47712125471966244
alceste,0.47712125471966244
perfidious,0.47712125471966244
arousing,0.30102999566398114
aspects,0.30102999566398114
seraglio,0.47712125471966244
stylishly,0.47712125471966244
appoint,0.30102999566398114
trebling,0.47712125471966244
initiative,0.30102999566398114
sympathized,0.47712125471966244
butterflies,0.47712125471966244
drones,0.30102999566398114
mouldings,0.47712125471966244
unaccompanied,0.47712125471966244
taxation,0.17609125905568124
turquoises,0.47712125471966244
opals,0.47712125471966244
ugliest,0.47712125471966244
turban,0.47712125471966244
agitate,0.47712125471966244
endymion,0.47712125471966244
expansive,0.47712125471966244
scrawled,0.47712125471966244
boileau,0.47712125471966244
nergique,0.47712125471966244
delusions,0.47712125471966244
outvie,0.47712125471966244
senior,0.47712125471966244
vexatious,0.47712125471966244
forebode,0.47712125471966244
deciphering,0.47712125471966244
floorkeepers,0.47712125471966244
rens,0.47712125471966244
quem,0.47712125471966244
devoret,0.47712125471966244
girded,0.47712125471966244
consciences,0.47712125471966244
commissioner,0.47712125471966244
cholera,0.47712125471966244
morbus,0.47712125471966244
condolences,0.47712125471966244
closeted,0.47712125471966244
inseparable,0.30102999566398114
butlers,0.47712125471966244
directors,0.47712125471966244
lombardy,0.47712125471966244
canals,0.47712125471966244
princesses,0.47712125471966244
amazon,0.47712125471966244
omphale,0.47712125471966244
wadded,0.47712125471966244
braids,0.47712125471966244
li,0.47712125471966244
gothard,0.47712125471966244
contralto,0.47712125471966244
victoire,0.47712125471966244
judith,0.47712125471966244
delilah,0.47712125471966244
shutter,0.47712125471966244
laundress,0.47712125471966244
strap,0.47712125471966244
extenuating,0.47712125471966244
villette,0.47712125471966244
inopportunely,0.47712125471966244
trousseau,0.47712125471966244
caskets,0.47712125471966244
shawls,0.47712125471966244
valenciennes,0.47712125471966244
corbeille,0.47712125471966244
gladiator,0.47712125471966244
spartan,0.30102999566398114
fayette,0.47712125471966244
enshrouded,0.47712125471966244
poissonni,0.47712125471966244
fares,0.47712125471966244
louvres,0.47712125471966244
sweetened,0.47712125471966244
serval,0.47712125471966244
bourget,0.47712125471966244
hop,0.47712125471966244
pla,0.47712125471966244
cabriolets,0.47712125471966244
tenths,0.17609125905568124
lusty,0.47712125471966244
oise,0.47712125471966244
moat,0.47712125471966244
topcoat,0.47712125471966244
mortefontaine,0.47712125471966244
senlis,0.47712125471966244
compi,0.47712125471966244
gne,0.47712125471966244
maul,0.47712125471966244
dominique,0.47712125471966244
concluding,0.30102999566398114
chantilly,0.47712125471966244
twining,0.47712125471966244
prettiest,0.47712125471966244
woodcutter,0.47712125471966244
woodman,0.47712125471966244
embrowned,0.47712125471966244
misadventures,0.47712125471966244
unclasped,0.47712125471966244
predominating,0.47712125471966244
blocking,0.47712125471966244
dishonest,0.30102999566398114
gymnastic,0.30102999566398114
achilles,0.30102999566398114
deidamia,0.47712125471966244
reinforced,0.47712125471966244
endeavors,0.47712125471966244
commissaries,0.47712125471966244
triply,0.47712125471966244
closets,0.47712125471966244
sixteenth,0.17609125905568124
villers,0.47712125471966244
coterets,0.47712125471966244
noyon,0.47712125471966244
functionary,0.47712125471966244
brigadiers,0.47712125471966244
gendarmerie,0.47712125471966244
needlessly,0.47712125471966244
bedclothes,0.47712125471966244
fuss,0.30102999566398114
sneers,0.47712125471966244
flandre,0.47712125471966244
incarcerated,0.47712125471966244
conciergerie,0.47712125471966244
ridding,0.47712125471966244
dissension,0.30102999566398114
classed,0.47712125471966244
fourths,0.30102999566398114
repelling,0.47712125471966244
grisettes,0.47712125471966244
satire,0.30102999566398114
disgraced,0.47712125471966244
supplicate,0.47712125471966244
lazaretto,0.47712125471966244
gravestone,0.47712125471966244
tradesman,0.47712125471966244
magnify,0.30102999566398114
underlings,0.47712125471966244
impostor,0.30102999566398114
extenuate,0.47712125471966244
vindictively,0.47712125471966244
forgery,0.47712125471966244
siren,0.30102999566398114
pardonable,0.47712125471966244
robberies,0.47712125471966244
arson,0.47712125471966244
session,0.47712125471966244
courts,0.30102999566398114
somnolence,0.47712125471966244
alabaster,0.47712125471966244
maze,0.47712125471966244
reviewing,0.47712125471966244
storing,0.47712125471966244
reproducing,0.47712125471966244
apparitions,0.30102999566398114
detach,0.47712125471966244
transparency,0.47712125471966244
dissolving,0.47712125471966244
healthful,0.47712125471966244
circulate,0.30102999566398114
neutralized,0.47712125471966244
beverages,0.47712125471966244
fortifying,0.47712125471966244
feign,0.47712125471966244
slower,0.30102999566398114
inefficacy,0.47712125471966244
withdrawal,0.47712125471966244
alcohol,0.47712125471966244
unsuspicious,0.47712125471966244
ripening,0.47712125471966244
plots,0.30102999566398114
pulsations,0.47712125471966244
pastille,0.47712125471966244
flickerings,0.47712125471966244
hireling,0.30102999566398114
lightening,0.47712125471966244
nitric,0.47712125471966244
unveiling,0.47712125471966244
engrossing,0.30102999566398114
supplying,0.30102999566398114
epilepsy,0.47712125471966244
pores,0.47712125471966244
ministrations,0.47712125471966244
commits,0.47712125471966244
assassinates,0.47712125471966244
distinctness,0.30102999566398114
rave,0.47712125471966244
interlocutor,0.47712125471966244
inexpressibly,0.47712125471966244
clashed,0.47712125471966244
quill,0.47712125471966244
thirsts,0.30102999566398114
conjures,0.47712125471966244
disengaging,0.30102999566398114
mayoralty,0.47712125471966244
unclosed,0.47712125471966244
chloride,0.47712125471966244
lime,0.47712125471966244
undertakers,0.47712125471966244
contradiction,0.17609125905568124
stun,0.47712125471966244
crape,0.47712125471966244
puritanical,0.47712125471966244
endurable,0.30102999566398114
mitigates,0.47712125471966244
efficacy,0.47712125471966244
demolish,0.47712125471966244
cr,0.47712125471966244
sus,0.47712125471966244
wrested,0.30102999566398114
transacting,0.47712125471966244
nervously,0.47712125471966244
receiver,0.30102999566398114
charities,0.47712125471966244
widows,0.47712125471966244
depute,0.47712125471966244
checks,0.47712125471966244
credits,0.47712125471966244
hospitals,0.47712125471966244
guiltily,0.47712125471966244
retires,0.30102999566398114
deficiency,0.30102999566398114
notified,0.47712125471966244
nun,0.47712125471966244
macaire,0.47712125471966244
rick,0.47712125471966244
wended,0.47712125471966244
chilliness,0.47712125471966244
metropolis,0.47712125471966244
chant,0.47712125471966244
ab,0.47712125471966244
lard,0.47712125471966244
premature,0.47712125471966244
quoting,0.30102999566398114
stanzas,0.47712125471966244
malherbe,0.47712125471966244
rier,0.47712125471966244
roquette,0.47712125471966244
panelled,0.47712125471966244
intruded,0.47712125471966244
enact,0.30102999566398114
maniacal,0.47712125471966244
revulsion,0.47712125471966244
relax,0.30102999566398114
incense,0.30102999566398114
dewdrops,0.47712125471966244
wield,0.30102999566398114
agencies,0.30102999566398114
honeyed,0.30102999566398114
curing,0.47712125471966244
deadliest,0.47712125471966244
pr,0.47712125471966244
superintendence,0.17609125905568124
concierges,0.47712125471966244
fusion,0.30102999566398114
overturned,0.47712125471966244
acknowledgments,0.47712125471966244
opulence,0.47712125471966244
jointure,0.47712125471966244
stilling,0.47712125471966244
partnership,0.30102999566398114
methodical,0.47712125471966244
tearless,0.47712125471966244
disdaining,0.47712125471966244
priority,0.47712125471966244
prominent,0.30102999566398114
burdensome,0.47712125471966244
earthen,0.47712125471966244
pallet,0.47712125471966244
economical,0.30102999566398114
landlords,0.47712125471966244
uncarpeted,0.47712125471966244
indissoluble,0.47712125471966244
economizing,0.47712125471966244
extorting,0.47712125471966244
synonymous,0.47712125471966244
twine,0.47712125471966244
stoves,0.47712125471966244
exotics,0.47712125471966244
steamboats,0.47712125471966244
handsomely,0.47712125471966244
frs,0.47712125471966244
souvenir,0.47712125471966244
lamorici,0.47712125471966244
ney,0.47712125471966244
changarnier,0.47712125471966244
bedeau,0.47712125471966244
essentially,0.30102999566398114
recommendations,0.47712125471966244
unimaginative,0.47712125471966244
deniers,0.47712125471966244
captives,0.30102999566398114
thickness,0.30102999566398114
gratings,0.47712125471966244
herculean,0.30102999566398114
obliquely,0.30102999566398114
sharpening,0.30102999566398114
wearer,0.47712125471966244
pluming,0.47712125471966244
grease,0.47712125471966244
bug,0.47712125471966244
larks,0.47712125471966244
savate,0.47712125471966244
cuffing,0.47712125471966244
shoe,0.47712125471966244
heeled,0.47712125471966244
anguille,0.47712125471966244
flail,0.47712125471966244
horsewhip,0.47712125471966244
smacked,0.47712125471966244
substantial,0.30102999566398114
showered,0.47712125471966244
alliances,0.30102999566398114
extricating,0.47712125471966244
pincette,0.47712125471966244
bailed,0.47712125471966244
resides,0.30102999566398114
racine,0.47712125471966244
pix,0.47712125471966244
pygmy,0.47712125471966244
novices,0.47712125471966244
jingled,0.47712125471966244
vulnerable,0.47712125471966244
seclude,0.47712125471966244
applications,0.30102999566398114
dissipating,0.47712125471966244
tarquin,0.47712125471966244
lopped,0.47712125471966244
poppies,0.47712125471966244
linden,0.47712125471966244
divested,0.30102999566398114
elastic,0.30102999566398114
daisies,0.47712125471966244
bonbons,0.47712125471966244
unbuttoned,0.47712125471966244
interrogatories,0.47712125471966244
compiling,0.47712125471966244
depositions,0.47712125471966244
lark,0.47712125471966244
chocolate,0.47712125471966244
dented,0.47712125471966244
shaved,0.47712125471966244
ottoman,0.47712125471966244
pamphlets,0.30102999566398114
impudent,0.47712125471966244
poisoners,0.47712125471966244
nicety,0.47712125471966244
diminishes,0.47712125471966244
pronounces,0.30102999566398114
unblemished,0.47712125471966244
laudable,0.47712125471966244
vociferated,0.47712125471966244
frequenting,0.47712125471966244
fallibility,0.30102999566398114
malevolence,0.47712125471966244
eying,0.47712125471966244
monocle,0.47712125471966244
millionnaire,0.47712125471966244
genealogist,0.47712125471966244
divina,0.47712125471966244
comedia,0.47712125471966244
phlegmatically,0.47712125471966244
subtlety,0.47712125471966244
phrenological,0.47712125471966244
bloodhound,0.47712125471966244
principality,0.47712125471966244
distilling,0.47712125471966244
cosmetics,0.47712125471966244
multitudinously,0.47712125471966244
wither,0.47712125471966244
phenomenon,0.30102999566398114
adept,0.47712125471966244
rebuffed,0.47712125471966244
precocious,0.47712125471966244
hypothesis,0.30102999566398114
blanches,0.47712125471966244
disdained,0.47712125471966244
forger,0.47712125471966244
cynicism,0.47712125471966244
classified,0.47712125471966244
reprimand,0.47712125471966244
morality,0.17609125905568124
bravado,0.47712125471966244
unconcerned,0.47712125471966244
scum,0.30102999566398114
citizens,0.30102999566398114
instil,0.30102999566398114
ordaining,0.47712125471966244
blaspheme,0.47712125471966244
clearest,0.17609125905568124
indented,0.47712125471966244
crushes,0.47712125471966244
adjourned,0.47712125471966244
density,0.47712125471966244
contingency,0.47712125471966244
typhus,0.47712125471966244
flee,0.30102999566398114
softening,0.30102999566398114
stopper,0.47712125471966244
threshhold,0.47712125471966244
reawaken,0.47712125471966244
violating,0.47712125471966244
unto,0.30102999566398114
lioness,0.47712125471966244
contemplates,0.30102999566398114
ajax,0.30102999566398114
foams,0.47712125471966244
griped,0.47712125471966244
boiled,0.30102999566398114
deluge,0.30102999566398114
perrault,0.47712125471966244
unbidden,0.47712125471966244
mitigation,0.47712125471966244
disciplined,0.30102999566398114
signalized,0.47712125471966244
starlight,0.47712125471966244
villejuif,0.47712125471966244
ingulfing,0.47712125471966244
enthusiast,0.47712125471966244
materialist,0.47712125471966244
scoffer,0.47712125471966244
miner,0.47712125471966244
dreamer,0.30102999566398114
unpromising,0.47712125471966244
fervid,0.47712125471966244
tyre,0.47712125471966244
carthage,0.47712125471966244
brick,0.47712125471966244
spreads,0.47712125471966244
yawned,0.47712125471966244
garret,0.47712125471966244
bricks,0.30102999566398114
virginia,0.47712125471966244
sear,0.47712125471966244
embitter,0.47712125471966244
blaming,0.30102999566398114
yonder,0.47712125471966244
rim,0.30102999566398114
accessory,0.30102999566398114
supine,0.47712125471966244
perjurer,0.47712125471966244
renegades,0.47712125471966244
indissolubly,0.30102999566398114
abandonment,0.47712125471966244
forgiving,0.30102999566398114
madden,0.47712125471966244
regenerate,0.47712125471966244
brightens,0.47712125471966244
awning,0.47712125471966244
autumnal,0.47712125471966244
oozing,0.47712125471966244
prevention,0.17609125905568124
pensioned,0.47712125471966244
breach,0.47712125471966244
mirabeau,0.30102999566398114
abodes,0.47712125471966244
reopens,0.47712125471966244
narrate,0.30102999566398114
darkest,0.47712125471966244
couldst,0.47712125471966244
epigraph,0.47712125471966244
shalt,0.47712125471966244
saith,0.30102999566398114
piously,0.47712125471966244
slabs,0.47712125471966244
infirmity,0.30102999566398114
unhappiest,0.47712125471966244
eurus,0.47712125471966244
ganymede,0.47712125471966244
allegory,0.30102999566398114
steamer,0.47712125471966244
surtout,0.47712125471966244
decoration,0.47712125471966244
goddam,0.47712125471966244
figaro,0.47712125471966244
linguistic,0.47712125471966244
allegro,0.47712125471966244
moderato,0.47712125471966244
storta,0.47712125471966244
espagne,0.47712125471966244
banchi,0.47712125471966244
marius,0.47712125471966244
gracchi,0.30102999566398114
barefooted,0.47712125471966244
papal,0.47712125471966244
diving,0.47712125471966244
museums,0.47712125471966244
privacy,0.47712125471966244
mutter,0.47712125471966244
reclosed,0.47712125471966244
casa,0.47712125471966244
morra,0.47712125471966244
facchini,0.47712125471966244
orvieto,0.47712125471966244
caring,0.17609125905568124
ancona,0.47712125471966244
capisco,0.47712125471966244
luxuriously,0.47712125471966244
relay,0.47712125471966244
jolt,0.47712125471966244
aqueducts,0.30102999566398114
rainy,0.47712125471966244
unharnessed,0.47712125471966244
caro,0.47712125471966244
duets,0.47712125471966244
dentro,0.47712125471966244
testa,0.47712125471966244
unoccupied,0.47712125471966244
hazarded,0.47712125471966244
scendi,0.47712125471966244
avanti,0.47712125471966244
rudely,0.30102999566398114
polecats,0.47712125471966244
positions,0.30102999566398114
territories,0.47712125471966244
rearguard,0.47712125471966244
intersection,0.47712125471966244
sepulchres,0.30102999566398114
ecco,0.47712125471966244
accommodation,0.30102999566398114
ransomed,0.47712125471966244
diffuses,0.47712125471966244
quixote,0.47712125471966244
breguet,0.47712125471966244
repeaters,0.47712125471966244
athletic,0.47712125471966244
disprove,0.30102999566398114
ogreish,0.47712125471966244
voraciously,0.47712125471966244
filth,0.47712125471966244
sauces,0.30102999566398114
deniseau,0.47712125471966244
fricassee,0.47712125471966244
cosa,0.47712125471966244
gnawings,0.47712125471966244
stewed,0.47712125471966244
villetri,0.47712125471966244
epicure,0.30102999566398114
va,0.47712125471966244
idioms,0.47712125471966244
imprison,0.47712125471966244
boxwood,0.47712125471966244
skinned,0.47712125471966244
poultry,0.47712125471966244
prolongation,0.30102999566398114
reclosing,0.47712125471966244
noisily,0.47712125471966244
holloa,0.47712125471966244
provocative,0.47712125471966244
clave,0.47712125471966244
retail,0.30102999566398114
harpagon,0.47712125471966244
despoil,0.30102999566398114
piecemeal,0.30102999566398114
dart,0.47712125471966244
usury,0.47712125471966244
despairs,0.47712125471966244
succeeds,0.30102999566398114
privation,0.47712125471966244
hopefulness,0.47712125471966244
premonition,0.47712125471966244
matting,0.47712125471966244
prostituted,0.47712125471966244
forgives,0.47712125471966244
siesta,0.47712125471966244
zephyr,0.47712125471966244
mythology,0.30102999566398114
ruffle,0.47712125471966244
cone,0.47712125471966244
splashing,0.47712125471966244
grounded,0.47712125471966244
calypso,0.47712125471966244
telemachus,0.47712125471966244
drags,0.47712125471966244
deliciously,0.47712125471966244
enervating,0.17609125905568124
planet,0.47712125471966244
disorders,0.30102999566398114
unlocking,0.47712125471966244
caryatides,0.47712125471966244
aspiring,0.47712125471966244
unctuous,0.47712125471966244
permeated,0.30102999566398114
kaleidoscope,0.47712125471966244
enervated,0.30102999566398114
existences,0.30102999566398114
overshadow,0.47712125471966244
expressionless,0.47712125471966244
simulate,0.47712125471966244
felucca,0.47712125471966244
fac,0.47712125471966244
spera,0.47712125471966244
footnotes,0.47712125471966244
drinkers,0.47712125471966244
physiognomists,0.47712125471966244
predestined,0.47712125471966244
abbot,0.47712125471966244
guillotin,0.47712125471966244
ferruginea,0.47712125471966244
sanctity,0.47712125471966244
moiety,0.47712125471966244
elisabeth,0.47712125471966244
rossan,0.47712125471966244
belle,0.47712125471966244
castellane,0.47712125471966244
ed,0.47712125471966244
klissoura,0.47712125471966244
militiamen,0.47712125471966244
fruitfulness,0.47712125471966244
dionysian,0.47712125471966244
atreus,0.30102999566398114
agamemnon,0.30102999566398114
aeschylus,0.30102999566398114
misanthrope,0.30102999566398114
lema,0.47712125471966244
melodramas,0.47712125471966244
chien,0.47712125471966244
montargis,0.47712125471966244
aubry,0.47712125471966244
cavalry,0.47712125471966244
guilbert,0.47712125471966244
carolina,0.47712125471966244
gelsemium,0.47712125471966244
sempervirens,0.47712125471966244
wistaria,0.47712125471966244
frutescens,0.47712125471966244
avare,0.47712125471966244
jowett,0.47712125471966244
ebook,0.47712125471966244
metaphysics,0.47712125471966244
philebus,0.47712125471966244
sophist,0.47712125471966244
politicus,0.47712125471966244
symposium,0.47712125471966244
protagoras,0.47712125471966244
imagery,0.47712125471966244
interweave,0.47712125471966244
dialogues,0.47712125471966244
cp,0.47712125471966244
thinkers,0.47712125471966244
moderns,0.47712125471966244
thinker,0.47712125471966244
germs,0.47712125471966244
analyses,0.47712125471966244
definition,0.47712125471966244
fallacy,0.47712125471966244
concupiscent,0.47712125471966244
irascible,0.47712125471966244
rep,0.47712125471966244
polit,0.47712125471966244
cratyl,0.47712125471966244
ff,0.47712125471966244
formulae,0.47712125471966244
syllogism,0.47712125471966244
aristotle,0.47712125471966244
soph,0.47712125471966244
critias,0.47712125471966244
troy,0.47712125471966244
mythical,0.47712125471966244
athenians,0.47712125471966244
atlantis,0.47712125471966244
logographers,0.47712125471966244
tim,0.47712125471966244
hellas,0.47712125471966244
timaeus,0.47712125471966244
incongruity,0.47712125471966244
hellenic,0.47712125471966244
hymn,0.47712125471966244
marathon,0.47712125471966244
salamis,0.47712125471966244
herodotus,0.47712125471966244
athenian,0.47712125471966244
apollo,0.47712125471966244
athene,0.47712125471966244
introd,0.47712125471966244
arhchegoz,0.47712125471966244
cicero,0.47712125471966244
republica,0.47712125471966244
utopia,0.47712125471966244
aristotelian,0.47712125471966244
undetected,0.47712125471966244
cambridge,0.47712125471966244
platonists,0.47712125471966244
renaissance,0.47712125471966244
milton,0.47712125471966244
locke,0.47712125471966244
bunyan,0.47712125471966244
theology,0.47712125471966244
revival,0.47712125471966244
symp,0.47712125471966244
idealism,0.47712125471966244
statesmen,0.47712125471966244
hinted,0.47712125471966244
cephalus,0.47712125471966244
polemarchus,0.47712125471966244
caricatured,0.47712125471966244
thrasymachus,0.47712125471966244
glaucon,0.47712125471966244
adeimantus,0.47712125471966244
rulers,0.47712125471966244
manlier,0.47712125471966244
degenerates,0.47712125471966244
democracy,0.30102999566398114
imitator,0.47712125471966244
banishment,0.47712125471966244
supplemented,0.47712125471966244
lewis,0.47712125471966244
classical,0.30102999566398114
vol,0.47712125471966244
introductory,0.47712125471966244
sophistical,0.47712125471966244
restatement,0.47712125471966244
mainly,0.47712125471966244
enquiry,0.47712125471966244
communism,0.30102999566398114
perversions,0.47712125471966244
correspond,0.30102999566398114
phaedrus,0.47712125471966244
fades,0.47712125471966244
reconcilement,0.47712125471966244
iliad,0.47712125471966244
odyssey,0.47712125471966244
publication,0.47712125471966244
altering,0.47712125471966244
platonic,0.47712125471966244
discrepancies,0.47712125471966244
discordant,0.47712125471966244
inconsistency,0.47712125471966244
connexion,0.47712125471966244
beginnings,0.47712125471966244
inconsistencies,0.47712125471966244
consistency,0.47712125471966244
defective,0.47712125471966244
uninterruptedly,0.47712125471966244
references,0.47712125471966244
morgenstern,0.47712125471966244
blend,0.47712125471966244
hegelian,0.47712125471966244
developes,0.47712125471966244
warp,0.47712125471966244
woof,0.47712125471966244
ethical,0.47712125471966244
hypotheses,0.47712125471966244
vaguest,0.47712125471966244
stallbaum,0.47712125471966244
plastic,0.47712125471966244
jewish,0.47712125471966244
ideals,0.47712125471966244
reveals,0.47712125471966244
sophists,0.47712125471966244
pierces,0.47712125471966244
myths,0.47712125471966244
fashioning,0.47712125471966244
practicability,0.47712125471966244
attains,0.30102999566398114
dialectic,0.47712125471966244
organisation,0.30102999566398114
boeckh,0.47712125471966244
notoriously,0.47712125471966244
chronology,0.47712125471966244
historically,0.30102999566398114
reconcilements,0.47712125471966244
hermann,0.47712125471966244
apol,0.47712125471966244
intentionally,0.47712125471966244
anachronisms,0.47712125471966244
lysias,0.47712125471966244
euthydemus,0.47712125471966244
charmantides,0.47712125471966244
cleitophon,0.47712125471966244
interrupts,0.47712125471966244
appropriately,0.47712125471966244
lusts,0.47712125471966244
garrulity,0.47712125471966244
dishonesty,0.47712125471966244
contrasts,0.47712125471966244
senectute,0.47712125471966244
fewest,0.47712125471966244
ep,0.47712125471966244
violation,0.47712125471966244
lysimachus,0.47712125471966244
laches,0.47712125471966244
impetuousness,0.47712125471966244
simonides,0.47712125471966244
aristoph,0.47712125471966244
refuting,0.47712125471966244
socratic,0.47712125471966244
dialectical,0.47712125471966244
contra,0.47712125471966244
eratosth,0.47712125471966244
syracusan,0.47712125471966244
migrated,0.47712125471966244
thurii,0.47712125471966244
chalcedonian,0.47712125471966244
blustering,0.47712125471966244
oration,0.47712125471966244
framing,0.47712125471966244
banter,0.47712125471966244
doctrines,0.47712125471966244
lays,0.30102999566398114
cram,0.47712125471966244
elicits,0.47712125471966244
testifies,0.47712125471966244
humorously,0.47712125471966244
quintilian,0.47712125471966244
rhetoric,0.30102999566398114
herodicus,0.47712125471966244
aris,0.47712125471966244
rhet,0.47712125471966244
wast,0.47712125471966244
verisimilitude,0.47712125471966244
respondents,0.47712125471966244
phaedo,0.47712125471966244
ariston,0.47712125471966244
likeness,0.47712125471966244
simmias,0.47712125471966244
cebes,0.47712125471966244
vanishes,0.30102999566398114
fechting,0.47712125471966244
xen,0.47712125471966244
juvenis,0.47712125471966244
qui,0.47712125471966244
gaudet,0.47712125471966244
canibus,0.47712125471966244
platitudes,0.47712125471966244
seamy,0.47712125471966244
ludicrous,0.30102999566398114
theatricals,0.47712125471966244
megara,0.47712125471966244
anno,0.47712125471966244
graver,0.47712125471966244
profounder,0.47712125471966244
liveliness,0.47712125471966244
maturer,0.47712125471966244
respondent,0.47712125471966244
resumes,0.47712125471966244
hits,0.47712125471966244
compares,0.47712125471966244
contentious,0.47712125471966244
superseded,0.30102999566398114
saws,0.47712125471966244
generalization,0.47712125471966244
delineation,0.47712125471966244
memorabilia,0.47712125471966244
silenus,0.47712125471966244
abates,0.47712125471966244
corrupters,0.47712125471966244
dogmatic,0.47712125471966244
constructive,0.47712125471966244
speculative,0.30102999566398114
nominally,0.47712125471966244
advances,0.47712125471966244
interlocutors,0.47712125471966244
daemonium,0.47712125471966244
examples,0.47712125471966244
parable,0.47712125471966244
embodies,0.47712125471966244
composite,0.47712125471966244
portionless,0.47712125471966244
quarrelled,0.47712125471966244
nostrums,0.47712125471966244
hydra,0.47712125471966244
analyse,0.47712125471966244
bendis,0.47712125471966244
piraeus,0.47712125471966244
equestrian,0.47712125471966244
hermocrates,0.47712125471966244
rhetorical,0.47712125471966244
reciting,0.47712125471966244
cushioned,0.47712125471966244
discontents,0.47712125471966244
tempers,0.47712125471966244
themistocles,0.47712125471966244
seriphian,0.47712125471966244
ascribes,0.47712125471966244
mythus,0.47712125471966244
frontispiece,0.47712125471966244
partnerships,0.47712125471966244
opposites,0.47712125471966244
autolycus,0.47712125471966244
homeric,0.47712125471966244
thieving,0.47712125471966244
horsemanship,0.47712125471966244
periander,0.47712125471966244
perdiccas,0.47712125471966244
ismenias,0.47712125471966244
theban,0.47712125471966244
aphoristic,0.47712125471966244
mazes,0.47712125471966244
precept,0.47712125471966244
punishest,0.47712125471966244
kheyam,0.47712125471966244
casuistry,0.47712125471966244
prior,0.47712125471966244
posterior,0.47712125471966244
fundamental,0.47712125471966244
prohibits,0.47712125471966244
definitions,0.47712125471966244
polydamas,0.47712125471966244
unmeaning,0.47712125471966244
evasion,0.47712125471966244
insinuates,0.47712125471966244
affirms,0.47712125471966244
neglects,0.47712125471966244
drivelling,0.47712125471966244
rogueries,0.47712125471966244
swindlers,0.47712125471966244
burglars,0.47712125471966244
deluged,0.47712125471966244
inexact,0.47712125471966244
nolo,0.47712125471966244
episcopari,0.47712125471966244
incidental,0.47712125471966244
gainful,0.47712125471966244
admissions,0.47712125471966244
assumes,0.30102999566398114
weaving,0.47712125471966244
unskilled,0.47712125471966244
refuted,0.47712125471966244
churlish,0.47712125471966244
detract,0.47712125471966244
flourishes,0.47712125471966244
fabric,0.47712125471966244
implement,0.47712125471966244
stumble,0.47712125471966244
undistinguished,0.47712125471966244
enquirers,0.47712125471966244
morals,0.47712125471966244
perplexities,0.47712125471966244
contemporaries,0.47712125471966244
nic,0.47712125471966244
eth,0.47712125471966244
reductio,0.47712125471966244
absurdum,0.47712125471966244
dissatisfaction,0.47712125471966244
inaccuracy,0.47712125471966244
mythological,0.47712125471966244
moralists,0.47712125471966244
superlatives,0.47712125471966244
covetousness,0.47712125471966244
sc,0.47712125471966244
epilogue,0.47712125471966244
reassumes,0.47712125471966244
enlarge,0.47712125471966244
widen,0.30102999566398114
rejects,0.47712125471966244
charmer,0.47712125471966244
doers,0.47712125471966244
abstains,0.47712125471966244
gorgias,0.47712125471966244
nobleness,0.47712125471966244
panegyrists,0.47712125471966244
scourged,0.47712125471966244
racked,0.47712125471966244
impaled,0.47712125471966244
fray,0.47712125471966244
incentive,0.47712125471966244
marriages,0.47712125471966244
hesiod,0.47712125471966244
fleeces,0.47712125471966244
orphic,0.47712125471966244
musaeus,0.47712125471966244
eumolpus,0.47712125471966244
garlands,0.47712125471966244
sieve,0.47712125471966244
righteous,0.47712125471966244
mendicant,0.47712125471966244
festive,0.47712125471966244
games,0.47712125471966244
invocations,0.47712125471966244
orpheus,0.47712125471966244
purgatory,0.47712125471966244
archilochus,0.47712125471966244
sinning,0.47712125471966244
caitiff,0.47712125471966244
temporal,0.47712125471966244
dispensation,0.47712125471966244
honours,0.47712125471966244
govern,0.47712125471966244
plausibility,0.47712125471966244
oscillates,0.47712125471966244
maintaining,0.47712125471966244
questionable,0.47712125471966244
accompaniment,0.47712125471966244
perversion,0.47712125471966244
counteracting,0.47712125471966244
untruthful,0.47712125471966244
cynic,0.47712125471966244
truer,0.47712125471966244
stoical,0.47712125471966244
ennobling,0.47712125471966244
approves,0.47712125471966244
utilitarian,0.47712125471966244
moralist,0.47712125471966244
dramatize,0.47712125471966244
developing,0.30102999566398114
justifying,0.47712125471966244
protag,0.47712125471966244
harmonise,0.47712125471966244
theses,0.47712125471966244
inconsistent,0.47712125471966244
comprehends,0.47712125471966244
maintains,0.47712125471966244
ethics,0.47712125471966244
identification,0.47712125471966244
pervades,0.47712125471966244
legislation,0.30102999566398114
elegiac,0.47712125471966244
uninfluenced,0.47712125471966244
deserting,0.30102999566398114
weaver,0.47712125471966244
cobbler,0.47712125471966244
wholesale,0.47712125471966244
workers,0.30102999566398114
husbandmen,0.47712125471966244
imports,0.47712125471966244
exports,0.47712125471966244
buyers,0.47712125471966244
producers,0.47712125471966244
interposing,0.47712125471966244
sweets,0.47712125471966244
barbers,0.47712125471966244
swineherds,0.47712125471966244
neatherds,0.47712125471966244
suggests,0.47712125471966244
watchdogs,0.47712125471966244
gymnastics,0.47712125471966244
bushel,0.47712125471966244
impressible,0.47712125471966244
unlearn,0.47712125471966244
censorship,0.47712125471966244
nursery,0.30102999566398114
banishing,0.47712125471966244
uranus,0.47712125471966244
saturn,0.47712125471966244
immoral,0.47712125471966244
eleusinian,0.47712125471966244
unprocurable,0.47712125471966244
zeus,0.47712125471966244
hephaestus,0.47712125471966244
mystical,0.47712125471966244
legislators,0.47712125471966244
pandarus,0.47712125471966244
niobe,0.47712125471966244
pelops,0.47712125471966244
suicidal,0.47712125471966244
variableness,0.47712125471966244
priestess,0.47712125471966244
deities,0.47712125471966244
blasphemous,0.47712125471966244
thetis,0.47712125471966244
retailers,0.47712125471966244
constructs,0.47712125471966244
indulges,0.47712125471966244
literal,0.47712125471966244
abstractions,0.47712125471966244
treatises,0.47712125471966244
adulteration,0.47712125471966244
bequests,0.47712125471966244
eryxias,0.47712125471966244
economic,0.30102999566398114
quaintly,0.47712125471966244
taverns,0.47712125471966244
afterthought,0.47712125471966244
desirableness,0.47712125471966244
impure,0.47712125471966244
startles,0.47712125471966244
affirming,0.47712125471966244
develope,0.47712125471966244
economies,0.47712125471966244
accommodations,0.47712125471966244
fictions,0.47712125471966244
protestant,0.47712125471966244
unimportant,0.47712125471966244
misstatements,0.47712125471966244
allegorical,0.47712125471966244
theagenes,0.47712125471966244
rhegium,0.47712125471966244
aesculapius,0.47712125471966244
heracles,0.47712125471966244
transformations,0.47712125471966244
stoics,0.47712125471966244
neo,0.47712125471966244
waning,0.47712125471966244
deluding,0.47712125471966244
gospels,0.47712125471966244
luke,0.47712125471966244
reserving,0.30102999566398114
euphemistic,0.47712125471966244
chronique,0.47712125471966244
scandaleuse,0.47712125471966244
discouraging,0.47712125471966244
expunge,0.47712125471966244
depressing,0.47712125471966244
gibber,0.47712125471966244
cocytus,0.47712125471966244
styx,0.47712125471966244
sapless,0.47712125471966244
tartarean,0.47712125471966244
nomenclature,0.47712125471966244
priam,0.47712125471966244
mire,0.47712125471966244
attribution,0.47712125471966244
travail,0.47712125471966244
laments,0.30102999566398114
hector,0.47712125471966244
sarpedon,0.47712125471966244
ridiculed,0.47712125471966244
temperance,0.30102999566398114
achaeans,0.47712125471966244
rapturous,0.47712125471966244
ares,0.47712125471966244
aphrodite,0.47712125471966244
nobler,0.47712125471966244
bribes,0.47712125471966244
phoenix,0.47712125471966244
scamander,0.47712125471966244
dedication,0.47712125471966244
patroclus,0.47712125471966244
spercheius,0.47712125471966244
slaying,0.47712125471966244
pyre,0.47712125471966244
cheiron,0.47712125471966244
amatory,0.47712125471966244
peirithous,0.47712125471966244
tellers,0.47712125471966244
misrepresentations,0.47712125471966244
oratio,0.47712125471966244
obliqua,0.47712125471966244
styles,0.47712125471966244
imitators,0.47712125471966244
rhapsodist,0.47712125471966244
coined,0.47712125471966244
quarrelling,0.47712125471966244
blacksmiths,0.47712125471966244
neighing,0.47712125471966244
bellowing,0.47712125471966244
compound,0.47712125471966244
polyphonous,0.47712125471966244
pantomimic,0.47712125471966244
models,0.47712125471966244
ode,0.47712125471966244
rhythm,0.47712125471966244
lamentation,0.30102999566398114
lydian,0.47712125471966244
harmonies,0.47712125471966244
convivial,0.47712125471966244
ionian,0.47712125471966244
dorian,0.47712125471966244
phrygian,0.47712125471966244
stringed,0.47712125471966244
flute,0.47712125471966244
lyre,0.47712125471966244
harp,0.47712125471966244
purgation,0.47712125471966244
metres,0.47712125471966244
tetrachord,0.47712125471966244
ratios,0.47712125471966244
metre,0.47712125471966244
rhythms,0.47712125471966244
damon,0.47712125471966244
dactylic,0.47712125471966244
trochaic,0.47712125471966244
iambic,0.47712125471966244
arranges,0.47712125471966244
equalize,0.47712125471966244
syllables,0.47712125471966244
creative,0.47712125471966244
unseemliness,0.47712125471966244
sculpture,0.47712125471966244
violates,0.47712125471966244
harmonious,0.47712125471966244
imparts,0.47712125471966244
abstain,0.47712125471966244
palaestra,0.47712125471966244
endanger,0.30102999566398114
warrior,0.47712125471966244
athletes,0.47712125471966244
meats,0.47712125471966244
pans,0.47712125471966244
mentions,0.47712125471966244
confections,0.47712125471966244
corinthian,0.47712125471966244
courtezans,0.47712125471966244
melodies,0.47712125471966244
gluttony,0.47712125471966244
intemperance,0.47712125471966244
pleaders,0.47712125471966244
freemen,0.47712125471966244
twists,0.47712125471966244
epidemic,0.30102999566398114
asclepius,0.47712125471966244
eurypylus,0.47712125471966244
posset,0.47712125471966244
pramnian,0.47712125471966244
heating,0.47712125471966244
trainer,0.47712125471966244
artisans,0.47712125471966244
coddling,0.47712125471966244
phocylides,0.47712125471966244
inculcates,0.47712125471966244
puny,0.47712125471966244
sires,0.47712125471966244
intemperate,0.47712125471966244
controls,0.47712125471966244
funnel,0.47712125471966244
athlete,0.47712125471966244
mingles,0.47712125471966244
concord,0.47712125471966244
elders,0.47712125471966244
enchant,0.47712125471966244
tests,0.47712125471966244
refiner,0.47712125471966244
auxiliaries,0.47712125471966244
version,0.47712125471966244
cadmus,0.47712125471966244
unbelieving,0.47712125471966244
propound,0.47712125471966244
craftsmen,0.47712125471966244
artisan,0.30102999566398114
earthborn,0.47712125471966244
insurrections,0.47712125471966244
tents,0.47712125471966244
shopkeepers,0.30102999566398114
dwellings,0.47712125471966244
householders,0.47712125471966244
tradesmen,0.30102999566398114
text,0.47712125471966244
inaccurately,0.47712125471966244
delighting,0.47712125471966244
inferences,0.47712125471966244
heracleitus,0.47712125471966244
heracl,0.47712125471966244
metrodorus,0.47712125471966244
citations,0.47712125471966244
scripture,0.47712125471966244
adaptations,0.47712125471966244
lucid,0.47712125471966244
euripides,0.47712125471966244
sophocles,0.47712125471966244
choruses,0.47712125471966244
lyric,0.47712125471966244
unfrequently,0.47712125471966244
puzzling,0.47712125471966244
collocation,0.47712125471966244
obscurities,0.47712125471966244
shakespere,0.47712125471966244
imperfections,0.47712125471966244
transitional,0.47712125471966244
pericles,0.47712125471966244
phidias,0.47712125471966244
parthenon,0.47712125471966244
propylea,0.47712125471966244
robust,0.47712125471966244
directness,0.47712125471966244
transposition,0.47712125471966244
enfranchisement,0.47712125471966244
helots,0.47712125471966244
aristocracies,0.30102999566398114
warriors,0.47712125471966244
citizenship,0.47712125471966244
ascribing,0.47712125471966244
aspiration,0.47712125471966244
accommodated,0.47712125471966244
caste,0.47712125471966244
resent,0.47712125471966244
adapts,0.47712125471966244
phoenician,0.47712125471966244
verification,0.47712125471966244
communistic,0.30102999566398114
shafts,0.47712125471966244
pol,0.47712125471966244
pythagorean,0.47712125471966244
numerical,0.47712125471966244
connecting,0.47712125471966244
potently,0.47712125471966244
asunder,0.30102999566398114
consciously,0.47712125471966244
rightful,0.47712125471966244
depreciates,0.47712125471966244
invalidism,0.47712125471966244
healer,0.47712125471966244
tentative,0.47712125471966244
litigation,0.47712125471966244
valetudinarian,0.47712125471966244
mercenaries,0.47712125471966244
potters,0.47712125471966244
cobblers,0.47712125471966244
degenerate,0.47712125471966244
lazy,0.47712125471966244
mightiest,0.47712125471966244
innovation,0.47712125471966244
deportment,0.47712125471966244
ordain,0.47712125471966244
fawns,0.47712125471966244
delphi,0.47712125471966244
ancestral,0.47712125471966244
navel,0.47712125471966244
founding,0.30102999566398114
corrective,0.47712125471966244
ambiguities,0.47712125471966244
founder,0.47712125471966244
utilitarianism,0.47712125471966244
definiteness,0.47712125471966244
conveniences,0.47712125471966244
expedient,0.47712125471966244
expediency,0.47712125471966244
watchwords,0.47712125471966244
anaxagoras,0.47712125471966244
excluding,0.47712125471966244
deepen,0.47712125471966244
requirement,0.47712125471966244
boxer,0.47712125471966244
upsetting,0.47712125471966244
eliminate,0.47712125471966244
worker,0.47712125471966244
advises,0.47712125471966244
ruling,0.30102999566398114
dyers,0.47712125471966244
dye,0.47712125471966244
soap,0.47712125471966244
lye,0.47712125471966244
attuning,0.47712125471966244
dulness,0.47712125471966244
transforming,0.47712125471966244
legislator,0.47712125471966244
residues,0.47712125471966244
verbally,0.47712125471966244
charmides,0.47712125471966244
provisional,0.47712125471966244
monotony,0.47712125471966244
arist,0.47712125471966244
scythians,0.47712125471966244
thracians,0.47712125471966244
egyptians,0.47712125471966244
phoenicians,0.47712125471966244
axis,0.47712125471966244
provisionally,0.47712125471966244
avoidance,0.47712125471966244
correlatives,0.47712125471966244
leontius,0.47712125471966244
undergoes,0.47712125471966244
rebuked,0.47712125471966244
harmonized,0.47712125471966244
mansoul,0.47712125471966244
subjection,0.30102999566398114
adultery,0.47712125471966244
harmoniously,0.47712125471966244
insubordination,0.47712125471966244
disobedience,0.47712125471966244
inharmonious,0.47712125471966244
criterion,0.47712125471966244
reasoners,0.47712125471966244
entanglements,0.47712125471966244
extraneous,0.47712125471966244
overlap,0.47712125471966244
irrational,0.47712125471966244
differs,0.47712125471966244
affinity,0.47712125471966244
indistinguishable,0.47712125471966244
connotation,0.47712125471966244
nicomachean,0.47712125471966244
metaphysic,0.47712125471966244
parmenides,0.47712125471966244
ego,0.47712125471966244
induction,0.47712125471966244
metaphysicians,0.47712125471966244
unrealized,0.47712125471966244
surprized,0.47712125471966244
scepticism,0.47712125471966244
predication,0.47712125471966244
predicated,0.47712125471966244
combine,0.47712125471966244
enumerate,0.47712125471966244
slily,0.47712125471966244
formula,0.47712125471966244
ado,0.47712125471966244
hes,0.47712125471966244
shes,0.47712125471966244
gender,0.47712125471966244
puppies,0.47712125471966244
verbal,0.47712125471966244
nominal,0.47712125471966244
hairy,0.47712125471966244
male,0.47712125471966244
beget,0.47712125471966244
educations,0.47712125471966244
stratagem,0.47712125471966244
licentiousness,0.47712125471966244
instituted,0.47712125471966244
breeder,0.47712125471966244
mating,0.47712125471966244
unions,0.30102999566398114
paired,0.47712125471966244
hymeneal,0.47712125471966244
ascribe,0.47712125471966244
suckle,0.47712125471966244
partakes,0.47712125471966244
hymeneals,0.47712125471966244
regulation,0.47712125471966244
applies,0.47712125471966244
espousals,0.47712125471966244
polity,0.47712125471966244
vibrates,0.47712125471966244
saviours,0.47712125471966244
nurturers,0.47712125471966244
paymasters,0.47712125471966244
lawsuits,0.47712125471966244
retaliate,0.47712125471966244
borrowing,0.47712125471966244
victors,0.47712125471966244
appropriating,0.30102999566398114
steeds,0.47712125471966244
deserters,0.47712125471966244
honouring,0.47712125471966244
chines,0.47712125471966244
hellenes,0.47712125471966244
barbarians,0.30102999566398114
unpatriotic,0.47712125471966244
prosecuted,0.47712125471966244
reconciliation,0.47712125471966244
phil,0.47712125471966244
chasten,0.47712125471966244
blessedness,0.47712125471966244
unmerciful,0.47712125471966244
champion,0.47712125471966244
indiscriminate,0.47712125471966244
attachments,0.47712125471966244
blemishes,0.47712125471966244
nosed,0.47712125471966244
featureless,0.47712125471966244
faultless,0.47712125471966244
endearment,0.47712125471966244
dionysiac,0.47712125471966244
intermediate,0.30102999566398114
denies,0.47712125471966244
ambiguous,0.47712125471966244
erring,0.47712125471966244
grovels,0.47712125471966244
incestuous,0.47712125471966244
manipulated,0.47712125471966244
legislature,0.47712125471966244
illustrations,0.47712125471966244
facetious,0.47712125471966244
inductive,0.47712125471966244
figment,0.47712125471966244
parallels,0.47712125471966244
conjugates,0.47712125471966244
theaetetus,0.47712125471966244
haters,0.47712125471966244
unskilful,0.47712125471966244
player,0.47712125471966244
reconcileable,0.47712125471966244
allegories,0.47712125471966244
joins,0.30102999566398114
prater,0.47712125471966244
gazer,0.47712125471966244
mutinous,0.47712125471966244
politicians,0.47712125471966244
dishonoured,0.47712125471966244
unsuitable,0.47712125471966244
applauses,0.47712125471966244
hisses,0.47712125471966244
grunts,0.47712125471966244
alcibiades,0.47712125471966244
lighten,0.47712125471966244
mechanic,0.47712125471966244
suitor,0.47712125471966244
theages,0.47712125471966244
oracular,0.47712125471966244
undetermined,0.47712125471966244
recurs,0.47712125471966244
withstanding,0.47712125471966244
juxtapositions,0.47712125471966244
controversy,0.47712125471966244
quips,0.47712125471966244
revile,0.47712125471966244
pretenders,0.47712125471966244
moulds,0.47712125471966244
tabula,0.47712125471966244
rasa,0.47712125471966244
evading,0.47712125471966244
steadiness,0.47712125471966244
stolid,0.47712125471966244
aspirant,0.47712125471966244
trifles,0.47712125471966244
crookedness,0.47712125471966244
audit,0.47712125471966244
figuring,0.47712125471966244
subdivide,0.47712125471966244
segments,0.47712125471966244
fastens,0.47712125471966244
hypothetical,0.47712125471966244
metaphorical,0.47712125471966244
ratio,0.47712125471966244
recapitulate,0.47712125471966244
classifying,0.47712125471966244
phaedr,0.47712125471966244
parmen,0.47712125471966244
analogies,0.47712125471966244
inquires,0.47712125471966244
extracts,0.47712125471966244
inferred,0.47712125471966244
universality,0.47712125471966244
variation,0.47712125471966244
divergence,0.47712125471966244
impairs,0.47712125471966244
implying,0.47712125471966244
anomaly,0.47712125471966244
inventive,0.30102999566398114
censure,0.47712125471966244
alien,0.47712125471966244
patriotism,0.47712125471966244
corruptio,0.47712125471966244
optimi,0.47712125471966244
pessima,0.47712125471966244
corrupting,0.47712125471966244
adverse,0.47712125471966244
reforms,0.30102999566398114
philanthrope,0.47712125471966244
monastic,0.30102999566398114
reformers,0.30102999566398114
corporation,0.47712125471966244
resists,0.47712125471966244
circuitous,0.47712125471966244
nd,0.47712125471966244
conceives,0.30102999566398114
posteriori,0.47712125471966244
synthesis,0.47712125471966244
separable,0.47712125471966244
kant,0.47712125471966244
hegel,0.47712125471966244
divinations,0.47712125471966244
uniformities,0.47712125471966244
omission,0.47712125471966244
synthetical,0.47712125471966244
analytical,0.47712125471966244
processes,0.47712125471966244
permanent,0.30102999566398114
cube,0.47712125471966244
eleatic,0.47712125471966244
metaph,0.47712125471966244
figurative,0.47712125471966244
subdivided,0.47712125471966244
vagueness,0.47712125471966244
evidencing,0.47712125471966244
assumptions,0.47712125471966244
vestiges,0.47712125471966244
correlation,0.47712125471966244
conditional,0.47712125471966244
demonic,0.47712125471966244
prohibitory,0.47712125471966244
sleet,0.47712125471966244
meagreness,0.47712125471966244
negativeness,0.47712125471966244
inverse,0.30102999566398114
intelligences,0.47712125471966244
personality,0.47712125471966244
impersonal,0.47712125471966244
neuter,0.47712125471966244
paraphrase,0.47712125471966244
extant,0.47712125471966244
enlightenment,0.30102999566398114
unenlightenment,0.47712125471966244
marionette,0.47712125471966244
puppets,0.47712125471966244
measurement,0.47712125471966244
beatific,0.47712125471966244
assemblies,0.47712125471966244
blink,0.47712125471966244
discerns,0.47712125471966244
primary,0.47712125471966244
partakers,0.47712125471966244
palamedes,0.47712125471966244
acquiesces,0.47712125471966244
smallness,0.47712125471966244
quickens,0.47712125471966244
intimations,0.47712125471966244
stimulants,0.47712125471966244
contradictions,0.30102999566398114
plurality,0.47712125471966244
flux,0.47712125471966244
shopkeeper,0.30102999566398114
arithmetician,0.47712125471966244
unit,0.47712125471966244
resolvable,0.47712125471966244
fractions,0.30102999566398114
compelling,0.47712125471966244
geometer,0.47712125471966244
squaring,0.47712125471966244
subtending,0.47712125471966244
apposing,0.47712125471966244
tactics,0.47712125471966244
astronomy,0.47712125471966244
purification,0.47712125471966244
dimension,0.47712125471966244
solids,0.47712125471966244
votaries,0.47712125471966244
hastiness,0.47712125471966244
daedalus,0.47712125471966244
marring,0.47712125471966244
pythagoreans,0.47712125471966244
harmonical,0.47712125471966244
harmonics,0.47712125471966244
empirics,0.47712125471966244
twisting,0.47712125471966244
harmonists,0.47712125471966244
consonances,0.47712125471966244
dialectician,0.47712125471966244
converting,0.47712125471966244
defines,0.47712125471966244
distinguishes,0.47712125471966244
abstracts,0.47712125471966244
valiant,0.47712125471966244
retentive,0.47712125471966244
conversely,0.47712125471966244
maimed,0.47712125471966244
wallowing,0.47712125471966244
underfoot,0.47712125471966244
combining,0.47712125471966244
supposititious,0.47712125471966244
disregarded,0.47712125471966244
parental,0.47712125471966244
querist,0.47712125471966244
puppy,0.47712125471966244
sobriety,0.47712125471966244
uplifted,0.47712125471966244
pythian,0.47712125471966244
statuary,0.47712125471966244
governesses,0.47712125471966244
prescribes,0.47712125471966244
universals,0.47712125471966244
suggestive,0.47712125471966244
evokes,0.47712125471966244
proportional,0.47712125471966244
comprehensiveness,0.47712125471966244
irrespective,0.47712125471966244
adaptation,0.47712125471966244
vibrations,0.47712125471966244
dynamics,0.47712125471966244
astronomical,0.47712125471966244
quantitative,0.47712125471966244
assigns,0.47712125471966244
subdivision,0.47712125471966244
fixedness,0.47712125471966244
accompanies,0.47712125471966244
heraclitean,0.47712125471966244
blurred,0.47712125471966244
ludicrously,0.47712125471966244
auscultation,0.47712125471966244
derided,0.47712125471966244
symbolized,0.47712125471966244
burke,0.47712125471966244
imperialism,0.47712125471966244
commonwealth,0.47712125471966244
sect,0.47712125471966244
generals,0.47712125471966244
schoolmasters,0.47712125471966244
narrownesses,0.47712125471966244
aufkl,0.47712125471966244
transplanted,0.47712125471966244
wayward,0.47712125471966244
ingeniously,0.47712125471966244
combines,0.47712125471966244
digressed,0.47712125471966244
constitutions,0.47712125471966244
lacedaemonian,0.47712125471966244
cretan,0.47712125471966244
oligarchy,0.47712125471966244
fourthly,0.47712125471966244
oligarchical,0.47712125471966244
democratical,0.47712125471966244
timocracy,0.47712125471966244
timocratical,0.47712125471966244
muses,0.47712125471966244
fertility,0.47712125471966244
sterility,0.47712125471966244
alloyed,0.47712125471966244
cycle,0.47712125471966244
declines,0.47712125471966244
dissimilating,0.47712125471966244
cubed,0.47712125471966244
squares,0.47712125471966244
subtracting,0.47712125471966244
cubes,0.47712125471966244
unpropitious,0.47712125471966244
moneymaking,0.47712125471966244
exercising,0.47712125471966244
oligarchies,0.47712125471966244
precedence,0.47712125471966244
expatiates,0.47712125471966244
unmanliness,0.47712125471966244
busybody,0.47712125471966244
illegal,0.47712125471966244
outweigh,0.47712125471966244
destitutes,0.47712125471966244
spendthrifts,0.47712125471966244
paupers,0.47712125471966244
pauper,0.30102999566398114
abundance,0.47712125471966244
originates,0.47712125471966244
informers,0.47712125471966244
represses,0.47712125471966244
pence,0.47712125471966244
enthroned,0.47712125471966244
instantaneous,0.47712125471966244
slavish,0.30102999566398114
knavish,0.47712125471966244
trustee,0.47712125471966244
defraud,0.47712125471966244
democratic,0.30102999566398114
estates,0.47712125471966244
usurer,0.47712125471966244
dronage,0.47712125471966244
poorest,0.47712125471966244
voyaging,0.47712125471966244
puffing,0.47712125471966244
exiling,0.47712125471966244
democrats,0.30102999566398114
plainness,0.47712125471966244
developments,0.47712125471966244
bazaar,0.47712125471966244
unequals,0.47712125471966244
antecedents,0.47712125471966244
miserly,0.47712125471966244
oligarch,0.47712125471966244
hurtful,0.47712125471966244
temptations,0.47712125471966244
acropolis,0.47712125471966244
falsehoods,0.47712125471966244
lotophagi,0.47712125471966244
crowning,0.47712125471966244
anarchy,0.30102999566398114
impudence,0.47712125471966244
exiles,0.47712125471966244
abstainer,0.47712125471966244
practises,0.47712125471966244
gymnasium,0.47712125471966244
regardlessness,0.47712125471966244
fraternity,0.47712125471966244
jaunty,0.47712125471966244
morose,0.47712125471966244
unwritten,0.47712125471966244
contraries,0.47712125471966244
bile,0.47712125471966244
keener,0.47712125471966244
bema,0.47712125471966244
thriving,0.47712125471966244
demagogues,0.47712125471966244
oligarchs,0.47712125471966244
informations,0.47712125471966244
convictions,0.47712125471966244
lycaeus,0.47712125471966244
slays,0.47712125471966244
abolition,0.30102999566398114
rivals,0.47712125471966244
enquire,0.47712125471966244
dominus,0.47712125471966244
monopoly,0.30102999566398114
depress,0.47712125471966244
taxes,0.47712125471966244
unpopularity,0.47712125471966244
purges,0.47712125471966244
flocking,0.47712125471966244
exalt,0.47712125471966244
commonwealths,0.47712125471966244
tyrannies,0.47712125471966244
democracies,0.47712125471966244
asthmatic,0.47712125471966244
demus,0.47712125471966244
riotous,0.47712125471966244
nurturing,0.47712125471966244
expel,0.47712125471966244
servitude,0.47712125471966244
perverted,0.47712125471966244
perfectibility,0.47712125471966244
honester,0.47712125471966244
livy,0.47712125471966244
licinian,0.47712125471966244
timocratic,0.47712125471966244
fluctuation,0.47712125471966244
euripus,0.47712125471966244
inversion,0.47712125471966244
peisistratus,0.47712125471966244
cleisthenes,0.47712125471966244
argos,0.47712125471966244
corinth,0.47712125471966244
sicyon,0.47712125471966244
alternated,0.47712125471966244
phalaris,0.47712125471966244
mediaeval,0.30102999566398114
mythic,0.47712125471966244
negation,0.47712125471966244
embellished,0.47712125471966244
consorted,0.47712125471966244
epistles,0.47712125471966244
hyperbolical,0.47712125471966244
serio,0.47712125471966244
individualism,0.47712125471966244
suspiciousness,0.47712125471966244
extravagances,0.47712125471966244
dissipation,0.47712125471966244
abounds,0.47712125471966244
recoverable,0.47712125471966244
respectability,0.47712125471966244
uncontrolled,0.47712125471966244
licence,0.47712125471966244
embassies,0.47712125471966244
att,0.47712125471966244
symbolical,0.47712125471966244
cratylus,0.47712125471966244
abiding,0.47712125471966244
angled,0.47712125471966244
hypotenuse,0.47712125471966244
cyclical,0.47712125471966244
divisors,0.47712125471966244
cycles,0.47712125471966244
converts,0.47712125471966244
zeller,0.47712125471966244
births,0.47712125471966244
presides,0.47712125471966244
herod,0.47712125471966244
respectively,0.30102999566398114
applicable,0.30102999566398114
squared,0.47712125471966244
donaldson,0.47712125471966244
involution,0.47712125471966244
factors,0.47712125471966244
commensurable,0.47712125471966244
expressible,0.47712125471966244
diameters,0.47712125471966244
proc,0.47712125471966244
philol,0.47712125471966244
product,0.30102999566398114
tetractys,0.47712125471966244
proportionals,0.47712125471966244
sesqui,0.47712125471966244
altera,0.47712125471966244
multiply,0.47712125471966244
cubing,0.47712125471966244
pairs,0.47712125471966244
digits,0.47712125471966244
alpha,0.47712125471966244
beta,0.47712125471966244
incommensurable,0.47712125471966244
irrationals,0.47712125471966244
gamma,0.47712125471966244
schleiermacher,0.47712125471966244
coincides,0.47712125471966244
permutations,0.47712125471966244
unfamiliar,0.47712125471966244
metempsychosis,0.47712125471966244
bases,0.47712125471966244
osir,0.47712125471966244
proclus,0.47712125471966244
prima,0.47712125471966244
eucl,0.47712125471966244
musica,0.47712125471966244
incommensurables,0.47712125471966244
arbitrarily,0.47712125471966244
corrections,0.47712125471966244
meton,0.47712125471966244
callippus,0.47712125471966244
quetelet,0.47712125471966244
temperately,0.47712125471966244
perturbing,0.47712125471966244
iniquity,0.47712125471966244
implant,0.47712125471966244
mystify,0.47712125471966244
lusting,0.47712125471966244
revelries,0.47712125471966244
harlotries,0.47712125471966244
borrows,0.47712125471966244
hatched,0.47712125471966244
pickpocket,0.47712125471966244
robs,0.47712125471966244
overmasters,0.47712125471966244
waxes,0.47712125471966244
lawlessness,0.47712125471966244
footpads,0.47712125471966244
stealers,0.47712125471966244
motherland,0.47712125471966244
discard,0.47712125471966244
monarchical,0.47712125471966244
freeman,0.30102999566398114
protects,0.47712125471966244
unrighteous,0.47712125471966244
proclamation,0.30102999566398114
herald,0.47712125471966244
justest,0.47712125471966244
olympian,0.47712125471966244
witchery,0.47712125471966244
reactions,0.47712125471966244
inanitions,0.47712125471966244
sensuality,0.47712125471966244
leaky,0.47712125471966244
stesichorus,0.47712125471966244
helen,0.47712125471966244
attaining,0.47712125471966244
illusive,0.47712125471966244
spurious,0.47712125471966244
inferiority,0.47712125471966244
personify,0.47712125471966244
multitudinous,0.47712125471966244
maintainer,0.47712125471966244
nourishing,0.47712125471966244
godless,0.47712125471966244
eriphyle,0.47712125471966244
multiform,0.47712125471966244
effeminacy,0.47712125471966244
handicraft,0.47712125471966244
educating,0.47712125471966244
cynics,0.47712125471966244
epicureans,0.47712125471966244
antecedent,0.47712125471966244
sawn,0.47712125471966244
transience,0.47712125471966244
confounding,0.47712125471966244
unchangeableness,0.47712125471966244
designates,0.47712125471966244
proclaiming,0.30102999566398114
invents,0.47712125471966244
inappropriateness,0.47712125471966244
metaphorically,0.47712125471966244
valuing,0.47712125471966244
homely,0.47712125471966244
progression,0.47712125471966244
aristocratical,0.47712125471966244
heals,0.47712125471966244
duller,0.47712125471966244
imitates,0.47712125471966244
tragedians,0.47712125471966244
imitations,0.47712125471966244
incidentally,0.47712125471966244
charondas,0.47712125471966244
thales,0.47712125471966244
anacharsis,0.47712125471966244
creophylus,0.47712125471966244
educator,0.47712125471966244
prodicus,0.47712125471966244
cobbling,0.47712125471966244
artificer,0.47712125471966244
user,0.47712125471966244
epic,0.47712125471966244
juggler,0.47712125471966244
uproar,0.47712125471966244
enfeebles,0.47712125471966244
injuriously,0.47712125471966244
effeminate,0.47712125471966244
ion,0.47712125471966244
abominates,0.47712125471966244
buffoonery,0.47712125471966244
merriment,0.47712125471966244
buffoon,0.47712125471966244
encomiasts,0.47712125471966244
tragedian,0.47712125471966244
prohibit,0.47712125471966244
hymns,0.47712125471966244
expelling,0.47712125471966244
discourtesy,0.47712125471966244
circumvent,0.47712125471966244
supporters,0.47712125471966244
iniquities,0.47712125471966244
badness,0.47712125471966244
diverse,0.47712125471966244
glaucus,0.47712125471966244
hades,0.47712125471966244
slinks,0.47712125471966244
perseveres,0.47712125471966244
armenius,0.47712125471966244
twelfth,0.47712125471966244
meadow,0.47712125471966244
ardiaeus,0.47712125471966244
reascend,0.47712125471966244
sinners,0.47712125471966244
lacerating,0.47712125471966244
carding,0.47712125471966244
binds,0.47712125471966244
distaff,0.47712125471966244
hook,0.47712125471966244
spindle,0.47712125471966244
adamant,0.47712125471966244
whorl,0.47712125471966244
outermost,0.47712125471966244
broadest,0.47712125471966244
whorls,0.47712125471966244
rims,0.47712125471966244
yellower,0.47712125471966244
hymning,0.47712125471966244
lachesis,0.47712125471966244
clotho,0.47712125471966244
atropos,0.47712125471966244
thrones,0.47712125471966244
responsive,0.47712125471966244
sirens,0.47712125471966244
undazzled,0.47712125471966244
thamyras,0.47712125471966244
atalanta,0.47712125471966244
epeus,0.47712125471966244
workwoman,0.47712125471966244
thersites,0.47712125471966244
odysseus,0.47712125471966244
irreversible,0.47712125471966244
thunderstorms,0.47712125471966244
undefiled,0.47712125471966244
millennial,0.47712125471966244
assails,0.47712125471966244
embodied,0.47712125471966244
entwine,0.47712125471966244
inseparably,0.47712125471966244
impurities,0.47712125471966244
debated,0.47712125471966244
elicit,0.47712125471966244
theatrocracy,0.47712125471966244
apologist,0.47712125471966244
aristophanes,0.47712125471966244
comedies,0.47712125471966244
prattlers,0.47712125471966244
disagreeing,0.47712125471966244
satirizing,0.47712125471966244
satirized,0.47712125471966244
eccleziazusae,0.47712125471966244
rembrandt,0.47712125471966244
pheidias,0.47712125471966244
peacefulness,0.47712125471966244
rejoices,0.47712125471966244
critics,0.47712125471966244
foreshadowed,0.47712125471966244
subjectiveness,0.47712125471966244
rhetoricians,0.47712125471966244
enchanters,0.47712125471966244
bask,0.47712125471966244
despotism,0.30102999566398114
pseudo,0.47712125471966244
graced,0.47712125471966244
archelaus,0.47712125471966244
prostitution,0.30102999566398114
eradicate,0.47712125471966244
enlist,0.47712125471966244
courtezan,0.47712125471966244
idealize,0.47712125471966244
intermediates,0.47712125471966244
severer,0.47712125471966244
handmaiden,0.47712125471966244
humanizing,0.47712125471966244
revolting,0.47712125471966244
mahometans,0.47712125471966244
sects,0.30102999566398114
gentile,0.47712125471966244
mosques,0.47712125471966244
monasteries,0.47712125471966244
accompaniments,0.47712125471966244
waver,0.47712125471966244
banishes,0.47712125471966244
deify,0.47712125471966244
reillumine,0.47712125471966244
mahometan,0.47712125471966244
renounces,0.47712125471966244
worships,0.47712125471966244
degeneracy,0.47712125471966244
novelists,0.47712125471966244
preachers,0.47712125471966244
civilisation,0.30102999566398114
unsung,0.47712125471966244
longings,0.47712125471966244
petrarch,0.47712125471966244
types,0.47712125471966244
womanly,0.47712125471966244
tragedies,0.47712125471966244
psalmists,0.47712125471966244
ennobled,0.47712125471966244
cultivates,0.47712125471966244
rebel,0.47712125471966244
mephistopheles,0.47712125471966244
faust,0.47712125471966244
intimates,0.47712125471966244
deservedly,0.47712125471966244
ridicules,0.47712125471966244
defrauded,0.47712125471966244
gorg,0.47712125471966244
dualism,0.47712125471966244
overgrown,0.47712125471966244
incrustations,0.47712125471966244
voluntariness,0.47712125471966244
wavers,0.47712125471966244
zoroaster,0.47712125471966244
pilgrimages,0.47712125471966244
zend,0.47712125471966244
avesta,0.47712125471966244
haug,0.47712125471966244
pamphylian,0.47712125471966244
symbolism,0.47712125471966244
orbits,0.47712125471966244
planets,0.47712125471966244
fates,0.47712125471966244
orrery,0.47712125471966244
milky,0.47712125471966244
undergirders,0.47712125471966244
trireme,0.47712125471966244
stationary,0.47712125471966244
ecliptic,0.47712125471966244
unproven,0.47712125471966244
dishonours,0.47712125471966244
diligently,0.47712125471966244
journeyed,0.47712125471966244
tennyson,0.47712125471966244
defoe,0.47712125471966244
credibility,0.47712125471966244
janus,0.47712125471966244
prohibition,0.47712125471966244
incentives,0.47712125471966244
immorality,0.47712125471966244
suprema,0.47712125471966244
lex,0.47712125471966244
spartans,0.47712125471966244
accessible,0.47712125471966244
communists,0.30102999566398114
unpoetical,0.47712125471966244
tyrtaeus,0.47712125471966244
hippias,0.47712125471966244
gerousia,0.47712125471966244
spoiling,0.47712125471966244
reverts,0.47712125471966244
timocrat,0.47712125471966244
lacedaemon,0.47712125471966244
lacedaemonians,0.47712125471966244
roundheads,0.47712125471966244
delphian,0.47712125471966244
enunciated,0.47712125471966244
federation,0.47712125471966244
polis,0.47712125471966244
interwoven,0.47712125471966244
pythagoras,0.47712125471966244
reviving,0.47712125471966244
enlisting,0.47712125471966244
archytas,0.47712125471966244
tarentum,0.47712125471966244
magna,0.47712125471966244
graecia,0.47712125471966244
pythagoreanism,0.47712125471966244
transmigration,0.47712125471966244
christendom,0.47712125471966244
repeats,0.47712125471966244
niebuhr,0.47712125471966244
commonplaces,0.47712125471966244
paradoxical,0.47712125471966244
criticisms,0.30102999566398114
contribution,0.47712125471966244
censures,0.47712125471966244
township,0.47712125471966244
legislative,0.30102999566398114
enthusiasts,0.47712125471966244
wycliffe,0.47712125471966244
republicanism,0.47712125471966244
vesting,0.47712125471966244
ecclesiastics,0.47712125471966244
invasion,0.47712125471966244
emancipation,0.30102999566398114
serfs,0.30102999566398114
untenable,0.30102999566398114
propositions,0.47712125471966244
ministering,0.47712125471966244
utopias,0.30102999566398114
disputes,0.47712125471966244
socialism,0.30102999566398114
attainable,0.47712125471966244
persistency,0.47712125471966244
machinery,0.30102999566398114
sanitary,0.47712125471966244
locomotion,0.47712125471966244
workings,0.47712125471966244
crises,0.30102999566398114
prefaces,0.47712125471966244
organic,0.47712125471966244
contends,0.47712125471966244
decency,0.47712125471966244
emancipated,0.47712125471966244
artemis,0.47712125471966244
heroines,0.47712125471966244
antigone,0.47712125471966244
andromache,0.47712125471966244
historian,0.47712125471966244
antagonist,0.47712125471966244
compensating,0.47712125471966244
grote,0.47712125471966244
licentious,0.47712125471966244
exalting,0.47712125471966244
abusing,0.47712125471966244
sanctioning,0.47712125471966244
fancier,0.47712125471966244
desideratum,0.47712125471966244
idealist,0.47712125471966244
nourish,0.47712125471966244
expansion,0.47712125471966244
facon,0.47712125471966244
circule,0.47712125471966244
reappearing,0.47712125471966244
credible,0.47712125471966244
crudest,0.30102999566398114
animalism,0.47712125471966244
unsettling,0.47712125471966244
polygamy,0.47712125471966244
deteriorated,0.47712125471966244
monogamists,0.47712125471966244
brahmins,0.47712125471966244
connexions,0.30102999566398114
europeans,0.47712125471966244
polygamist,0.47712125471966244
dwindle,0.47712125471966244
degenerated,0.47712125471966244
mariages,0.47712125471966244
convenance,0.47712125471966244
enfeebling,0.47712125471966244
lear,0.47712125471966244
idiocy,0.30102999566398114
prostitute,0.47712125471966244
tribes,0.47712125471966244
survival,0.47712125471966244
anthropology,0.47712125471966244
aborigines,0.47712125471966244
fragmentary,0.47712125471966244
assyria,0.47712125471966244
nakedness,0.47712125471966244
stricter,0.47712125471966244
undermined,0.47712125471966244
fluctuations,0.30102999566398114
rife,0.47712125471966244
queries,0.47712125471966244
isolate,0.47712125471966244
dissatisfactions,0.47712125471966244
incompatibilities,0.47712125471966244
meannesses,0.47712125471966244
flatteries,0.47712125471966244
sanctifying,0.47712125471966244
progenitors,0.47712125471966244
resemblances,0.47712125471966244
sic,0.47712125471966244
oculos,0.47712125471966244
ille,0.47712125471966244
ora,0.47712125471966244
ferebat,0.47712125471966244
lineage,0.47712125471966244
bulldogs,0.47712125471966244
aesop,0.47712125471966244
regardless,0.47712125471966244
commoner,0.47712125471966244
skips,0.47712125471966244
similarities,0.47712125471966244
foundlings,0.47712125471966244
creches,0.47712125471966244
dublin,0.47712125471966244
weaklier,0.47712125471966244
emphatically,0.47712125471966244
individuality,0.30102999566398114
fostering,0.47712125471966244
untameable,0.47712125471966244
amelioration,0.47712125471966244
improvidence,0.47712125471966244
licensed,0.47712125471966244
unavoidably,0.47712125471966244
manufactures,0.30102999566398114
ulcerous,0.47712125471966244
rejoicings,0.47712125471966244
sentimentalism,0.30102999566398114
combe,0.47712125471966244
biographer,0.47712125471966244
naturalis,0.47712125471966244
inimical,0.47712125471966244
refining,0.47712125471966244
manliness,0.47712125471966244
admonitions,0.47712125471966244
corrupts,0.47712125471966244
exclusiveness,0.47712125471966244
amenities,0.47712125471966244
disarrange,0.47712125471966244
sufficing,0.47712125471966244
absorbs,0.47712125471966244
novitiate,0.47712125471966244
monasticism,0.47712125471966244
estimating,0.47712125471966244
enquirer,0.47712125471966244
criticised,0.47712125471966244
misapprehended,0.47712125471966244
crude,0.47712125471966244
axioms,0.47712125471966244
inferring,0.47712125471966244
israelite,0.47712125471966244
rhetorician,0.47712125471966244
corruptions,0.47712125471966244
sicklied,0.47712125471966244
pedants,0.47712125471966244
sophisters,0.47712125471966244
doctrinaires,0.47712125471966244
visionaries,0.47712125471966244
ecclesiastical,0.47712125471966244
positiveness,0.47712125471966244
reassertion,0.47712125471966244
reactionary,0.30102999566398114
labouring,0.47712125471966244
assimilates,0.47712125471966244
uniformity,0.30102999566398114
surplus,0.30102999566398114
pliancy,0.47712125471966244
straitened,0.47712125471966244
react,0.47712125471966244
disentangle,0.47712125471966244
prevalence,0.47712125471966244
assimilated,0.47712125471966244
paralleled,0.47712125471966244
idealized,0.47712125471966244
wellbeing,0.47712125471966244
originate,0.47712125471966244
curriculum,0.47712125471966244
modify,0.47712125471966244
involuntariness,0.47712125471966244
supremacy,0.30102999566398114
depreciated,0.47712125471966244
asserts,0.47712125471966244
xenophanes,0.47712125471966244
treacheries,0.47712125471966244
misbehaviour,0.47712125471966244
vitiate,0.47712125471966244
wafting,0.47712125471966244
overdone,0.47712125471966244
thuc,0.47712125471966244
illustrates,0.47712125471966244
complicated,0.30102999566398114
feebler,0.47712125471966244
counterbalanced,0.47712125471966244
physic,0.47712125471966244
laissez,0.47712125471966244
faire,0.47712125471966244
extirpation,0.47712125471966244
organon,0.47712125471966244
scholastic,0.47712125471966244
gradations,0.30102999566398114
reunites,0.47712125471966244
essences,0.47712125471966244
connects,0.47712125471966244
objectively,0.47712125471966244
impossibly,0.47712125471966244
commentators,0.47712125471966244
laputa,0.47712125471966244
comelier,0.47712125471966244
principals,0.47712125471966244
misrepresented,0.47712125471966244
didymus,0.47712125471966244
eustathius,0.47712125471966244
scotus,0.47712125471966244
ramus,0.47712125471966244
dunces,0.47712125471966244
disappointing,0.47712125471966244
advisers,0.47712125471966244
riper,0.47712125471966244
reprove,0.47712125471966244
theaet,0.47712125471966244
classics,0.47712125471966244
latent,0.47712125471966244
repented,0.47712125471966244
crotchets,0.47712125471966244
moralize,0.47712125471966244
sulpicius,0.47712125471966244
aristot,0.47712125471966244
deluges,0.47712125471966244
destructions,0.47712125471966244
assyrian,0.47712125471966244
awestricken,0.47712125471966244
egypt,0.47712125471966244
unaltered,0.30102999566398114
intolerant,0.47712125471966244
innovators,0.47712125471966244
optimist,0.47712125471966244
narrowness,0.47712125471966244
oppositions,0.47712125471966244
peremptorily,0.47712125471966244
digressions,0.47712125471966244
enquiries,0.47712125471966244
recurring,0.47712125471966244
resounds,0.47712125471966244
philus,0.47712125471966244
laelius,0.47712125471966244
supports,0.47712125471966244
denounces,0.47712125471966244
somnium,0.47712125471966244
scipionis,0.47712125471966244
romanized,0.47712125471966244
civitate,0.47712125471966244
goths,0.47712125471966244
paganism,0.47712125471966244
wanders,0.47712125471966244
scriptures,0.47712125471966244
historians,0.47712125471966244
uncritical,0.47712125471966244
sybilline,0.47712125471966244
oracles,0.47712125471966244
polemical,0.47712125471966244
controversial,0.47712125471966244
repertory,0.47712125471966244
antiquarian,0.47712125471966244
genesis,0.47712125471966244
moses,0.47712125471966244
exod,0.47712125471966244
monarchia,0.47712125471966244
papacy,0.47712125471966244
coextensive,0.47712125471966244
thereof,0.47712125471966244
caesar,0.47712125471966244
misapplied,0.47712125471966244
touchingly,0.47712125471966244
preaches,0.47712125471966244
ecclesiastic,0.47712125471966244
layman,0.47712125471966244
inextricably,0.47712125471966244
clergy,0.47712125471966244
gentry,0.47712125471966244
commodities,0.30102999566398114
howbeit,0.47712125471966244
rightest,0.47712125471966244
communities,0.47712125471966244
founds,0.47712125471966244
amerigo,0.47712125471966244
vespucci,0.47712125471966244
giles,0.47712125471966244
hythloday,0.47712125471966244
difficultly,0.47712125471966244
croydon,0.47712125471966244
surrey,0.47712125471966244
missionary,0.47712125471966244
yea,0.47712125471966244
bishopric,0.47712125471966244
counteth,0.47712125471966244
godly,0.47712125471966244
proceedeth,0.47712125471966244
lucre,0.47712125471966244
shipboard,0.47712125471966244
lifelike,0.47712125471966244
utopians,0.47712125471966244
administration,0.47712125471966244
baptised,0.47712125471966244
damnation,0.47712125471966244
despiser,0.47712125471966244
seditious,0.47712125471966244
raiser,0.47712125471966244
rejecting,0.47712125471966244
increasings,0.47712125471966244
eaters,0.47712125471966244
reformer,0.30102999566398114
herein,0.47712125471966244
assassinating,0.47712125471966244
importunity,0.47712125471966244
peacocks,0.47712125471966244
gorgeousness,0.47712125471966244
bondmen,0.47712125471966244
restrictions,0.47712125471966244
amplifications,0.47712125471966244
wittily,0.47712125471966244
logicals,0.47712125471966244
furthermore,0.47712125471966244
insomuch,0.47712125471966244
overpast,0.47712125471966244
dissident,0.47712125471966244
wried,0.47712125471966244
solomon,0.47712125471966244
trappings,0.47712125471966244
campanella,0.47712125471966244
dominican,0.47712125471966244
circuits,0.47712125471966244
rector,0.47712125471966244
metaphysicus,0.47712125471966244
collectively,0.47712125471966244
trinity,0.47712125471966244
graven,0.47712125471966244
idolatry,0.47712125471966244
scholars,0.47712125471966244
abolishes,0.30102999566398114
oceana,0.47712125471966244
harrington,0.47712125471966244
archon,0.47712125471966244
argenis,0.47712125471966244
barclay,0.47712125471966244
eliot,0.47712125471966244
abnegation,0.47712125471966244
transcending,0.47712125471966244
similitudes,0.47712125471966244
negatives,0.47712125471966244
discourses,0.47712125471966244
thracian,0.47712125471966244
niceratus,0.47712125471966244
nicias,0.47712125471966244
paeanian,0.47712125471966244
aristonymus,0.47712125471966244
garland,0.47712125471966244
semicircle,0.47712125471966244
complainers,0.47712125471966244
lysanias,0.47712125471966244
transgressions,0.47712125471966244
cherishes,0.47712125471966244
departs,0.47712125471966244
offerings,0.47712125471966244
repayment,0.47712125471966244
seasoning,0.47712125471966244
shoemaking,0.47712125471966244
shipwright,0.47712125471966244
pruning,0.47712125471966244
dresser,0.47712125471966244
unmusical,0.47712125471966244
injuring,0.47712125471966244
pittacus,0.47712125471966244
seer,0.47712125471966244
xerxes,0.47712125471966244
sillybillies,0.47712125471966244
intentional,0.47712125471966244
shuffle,0.47712125471966244
retort,0.47712125471966244
interdict,0.47712125471966244
edification,0.47712125471966244
pancratiast,0.47712125471966244
damaging,0.47712125471966244
transgresses,0.47712125471966244
defining,0.47712125471966244
informer,0.47712125471966244
errs,0.47712125471966244
grammarian,0.47712125471966244
negatively,0.47712125471966244
liability,0.30102999566398114
supplementary,0.30102999566398114
enjoins,0.47712125471966244
snivel,0.47712125471966244
wipes,0.47712125471966244
neatherd,0.47712125471966244
fattens,0.47712125471966244
perpetrating,0.47712125471966244
prithee,0.47712125471966244
diner,0.47712125471966244
banquetter,0.47712125471966244
ensured,0.47712125471966244
builds,0.47712125471966244
benefiting,0.47712125471966244
remuneration,0.47712125471966244
hirelings,0.47712125471966244
revenues,0.47712125471966244
forwardness,0.47712125471966244
conferring,0.47712125471966244
rehearsing,0.47712125471966244
recounting,0.47712125471966244
cutpurses,0.47712125471966244
misapprehend,0.47712125471966244
unanswerable,0.47712125471966244
adjusts,0.47712125471966244
loosening,0.47712125471966244
haranguing,0.47712125471966244
hatreds,0.47712125471966244
sedition,0.47712125471966244
opposes,0.47712125471966244
abler,0.47712125471966244
bendidea,0.47712125471966244
pugnacious,0.47712125471966244
censured,0.47712125471966244
censuring,0.47712125471966244
covenants,0.47712125471966244
croesus,0.47712125471966244
lydia,0.47712125471966244
reascended,0.47712125471966244
collet,0.47712125471966244
inwards,0.47712125471966244
lookers,0.47712125471966244
intuitively,0.47712125471966244
uttermost,0.47712125471966244
eulogists,0.47712125471966244
antagonists,0.47712125471966244
magnificently,0.47712125471966244
tutors,0.47712125471966244
accruing,0.47712125471966244
grander,0.47712125471966244
vouchsafe,0.47712125471966244
everlastingly,0.47712125471966244
apportion,0.47712125471966244
feasts,0.47712125471966244
uphill,0.47712125471966244
citing,0.47712125471966244
libations,0.47712125471966244
transgressed,0.47712125471966244
ritual,0.47712125471966244
expiations,0.47712125471966244
atonements,0.47712125471966244
quickwitted,0.47712125471966244
loftier,0.47712125471966244
unmistakeable,0.47712125471966244
tyrannizes,0.47712125471966244
sages,0.47712125471966244
brotherhoods,0.47712125471966244
genealogies,0.47712125471966244
propitiated,0.47712125471966244
deceitful,0.47712125471966244
peradventure,0.47712125471966244
blames,0.47712125471966244
memorial,0.47712125471966244
harbouring,0.47712125471966244
perverting,0.47712125471966244
reputations,0.47712125471966244
exhorting,0.47712125471966244
injurious,0.47712125471966244
magnifying,0.47712125471966244
unconvinced,0.47712125471966244
shoemaker,0.47712125471966244
barest,0.47712125471966244
diversities,0.47712125471966244
spoilt,0.47712125471966244
plough,0.47712125471966244
smiths,0.47712125471966244
sharers,0.47712125471966244
herdsmen,0.47712125471966244
curriers,0.47712125471966244
weavers,0.47712125471966244
wellnigh,0.47712125471966244
importers,0.47712125471966244
exporters,0.47712125471966244
salesmen,0.47712125471966244
retailer,0.47712125471966244
intellectually,0.47712125471966244
housed,0.47712125471966244
barefoot,0.47712125471966244
substantially,0.47712125471966244
kneading,0.47712125471966244
cakes,0.47712125471966244
figs,0.47712125471966244
embroiderer,0.47712125471966244
callings,0.47712125471966244
rhapsodists,0.47712125471966244
contractors,0.47712125471966244
tirewomen,0.47712125471966244
confectioners,0.47712125471966244
tillage,0.47712125471966244
unconquerable,0.47712125471966244
familiars,0.47712125471966244
inconvenient,0.47712125471966244
censors,0.47712125471966244
authorised,0.47712125471966244
blameable,0.47712125471966244
cronus,0.47712125471966244
retaliated,0.47712125471966244
objectionable,0.47712125471966244
chastises,0.47712125471966244
fightings,0.47712125471966244
beauteous,0.47712125471966244
dispenser,0.47712125471966244
themis,0.47712125471966244
ruinous,0.47712125471966244
reciters,0.47712125471966244
magician,0.47712125471966244
insidiously,0.47712125471966244
immutably,0.47712125471966244
healthiest,0.47712125471966244
unsightly,0.47712125471966244
proteus,0.47712125471966244
inachus,0.47712125471966244
witchcraft,0.47712125471966244
preventive,0.47712125471966244
magicians,0.47712125471966244
nuptials,0.47712125471966244
phoebus,0.47712125471966244
worshippers,0.47712125471966244
narrators,0.47712125471966244
serf,0.30102999566398114
pluto,0.47712125471966244
immortals,0.47712125471966244
tiresias,0.47712125471966244
persephone,0.47712125471966244
lamenting,0.47712125471966244
shrilling,0.47712125471966244
weepings,0.47712125471966244
wailings,0.47712125471966244
equanimity,0.47712125471966244
baser,0.47712125471966244
depict,0.47712125471966244
sooty,0.47712125471966244
misrepresent,0.47712125471966244
menoetius,0.47712125471966244
whining,0.47712125471966244
disproved,0.47712125471966244
heinous,0.47712125471966244
illnesses,0.47712125471966244
subversive,0.47712125471966244
commanders,0.47712125471966244
diomede,0.47712125471966244
impertinences,0.47712125471966244
receivers,0.47712125471966244
darter,0.47712125471966244
peleus,0.47712125471966244
gentlest,0.47712125471966244
untainted,0.47712125471966244
poseidon,0.47712125471966244
rape,0.47712125471966244
wickednesses,0.47712125471966244
ida,0.47712125471966244
engender,0.47712125471966244
laxity,0.47712125471966244
demigods,0.47712125471966244
chryses,0.47712125471966244
ithaca,0.47712125471966244
recites,0.47712125471966244
revered,0.47712125471966244
chaplets,0.47712125471966244
expiate,0.47712125471966244
dithyramb,0.47712125471966244
mimetic,0.47712125471966244
narrating,0.47712125471966244
illiberality,0.47712125471966244
vaunting,0.47712125471966244
conceit,0.47712125471966244
artificers,0.47712125471966244
boatswains,0.47712125471966244
personate,0.47712125471966244
unscrupulous,0.47712125471966244
pulleys,0.47712125471966244
dicast,0.47712125471966244
myrrh,0.47712125471966244
teller,0.47712125471966244
presuppose,0.47712125471966244
admonition,0.47712125471966244
acquiescing,0.47712125471966244
panharmonic,0.47712125471966244
lyres,0.47712125471966244
harmonised,0.47712125471966244
marsyas,0.47712125471966244
purging,0.47712125471966244
metrical,0.47712125471966244
cretic,0.47712125471966244
paeonic,0.47712125471966244
anapaestic,0.47712125471966244
euphemism,0.47712125471966244
twin,0.47712125471966244
indecency,0.47712125471966244
noxious,0.47712125471966244
browse,0.47712125471966244
effluence,0.47712125471966244
ungraceful,0.47712125471966244
shrewdly,0.47712125471966244
omissions,0.47712125471966244
slighting,0.47712125471966244
prolixity,0.47712125471966244
regimen,0.47712125471966244
campaigning,0.47712125471966244
hellespont,0.47712125471966244
proscribing,0.47712125471966244
confectionary,0.47712125471966244
halls,0.47712125471966244
litigant,0.47712125471966244
plaintiff,0.47712125471966244
defendant,0.47712125471966244
litigiousness,0.47712125471966244
wriggle,0.47712125471966244
withy,0.47712125471966244
napping,0.47712125471966244
flatulence,0.47712125471966244
catarrh,0.47712125471966244
newfangled,0.47712125471966244
besprinkled,0.47712125471966244
inflammatory,0.47712125471966244
guild,0.30102999566398114
doctoring,0.47712125471966244
purge,0.47712125471966244
cautery,0.47712125471966244
dietetics,0.47712125471966244
swathe,0.47712125471966244
swaddle,0.47712125471966244
obligatory,0.47712125471966244
dieting,0.47712125471966244
carpentering,0.47712125471966244
incompatible,0.47712125471966244
irreconcileable,0.47712125471966244
ailment,0.47712125471966244
evacuation,0.47712125471966244
infusion,0.47712125471966244
lengthen,0.47712125471966244
begetting,0.30102999566398114
menelaus,0.47712125471966244
midas,0.47712125471966244
behests,0.47712125471966244
governs,0.47712125471966244
contamination,0.47712125471966244
unseasonable,0.47712125471966244
tolls,0.47712125471966244
hardness,0.47712125471966244
boorish,0.47712125471966244
brittle,0.47712125471966244
sinews,0.47712125471966244
feeder,0.47712125471966244
purged,0.47712125471966244
hater,0.47712125471966244
tighter,0.47712125471966244
attempers,0.47712125471966244
harmonist,0.47712125471966244
tuner,0.47712125471966244
nurture,0.47712125471966244
dances,0.47712125471966244
coursing,0.47712125471966244
steals,0.47712125471966244
conflicts,0.47712125471966244
enchantments,0.47712125471966244
colts,0.47712125471966244
rhythmical,0.47712125471966244
mature,0.47712125471966244
sepulture,0.47712125471966244
memorials,0.47712125471966244
womb,0.47712125471966244
appurtenances,0.47712125471966244
proclaims,0.30102999566398114
rumour,0.47712125471966244
refractory,0.47712125471966244
encamp,0.47712125471966244
civilize,0.47712125471966244
humanize,0.47712125471966244
impair,0.47712125471966244
pollute,0.47712125471966244
homes,0.47712125471966244
housekeepers,0.47712125471966244
hating,0.47712125471966244
plotted,0.47712125471966244
disproportionate,0.47712125471966244
beautify,0.47712125471966244
clothe,0.47712125471966244
fireside,0.47712125471966244
winecup,0.47712125471966244
pottery,0.47712125471966244
appointing,0.47712125471966244
deterioration,0.47712125471966244
deteriorates,0.47712125471966244
apprentices,0.30102999566398114
viciousness,0.47712125471966244
boxers,0.47712125471966244
spoils,0.47712125471966244
procreation,0.47712125471966244
suffrage,0.47712125471966244
penetrates,0.47712125471966244
invades,0.47712125471966244
legislating,0.47712125471966244
legislate,0.47712125471966244
agora,0.47712125471966244
agreements,0.47712125471966244
juries,0.47712125471966244
impositions,0.47712125471966244
exactions,0.47712125471966244
markets,0.30102999566398114
mending,0.47712125471966244
invalids,0.47712125471966244
complicating,0.47712125471966244
wenching,0.47712125471966244
idling,0.47712125471966244
amulet,0.47712125471966244
regime,0.30102999566398114
humours,0.47712125471966244
cubits,0.47712125471966244
frauds,0.47712125471966244
rascalities,0.47712125471966244
repositories,0.47712125471966244
unwise,0.47712125471966244
residue,0.47712125471966244
agricultural,0.47712125471966244
implants,0.47712125471966244
dyeing,0.47712125471966244
lyes,0.47712125471966244
contriving,0.47712125471966244
soda,0.47712125471966244
solvents,0.47712125471966244
disagree,0.47712125471966244
uninstructed,0.47712125471966244
ordains,0.47712125471966244
symphony,0.47712125471966244
unprincipled,0.47712125471966244
designation,0.47712125471966244
huntsmen,0.47712125471966244
quarry,0.47712125471966244
preservative,0.47712125471966244
competition,0.30102999566398114
entrust,0.47712125471966244
auxiliary,0.47712125471966244
objector,0.47712125471966244
pegs,0.47712125471966244
revolves,0.47712125471966244
circumference,0.47712125471966244
qualified,0.47712125471966244
correlative,0.47712125471966244
disparate,0.47712125471966244
yearns,0.47712125471966244
pulls,0.47712125471966244
archer,0.47712125471966244
pushes,0.30102999566398114
hungers,0.47712125471966244
flutterings,0.47712125471966244
appetitive,0.47712125471966244
satisfactions,0.47712125471966244
aglaion,0.47712125471966244
reviles,0.47712125471966244
chafes,0.47712125471966244
unreasoning,0.47712125471966244
nerving,0.47712125471966244
nurtured,0.47712125471966244
counselling,0.47712125471966244
dimmer,0.47712125471966244
concernment,0.47712125471966244
operates,0.47712125471966244
meddlesomeness,0.47712125471966244
vassal,0.47712125471966244
unreformed,0.47712125471966244
pampered,0.47712125471966244
assailing,0.47712125471966244
nemesis,0.47712125471966244
homicide,0.47712125471966244
males,0.47712125471966244
suckling,0.47712125471966244
gymnasia,0.47712125471966244
cretans,0.47712125471966244
directs,0.47712125471966244
undefended,0.47712125471966244
arion,0.47712125471966244
dolphin,0.47712125471966244
disputing,0.47712125471966244
pugnaciously,0.47712125471966244
sameness,0.47712125471966244
civic,0.47712125471966244
ungifted,0.47712125471966244
pancakes,0.47712125471966244
womankind,0.47712125471966244
unwarlike,0.47712125471966244
enactment,0.47712125471966244
unripe,0.47712125471966244
dreamers,0.47712125471966244
feasting,0.47712125471966244
effecting,0.47712125471966244
detailing,0.47712125471966244
constraining,0.47712125471966244
pairing,0.47712125471966244
deteriorate,0.47712125471966244
corporate,0.30102999566398114
rebellion,0.47712125471966244
weddings,0.47712125471966244
recognises,0.47712125471966244
priestesses,0.47712125471966244
uncertified,0.47712125471966244
unconsecrated,0.47712125471966244
dating,0.47712125471966244
grandfathers,0.47712125471966244
grandmothers,0.47712125471966244
favours,0.47712125471966244
disorganized,0.47712125471966244
triumphing,0.47712125471966244
sympathizes,0.47712125471966244
alleviation,0.47712125471966244
maintainers,0.47712125471966244
violator,0.47712125471966244
kinsfolk,0.47712125471966244
chastising,0.47712125471966244
succoured,0.47712125471966244
repudiating,0.47712125471966244
shoemakers,0.47712125471966244
infatuated,0.47712125471966244
valour,0.47712125471966244
swiftest,0.47712125471966244
choices,0.47712125471966244
averters,0.47712125471966244
hellene,0.47712125471966244
despoiling,0.47712125471966244
womanishness,0.47712125471966244
hindering,0.47712125471966244
kinsmen,0.47712125471966244
correctors,0.47712125471966244
devastate,0.47712125471966244
rase,0.47712125471966244
loiter,0.47712125471966244
raid,0.47712125471966244
approximation,0.47712125471966244
enquiring,0.47712125471966244
maladministration,0.47712125471966244
liken,0.47712125471966244
pared,0.47712125471966244
unbelievers,0.47712125471966244
diminutives,0.47712125471966244
blooms,0.47712125471966244
amateurs,0.47712125471966244
likens,0.47712125471966244
opines,0.47712125471966244
opine,0.47712125471966244
disproven,0.47712125471966244
premised,0.47712125471966244
doubles,0.47712125471966244
halves,0.47712125471966244
punning,0.47712125471966244
eunuch,0.47712125471966244
impropriety,0.47712125471966244
excellences,0.47712125471966244
truthfulness,0.47712125471966244
sham,0.47712125471966244
antagonistic,0.30102999566398114
boaster,0.47712125471966244
unsociable,0.47712125471966244
unphilosophical,0.47712125471966244
unseemly,0.47712125471966244
enumerating,0.47712125471966244
statements,0.47712125471966244
littles,0.47712125471966244
counters,0.47712125471966244
stags,0.47712125471966244
steerer,0.47712125471966244
deeming,0.47712125471966244
helmsmen,0.47712125471966244
gazers,0.47712125471966244
accuser,0.47712125471966244
incorporate,0.47712125471966244
reprobation,0.47712125471966244
distracts,0.47712125471966244
distracting,0.47712125471966244
nutriment,0.47712125471966244
attainder,0.47712125471966244
confiscation,0.30102999566398114
educators,0.47712125471966244
motley,0.30102999566398114
consorts,0.47712125471966244
exhibits,0.47712125471966244
slaving,0.47712125471966244
circumstanced,0.47712125471966244
reprovers,0.47712125471966244
stocked,0.47712125471966244
crafts,0.47712125471966244
tinker,0.47712125471966244
contemns,0.47712125471966244
monitor,0.47712125471966244
unrighteousness,0.47712125471966244
estranged,0.47712125471966244
denaturalized,0.47712125471966244
inventors,0.30102999566398114
heraclitus,0.47712125471966244
relighted,0.47712125471966244
artificially,0.47712125471966244
subtleties,0.47712125471966244
providentially,0.47712125471966244
alternatives,0.47712125471966244
ken,0.47712125471966244
uninvited,0.47712125471966244
detraction,0.47712125471966244
erase,0.47712125471966244
investigated,0.47712125471966244
hazarding,0.47712125471966244
torpid,0.47712125471966244
exposition,0.47712125471966244
elaborated,0.47712125471966244
likest,0.47712125471966244
visibility,0.47712125471966244
begat,0.47712125471966244
knower,0.47712125471966244
esteeming,0.47712125471966244
similitude,0.47712125471966244
ourhanoz,0.47712125471966244
orhatoz,0.47712125471966244
subdivisions,0.47712125471966244
sections,0.30102999566398114
cognizable,0.47712125471966244
cognate,0.47712125471966244
unenlightened,0.47712125471966244
disabused,0.47712125471966244
felicitate,0.47712125471966244
append,0.47712125471966244
rationally,0.47712125471966244
contemplations,0.47712125471966244
misbehaving,0.47712125471966244
bewilderments,0.47712125471966244
greets,0.47712125471966244
implanting,0.47712125471966244
circumcision,0.47712125471966244
hungering,0.47712125471966244
broils,0.47712125471966244
untrustworthy,0.47712125471966244
thinness,0.47712125471966244
notably,0.47712125471966244
fitly,0.47712125471966244
conduces,0.47712125471966244
rebelling,0.47712125471966244
integrate,0.47712125471966244
units,0.47712125471966244
indivisible,0.47712125471966244
necessitating,0.47712125471966244
geometrician,0.47712125471966244
geometricians,0.47712125471966244
insisting,0.47712125471966244
purified,0.47712125471966244
patronises,0.47712125471966244
surfaces,0.47712125471966244
percipient,0.47712125471966244
gapes,0.47712125471966244
blinks,0.47712125471966244
floats,0.47712125471966244
exquisiteness,0.47712125471966244
astronomers,0.47712125471966244
condensed,0.47712125471966244
tease,0.47712125471966244
plectrum,0.47712125471966244
backwardness,0.47712125471966244
constructions,0.47712125471966244
unexamined,0.47712125471966244
convention,0.47712125471966244
handmaids,0.47712125471966244
impart,0.47712125471966244
gauntlet,0.47712125471966244
apprehends,0.47712125471966244
slumbering,0.47712125471966244
quietus,0.47712125471966244
faints,0.47712125471966244
disrepute,0.47712125471966244
votary,0.47712125471966244
devotes,0.47712125471966244
lameness,0.47712125471966244
swinish,0.47712125471966244
creditable,0.47712125471966244
undeservedly,0.47712125471966244
compulsory,0.47712125471966244
hounds,0.47712125471966244
inexcusable,0.47712125471966244
flatters,0.47712125471966244
excusable,0.47712125471966244
conquests,0.47712125471966244
defeats,0.47712125471966244
eristic,0.47712125471966244
lightens,0.47712125471966244
despising,0.47712125471966244
soonest,0.47712125471966244
applauded,0.47712125471966244
nondescripts,0.47712125471966244
timarchy,0.47712125471966244
circumferences,0.47712125471966244
fecundity,0.47712125471966244
rotations,0.47712125471966244
increments,0.47712125471966244
handicrafts,0.47712125471966244
contrivances,0.47712125471966244
treasuries,0.47712125471966244
predominantly,0.47712125471966244
characterises,0.47712125471966244
feats,0.47712125471966244
battling,0.47712125471966244
wronging,0.47712125471966244
simpletons,0.47712125471966244
comparisons,0.47712125471966244
contentiousness,0.47712125471966244
valuation,0.47712125471966244
intimidation,0.47712125471966244
pilots,0.47712125471966244
discreditable,0.47712125471966244
hoplite,0.47712125471966244
spendthrift,0.47712125471966244
honeycomb,0.47712125471966244
stingless,0.47712125471966244
stingers,0.47712125471966244
malefactors,0.47712125471966244
elected,0.47712125471966244
emulating,0.47712125471966244
foundering,0.47712125471966244
savings,0.47712125471966244
penurious,0.47712125471966244
satisfies,0.47712125471966244
subdues,0.47712125471966244
unprofitable,0.47712125471966244
dronelike,0.47712125471966244
dishonestly,0.47712125471966244
coerces,0.47712125471966244
competitor,0.47712125471966244
curtail,0.47712125471966244
beggary,0.47712125471966244
forfeited,0.47712125471966244
predicaments,0.47712125471966244
abound,0.47712125471966244
restricting,0.47712125471966244
commotion,0.47712125471966244
slaughtering,0.47712125471966244
assortment,0.47712125471966244
parades,0.47712125471966244
condiments,0.47712125471966244
surfeited,0.47712125471966244
rebuking,0.47712125471966244
boastful,0.47712125471966244
conceits,0.47712125471966244
fastness,0.47712125471966244
fatherly,0.47712125471966244
silliness,0.47712125471966244
ignominiously,0.47712125471966244
vulgarity,0.47712125471966244
libertinism,0.47712125471966244
heyday,0.47712125471966244
balances,0.47712125471966244
drinker,0.47712125471966244
emulous,0.47712125471966244
infecting,0.47712125471966244
metic,0.47712125471966244
loth,0.47712125471966244
marching,0.47712125471966244
chafe,0.47712125471966244
plagues,0.47712125471966244
disqualified,0.47712125471966244
squeezable,0.47712125471966244
breeds,0.47712125471966244
impeachments,0.47712125471966244
judgments,0.47712125471966244
arcadian,0.47712125471966244
lycaean,0.47712125471966244
minced,0.47712125471966244
hinting,0.47712125471966244
pebbly,0.47712125471966244
hermus,0.47712125471966244
flees,0.47712125471966244
larding,0.47712125471966244
overthrower,0.47712125471966244
liberating,0.47712125471966244
unpopular,0.47712125471966244
enrol,0.47712125471966244
mobs,0.47712125471966244
confiscate,0.47712125471966244
attainted,0.47712125471966244
aver,0.47712125471966244
undesirable,0.47712125471966244
harshest,0.47712125471966244
unanswered,0.47712125471966244
incest,0.47712125471966244
discountenanced,0.47712125471966244
corruptors,0.47712125471966244
seducers,0.47712125471966244
casts,0.47712125471966244
lustful,0.47712125471966244
carousals,0.47712125471966244
revellings,0.47712125471966244
tyrannizing,0.47712125471966244
harlot,0.47712125471966244
wayfarer,0.47712125471966244
lawlessly,0.47712125471966244
pads,0.47712125471966244
retainers,0.47712125471966244
wretchedest,0.47712125471966244
beholder,0.47712125471966244
maddest,0.47712125471966244
gadfly,0.47712125471966244
goads,0.47712125471966244
cajole,0.47712125471966244
combating,0.47712125471966244
adulation,0.47712125471966244
flatterer,0.47712125471966244
distractions,0.47712125471966244
cherisher,0.47712125471966244
umpire,0.47712125471966244
intelligibly,0.47712125471966244
painless,0.47712125471966244
extolled,0.30102999566398114
imposition,0.47712125471966244
satiety,0.47712125471966244
participates,0.47712125471966244
illusory,0.47712125471966244
unsubstantial,0.47712125471966244
incontinent,0.47712125471966244
transgression,0.47712125471966244
wedded,0.47712125471966244
scylla,0.47712125471966244
cerberus,0.47712125471966244
generate,0.47712125471966244
metamorphose,0.47712125471966244
pliable,0.47712125471966244
familiarize,0.47712125471966244
harmonize,0.47712125471966244
approver,0.47712125471966244
disapprover,0.47712125471966244
sells,0.47712125471966244
disproportionately,0.47712125471966244
habituates,0.47712125471966244
manual,0.30102999566398114
humanized,0.47712125471966244
attemper,0.47712125471966244
asclepiads,0.47712125471966244
homerids,0.47712125471966244
milesian,0.47712125471966244
scythian,0.47712125471966244
abdera,0.47712125471966244
ceos,0.47712125471966244
performer,0.47712125471966244
concave,0.47712125471966244
certifies,0.47712125471966244
equable,0.30102999566398114
promiscuous,0.47712125471966244
fitful,0.47712125471966244
nourishes,0.47712125471966244
manufacturer,0.30102999566398114
drawling,0.47712125471966244
smiting,0.47712125471966244
raptures,0.47712125471966244
stirs,0.47712125471966244
recitation,0.47712125471966244
abominate,0.47712125471966244
supercilious,0.47712125471966244
risible,0.47712125471966244
circumventing,0.47712125471966244
lyrical,0.47712125471966244
gainers,0.47712125471966244
captivates,0.47712125471966244
seductions,0.47712125471966244
imperishable,0.47712125471966244
ophthalmia,0.47712125471966244
mildew,0.47712125471966244
rot,0.47712125471966244
dissolves,0.47712125471966244
dissolve,0.47712125471966244
perishes,0.47712125471966244
wastes,0.47712125471966244
reduces,0.30102999566398114
annihilates,0.47712125471966244
inhering,0.47712125471966244
staleness,0.47712125471966244
decomposition,0.47712125471966244
communicates,0.47712125471966244
unrefuted,0.47712125471966244
compositions,0.47712125471966244
demonstrated,0.47712125471966244
damaged,0.47712125471966244
slinking,0.47712125471966244
draggling,0.47712125471966244
endures,0.47712125471966244
flouted,0.47712125471966244
provides,0.47712125471966244
alcinous,0.47712125471966244
offences,0.47712125471966244
retributions,0.47712125471966244
pamphylia,0.47712125471966244
flayed,0.47712125471966244
thorns,0.47712125471966244
tarried,0.47712125471966244
girders,0.47712125471966244
scooped,0.47712125471966244
chooser,0.47712125471966244
dullness,0.47712125471966244
villainies,0.47712125471966244
telamon,0.47712125471966244
panopeus,0.47712125471966244
jester,0.47712125471966244
disenchanted,0.47712125471966244
fulfiller,0.47712125471966244
ratifying,0.47712125471966244
unmindfulness,0.47712125471966244
defiled,0.47712125471966244
communist,0.47712125471966244
manifesto,0.47712125471966244
karl,0.47712125471966244
marx,0.47712125471966244
friedrich,0.47712125471966244
engels,0.47712125471966244
edited,0.47712125471966244
proletarians,0.47712125471966244
socialist,0.47712125471966244
exorcise,0.47712125471966244
czar,0.47712125471966244
guizot,0.47712125471966244
radicals,0.47712125471966244
decried,0.47712125471966244
branding,0.47712125471966244
flemish,0.47712125471966244
danish,0.47712125471966244
journeyman,0.47712125471966244
oppressor,0.47712125471966244
epochs,0.47712125471966244
patricians,0.47712125471966244
plebeians,0.47712125471966244
vassals,0.47712125471966244
journeymen,0.47712125471966244
antagonisms,0.47712125471966244
bourgeoisie,0.47712125471966244
simplified,0.47712125471966244
splitting,0.47712125471966244
camps,0.47712125471966244
proletariat,0.47712125471966244
chartered,0.47712125471966244
burghers,0.47712125471966244
burgesses,0.47712125471966244
colonisation,0.47712125471966244
monopolised,0.47712125471966244
guilds,0.47712125471966244
urban,0.47712125471966244
taxable,0.47712125471966244
counterpoise,0.47712125471966244
executive,0.47712125471966244
idyllic,0.47712125471966244
nexus,0.47712125471966244
philistine,0.47712125471966244
indefeasible,0.47712125471966244
freedoms,0.47712125471966244
unconscionable,0.47712125471966244
exploitation,0.47712125471966244
shameless,0.47712125471966244
reverent,0.47712125471966244
reactionists,0.47712125471966244
cathedrals,0.47712125471966244
exoduses,0.47712125471966244
revolutionising,0.47712125471966244
conservation,0.47712125471966244
ossify,0.47712125471966244
profaned,0.47712125471966244
chases,0.47712125471966244
nestle,0.47712125471966244
cosmopolitan,0.47712125471966244
industries,0.47712125471966244
indigenous,0.47712125471966244
zones,0.47712125471966244
sidedness,0.47712125471966244
mindedness,0.47712125471966244
literatures,0.47712125471966244
batters,0.47712125471966244
capitulate,0.47712125471966244
agglomerated,0.47712125471966244
centralisation,0.47712125471966244
loosely,0.47712125471966244
lumped,0.47712125471966244
tariff,0.47712125471966244
continents,0.47712125471966244
canalisation,0.47712125471966244
populations,0.47712125471966244
compatible,0.47712125471966244
sorcerer,0.47712125471966244
decade,0.47712125471966244
comprise,0.47712125471966244
inforced,0.47712125471966244
feudalism,0.47712125471966244
forged,0.47712125471966244
commodity,0.47712125471966244
vicissitudes,0.47712125471966244
appendage,0.47712125471966244
knack,0.47712125471966244
propagation,0.47712125471966244
repulsiveness,0.47712125471966244
decreases,0.47712125471966244
factory,0.47712125471966244
privates,0.47712125471966244
hierarchy,0.47712125471966244
sergeants,0.47712125471966244
looker,0.47712125471966244
embittering,0.47712125471966244
labourer,0.47712125471966244
pawnbroker,0.47712125471966244
strata,0.47712125471966244
tradespeople,0.47712125471966244
handicraftsmen,0.47712125471966244
diminutive,0.47712125471966244
capitalists,0.47712125471966244
specialized,0.47712125471966244
operatives,0.47712125471966244
wares,0.47712125471966244
factories,0.47712125471966244
status,0.47712125471966244
landowners,0.47712125471966244
equalised,0.47712125471966244
obliterates,0.47712125471966244
resulting,0.47712125471966244
collisions,0.47712125471966244
riots,0.47712125471966244
centralise,0.47712125471966244
highways,0.47712125471966244
nears,0.47712125471966244
ideologists,0.47712125471966244
theoretically,0.47712125471966244
standpoint,0.47712125471966244
layers,0.47712125471966244
proletarian,0.47712125471966244
virtually,0.47712125471966244
subjecting,0.47712125471966244
appropriation,0.47712125471966244
abolishing,0.47712125471966244
insurances,0.47712125471966244
minorities,0.47712125471966244
stratum,0.47712125471966244
superincumbent,0.47712125471966244
depicting,0.47712125471966244
oppressing,0.47712125471966244
serfdom,0.47712125471966244
membership,0.47712125471966244
absolutism,0.47712125471966244
pauperism,0.47712125471966244
develops,0.47712125471966244
incompetent,0.47712125471966244
laborers,0.47712125471966244
promoter,0.47712125471966244
replaces,0.47712125471966244
appropriates,0.47712125471966244
sectarian,0.47712125471966244
theoretical,0.47712125471966244
abolish,0.47712125471966244
minimum,0.47712125471966244
quantum,0.47712125471966244
reproduction,0.47712125471966244
wherewith,0.47712125471966244
dominates,0.47712125471966244
subjugate,0.47712125471966244
tautology,0.47712125471966244
wrangle,0.47712125471966244
outgrowth,0.47712125471966244
misconception,0.47712125471966244
radical,0.47712125471966244
flare,0.47712125471966244
hallowed,0.47712125471966244
prostitutes,0.47712125471966244
seducing,0.47712125471966244
substitution,0.47712125471966244
legalised,0.47712125471966244
ideological,0.47712125471966244
revolutionise,0.47712125471966244
throes,0.47712125471966244
rationalist,0.47712125471966244
domain,0.47712125471966244
juridical,0.47712125471966244
constituting,0.47712125471966244
economically,0.47712125471966244
graduated,0.47712125471966244
emigrants,0.47712125471966244
rebels,0.47712125471966244
organise,0.47712125471966244
formulate,0.47712125471966244
lampoons,0.47712125471966244
prophecies,0.47712125471966244
lampoon,0.47712125471966244
incisive,0.47712125471966244
hindquarters,0.47712125471966244
irreverent,0.47712125471966244
legitimists,0.47712125471966244
feudalists,0.47712125471966244
upbraid,0.47712125471966244
coercive,0.47712125471966244
falutin,0.47712125471966244
barter,0.47712125471966244
beetroot,0.47712125471966244
potato,0.47712125471966244
parson,0.47712125471966244
clerical,0.47712125471966244
asceticism,0.47712125471966244
declaimed,0.47712125471966244
preached,0.47712125471966244
consecrates,0.47712125471966244
burnings,0.47712125471966244
pined,0.47712125471966244
industrially,0.47712125471966244
commercially,0.47712125471966244
vegetate,0.47712125471966244
overlookers,0.47712125471966244
shopmen,0.47712125471966244
cudgels,0.47712125471966244
sismondi,0.47712125471966244
dissected,0.47712125471966244
economists,0.47712125471966244
incontrovertibly,0.47712125471966244
overproduction,0.47712125471966244
extermination,0.47712125471966244
cramping,0.47712125471966244
stubborn,0.47712125471966244
beaux,0.47712125471966244
esprits,0.47712125471966244
immigrated,0.47712125471966244
literati,0.47712125471966244
annexing,0.47712125471966244
monks,0.47712125471966244
heathendom,0.47712125471966244
dethronement,0.47712125471966244
dubbed,0.47712125471966244
emasculated,0.47712125471966244
fantasy,0.47712125471966244
pedantic,0.47712125471966244
prussian,0.47712125471966244
confronting,0.47712125471966244
anathemas,0.47712125471966244
liberalism,0.47712125471966244
preaching,0.47712125471966244
presupposed,0.47712125471966244
pending,0.47712125471966244
squires,0.47712125471966244
floggings,0.47712125471966244
risings,0.47712125471966244
philistines,0.47712125471966244
relique,0.47712125471966244
cropping,0.47712125471966244
cobwebs,0.47712125471966244
transcendental,0.47712125471966244
bombastic,0.47712125471966244
socialistic,0.47712125471966244
publications,0.47712125471966244
redressing,0.47712125471966244
philanthropists,0.47712125471966244
humanitarians,0.47712125471966244
improvers,0.47712125471966244
organisers,0.47712125471966244
fanatics,0.47712125471966244
proudhon,0.47712125471966244
philosophie,0.47712125471966244
mis,0.47712125471966244
therefrom,0.47712125471966244
minus,0.47712125471966244
disintegrating,0.47712125471966244
administrative,0.47712125471966244
babeuf,0.47712125471966244
inculcated,0.47712125471966244
levelling,0.47712125471966244
fourier,0.47712125471966244
owen,0.47712125471966244
decomposing,0.47712125471966244
resolves,0.47712125471966244
propaganda,0.47712125471966244
habitually,0.47712125471966244
pave,0.47712125471966244
reconstruction,0.47712125471966244
undefined,0.47712125471966244
originators,0.47712125471966244
phalansteres,0.47712125471966244
icaria,0.47712125471966244
duodecimo,0.47712125471966244
editions,0.47712125471966244
fanatical,0.47712125471966244
owenites,0.47712125471966244
fourierists,0.47712125471966244
chartists,0.47712125471966244
formistes,0.47712125471966244
agrarian,0.47712125471966244
traditionally,0.47712125471966244
poland,0.47712125471966244
fomented,0.47712125471966244
cracow,0.47712125471966244
squirearchy,0.47712125471966244
straightaway,0.47712125471966244
